VDD,Vgate,Wn,Rd,Bandwidth,PowerConsumption,VoltageGain
1.3951662808656693,0.7017146185040475,7.890400230884552e-06,720.2159166336058,296000000.0,0.0009440000000000002,10.09
1.5620596602559091,0.7686451938003303,7.128271952271463e-06,938.8420283794402,249000000.0,0.00139,11.96
1.3257563531398775,0.5993308961391449,5.85080821812153e-06,1582.4495926499364,127000000.00000001,0.000233,10.050000000000002
1.5500777810811999,0.6388745069503785,8.354650050401689e-06,1325.8387073874471,177000000.0,0.000642,12.87
1.5380461961030962,0.8591789066791535,3.931695640087129e-06,1018.665313720703,213000000.0,0.0013,9.29
1.3183336079120638,0.60060693025589,9.50439015030861e-06,1776.005790568888,129000000.0,0.00032799999999999995,13.259999999999998
1.5715648502111437,0.6481186240911484,5.707236893475057e-06,2256.6315084695816,108000000.00000001,0.00045900000000000004,14.04
1.5618310734629632,0.6306550294160843,6.667944483458997e-06,2271.567314863205,109000000.00000001,0.000444,14.4
1.4459197595715525,0.6686458110809327,3.3031246364116675e-06,1768.194899894297,115999999.99999997,0.00033400000000000004,9.96
1.409290811419487,0.6820065557956696,8.64295917749405e-06,2054.0492720901966,134999999.99999997,0.000595,15.27
1.4127761363983156,0.6199575304985047,6.7645648941397676e-06,2517.346173524856,96200000.0,0.0003240000000000001,14.29
1.5729189008474351,0.8071752727031708,7.753157854080202e-06,716.831862926483,314000000.0,0.00199,11.49
1.4092232018709183,0.6213199138641358,6.719561621546747e-06,2425.213038921356,98899999.99999997,0.0003290000000000001,14.13
1.4229081720113756,0.600851583480835,5.071982920169831e-06,2234.793484210968,94300000.00000001,0.000222,11.57
1.7511357128620149,0.842964032292366,5.541021421551705e-06,1143.6015665531156,215000000.00000003,0.00191,12.19
1.4499075919389726,0.6886500701308251,3.470550864934922e-06,2036.8961729109285,106000000.00000003,0.000378,11.47
1.4661931984126568,0.6115693330764771,3.597546428442002e-06,2154.716469347477,93099999.99999999,0.00020899999999999998,9.98
1.5338118687272073,0.6479849964380265,7.560233086347581e-06,506.8317353725432,379000000.0,0.0007990000000000001,6.949999999999999
1.6113228142261506,0.7326890375465155,2.9535870552062992e-06,2011.1745707690714,110000000.0,0.000558,11.36
1.4394482731819154,0.6904631718993187,3.4445497691631324e-06,1853.886807337403,113999999.99999999,0.000389,10.93
1.2253579616546633,0.601624882221222,2.9420689344406133e-06,974.9436676502227,174000000.0,0.00011800000000000008,1.8899999999999995
1.3842549294233324,0.7507155161350966,8.425688892602922e-06,589.8091495037078,356000000.0,0.0014099999999999998,10.26
1.4901028230786324,0.8508204728364945,5.93479159474373e-06,1133.2930549979208,428000000.0,0.00136,4.26
1.4568212404847147,0.7085115686058999,8.085664212703706e-06,496.52788043022144,393000000.0,0.00119,8.56
1.3872052162885666,0.6067725151777268,7.387605950236321e-06,1205.6802138686178,170999999.99999997,0.0003550000000000001,10.23
1.4223828434944155,0.5971097767353059,6.194254569709302e-06,499.2273747920989,351000000.0,0.00032799999999999995,2.84
1.5225540339946748,0.7147613681852818,4.200061053037644e-06,2508.5535198450084,98700000.0,0.0005310000000000001,14.08
1.3884942412376404,0.6323692291975022,7.902739360928536e-06,1505.5736266076563,149999999.99999997,0.0004319999999999999,12.49
1.3083288431167603,0.8245529606938363,2.9952852725982673e-06,946.8601942062377,215000000.00000003,0.000743,6.92
1.3174787163734438,0.6012023806571961,9.052625596523286e-06,1007.8532546758651,200000000.0,0.0003550000000000001,9.68
1.518914844095707,0.6189198464155198,6.266089204698802e-06,1394.2552283406255,152999999.99999997,0.00041700000000000005,11.15
1.6909270763397217,0.7815280169248582,5.043310597538949e-06,1583.3229869604108,158000000.0,0.00115,13.17
1.334293556213379,0.7357390388846398,9.4576413333416e-06,598.811164498329,354000000.0,0.00135,11.01
1.5612410590052606,0.7034713536500932,9.27412474155426e-06,1243.9104467630384,207999999.99999997,0.00112,14.23
1.5238944232463838,0.6428952902555466,7.147732719779015e-06,618.4149831533431,319000000.0,0.0006379999999999999,7.22
1.6197141140699387,0.8253678560256958,7.980409488081933e-06,738.7840300798415,320000000.0,0.00227,11.64
1.7710778653621675,0.9032764434814454,2.9825667738914493e-06,894.7225213050841,219000000.0,0.00157,7.41
1.5182270497083665,0.6527500033378602,4.033622831106187e-06,2358.7974831461906,94400000.0,0.0003290000000000001,12.47
1.5287730999290945,0.7395777806639672,4.092191010713578e-06,2272.7119103074074,109000000.00000001,0.0006299999999999998,13.68
1.49452739674598,0.598650223016739,3.0533392131328587e-06,1281.7153632640836,141000000.00000003,0.00018499999999999997,5.11
1.6704326391220095,0.72753174751997,5.825744435191155e-06,2279.569387435913,123000000.00000003,0.0008499999999999998,15.18
1.6024209648370744,0.6282703042030335,8.638880729675294e-06,2810.26716530323,99699999.99999999,0.00047099999999999996,16.12
1.774912691116333,0.6590010792016984,9.042540878057482e-06,2972.3307043313976,106000000.00000003,0.000682,17.01
1.362726902961731,0.6068093955516816,8.485781848430635e-06,2313.480406999588,105000000.00000003,0.000321,14.379999999999999
1.7669524848461153,0.706802760064602,6.143301639705898e-06,2853.301271796226,102999999.99999999,0.000752,16.17
1.459069047868252,0.8160778105258942,5.129533469676972e-06,612.0292395353316,328000000.0,0.00136,7.71
1.6669138848781586,0.825527447462082,5.83485470712185e-06,1036.4946275949476,230000000.0,0.00177,11.87
1.2801395773887636,0.6796076595783235,8.962500870227816e-06,919.1981256008147,242999999.99999997,0.000738,11.94
1.7303294241428377,0.8323412507772446,4.818905740976334e-06,1328.7075534462926,183000000.0,0.00154,12.17
1.5521255269646645,0.6618648022413255,7.716980770230294e-06,2588.839560747146,109000000.00000001,0.0005549999999999999,15.919999999999998
1.4935277855023743,0.8168849632143975,2.92944347858429e-06,996.0542172193526,196000000.00000003,0.000863,7.58
1.6108024388551714,0.6385263204574586,5.002343058586121e-06,2620.9382265806194,92099999.99999999,0.00039300000000000007,14.07
1.461318410933018,0.607923111319542,4.076419204473496e-06,515.0528550148009,343000000.0,0.0002649999999999999,0.2499999999999996
1.3756502956151964,0.6319457173347474,4.664051771163941e-06,517.2897428274154,348000000.0,0.00033400000000000004,1.9199999999999997
1.3915026873350145,0.6878894358873368,9.364915996789934e-06,2100.591279566288,138000000.0,0.000629,15.62
1.316460818052292,0.6617002129554749,4.25332871079445e-06,827.9680013656615,231000000.0,0.00035600000000000003,5.67
1.4688992567360402,0.6730765342712403,6.300039779394866e-06,1414.896912872791,162000000.00000003,0.0005970000000000001,12.36
1.6399184346199036,0.6626554280519487,5.531104117631913e-06,2778.7738591432567,94300000.00000001,0.0005000000000000001,15.16
1.2774026691913607,0.6054678618907929,8.9404933154583e-06,499.13737177848805,362000000.0,0.0004,5.28
1.5430346667766572,0.6844626858830453,9.123342752456666e-06,2284.348115324974,130000000.0,0.000704,16.07
1.3463441491127015,0.6192818373441696,9.49650236964226e-06,900.0060260295867,227000000.00000003,0.00047299999999999995,10.23
1.6420543849468232,0.7243003919720651,7.74735425412655e-06,1598.6271128058431,170999999.99999997,0.00112,14.87
1.4357060864567759,0.7188234440982343,3.8903725147247325e-06,1320.5242082476614,160000000.00000003,0.0005589999999999999,10.17
1.502016312070191,0.8276463299989701,4.972245782613755e-06,844.136208295822,258000000.0,0.0014099999999999998,9.63
1.3856835544109345,0.6009407043457031,5.957844004034997e-06,725.0009030103682,260000000.0,0.0003149999999999999,5.22
1.6245694398880006,0.6624238193035127,2.965015053749085e-06,2266.9375985860825,93800000.00000001,0.0003439999999999999,11.07
1.2923785865306856,0.6559857398271561,8.690212428569796e-06,2274.864010512829,118000000.00000001,0.000435,15.37
1.473743661493063,0.8242461875081063,4.153639137744904e-06,672.1725612878798,307000000.0,0.00112,6.08
1.4389051124453547,0.6876058459281922,4.694418787956238e-06,1014.746382832527,200000000.0,0.000549,9.0
1.488743318617344,0.6093830108642578,6.268375195562841e-06,2902.061820030212,83699999.99999997,0.0002869999999999999,14.47
1.5634197100996972,0.686838810145855,8.259801000356675e-06,1333.1743627786634,187999999.99999997,0.000912,13.81
1.5991581916809083,0.8004526063799858,3.1624726355075842e-06,536.2272560596465,340000000.0,0.0009809999999999999,3.3400000000000003
1.739698487520218,0.8335206359624864,4.899880766868592e-06,1332.0776373147962,184000000.0,0.00158,12.29
1.6231346100568773,0.647561538219452,4.042071998119355e-06,1881.4338017255066,113999999.99999999,0.00039699999999999984,11.43
1.3293919801712037,0.6041250228881836,7.546347171068192e-06,2798.897728323936,85599999.99999997,0.00023999999999999995,14.33
1.720240902900696,0.7713049247860909,8.921582877635956e-06,1137.0375677943227,235000000.00000003,0.00185,14.32
1.5961826026439667,0.5982475519180298,3.0654790103435523e-06,923.905849456787,197000000.00000003,0.00022400000000000002,2.8999999999999995
1.5224541284143926,0.6273932129144669,3.324269562959672e-06,2161.398448050022,93999999.99999999,0.00023999999999999995,10.22
1.4743597224354745,0.6078749746084213,4.850233644247056e-06,1489.52692002058,133999999.99999997,0.0002760000000000001,9.32
1.5027176141738894,0.8002264961600304,3.0665076971054082e-06,550.6542623043059,357000000.0,0.0008669999999999999,2.57
1.380770489573479,0.6329037040472031,8.14010512828827e-06,1317.6556602120397,167000000.0,0.0004470000000000002,11.79
1.603177607059479,0.6517401784658433,6.763967834413053e-06,2152.4551808834076,119000000.0,0.0005570000000000002,14.66
1.2291210472583771,0.6449512749910356,9.053142338991166e-06,2418.5638427734375,110000000.0,0.00036700000000000003,15.45
1.5047438280656935,0.6996569573879242,5.10414831340313e-06,2288.47324103117,110000000.0,0.000549,14.25
1.572080343961716,0.8059774607419968,6.090175449848176e-06,684.122547507286,312000000.0,0.00171,9.730000000000002
1.220591014623642,0.6554813414812088,9.400968223810197e-06,618.3591783046721,329000000.0,0.0006159999999999999,9.16
1.545532751083374,0.6122547626495362,6.6106081306934366e-06,1009.0548843145369,200000000.0,0.0004520000000000001,9.24
1.2931512594223025,0.6559633255004883,7.874222978949549e-06,2110.6946766376495,121000000.0,0.0004210000000000001,14.59
1.6063354253768922,0.879635426402092,4.403016716241837e-06,795.8159148693084,268000000.0,0.00176,8.63
1.569322554767132,0.7283787287771702,5.123607516288758e-06,2275.5649983882904,115999999.99999997,0.000708,14.58
1.790219432115555,0.7009515434503556,9.145792156457901e-06,2660.5980396270747,126000000.00000001,0.0009530000000000001,17.04
1.707538264989853,0.8214465066790582,5.99228248000145e-06,1142.0644000172613,215000000.00000003,0.00176,12.56
1.3504111737012865,0.6936238735914231,3.083521187305451e-06,2716.679602861404,81699999.99999999,0.00028900000000000014,12.49
1.3754908293485644,0.6833335340023041,3.6514105200767526e-06,534.4181805849074,357000000.0,0.00041700000000000005,1.4200000000000004
1.4093056350946427,0.6004881441593171,6.87033198028803e-06,718.6433970928191,264000000.00000003,0.0003600000000000001,6.27
1.250780600309372,0.6018610507249833,8.509887248277665e-06,2780.575260519981,86499999.99999999,0.00022300000000000013,14.509999999999998
1.559097804129124,0.7182993493974209,4.230853021144867e-06,478.22120785713184,365000000.0,0.0008319999999999998,4.65
1.4024249643087388,0.6046188533306123,3.8749578595161445e-06,2591.2339538335796,78399999.99999999,0.000176,11.05
1.6271043062210084,0.6658387362957001,6.500549495220186e-06,2588.985219597816,105000000.00000003,0.000573,15.55
1.4076304882764819,0.82316113114357,3.957065045833588e-06,949.1234570741652,223000000.0,0.00101,8.73
1.372533202171326,0.6303427398204804,7.458381101489068e-06,2463.6870920658107,102000000.0,0.0003600000000000001,14.74
1.6293247908353807,0.6139763027429581,7.159769251942636e-06,1404.009863734245,159000000.00000003,0.0005239999999999999,12.11
1.4353919953107834,0.5984242916107179,4.947986945509912e-06,1970.3935384750364,103999999.99999999,0.00022400000000000002,10.63
1.307871758937836,0.60247403383255,5.848837316036225e-06,1003.5229772329329,188999999.99999997,0.000255,7.1899999999999995
1.4053057551383974,0.92963844537735,8.056592911481858e-06,224.85959529876698,654000000.0,0.00244,3.51
1.4955990152433516,0.6311539113521577,6.397385835647584e-06,636.9030773639678,309000000.0,0.000495,6.0
1.718348425626755,0.7718885086476803,5.0156257599592215e-06,1757.7754189260302,146000000.0,0.00109,13.64
1.6124119251966478,0.861966946721077,5.516050890088082e-06,550.8786737918853,364000000.0,0.00204,7.75
1.5733207941055298,0.6454429328441621,4.613543063402176e-06,517.7789479494094,355000000.0,0.0005059999999999999,2.76
1.380073142051697,0.6084500312805177,8.801933109760286e-06,1296.2140813469885,166000000.0,0.00039000000000000016,11.52
1.4454961538314821,0.6376019418239595,8.384320706129076e-06,1114.5261973142622,194000000.0,0.0005349999999999999,11.2
1.4629547059535981,0.6105764240026474,5.5410377979278574e-06,1399.4240686297414,146000000.0,0.000323,9.98
1.5916477024555207,0.8193626672029496,5.744496695697308e-06,961.1480981111525,242000000.0,0.00161,11.22
1.4982211371883751,0.6894659981131555,7.945034220814705e-06,1622.1223603934047,160000000.00000003,0.0007680000000000001,14.43
1.2869436264038088,0.6982100933790207,3.889646530151368e-06,664.8547500371932,299000000.0,0.00043399999999999987,3.83
1.7473230600357057,0.596639084815979,3.1056224107742315e-06,603.437453508377,290000000.0,0.0002709999999999999,0.29000000000000015
1.5971885561943056,0.6305777817964554,4.332417637109757e-06,1220.3583046793935,164000000.0,0.00039000000000000016,8.53
1.6030469387769701,0.6926895037293435,8.062068670988084e-06,1939.7450909018514,144000000.00000003,0.0008430000000000001,15.51
1.3793582975864411,0.6327532947063447,8.601397395133974e-06,1024.3074148893354,205999999.99999997,0.0004780000000000001,10.38
1.5640741512179377,0.7888968363404275,7.029153153300286e-06,1016.6909843683242,240000000.0,0.00153,12.5
1.398433792591095,0.7273230314254762,4.792710214853287e-06,1737.2738774865863,137000000.0,0.0006100000000000001,12.86
1.3452607691287997,0.8643068611621857,4.922027468681336e-06,494.58923935890186,380000000.0,0.00155,6.56
1.405921205878258,0.6029873192310333,4.987596601247789e-06,1397.3790332674978,140000000.0,0.0002489999999999999,8.73
1.5636242911219598,0.6168754488229752,8.20221707224846e-06,1203.8571685552595,181000000.00000003,0.0005310000000000001,11.53
1.5364764243364335,0.6404765635728836,4.9608990401029595e-06,2347.616583108902,98600000.0,0.000363,13.32
1.7174865603446963,0.7172884605824948,8.746820241212846e-06,1654.384799301624,174000000.0,0.00123,15.51
1.7010119676589968,0.7760097049176694,5.0024346411228184e-06,1658.1851262599228,151999999.99999997,0.00111,13.35
1.6076695293188097,0.8411642700433731,2.9702254533767707e-06,1212.5176861882208,169999999.99999997,0.0010399999999999997,9.090000000000002
1.6197232425212862,0.7472344821318985,6.1391048803925525e-06,1435.5986490845678,174000000.0,0.0010800000000000002,13.39
1.4725821107625963,0.6145083993673325,3.6862033307552345e-06,2682.400077581405,77399999.99999999,0.00020100000000000014,11.55
1.70671706199646,0.8300106436014176,2.962454497814179e-06,2191.221110522747,110000000.0,0.000921,12.18
1.5095788031816484,0.8220212817192079,6.1415970884263526e-06,460.17754077911366,406000000.0,0.00174,7.45
1.7804405987262728,0.748201354360208,9.706952571868898e-06,1506.240155547857,199000000.00000003,0.00166,15.7
1.4334330037236216,0.8472747266292573,4.013798862695694e-06,830.0093114376067,248000000.0,0.00119,8.22
1.273212093114853,0.7762102246284486,3.040488868951798e-06,1916.42902046442,114999999.99999997,0.0004939999999999999,11.19
1.5746603161096575,0.7528116962872446,5.8135012686252605e-06,1254.9371942877767,189999999.99999997,0.00106,12.37
1.5898756831884386,0.8015586376190186,4.0256735086441045e-06,1529.468849301338,152999999.99999997,0.00101,11.91
1.5562238708138467,0.8710827559232712,3.268557339906693e-06,1100.4922091960905,193000000.0,0.00118,8.69
1.6080683201551438,0.6968673527240754,7.031952939927579e-06,2016.107991337776,136000000.0,0.000792,15.17
1.4490151762962342,0.890260747075081,8.380460262298585e-06,608.8491827249526,575000000.0,0.00226,5.32
1.5656612858176233,0.7867399223148823,7.8571984320879e-06,823.9834308624266,283000000.0,0.00174,12.14
1.4975454278290272,0.5994502902030945,3.024073481559754e-06,1475.4119627177713,124000000.00000003,0.00018099999999999993,6.08
1.2456956863403321,0.6021129280328751,7.71044471859932e-06,1494.0014779567716,139000000.0,0.0002520000000000001,10.92
1.3535673201084137,0.6169866174459457,8.835137099027636e-06,1699.885457754135,137000000.0,0.0003860000000000001,13.3
1.4855273835361005,0.8280564308166505,7.078046441078187e-06,502.74062156677235,435000000.0,0.00184,7.54
1.413055381178856,0.8346319645643235,2.8911340236663824e-06,973.7488925457,204000000.0,0.0008709999999999999,7.44
1.388826209306717,0.6611526399850846,3.456453830003739e-06,2597.924873232841,83400000.0,0.000257,12.13
1.5658854067325594,0.6533779710531236,3.890257358551026e-06,2935.7141554355617,80799999.99999999,0.00034500000000000004,13.72
1.2424105167388917,0.6018840461969376,8.71433597803116e-06,1488.973770290613,142000000.00000003,0.00027499999999999996,11.54
1.586736246943474,0.6917847186326981,8.978321909904482e-06,1618.0379800498483,168000000.0,0.0009639999999999999,15.25
1.3272554755210877,0.6022939860820771,7.653369918465615e-06,2513.0553096532817,92800000.00000001,0.00025000000000000006,13.89
1.3813330918550493,0.760569829121232,4.103731244802476e-06,849.5856374502181,242000000.0,0.000751,7.68
1.4081176668405535,0.6040453881025315,7.347696721553804e-06,2057.29865655303,111000000.0,0.00031,13.24
1.2880044221878053,0.7722128704190255,3.024282515048981e-06,1621.644591912627,130999999.99999999,0.0005159999999999999,10.21
1.6717509984970094,0.8332746595144273,6.963437519967557e-06,838.3803367614745,281000000.0,0.00217,11.72
1.1902528166770936,0.6608698904514313,9.448562353849412e-06,1614.3355723470447,153999999.99999997,0.0004669999999999999,14.18
1.6056883692741395,0.6868292212486268,4.4120535552501685e-06,573.3850896358489,372000000.0,0.0007179999999999999,3.7600000000000002
1.3666244119405748,0.6894836738705635,9.228051006793977e-06,2027.4097956717012,141000000.00000003,0.00062,15.43
1.2994899809360505,0.6039515554904938,9.27953624725342e-06,2424.006938934326,101000000.0,0.00029200000000000005,14.63
1.5686945870518685,0.6343574434518815,8.222779959440233e-06,2774.2453962564464,100000000.0,0.00046800000000000005,15.97
1.374356782436371,0.6110671252012253,7.463968366384507e-06,636.8569582700728,306000000.0,0.00040299999999999993,5.85
1.4464262545108797,0.7943759143352509,7.960557252168656e-06,1909.941893070936,525000000.00000006,0.00101,2.3600000000000008
1.3688980937004092,0.9123964726924897,5.901858285069466e-06,851.5776991844176,527000000.00000006,0.00167,2.529999999999999
1.4151754170656206,0.6997217193245888,5.2483436614274985e-06,1019.9058353900908,204000000.0,0.000627,9.79
1.6242965608835223,0.6851406991481782,5.608712077140809e-06,2571.3245868682857,102999999.99999999,0.0005840000000000001,15.149999999999999
1.7427142202854158,0.738531617447734,7.091396838426591e-06,1887.0815094560382,152999999.99999997,0.00116,15.24
1.4910230951383712,0.8851706743240357,5.010747581720353e-06,991.6867613792418,451000000.0,0.00153,3.1699999999999995
1.6425704151391984,0.7960252359509469,6.473848100751639e-06,1233.7880879640577,205000000.0,0.00152,13.19
1.3577167242765429,0.6617331057786943,8.73989334702492e-06,502.3403763771056,383000000.0,0.000779,7.89
1.782156300544739,0.7430627044290304,7.723630726337434e-06,1910.6582105159757,159000000.00000003,0.0012899999999999997,15.62
1.5700126066803934,0.6532370567321778,6.889762550592424e-06,2663.010016083717,102000000.0,0.0005059999999999999,15.58
1.6108575850725175,0.7182549610733987,7.805524811148645e-06,1543.1328415870664,174000000.0,0.0010699999999999998,14.68
1.3870647937059404,0.6607653915882111,3.4484663307666785e-06,2783.7590426206584,78999999.99999997,0.000251,12.49
1.6940684616565707,0.696987721323967,9.969372630119326e-06,1690.5447766184805,171999999.99999997,0.00115,15.98
1.5474950328469277,0.6646405577659608,7.669196903705598e-06,2302.4131655693054,119000000.0,0.0005859999999999998,15.48
1.406453123688698,0.7885940194129945,2.8977797031402595e-06,990.6360059976577,195000000.0,0.000688,7.32
1.3064665138721467,0.8252553641796113,3.014124989509583e-06,856.59521818161,237000000.0,0.000758,6.14
1.4237828493118287,0.6002093017101289,3.010327756404877e-06,2586.010798811912,74500000.0,0.00014099999999999996,9.42
1.3062172651290895,0.7853285506367684,3.5899567604064947e-06,601.4089584350585,353000000.0,0.0006449999999999998,2.529999999999999
1.6399102717638017,0.803844152390957,3.0489599406719215e-06,2213.0202054977417,108000000.00000001,0.000807,12.47
1.5163687057793143,0.8485409170389177,3.2436877787113195e-06,570.9921121597289,358000000.0,0.00111,3.0099999999999993
1.3825200945138933,0.704832722246647,2.9726725220680244e-06,2906.9911986589427,78300000.0,0.0003200000000000001,12.98
1.3315784096717835,0.6901043638586999,8.14669156074524e-06,1138.1401419639585,205999999.99999997,0.0007340000000000001,12.63
1.5737360626459123,0.7386191524565221,2.9390694499015814e-06,2491.8387383222575,92599999.99999999,0.0005220000000000001,12.57
1.6057758271694185,0.7334854200482369,2.949869096279145e-06,2205.780364573002,102000000.0,0.000543,11.89
1.3895076513290407,0.7684383910149336,2.974449515342713e-06,1526.5314765274522,138000000.0,0.000585,9.94
1.5942719131708147,0.6527149915695191,4.034518003463746e-06,2356.503188610077,95500000.00000003,0.0003710000000000001,12.66
1.736973148584366,0.7419517949223519,8.95239007472992e-06,1481.625188142061,194000000.0,0.00148,15.27
1.4532133564352991,0.8337773323059082,6.928033567965031e-06,596.0396975278853,440000000.0,0.00174,7.08
1.338816297054291,0.5994464814662934,5.836851164698602e-06,2240.443967282772,95300000.0,0.00021300000000000003,11.99
1.7507369220256808,0.6093864798545838,2.980471014976502e-06,2772.514030337333,74900000.0,0.00023900000000000006,11.02
1.7073586106300356,0.5996886670589447,3.095872104167939e-06,835.7605636119841,222000000.0,0.0002630000000000001,2.42
1.5441113501787187,0.6516651213169099,7.026105426251889e-06,996.1576312780379,212000000.0,0.0006519999999999998,10.57
1.4912975516170264,0.651244381070137,7.65016932785511e-06,803.2804280519484,251999999.99999997,0.0006620000000000002,9.48
1.507835819385946,0.6233534306287766,5.090504080057145e-06,2837.791100144386,83800000.00000001,0.00029999999999999987,13.94
1.4519830808043481,0.7985096186399461,2.9828075170516975e-06,1370.4277127981184,153999999.99999997,0.000754,9.63
1.727805233001709,0.6217593222856522,8.728568196296693e-06,2928.853660821914,97600000.00000001,0.000508,16.38
1.3649724304676056,0.6257663637399674,3.4748694300651557e-06,928.1817376613616,199000000.00000003,0.00024299999999999986,4.12
1.6664090931415558,0.8816276013851166,4.6007129549980175e-06,1227.1718233823774,419000000.0,0.0015900000000000003,2.9599999999999995
1.4040694624185563,0.8384631603956223,4.221838921308518e-06,819.7842836380004,252999999.99999997,0.00117,8.46
1.4675918698310852,0.7112865462899208,8.571716517210008e-06,896.3728994131087,255000000.0,0.0011,12.29
1.5715816408395769,0.8830308705568315,4.0785036981105815e-06,734.5924079418181,280000000.0,0.00162,7.55
1.3263647139072419,0.7644506972283126,2.982873439788819e-06,1325.2445980906484,153999999.99999997,0.0005409999999999999,8.95
1.3316264212131501,0.7832379497587681,3.029708623886109e-06,2042.013995349407,111000000.0,0.000543,11.59
1.4572303935885431,0.6624364346265793,4.7884041666984564e-06,1892.7193544805048,119000000.0,0.0004119999999999999,12.42
1.681189548969269,0.7483323794323952,4.106051474809647e-06,2657.7595174312587,98899999.99999997,0.0007219999999999999,14.56
1.3997716516256333,0.8513749212026597,3.990043938159943e-06,726.471647620201,277000000.0,0.00117,7.12
1.3364423811435702,0.600992614030838,6.687294475734235e-06,2328.703358769417,95399999.99999999,0.00023500000000000002,12.94
1.3502572238445283,0.7763559445738794,2.997531652450562e-06,2419.98727619648,96999999.99999997,0.000514,12.54
1.4166854023933413,0.6011423885822297,6.097871277481318e-06,1580.0615325570104,130999999.99999999,0.000288,10.82
1.4918107956647875,0.5985126078128815,3.031202733516694e-06,913.1232947111129,195000000.0,0.00019300000000000006,2.4899999999999998
1.4496462732553483,0.6150623738765717,5.755406439304353e-06,2600.575044751167,89299999.99999999,0.0002850000000000001,13.67
1.6823413252830506,0.8187477797269822,3.028068274259568e-06,1944.123852998018,120000000.0,0.000923,11.8
1.6904576003551484,0.6685703784227371,2.9567075371742255e-06,1515.4759883880613,132999999.99999997,0.0004300000000000001,8.86
1.577079749107361,0.8121903240680696,6.168959796428682e-06,472.7535247802733,394000000.0,0.00181,7.799999999999999
1.332227486371994,0.5987187445163727,5.859705597162247e-06,1676.461912691593,121000000.0,0.0002300000000000001,10.39
1.3144712269306185,0.5997757315635681,2.9959666132926945e-06,1286.718651652336,138000000.0,0.0001349999999999999,4.27
1.6631926059722901,0.6843962699174881,8.37709152698517e-06,2557.2141557931895,119000000.0,0.000745,16.46
1.4298351779580118,0.7651651103049517,4.029783248901368e-06,1391.3607895374296,160000000.00000003,0.0007569999999999999,11.19
1.6086750179529192,0.6378412306308747,4.952200785279275e-06,2819.465726613998,87399999.99999999,0.00038299999999999993,14.37
1.5245318189263346,0.6113076835870743,3.824867218732834e-06,1420.005179941654,138000000.0,0.00027000000000000006,7.87
1.5454435095191004,0.8382611364126206,4.971288964152337e-06,847.9149192571639,259000000.0,0.00155,9.700000000000001
1.3382364213466647,0.598114174604416,5.8863783329725275e-06,1861.0737863928077,111000000.0,0.00022400000000000002,11.0
1.3443173289299013,0.5984825849533082,3.003645777702332e-06,2498.289674520492,75800000.00000001,0.00012200000000000012,8.83
1.2471342980861664,0.5988786935806275,9.59166517853737e-06,1870.4343885183332,121000000.0,0.000277,13.18
1.7394571781158448,0.5912045359611512,5.153075188398362e-06,499.31395053863514,356000000.0,0.00043700000000000005,2.73
1.7342464327812197,0.8970333606004716,4.145768254995347e-06,957.5342684984206,405000000.0,0.00179,3.2599999999999993
1.5659143030643465,0.7886758670210839,6.084309369325638e-06,1129.1454657912252,214000000.00000003,0.00134,12.25
1.5957079589366914,0.6470240145921707,4.176436305046082e-06,2152.7175903320312,102999999.99999999,0.00037199999999999993,12.25
1.4356740966439248,0.8003091529011727,2.963443756103516e-06,2163.8650372624397,108000000.00000001,0.000655,12.05
1.396776232123375,0.79757798910141,7.3815140426158915e-06,1927.410952746868,505999999.99999994,0.000947,2.2799999999999994
1.2693020761013032,0.6832867562770845,8.19735109806061e-06,1130.9220939874647,204000000.0,0.000646,12.42
1.3771799057722094,0.677915208041668,8.605465829372407e-06,615.2770966291426,334000000.0,0.0008929999999999999,9.38
1.5145691044628622,0.876177254319191,7.183121860027314e-06,479.9947440624236,417000000.0,0.0024299999999999994,8.64
1.4081233620643616,0.6023705810308457,6.184455133974553e-06,2309.3612045049667,96100000.00000001,0.000257,12.9
1.3077379882335665,0.6018234461545945,9.384404927492143e-06,2061.847012490034,114999999.99999997,0.00031100000000000013,13.93
1.4256605699658396,0.7010975986719132,4.385609984397889e-06,1016.6734009981154,200000000.0,0.000565,8.86
1.5519837453961374,0.6401927769184114,5.251044303178788e-06,1013.5278403759002,198000000.00000003,0.00048399999999999995,8.79
1.2123106598854065,0.7014555126428604,9.912331521511079e-06,689.5014196634291,307000000.0,0.0008929999999999999,11.38
1.5723932147026063,0.7375648632645607,2.9712643623352056e-06,1302.9201254248617,155000000.0,0.00062,8.75
1.51913331001997,0.6913106113672257,9.162984013557435e-06,1222.282603383064,205999999.99999997,0.00101,13.98
1.5081480441614987,0.6971718281507493,7.186441466212274e-06,1463.3670374751089,170999999.99999997,0.000792,13.579999999999998
1.4324764788150788,0.8519673138856888,2.994309782981873e-06,1249.428607523441,178000000.00000003,0.0008669999999999999,7.95
1.4700697526335718,0.7243450462818146,5.19808341562748e-06,1533.3999805152414,153999999.99999997,0.0007129999999999999,12.66
1.5461060956120491,0.6573194772005082,7.578619062900544e-06,2635.885208845138,106000000.00000003,0.0005279999999999999,15.86
1.4703804574906827,0.779396402835846,3.933491200208665e-06,1444.9971653521059,156000000.0,0.0008189999999999998,11.31
1.3149128794670106,0.6851786926388741,9.077320545911791e-06,2003.897402435541,140000000.0,0.00057,15.26
1.537959171831608,0.7181741684675217,6.253962706774474e-06,1678.585407324135,152999999.99999997,0.000816,13.92
1.5121060810983182,0.6599094897508622,6.6838612258434304e-06,1203.9943337440488,183000000.0,0.00062,11.56
1.449623827636242,0.672484651207924,8.584804475307465e-06,1641.0399153828619,156000000.0,0.000646,14.349999999999998
1.318970686197281,0.7265059679746628,8.709182530641558e-06,603.4936308860778,346000000.0,0.00119,10.29
1.3876170337200167,0.6488200753927231,7.101434826850892e-06,2482.4947416782375,103999999.99999999,0.00040899999999999997,14.98
1.289141321182251,0.6594555795192719,9.431092828512192e-06,2206.082560122013,125000000.00000001,0.00047099999999999996,15.58
1.2903996527194979,0.6564821898937226,7.965683892369272e-06,2004.8265643417833,126000000.00000001,0.00042899999999999997,14.39
1.4808679506182671,0.6772532880306245,4.6543066799640665e-06,2089.7350385785103,111999999.99999999,0.00045099999999999996,13.1
1.490786593593657,0.7963217809796334,8.749315917491915e-06,1530.591335147619,534000000.0,0.00122,3.52
1.4098014146089555,0.689619241654873,2.964057087898255e-06,2878.7512630224223,77300000.0,0.00029,12.68
1.4062016397714616,0.744864326901734,9.814758360385897e-06,588.8177007436751,363000000.0,0.0015600000000000002,11.38
1.2461258947849274,0.5987189054489136,9.553268104791643e-06,2239.0109971165657,105000000.00000003,0.0002599999999999999,14.0
1.4732342138886454,0.6166095077991486,8.863726913928988e-06,2915.3761565685268,92099999.99999999,0.00035600000000000003,15.78
1.6730957508087159,0.6320811957120896,7.421636894345285e-06,2916.448667645454,94999999.99999999,0.00048399999999999995,15.95
1.3973224103450776,0.8023460045456887,4.046084731817246e-06,1044.4405972957609,205999999.99999997,0.0009220000000000002,9.46
1.4819633156061174,0.6841695114970208,8.419777333736422e-06,1742.098480579443,151999999.99999997,0.00071,14.77
1.3753042906522752,0.7935140267014504,3.377751469612122e-06,563.8525933027266,354000000.0,0.000726,2.63
1.6817527413368227,0.602678257226944,3.5602087080478676e-06,521.0878252983092,342000000.0,0.0002959999999999998,0.030000000000000145
1.3533237397670748,0.692844669520855,3.1029408574104314e-06,2622.951447963714,84000000.0,0.00029200000000000005,12.31
1.5846053481101992,0.7576315077021719,6.412768924608828e-06,1261.5909352898595,195000000.0,0.00117,12.95
1.4894950769841673,0.7636815737932922,3.020338833332062e-06,987.9318177700042,194000000.0,0.0006540000000000001,7.029999999999999
1.6613595843315125,0.6561023533344269,6.889522276818754e-06,2853.807166218757,98400000.00000003,0.0005479999999999999,15.98
1.3722778469324113,0.8430831938982011,5.495428442955018e-06,467.12997555732716,402000000.0,0.00154,6.76
1.5212304621934891,0.7564045205712319,2.993929266929627e-06,2844.666346907615,85499999.99999999,0.000534,13.55
1.4972164738923313,0.70948865711689,8.253106921911241e-06,489.83070254325855,400000000.0,0.00128,8.72
1.2416704595088959,0.602251061797142,4.98043678700924e-06,962.3202234506606,200000000.0,0.00018800000000000012,4.82
1.4868279296904803,0.7211814098060132,2.9611890316009528e-06,2472.877532243728,91100000.0,0.0004249999999999999,12.35
1.5866342782974245,0.6066834658384324,2.9337042570114142e-06,1971.86828777194,98100000.0,0.0002,8.29
1.5235254339873792,0.8002176359295846,2.958542943000794e-06,2349.65580701828,102000000.0,0.000699,12.61
1.6663941442966463,0.7047242715954781,6.946676507592203e-06,2125.8979588747025,132999999.99999997,0.0008589999999999998,15.470000000000002
1.5687120884656907,0.6816674038767815,7.332714840769769e-06,1949.7179724276064,137000000.0,0.0007070000000000001,14.91
1.3526540458202363,0.7789855219423771,3.022008806467057e-06,1944.8574557900426,114999999.99999997,0.0005509999999999998,11.31
1.5461336866021158,0.6226229131221772,4.518329560756684e-06,1783.9904078282414,116999999.99999997,0.0003129999999999999,10.72
1.469072999060154,0.610555762052536,6.364938223734499e-06,1401.2385457754133,149999999.99999997,0.0003640000000000001,10.85
1.4993299188092353,0.8594731092453004,8.163870483636857e-06,524.3810564279555,413000000.0,0.00248,9.71
1.7077160418033601,0.721764349937439,9.703805178403855e-06,1542.0671477913854,187999999.99999997,0.00134,15.66
1.5928696721792222,0.720644523203373,6.031832054257394e-06,2009.112939238548,133999999.99999997,0.0008139999999999999,14.68
1.5812699139118196,0.6590966105461121,7.886270985007286e-06,1969.8053337633607,133999999.99999997,0.000635,14.89
1.6746096432209017,0.8086548015475273,6.003882378339768e-06,1234.0991869568822,202000000.0,0.00157,12.88
1.7768461525440218,0.7925228610634805,3.1327592134475714e-06,2673.405140638351,94200000.00000001,0.00082,13.49
1.481419598311186,0.6108953475952149,5.413132146000863e-06,1777.922363951802,119000000.0,0.0003039999999999999,11.37
1.5227768473327161,0.6918124571442604,8.174813866615296e-06,1739.7356261499224,153999999.99999997,0.000794,14.93
1.6306469142436983,0.7547207325696946,6.912574790418149e-06,1408.343121409416,399000000.0,0.00109,5.39
1.4077845454216005,0.7383345611393453,2.9347456693649297e-06,829.8611938953399,231000000.0,0.0005440000000000001,5.250000000000001
1.6011659502983095,0.7223003827035428,6.1178086549043664e-06,1928.7888072431085,139000000.0,0.0008499999999999998,14.58
1.3918173104524614,0.6072096347808839,8.664918124675752e-06,1397.63768017292,156000000.0,0.00038299999999999993,11.91
1.604916536808014,0.6268559575080872,4.621479868888856e-06,520.9700316190718,352000000.0,0.0004430000000000001,2.5
1.4379213094711305,0.7402009416371584,3.861978381872178e-06,1143.4690952301023,184000000.0,0.000651,9.29
1.5769258350133897,0.798177208006382,4.278926968574525e-06,1409.9674224853513,165000000.0,0.0010500000000000002,11.78
1.3318676412105561,0.6009155988693238,7.662970021367074e-06,1865.3071504086254,118000000.00000001,0.0002760000000000001,12.47
1.5774164736270906,0.8054207682609559,6.0236830860376365e-06,799.8576313257216,278000000.0,0.00162,10.44
1.2213509917259218,0.6507356017827989,8.92716732621193e-06,1792.296661995351,138000000.0,0.00041799999999999997,14.23
1.5129215195775034,0.8088873758912087,2.952654957771302e-06,1095.942437648773,181000000.00000003,0.0008470000000000002,8.22
1.34121510386467,0.6637802839279175,8.179114282131197e-06,1324.7886970639227,174000000.0,0.0005499999999999999,12.59
1.7078416407108308,0.6978260725736619,7.053770288825036e-06,2498.7029582262035,118000000.00000001,0.000794,16.07
1.330930942296982,0.735879683867097,3.087661176919938e-06,2510.397389531135,91199999.99999999,0.0004,12.66
1.6024259001016619,0.734627164900303,8.302043706178667e-06,1111.1978739500044,223000000.0,0.00128,13.49
1.3305380165576937,0.8614341259002686,3.1390565037727363e-06,2221.8011617660522,206999999.99999997,0.0006529999999999999,4.64
1.5652234420180322,0.6291200906038285,6.747313477098943e-06,2172.007255256176,112999999.99999999,0.00045099999999999996,14.21
1.3618878811597825,0.6641099095344544,8.234985262155534e-06,1407.0393070578573,168000000.0,0.000565,13.07
1.7895083963871004,0.7448334150016308,8.752292037010194e-06,1707.2320468723772,179000000.00000003,0.00148,15.69
1.4604941189289093,0.6324355065822602,6.389243973419071e-06,2722.6823121309276,92599999.99999999,0.00035899999999999994,14.79
1.2213397800922394,0.840899294614792,3.183369934558869e-06,2227.263517677784,225999999.99999997,0.0005549999999999999,3.7
1.4542866736650468,0.687409669160843,3.4818587005138404e-06,1942.169602960348,110000000.0,0.00038400000000000006,11.21
1.3388657212257387,0.6004070162773133,3.057773351669312e-06,2820.6604272127147,67499999.99999999,0.00011800000000000008,9.67
1.6028495639562608,0.7319902069866658,8.28312596678734e-06,1204.6369090676305,211000000.0,0.00124,13.85
1.5767714738845826,0.6610266119241716,7.786233857274057e-06,1891.6289433836935,138000000.0,0.000648,14.69
1.4471019923686983,0.6371447414159775,5.736842669546605e-06,2361.208975315094,100000000.0,0.000354,13.78
1.3780502736568452,0.937243938446045,6.2413595728576195e-06,694.8270201683043,565000000.0,0.00184,2.1200000000000006
1.6097360461950303,0.798792301118374,7.821682661771775e-06,831.6552191972731,284000000.0,0.00191,12.22
1.3740851372480394,0.7226491838693619,9.799646615982057e-06,1036.3907665014265,242000000.0,0.00113,13.66
1.4506678372621538,0.8676548391580582,5.837806887924672e-06,1490.2149252593515,560000000.0,0.00127,0.2400000000000002
1.6876115441322328,0.6979490384459496,8.924054771661759e-06,1707.82149489969,166000000.0,0.00109,15.62
1.7261785268783572,0.8984593302011491,7.657689526677132e-06,583.4308564662932,359000000.0,0.0031800000000000005,10.78
1.6095776349306108,0.6644750475883484,2.963889360427857e-06,2079.5356780290604,101000000.0,0.000352,10.56
1.5930959969758989,0.6935325756669045,8.062888324260713e-06,1831.4724806696174,149999999.99999997,0.000863,15.3
1.6227959811687471,0.6389344722032547,7.411410316824914e-06,2003.4762583672998,127000000.00000001,0.000567,14.509999999999998
1.6343554705381396,0.8611841887235642,3.3272552788257606e-06,774.9334275722503,328000000.0,0.00121,3.37
1.5881474912166598,0.6502213239669801,8.11852064728737e-06,1917.4070954322813,136000000.0,0.000617,14.74
1.6602369904518128,0.8576513886451722,4.081857413053513e-06,1254.594951868057,184000000.0,0.00143,10.83
1.4585920661687852,0.6185981869697571,4.63490453362465e-06,2425.608217716217,89500000.00000001,0.00025000000000000006,12.25
1.608808556199074,0.8766631543636323,4.633829951286317e-06,2026.9303508102892,408000000.0,0.00106,0.38999999999999996
1.5394805654883386,0.6918561190366745,6.175549853593112e-06,2106.014668941498,124000000.00000003,0.000636,14.63
1.6169057607650759,0.6922420889139176,9.168311864137651e-06,1879.437046125531,152999999.99999997,0.0009329999999999999,15.87
1.334880316257477,0.6412737786769868,7.606638625264169e-06,728.171795606613,272000000.0,0.00046800000000000005,7.53
1.5258542105555535,0.6445273965597154,6.046827912330628e-06,1511.7992386221883,148000000.0,0.0005030000000000001,12.14
1.3446790695190431,0.6999764978885651,8.293330639600754e-06,613.997533917427,336000000.0,0.000972,9.47
1.6036287367343904,0.639592507481575,5.762328535318376e-06,2834.656789898872,90900000.00000001,0.0004210000000000001,15.0
1.5652833580970766,0.8276732236146928,2.9804351329803473e-06,1207.5624912977216,170999999.99999997,0.0009610000000000002,9.01
1.5463112935423853,0.7484417043160648,6.421614566817881e-06,650.5025476217269,320000000.0,0.00115,8.68
1.3142885506153108,0.8177281916141511,4.1493862867355355e-06,2160.555675625801,276000000.0,0.000589,2.8999999999999995
1.428128081560135,0.6424417734146118,7.420797422528268e-06,1946.7539452016351,125000000.00000001,0.00045099999999999996,13.94
1.6774460256099701,0.745368317887187,6.775769151747228e-06,508.26917588710774,394000000.0,0.00146,7.6
1.3717087268829347,0.6622229307889939,7.841149479150773e-06,2028.059151023626,127000000.00000001,0.000488,14.59
1.4105206400156023,0.7975571170449257,4.034901440143586e-06,1144.5530429482458,191000000.0,0.000901,10.020000000000001
1.7622236967086793,0.7860528431832791,3.881928771734238e-06,2341.4120376110077,111000000.0,0.0009369999999999999,13.83
1.4186726957559588,0.6987971663475038,5.645633712410928e-06,1203.2974809408186,182000000.0,0.0006400000000000002,11.22
1.5545268774032595,0.8562126517295838,5.069096088409425e-06,619.1750168800353,334000000.0,0.0018,7.79
1.4161686122417452,0.599545705318451,2.985614657402039e-06,2231.424853205681,85100000.00000003,0.000145,8.46
1.400657030940056,0.6914159417152406,8.359166175127031e-06,821.7776119709014,267000000.0,0.0009070000000000001,11.14
1.4299294486641885,0.8123269870877267,4.559193313121797e-06,909.2150181531905,237000000.0,0.00112,9.46
1.561571802198887,0.7093947753310205,6.9074546173214926e-06,1746.987853082828,151999999.99999997,0.0008459999999999997,14.52
1.3166427433490755,0.60155069231987,7.988641589879991e-06,902.0702838897704,215000000.00000003,0.00032999999999999994,8.35
1.4212901026010514,0.5991973221302033,2.98357105255127e-06,2136.975035071373,88399999.99999999,0.00014700000000000002,8.18
1.5047832621261479,0.8412158936262132,5.266705855727197e-06,1649.3350472301242,422000000.0,0.00111,2.3600000000000008
1.3840712428092958,0.7876220226287842,9.013286620378495e-06,517.4074620008467,412000000.0,0.00176,9.95
1.4498593389987946,0.6420718610286713,4.137736529111863e-06,2826.947227120399,80799999.99999999,0.00027299999999999997,13.19
1.4081959784030915,0.7455616760998965,8.417717874050141e-06,683.0942928791045,320000000.0,0.00135,10.99
1.520730708539486,0.857078915834427,7.851712971925737e-06,513.509839773178,410000000.0,0.00242,9.43
1.7383873522281648,0.8905291110277177,4.944948554039002e-06,567.7174329757689,339000000.0,0.00232,7.77
1.6097422599792481,0.6937735185027123,1.0010400772094728e-05,2183.611124753952,143000000.00000003,0.0008960000000000001,16.55
1.4210694372653963,0.7146879114210606,7.399529933929444e-06,725.873365998268,294000000.0,0.000967,9.88
1.5760746359825135,0.629317456483841,7.5645309984684e-06,2100.4861518740654,120000000.0,0.0004939999999999999,14.509999999999998
1.6533214688301088,0.6846480354666711,7.284656435251237e-06,2519.7355002164836,114999999.99999997,0.0007049999999999998,16.06
1.6095650285482408,0.7274280153214933,7.468933746218683e-06,1518.1672312319276,175000000.0,0.00109,14.46
1.545649476349354,0.8136249035596849,9.937570333480836e-06,642.7931338548659,378000000.0,0.00253,11.91
1.4097378820180895,0.6470478057861329,7.848082944750787e-06,2584.7386121749873,103999999.99999999,0.00042899999999999997,15.51
1.4948595749214293,0.7051186010241509,6.853671520948411e-06,611.9016110897063,327000000.0,0.0009000000000000002,8.11
1.4692341037094594,0.647960525751114,8.223476946353914e-06,807.4154257774352,255000000.0,0.000661,9.71
1.6225898623466493,0.6216176569461823,7.685401380062105e-06,1218.2009145617483,182000000.0,0.0005989999999999999,11.78
1.4908695694059135,0.7270408049225808,4.8465243428945546e-06,2147.2142934799194,118000000.00000001,0.000633,13.98
1.5833883494138719,0.6446653693914414,6.466936148703099e-06,2758.3174705505367,96399999.99999999,0.00046199999999999995,15.37
1.4271677210927012,0.8469395577907562,4.038709938526154e-06,822.7403759956359,250000000.0,0.00119,8.21
1.5660018369555475,0.700605833530426,9.000471532344819e-06,1125.2401694655416,219000000.0,0.00111,13.64
1.2574504315853121,0.6691767543554307,9.24582052230835e-06,2036.8753671646116,133999999.99999997,0.0004910000000000001,15.25
1.7604645431041719,0.75581684242934,9.907993972301485e-06,1315.2057230472562,220000000.0,0.00183,15.33
1.2772055447101593,0.6290306836366654,8.71501398086548e-06,2154.0438681840897,115999999.99999997,0.0003600000000000001,14.56
1.676997756958008,0.8871564388275147,3.153531134128571e-06,715.3406292200087,289000000.0,0.0014,4.83
1.3825409263372423,0.6512345910072327,7.076226577162743e-06,2366.300292313099,108000000.00000001,0.00041899999999999983,14.79
1.4096642822027208,0.6609495878219606,4.28180691599846e-06,910.5354100465773,212000000.0,0.00040299999999999993,6.789999999999999
1.6500631213188173,0.6561290055513382,4.954373627901078e-06,2916.800111532211,87200000.0,0.000444,14.85
1.441326977312565,0.8512545436620713,8.097286432981492e-06,801.2667596340178,546000000.0,0.00165,4.35
1.2639626741409302,0.5998555004596711,6.756066910922528e-06,2156.772866845131,100000000.0,0.00020600000000000007,12.2
1.628996640443802,0.8205108851194383,6.945777215063573e-06,831.9375216960906,280000000.0,0.00199,11.64
1.4173049837350846,0.6026053458452225,4.848299875855447e-06,2335.2338671684265,90199999.99999999,0.00021399999999999992,11.61
1.6696035325527192,0.6356008619070054,8.351419627666474e-06,2840.535372495651,101000000.0,0.0005279999999999999,16.28
1.4892553836107256,0.6816741004586221,7.451275736093522e-06,1434.820882976055,170999999.99999997,0.000726,13.39
1.4029930114746094,0.7403999246656895,8.931705981492997e-06,667.0198142528533,328000000.0,0.00139,11.270000000000001
1.7359095990657807,0.5965250372886658,3.1112160384655004e-06,732.320725917816,251000000.0,0.0002669999999999999,1.4400000000000002
1.27777835726738,0.6023957401514054,3.943036437034607e-06,1778.4118205308912,108000000.00000001,0.00016499999999999997,8.34
1.337919455766678,0.790710447728634,6.77504911273718e-06,2100.6560251116753,489000000.00000006,0.0008279999999999999,1.7300000000000004
1.636676734685898,0.8596135944128037,3.002344429492951e-06,1317.6553249359129,161000000.00000003,0.00113,9.65
1.542651678621769,0.8546246498823167,4.8341218978166585e-06,711.452543735504,297000000.0,0.0016800000000000003,8.42
1.4256951659917834,0.7735923416912557,7.079353213310243e-06,607.4294745922087,339000000.0,0.00139,9.53
1.5301272377371788,0.7173586674034597,6.173675540834666e-06,1813.1658500060437,144000000.00000003,0.0007800000000000001,14.21
1.5129481874406339,0.6532997220754624,4.0300252437591555e-06,2447.1205025911327,91599999.99999999,0.00032500000000000004,12.67
1.5202711679041387,0.6943132862448693,9.269538938999177e-06,1686.8109880015252,163000000.0,0.0008809999999999998,15.36
1.3925218552351,0.6034171879291534,4.889137759804727e-06,1298.779986798763,149000000.0,0.0002449999999999999,8.09
1.4409200549125674,0.7182423368096352,5.369669035077096e-06,1215.2139768004415,183000000.0,0.000723,11.35
1.5309996843338014,0.6257621347904206,5.0516677647829064e-06,1399.2382138967512,148000000.0,0.0003770000000000001,10.12
1.330117303133011,0.6000951290130616,8.633353233337403e-06,2061.459694057703,111999999.99999999,0.00029,13.47
1.2738343477249148,0.7760009698569775,3.0830286443233494e-06,1395.2817320823667,149000000.0,0.000545,9.51
1.5981235921382906,0.6858328118920327,8.64969226717949e-06,2340.8633023500443,127000000.00000001,0.000738,16.17
1.4971131585538389,0.7067396700382234,6.190719541162254e-06,1031.0694873332975,213000000.0,0.0008099999999999998,11.01
1.3533873260021212,0.6960912555456162,1.001203340291977e-05,1707.4437784031031,167000000.0,0.0007399999999999999,15.3
1.4407519295811655,0.8100122317671776,4.003312766551972e-06,1175.8198514580724,187999999.99999997,0.0009679999999999999,10.17
1.6649088442325592,0.7775134272873402,4.028830289840699e-06,2075.1685202121735,121000000.0,0.0008830000000000001,13.41
1.2616178154945374,0.8527708321809769,3.1758228242397314e-06,2195.3835636377335,216000000.00000003,0.000604,4.2
1.3895828247070314,0.6050829112529755,3.777359455823899e-06,2411.131516098976,83200000.00000003,0.000176,10.46
1.6275116980075837,0.7338677968829871,5.262980699539185e-06,1883.1347227096555,136000000.0,0.0008470000000000002,13.93
1.4913788214325907,0.7191831104457379,2.9403662085533146e-06,2917.192086577415,79500000.00000001,0.0004009999999999999,13.259999999999998
1.3961756855249405,0.6057330876588822,4.9378804266452796e-06,2780.415594577789,78899999.99999999,0.0002080000000000001,12.74
1.281353509426117,0.7420532695949078,7.3148518651723875e-06,1431.4990043640134,399000000.0,0.000732,4.71
1.7761490643024447,0.9055046617984772,4.846605598926545e-06,801.1296689510344,268000000.0,0.00239,9.83
1.500679354928434,0.6710594683885575,8.244652330875397e-06,2353.804364800453,120000000.0,0.0005840000000000001,15.74
1.6083621203899385,0.6360232383012773,4.681064426898957e-06,1319.3727955222128,157000000.0,0.0004379999999999999,9.860000000000001
1.6393488675355912,0.6188958048820496,7.515134841203691e-06,1957.7390998601911,126000000.00000001,0.000512,14.12
1.428226348757744,0.7389832712709904,7.228907391428948e-06,606.1795651912688,338000000.0,0.00113,9.12
1.3829558730125429,0.7174027830362321,4.6687352061271675e-06,1873.2970412820575,127000000.00000001,0.0005440000000000001,13.0
1.404365274310112,0.6037337958812714,6.119677882641555e-06,1003.3177882432936,193000000.0,0.00031899999999999995,8.02
1.4558384343981745,0.7211130872368813,3.8333585262298595e-06,847.1000492572783,239000000.0,0.000609,6.49
1.609111574292183,0.629484423995018,4.3200243711471564e-06,1506.6541656851766,136000000.0,0.00037199999999999993,9.890000000000002
1.4962858367711307,0.5980700612068177,3.053320020437241e-06,1191.4886832237241,150999999.99999997,0.000187,4.55
1.5010105540975929,0.6721186190843583,5.696382328867913e-06,2102.7962788939476,116999999.99999997,0.0005090000000000001,13.95
1.2222619593143464,0.600335955619812,3.894136160612107e-06,1867.0676946640012,102000000.0,0.00013899999999999994,8.27
1.6674431920051576,0.8960616946220399,7.101183965802194e-06,512.8039717674254,413000000.0,0.00293,8.9
1.4263166919350625,0.7333835173398257,4.215440452098847e-06,1831.8758737295864,128000000.0,0.0005939999999999999,12.66
1.4915617922320963,0.6506580144166947,4.089852839708329e-06,2621.799141168594,86599999.99999997,0.00030899999999999987,13.02
1.3782301515340807,0.8039942622184754,3.1096126139163975e-06,658.5746556520461,302000000.0,0.0007950000000000001,4.07
1.4591123744845391,0.6902634456753731,8.388178020715714e-06,1607.3783971369264,162000000.00000003,0.000752,14.54
1.3797759622335435,0.7758712604641915,3.983056753873826e-06,861.3637387752532,242000000.0,0.000774,7.36
1.4901902340352537,0.7744127064943315,4.0407255887985236e-06,1486.3823466002939,152999999.99999997,0.0008269999999999999,11.67
1.3680967390537264,0.843436422944069,2.885206818580628e-06,761.612981557846,256000000.0,0.0008870000000000001,5.6
1.5131243884563448,0.9210439324378968,7.899252131581308e-06,440.75939059257496,716000000.0,0.00198,0.1700000000000005
1.7998066842556002,0.7458392472937704,5.098481878638268e-06,2704.1679918766017,106000000.00000003,0.0008830000000000001,15.53
1.6027105271816255,0.6920671284198762,6.342741897329689e-06,2226.3246327638626,121000000.0,0.0006850000000000001,15.1
1.6495660901069642,0.7592233154922724,5.068905621767045e-06,1562.8692619502542,156000000.0,0.00101,13.03
1.455254638195038,0.6355462700128556,7.71504856646061e-06,1708.771471865475,138000000.0,0.00047000000000000004,13.36
1.8001534938812258,0.7452135767787695,6.909605972468854e-06,2145.6736624240875,142000000.00000003,0.00118,15.69
1.74887090921402,0.7924772903323174,4.597240328788758e-06,1810.693980194628,142000000.00000003,0.00115,13.45
1.3430994629859925,0.7955003812909127,4.128251791000367e-06,766.4900571107863,272000000.0,0.0008589999999999998,6.89
1.5425878018140795,0.7469548573717476,6.3494303170591605e-06,1079.8944830894468,216000000.00000003,0.0010800000000000002,11.85
1.5002254212275148,0.6428643912076951,7.046239972114564e-06,2712.3058885335918,98000000.00000001,0.000433,15.41
1.383029106259346,0.7941331565380098,8.719283729791642e-06,1071.850538253784,457000000.0,0.0014399999999999999,6.81
1.6344014614820481,0.6365209758281708,7.482877343893052e-06,2855.607002973556,97100000.00000001,0.00048700000000000013,15.919999999999998
1.3477300107479098,0.6382138699293137,8.309618771076203e-06,2542.9481565952296,103999999.99999999,0.0003860000000000001,15.39
1.6226921439170838,0.6631091862916947,2.9645794630050666e-06,2355.56098818779,90800000.00000003,0.0003400000000000001,11.31
1.3953536689281465,0.7975817620754243,4.019154459238053e-06,1053.8491904735563,204000000.0,0.0008920000000000001,9.42
1.2177934527397156,0.6002727627754212,3.895215749740601e-06,1680.081609636545,111999999.99999999,0.0001420000000000001,7.57
1.4523366853594781,0.6634432464838028,3.3270525038242347e-06,1127.1557882428167,171999999.99999997,0.00035899999999999994,6.97
1.4116572976112367,0.7040618240833283,4.354476302862168e-06,1120.8544969558714,185000000.0,0.0005530000000000001,9.45
1.4092320263385774,0.7762439444661141,7.286061570048333e-06,597.8010892868041,345000000.0,0.00143,9.64
1.4233970046043398,0.6729836136102677,8.25155231356621e-06,714.601159095764,295000000.0,0.000842,9.81
1.5645407170057297,0.786499321460724,6.926172815263272e-06,1057.7911436557768,232000000.0,0.00148,12.61
1.4393794834613802,0.758245056308806,3.8131965994834905e-06,1345.7930386066434,162000000.00000003,0.000697,10.43
1.268950366973877,0.597844272851944,2.982838392257691e-06,2234.4409972429276,83099999.99999999,0.00010599999999999995,7.66
1.5414704516530038,0.758086452819407,4.017734616994859e-06,1796.9871843233702,130999999.99999999,0.000748,12.56
1.5398295253515244,0.8165275275707246,5.9368216916918765e-06,470.1091647148131,391000000.0,0.00173,7.59
1.493295223452151,0.780344282090664,9.31253454089165e-06,1957.773558795452,578000000.0,0.0010800000000000002,2.27
1.6768606066703797,0.7260996311903001,4.208125114440919e-06,2811.1642152070995,92800000.00000001,0.000627,14.79
1.6210279405117036,0.8356099516153336,5.893911674618722e-06,732.4925363063811,300000000.0,0.00201,10.06
1.5200671367347243,0.761315355822444,6.260668389499188e-06,735.3455871343612,291000000.0,0.00119,9.53
1.4572964832186701,0.6878652334213258,8.003217399120332e-06,904.1428118944167,245000000.00000003,0.0008839999999999999,11.47
1.3926071226596834,0.860594791173935,6.921700187027456e-06,880.7207942008971,464000000.0,0.00154,5.07
1.779074800014496,0.8433497339487076,4.747320532798768e-06,1441.2613697350023,175000000.0,0.00163,12.56
1.6628952205181122,0.886920788884163,3.135839223861695e-06,634.0968161821364,308000000.0,0.00143,4.480000000000001
1.3022657096385957,0.6017890959978104,5.936011478304864e-06,823.638617992401,229000000.0,0.00026399999999999997,5.71
1.6156966388225558,0.7205267786979676,8.77657935023308e-06,1348.8399907946584,198000000.00000003,0.00121,14.58
1.5793649554252627,0.8511260837316513,2.977949261665345e-06,990.3728514909743,201000000.0,0.0010800000000000002,7.78
1.5231597483158112,0.6258779436349869,8.262327134609223e-06,1010.6305330991744,208999999.99999997,0.0005570000000000002,10.52
1.5056947784498336,0.60486701130867,4.829019352793694e-06,1692.9016280919311,120000000.0,0.0002689999999999999,10.050000000000002
1.470207151025534,0.6342091709375383,5.026037484407426e-06,1782.3401880450544,121000000.0,0.00034799999999999995,11.66
1.3555675953626634,0.6265851616859437,4.665924310684205e-06,746.0264414548873,257000000.0,0.0003129999999999999,4.36
1.231672650575638,0.8528466135263444,2.921158909797669e-06,2286.7881432175636,251999999.99999997,0.000618,1.9600000000000002
1.6312861740589144,0.8551601707935333,5.9678547158837326e-06,799.953520298004,285000000.0,0.00214,10.6
1.4541466847062112,0.6557098656892777,5.518145397305489e-06,1797.2755357623098,127000000.00000001,0.00044199999999999996,12.69
1.7237060487270357,0.8412403821945191,4.0435882210731515e-06,1507.6833888888357,159000000.00000003,0.00134,11.89
1.5456991195678713,0.6402290672063828,4.251154094934464e-06,1974.6533706784246,109000000.00000001,0.0003380000000000001,11.52
1.4743643850088122,0.792012718319893,2.9775704145431524e-06,1444.595895707607,147000000.0,0.0007399999999999999,9.94
1.331674361228943,0.6078788369894028,4.0134594440460215e-06,936.1787438392638,199000000.00000003,0.00021399999999999992,4.14
1.3572035908699036,0.6164838194847108,9.55828094482422e-06,800.1030534505843,250000000.0,0.000486,9.55
1.4301160946488383,0.6721617579460145,6.069751918315888e-06,710.5629444122313,271000000.0,0.0006339999999999999,8.01
1.6391386628150941,0.8538124412298204,2.957044661045075e-06,1328.7395909428594,158000000.0,0.00109,9.64
1.7164555907249452,0.8968809217214585,3.002571195363999e-06,894.43202316761,218000000.00000003,0.00145,7.36
1.2134886145591737,0.6002560615539552,3.951351881027222e-06,1489.5167872309682,125000000.00000001,0.0001440000000000001,6.76
1.5436074972152711,0.6962321117520333,6.382146431133152e-06,671.8106865882872,304000000.0,0.0008399999999999999,8.05
1.3785653650760652,0.7344071276485921,4.038774400949479e-06,1413.899429142475,153999999.99999997,0.0005899999999999999,10.98
1.525291431695223,0.7019870638847352,6.637854170054198e-06,1216.7766615748403,192000000.0,0.000822,12.29
1.6050381481647493,0.6471710443496704,5.010673314332962e-06,2543.228521943092,95200000.00000001,0.00041899999999999983,14.08
1.612968760728836,0.7713272228837014,9.819225668907168e-06,833.067551255226,300000000.0,0.00202,13.27
1.7733522891998292,0.7497147413436324,4.163696318864823e-06,2828.930497169494,95099999.99999997,0.0007680000000000001,14.94
1.50867583360523,0.6200499415397644,5.516599968075753e-06,1113.2699549198148,181000000.00000003,0.00039199999999999993,8.89
1.4338757291436197,0.6082076221704483,3.939994394779206e-06,1311.9189366698263,146000000.0,0.00023700000000000004,7.04
1.6482251465320588,0.8873907029628755,4.075424939393998e-06,1070.0792372226713,211000000.0,0.00164,9.87
1.4450601831078531,0.7983948692679406,2.963752090930939e-06,2271.7603966593742,103999999.99999999,0.000646,12.29
1.2652203798294068,0.6020304590463639,6.667744733393194e-06,2690.592363476753,83400000.0,0.00019199999999999992,13.32
1.6120122313499452,0.6462682306766511,5.7351186126470575e-06,2587.258175015449,97899999.99999999,0.00045999999999999996,14.75
1.537586358189583,0.7468154596164823,2.921379208564759e-06,2773.987457156181,85200000.00000001,0.0005039999999999999,13.15
1.6925659596920015,0.8035352155566217,6.0191706642508516e-06,1323.5385641455648,192000000.0,0.00152,13.23
1.527610693126917,0.7415712978690864,4.077165842056275e-06,2097.52506762743,115999999.99999997,0.000651,13.28
1.6025774180889132,0.7230976291000843,7.191818550229073e-06,1576.091509312391,168000000.0,0.00102,14.41
1.7469007194042208,0.8436849743127823,4.633949697017671e-06,1347.3378792405126,181000000.00000003,0.0015900000000000003,12.05
1.7365511476993563,0.7323214687407017,5.077873930335046e-06,2691.0705417394634,103999999.99999999,0.000779,15.39
1.769971936941147,0.81074957549572,5.962571665644647e-06,1444.4932639598844,183000000.0,0.00162,13.64
1.384043347835541,0.6308931648731232,8.689758062362671e-06,2700.076356530189,99100000.0,0.000374,15.64
1.495424583926797,0.5978678047657013,3.0523653924465185e-06,1099.870681762695,163000000.0,0.000189,3.939999999999999
1.3963003277778627,0.6050605058670044,5.00168226659298e-06,2591.223374009132,83400000.0,0.0002119999999999999,12.39
1.4409400060772897,0.6186150401830673,5.760538451373578e-06,911.0731929540633,212000000.0,0.000376,7.63
1.495342546887696,0.685513235628605,7.1754411309957515e-06,814.8494660854338,259000000.0,0.000813,9.97
1.5103707924485208,0.680913770198822,8.459116309881212e-06,2061.055425554514,134999999.99999997,0.0006649999999999999,15.4
1.3200196444988253,0.6100308269262315,3.758795320987702e-06,1307.336866855621,143000000.00000003,0.00019900000000000012,6.39
1.2825751125812532,0.7252210557460785,3.358757376670838e-06,695.0351148843764,297000000.0,0.00047900000000000004,3.38
1.7030750513076784,0.7492829239927233,9.803635358810427e-06,1283.6081460118291,219000000.0,0.00167,15.18
1.3101720929145815,0.6019185841083527,8.007730811834337e-06,720.0791984796523,266000000.0,0.0003439999999999999,6.75
1.345626050233841,0.6884300753474236,3.127119272947312e-06,747.1955120563506,256000000.0,0.00038200000000000007,3.7899999999999996
1.5613559916615487,0.6303440719842911,5.209260761737825e-06,1396.3657170534132,150999999.99999997,0.000424,10.58
1.5326861500740052,0.7991504877805711,6.481960900127888e-06,723.2570201158522,418000000.0,0.0014399999999999999,6.34
1.3431038439273835,0.7284299075603485,2.9648978114128117e-06,645.7963883876799,296000000.0,0.000501,3.0099999999999993
1.5562412336468698,0.694143269956112,7.297746062278748e-06,1137.414716184139,205000000.0,0.0008809999999999998,12.36
1.7091809391975403,0.7994486242532731,6.011100187897683e-06,1405.8202430605886,184000000.0,0.00148,13.5
1.5383026465773584,0.7761951237916948,7.143651455640794e-06,801.9327670335769,280000000.0,0.00148,11.19
1.5200173035264017,0.6518492460250855,8.107688665390016e-06,2054.3113462626934,128000000.0,0.000552,14.89
1.6161735713481904,0.844783714413643,3.099759459495545e-06,815.8401697874068,248000000.0,0.0010699999999999998,5.7
1.5193326495587827,0.8453959375619889,2.9385091066360477e-06,916.5183752775191,215000000.00000003,0.00101,7.14
1.4046748816967012,0.6096669137477875,3.9438800811767585e-06,746.6563135385512,251999999.99999997,0.000257,2.76
1.4362101584672928,0.6734839886426927,8.144644618034365e-06,816.1928057670592,264000000.00000003,0.0008149999999999999,10.57
1.5167960666120053,0.6298742920160294,4.9463637024164205e-06,1583.5931636393068,132999999.99999997,0.000365,10.88
1.2472286045551302,0.5993921756744385,5.9111467152833945e-06,1578.22073623538,126000000.00000001,0.00019900000000000012,9.67
1.4614032536745072,0.7531121397390962,3.8126777708530435e-06,1527.495991438627,145000000.0,0.0006720000000000001,11.26
1.511295957863331,0.6437961101531983,5.6686965003609665e-06,2175.8552193641663,109000000.00000001,0.0004139999999999999,13.63
1.6239236176013947,0.6840048283338548,8.999209821224214e-06,2413.4408235549927,126000000.00000001,0.0007529999999999999,16.38
1.7816718041896822,0.8071609497070313,5.9543189108371744e-06,1536.2144932150838,176000000.0,0.00158,13.89
1.5157479733228685,0.6203169286251069,7.267669439315797e-06,1394.2170068621633,157000000.0,0.00045999999999999996,11.85
1.6517325818538666,0.7876092955470085,6.013763539493085e-06,1373.3293041586874,185000000.0,0.00135,13.31
1.6092732667922975,0.6952434986829759,8.00188058614731e-06,1806.686964817345,151999999.99999997,0.000895,15.279999999999998
1.5768754452466966,0.8357811748981476,3.7412246167659768e-06,1426.2308105826376,162000000.00000003,0.00111,10.98
1.470171569287777,0.6131155729293823,4.771450236439705e-06,1400.6950631737707,142000000.00000003,0.00028900000000000014,9.0
1.4772786118090153,0.6796804144978524,7.1022542193532e-06,710.123062133789,284000000.0,0.0007719999999999999,8.88
1.3001011848449708,0.6538238793611527,8.241016358137133e-06,1435.72162091732,161000000.00000003,0.00047099999999999996,12.68
1.4223354488611222,0.7642941791564227,8.53377401828766e-06,603.9110869169234,352000000.0,0.0015600000000000002,10.660000000000002
1.2572315633296969,0.5988801777362824,5.897091716527939e-06,1775.4489434882996,113999999.99999999,0.00019399999999999995,10.340000000000002
1.5796591222286225,0.6144736111164093,8.928307414054871e-06,2913.9068275690074,93900000.0,0.00040299999999999993,16.0
1.579265829920769,0.6817079231142998,7.344000771641732e-06,1993.859067559242,134999999.99999997,0.0007110000000000002,15.04
1.6235658377408984,0.6633410453796388,2.9643841981887825e-06,2446.490257978439,87899999.99999999,0.00033600000000000004,11.54
1.4134786874055865,0.8081568181514741,3.0699006319046027e-06,1761.7696146480737,152999999.99999997,0.000655,8.54
1.4582729101181031,0.6890223741531373,9.500195920467377e-06,2156.489595770836,137000000.0,0.0006840000000000003,15.87
1.6020680308341981,0.6454037457704545,4.199037998914719e-06,1961.181193590164,111000000.0,0.00038299999999999993,11.77
1.61233366727829,0.8291028946638108,4.035458654165269e-06,646.2966948747634,320000000.0,0.00125,5.35
1.4117165654897692,0.7252000786364079,4.077872425317765e-06,1785.0975804030893,128000000.0,0.0005479999999999999,12.29
1.4261192545294763,0.6171654134988785,5.5713772773742685e-06,909.2854261398314,211000000.0,0.0003530000000000001,7.29
1.4989916207268836,0.8047214850783349,6.071482989937068e-06,2286.3401398062706,472000000.00000006,0.0008979999999999999,0.9099999999999999
1.512042658030987,0.6679967969655991,2.9839311242103583e-06,1210.9906524419782,159000000.00000003,0.00034999999999999994,6.89
1.5080638753250242,0.7762302249670029,5.861983582377434e-06,728.9132028818129,291000000.0,0.00122,9.23
1.3010956764221193,0.6287855118513108,8.986250370740892e-06,1503.3254139125345,152999999.99999997,0.0004119999999999999,12.91
1.4730400130152703,0.6522342503070832,3.0759534239768988e-06,1608.736004680395,123000000.00000003,0.00029200000000000005,8.52
1.2756529569625856,0.6281245887279511,8.756814002990723e-06,2329.5588716864586,109000000.00000001,0.00034799999999999995,14.89
1.425213758647442,0.8050565153360367,8.489745140075684e-06,550.7648289203643,409000000.0,0.00185,9.46
1.424170544743538,0.698303197324276,4.314554035663606e-06,1483.5123084485529,146000000.0,0.000512,11.21
1.5765999913215638,0.8082267165184022,6.030561789870263e-06,839.6365046501159,269000000.0,0.00162,10.71
1.7303186774253847,0.7465218041092158,9.142764091491701e-06,1411.1249446868894,202000000.0,0.00155,15.19
1.2450830161571504,0.5994322836399079,4.9606012403965e-06,1486.972004175186,129000000.0,0.00017399999999999997,8.19
1.5250921949744225,0.6343186676502228,3.211368948221207e-06,2607.2167158126827,79700000.0,0.00022800000000000007,11.37
1.5289976231753828,0.7997427821159363,7.647315561771393e-06,546.0815429687499,406000000.0,0.00184,8.65
1.373141697049141,0.8504465818405152,2.957157731056214e-06,729.1525155305861,269000000.0,0.0009310000000000001,5.29
1.2428080558776857,0.6016022980213166,5.8221569135785114e-06,1113.3944541215894,171999999.99999997,0.00021399999999999992,7.38
1.5825317591428758,0.6311824679374696,7.323339730501176e-06,2184.500053524971,115999999.99999997,0.00049,14.63
1.512885917723179,0.7811476796865464,2.980877816677094e-06,1309.148959815502,157000000.0,0.0007420000000000001,9.23
1.5061291219666602,0.8503429502248765,4.036059886217118e-06,940.5640810728072,225999999.99999997,0.00127,9.04
1.4012141078710558,0.7010418802499772,3.3417044579982763e-06,2310.0393190979958,95999999.99999999,0.0003640000000000001,12.13
1.4005023121833802,0.6774264782667161,3.390712171792985e-06,533.4835797548293,347000000.0,0.00039500000000000006,1.28
1.400504431128502,0.6046814471483231,7.312628641724588e-06,1395.8408236503599,150999999.99999997,0.00034200000000000013,11.09
1.604970520734787,0.887418830394745,5.21457014977932e-06,503.2752752304076,384000000.0,0.00207,6.789999999999999
1.3650342732667924,0.9042490839958192,5.011917084455491e-06,487.99026012420643,396000000.0,0.00179,6.29
1.5103589661419392,0.7761457085609437,5.115502983331681e-06,1132.4070319533346,202000000.0,0.00106,11.24
1.6663381040096283,0.8225141331553459,3.0105422139167793e-06,1687.7377377822993,132999999.99999997,0.0009639999999999999,11.03
1.6740236520767213,0.7281817227602005,7.948042258620262e-06,1608.6901184171436,173000000.0,0.00119,15.04
1.511858544498682,0.6535698473453523,5.766162797808648e-06,1216.7040556669233,175000000.0,0.00053,10.7
1.5813015550374987,0.7194828316569329,2.9564033746719368e-06,1708.6530681699512,124000000.00000003,0.0005250000000000001,10.31
1.5476953804492952,0.7462943740189076,9.111192107200624e-06,1009.8888278007506,247000000.0,0.00143,13.59
1.3196879625320437,0.5974836766719819,6.142011165618898e-06,490.39411544799793,349000000.0,0.000279,2.3799999999999994
1.3849553793668747,0.6623254716396333,3.3832553923130043e-06,830.587476491928,229000000.0,0.00033899999999999995,4.480000000000001
1.2136596322059632,0.7799670584499837,6.444290267303587e-06,2134.957753121853,491000000.00000006,0.0007179999999999999,0.5600000000000005
1.5209483653306963,0.7785415917634965,2.9850789308547977e-06,1414.3659099936483,148000000.0,0.00073,9.700000000000001
1.243264836072922,0.5992488205432892,9.519920170307161e-06,2413.0782783031464,98799999.99999999,0.0002520000000000001,14.34
1.3010728418827058,0.6024516195058823,2.9656701087951664e-06,991.3622885942458,175000000.0,0.00013899999999999994,2.37
1.5474747955799104,0.7899596258997917,6.02573722600937e-06,840.9387171268462,265000000.0,0.0014099999999999998,10.52
1.7323688328266145,0.790712794661522,8.80356949567795e-06,1017.3924565315245,255000000.0,0.00208,13.83
1.7981437146663668,0.7421673484146596,5.901862040162087e-06,2480.919018387794,120000000.0,0.000987,15.69
1.3391482651233675,0.9904973387718201,9.290087014436723e-06,-181.83422088623058,971999999.9999999,0.00322,0.68
1.8004374504089358,0.7442279616370798,6.83534635603428e-06,2173.2920333743095,140000000.0,0.00116,15.7
1.6473909080028535,0.6877987682819368,9.401105284690858e-06,2374.2914125323296,130999999.99999999,0.00082,16.53
1.3896640062332155,0.7778541281819344,2.8264003992080694e-06,812.8407150506972,232999999.99999997,0.0006599999999999999,5.81
1.5871822893619538,0.6998775154352189,7.97262789309025e-06,1620.5649469047783,165000000.0,0.000939,14.82
1.3310537159442903,0.6462636262178422,9.165951997041704e-06,2607.518538832664,106000000.00000003,0.00040600000000000006,15.9
1.2461292922496796,0.6007884085178375,4.973059803247453e-06,1219.2572578787801,156000000.0,0.00018099999999999993,6.77
1.6140331327915194,0.7243216261267663,8.00988706946373e-06,1132.9019740223882,216000000.00000003,0.00118,13.259999999999998
1.7314910709857942,0.7356340538710356,5.13015827536583e-06,2625.732228159904,107000000.00000001,0.0008059999999999999,15.34
1.6005727082490921,0.6224764108657838,7.798427686095239e-06,1994.405101984739,125000000.00000001,0.0005030000000000001,14.31
1.3323778867721559,0.8059675455093385,3.121386289596558e-06,725.9527146816253,279000000.0,0.0007550000000000001,4.72
1.3564134478569032,0.8175064623355867,4.03218024969101e-06,839.3198549747466,246000000.0,0.000967,8.06
1.3973318159580232,0.6059108287096024,7.361120551824571e-06,2619.580283761024,91900000.00000001,0.00028399999999999996,14.32
1.2859875798225404,0.6555928319692612,8.382219523191453e-06,1231.5899059176443,182000000.0,0.000493,11.92
1.673230290412903,0.8934852004051209,2.993964314460755e-06,1740.4960294952614,139000000.0,0.00116,10.35
1.4206131219863893,0.6544017523527146,7.585545331239702e-06,716.1985635757445,274000000.0,0.0006029999999999999,8.41
1.4577922314405443,0.6431803911924363,9.362767040729524e-06,2798.672497272491,102000000.0,0.00044600000000000005,16.31
1.5236471056938172,0.721637360751629,8.75696921348572e-06,929.2909801006316,251000000.0,0.00123,12.83
1.5991777271032335,0.6087633579969407,6.741528913378717e-06,1106.0431897640226,186999999.99999997,0.0004740000000000001,10.020000000000001
1.5471850588917733,0.7917020201683045,7.791726410388948e-06,709.8552137613295,312000000.0,0.00181,11.41
1.2989882111549378,0.6794052600860596,8.508091270923616e-06,1978.204112499952,136000000.0,0.0005239999999999999,14.96
1.5564084291458131,0.7098835274577141,9.349394321441652e-06,1225.9797304868696,212000000.0,0.00116,14.24
1.4693296752870084,0.632949060201645,8.175641238689423e-06,1308.9732751250265,169999999.99999997,0.0005109999999999998,12.07
1.394818112254143,0.6747541934251786,8.18717208504677e-06,2196.2456330657005,125000000.00000001,0.0005379999999999998,15.309999999999999
1.3749919563531876,0.7371479909867049,4.366486549377442e-06,777.7723222970961,270000000.0,0.0006830000000000001,6.66
1.3845746219158175,0.7594188429415226,4.235181599855424e-06,839.8108482360839,245000000.00000003,0.0007709999999999998,7.86
1.5614474996924401,0.7916521936655045,2.9780493974685677e-06,2549.7161149978633,95700000.00000001,0.0006800000000000002,13.03
1.5400747597217561,0.8424064010381699,8.95395177602768e-06,665.3174310922622,369000000.0,0.0025799999999999994,11.44
1.5949180752038956,0.8003839150071145,5.91364958882332e-06,1166.140019893646,208999999.99999997,0.00142,12.38
1.7021485805511476,0.8602701276540757,8.031332820653917e-06,760.4016661643981,329000000.0,0.0027300000000000002,11.6
1.2969416677951815,0.7233825355768204,2.973333835601807e-06,949.1303116083144,205999999.99999997,0.0004210000000000001,5.77
1.3101760268211367,0.6025836110115051,6.805884838104249e-06,997.6288974285125,193000000.0,0.00029,8.17
1.2426326394081117,0.5988463640213013,9.57663917541504e-06,2321.7092752456665,102000000.0,0.0002559999999999999,14.18
1.5113463230431081,0.7299294590950013,7.5497724413871775e-06,852.3533791303634,263000000.00000003,0.00114,11.37
1.5677917152643206,0.6967793539166451,9.055725634098055e-06,1197.5835561752317,210000000.0,0.0010800000000000002,13.91
1.6043928802013399,0.8465377002954484,8.398258149623871e-06,1407.4838459491727,744000000.0,0.00169,0.22999999999999984
1.7338738203048707,0.7685954745858908,7.0314526781439795e-06,1579.922206699848,176000000.0,0.0014,14.56
1.4525378823280335,0.6907760649919511,8.308304280042649e-06,1514.5956464111803,168999999.99999997,0.0007709999999999998,14.28
1.343669414520264,0.7893178582191468,3.2540393173694617e-06,683.2900196313857,301000000.0,0.0007110000000000002,3.9799999999999995
1.5173958152532578,0.7272583968937397,6.696194931864739e-06,680.3210377693175,309000000.0,0.001,8.81
1.4791168034076692,0.8490535944700242,2.922736048698426e-06,902.655005455017,219000000.0,0.0009939999999999999,7.029999999999999
1.6661566078662873,0.8723390221595765,2.9835860729217535e-06,1450.0877559185026,149999999.99999997,0.00117,10.13
1.7896385192871096,0.7006392449140549,8.940170586109163e-06,2216.104932129383,142000000.00000003,0.00106,16.56
1.4281305178999901,0.7081252053380013,4.621873944997788e-06,819.8934346437453,244000000.00000003,0.000648,7.79
1.5791899949312211,0.6943455532193185,4.59506529569626e-06,2660.0823849439616,95099999.99999997,0.0005149999999999999,14.56
1.7386805534362795,0.7127775460481645,8.757567524909974e-06,1754.272570949979,167000000.0,0.0011999999999999997,15.73
1.4206732571125031,0.7116289392113686,4.547942638397218e-06,914.6462678909301,221000000.0,0.0006339999999999999,8.54
1.594958880543709,0.781300549954176,7.87832646071911e-06,941.2148147821425,259000000.0,0.0016800000000000003,12.75
1.5087517915293576,0.6312555938959122,5.01829281449318e-06,1019.5665359497069,194000000.0,0.0004049999999999999,8.05
1.6793744623661042,0.8186589315533639,2.9907466173172003e-06,1930.8103732764719,120000000.0,0.0009149999999999999,11.7
1.7215110182762148,0.6880846247076989,9.1823767721653e-06,2611.1138910055156,123000000.00000003,0.000833,16.83
1.6531400799751284,0.6611084818840027,7.767228290438654e-06,2785.041734576225,105000000.00000003,0.0005989999999999999,16.31
1.292042523622513,0.6044310092926026,7.978646472096445e-06,629.8656314611434,304000000.0,0.000352,5.72
1.6040046483278276,0.8424069285392762,5.588830113410951e-06,552.4417310953139,360000000.0,0.00194,7.959999999999999
1.5200581267476083,0.6476682454347611,7.382938995957375e-06,612.9674911499022,320000000.0,0.0006999999999999999,7.68
1.563775809109211,0.7994170725345612,2.9940085411071785e-06,1818.9849490299819,124000000.00000003,0.000782,11.35
1.592068773508072,0.7794315442442895,5.9774958640337e-06,1260.2733746170995,195000000.0,0.00126,12.75
1.5206829138100149,0.71524341031909,2.969159841537476e-06,1809.4621477648614,116999999.99999997,0.00046500000000000014,10.53
1.5089510595425966,0.7652753155678511,5.61816854774952e-06,841.3783758878707,260000000.0,0.0011,9.71
1.5921135663986208,0.6211533576250077,8.307145833969118e-06,1109.825551509857,197000000.00000003,0.0006100000000000001,11.47
1.6306240707635882,0.891259315609932,4.013983488082887e-06,718.1764692068099,282000000.0,0.00176,7.54
1.6441275715827943,0.6406710326671601,4.143371880054475e-06,1399.458825588226,146000000.0,0.00042800000000000005,9.69
1.4998936604708435,0.6254778653383256,6.012616097927095e-06,1498.476445674896,144000000.00000003,0.0004099999999999999,11.51
1.5761759072542192,0.662771961092949,2.956382095813752e-06,2876.0957270860667,75400000.0,0.00028399999999999996,12.33
1.4854903176426888,0.8934774309396745,3.0409878790378577e-06,1757.5714482227338,177000000.0,0.0009739999999999999,7.58
1.4456875786185266,0.806841516494751,3.964057028293611e-06,1220.885396003723,182000000.0,0.0009440000000000002,10.31
1.4769073694944383,0.8186228156089783,4.279312282800675e-06,649.1893082857131,318000000.0,0.00114,6.14
1.6294297724962237,0.7934910267591477,4.938517540693284e-06,1364.3242344260213,176000000.0,0.00119,12.3
1.3298019111156465,0.6199795871973038,8.495980054140093e-06,2178.30016463995,112999999.99999999,0.0003530000000000001,14.4
1.7166767835617067,0.7343980561941863,8.58363288640976e-06,1537.7888754010198,185000000.0,0.00135,15.21
1.4916489064693452,0.6754257962107659,6.628093276172878e-06,1738.2557452656326,142000000.00000003,0.0006060000000000001,13.69
1.607381871342659,0.7172500133514405,4.196587175130845e-06,2744.567051529884,93099999.99999999,0.0005660000000000001,14.58
1.2895354807376862,0.7754893027245999,9.274175226688387e-06,1475.2454236149786,437000000.0,0.0010800000000000002,6.25
1.3755367934703828,0.6784030705690385,8.420831680297853e-06,932.7531903982161,240000000.0,0.000778,11.59
1.4283723995089532,0.6966427221894265,7.5085810571908964e-06,723.7108349800109,290000000.0,0.000882,9.67
1.667825835943222,0.6797616496682167,6.3815550431609165e-06,2692.8522735834117,103999999.99999999,0.000627,15.81
1.3468228161334992,0.6410878211259843,8.238000601530076e-06,490.7821416854857,374000000.0,0.000596,6.789999999999999
1.2866225302219392,0.6557069689035416,8.30403056740761e-06,1332.637809216976,170999999.99999997,0.00048100000000000004,12.32
1.5476230636239052,0.7297611013054849,6.223183672875167e-06,510.9457969665526,379000000.0,0.0010500000000000002,6.8
1.484103298187256,0.7326847851276398,5.199667230248452e-06,1230.8268547058103,183000000.0,0.0008120000000000001,11.48
1.3410139203071596,0.8646898716688157,4.962637022137642e-06,489.0969693660735,382000000.0,0.0015600000000000002,6.6
1.4287177294492723,0.6003826081752778,5.7081834897398955e-06,2049.6042370796204,103999999.99999999,0.00025299999999999997,11.86
1.578391492366791,0.8634824573993684,4.785084769129754e-06,739.3136918544768,289000000.0,0.00178,8.66
1.3186989784240724,0.6477206736803055,7.71132215857506e-06,2313.640259206295,111000000.0,0.00039699999999999984,14.829999999999998
1.3776804327964784,0.7078458711504937,5.029588863253594e-06,1322.2043141722677,166000000.0,0.000587,11.31
1.4933140464127066,0.8566585153341294,4.05127301812172e-06,828.0680626630782,250000000.0,0.0013199999999999998,8.29
1.6416671007871628,0.726702243089676,2.9601676464080816e-06,1825.5690503865478,119000000.0,0.000574,10.75
1.5559746846556666,0.7176671884953977,6.2937725558877e-06,1512.0232589542863,165000000.0,0.000855,13.44
1.5523771136999132,0.658047902584076,2.9982259273529058e-06,1898.9049568772314,108000000.00000001,0.0003200000000000001,9.79
1.7428048074245455,0.6423681199550629,8.22698149085045e-06,2942.284226417541,100000000.0,0.0005790000000000002,16.53
1.5974696069955827,0.714620190113783,2.9579688310623175e-06,1182.3839247226713,164000000.0,0.000567,8.13
1.6183158695697786,0.8476781934499741,6.953179910779e-06,727.1758019924163,316000000.0,0.00228,10.84
1.7741521060466767,0.6980799749493599,9.749322533607484e-06,2546.911716461181,131999999.99999999,0.000979,17.09
1.6069108486175538,0.8681860595941544,4.982454732060433e-06,741.715908050537,292000000.0,0.00194,9.0
1.405546009540558,0.6052094221115113,6.472659770399333e-06,2710.854366421699,86499999.99999999,0.000257,13.92
1.4691329330205918,0.6817081332206727,6.504674464464189e-06,1647.1640225499866,148000000.0,0.000618,13.41
1.40619056224823,0.6632506370544434,8.019054919481278e-06,2024.6932953596113,129000000.0,0.000517,14.74
1.442836318910122,0.7767408572137356,2.9702759385108955e-06,1634.4955489039419,131999999.99999999,0.000639,10.42
1.5921294897794724,0.6778119564056397,8.536542981863024e-06,2439.572840929031,121000000.0,0.000679,16.18
1.3507915645837785,0.6346665233373643,7.5425021648407e-06,2251.0420083999634,110000000.0,0.000374,14.42
1.2616633594036104,0.5989150285720826,5.904780685901643e-06,2054.052885621786,101000000.0,0.000187,11.17
1.388184928894043,0.8442396104335785,2.8766201734542853e-06,901.354283094406,220000000.0,0.0008899999999999998,6.88
1.5728974342346194,0.7498203871306033,9.353354066610337e-06,677.6824146509169,332000000.0,0.00178,11.98
1.5159941218793394,0.747748224483803,5.265613541007043e-06,1192.7829980850217,191000000.0,0.000926,11.5
1.5738941967487337,0.7097921937704087,5.831624075770379e-06,736.5444600582122,284000000.0,0.0008679999999999997,8.28
1.7003553986549378,0.694735461473465,1.0015847742557527e-05,2143.414944410324,147000000.0,0.00101,16.69
1.5005149193108083,0.704995845258236,3.306821316480637e-06,661.8972420692443,300000000.0,0.0004969999999999999,2.4100000000000006
1.793859225511551,0.9003728449344636,4.889856442809106e-06,542.0110672712325,334000000.0,0.00256,8.1
1.5644898712635043,0.709543351829052,7.292348325252534e-06,1538.1237417459486,168999999.99999997,0.000916,14.17
1.4220570534467698,0.8221770331263543,9.080279141664506e-06,545.3520566225051,421000000.0,0.00224,10.25
1.5625451132655146,0.6292646259069443,6.806174866855145e-06,1894.76484619081,126000000.00000001,0.000475,13.57
1.5564828023314476,0.791318415105343,7.070225156843663e-06,923.6213117837905,257000000.0,0.00158,12.04
1.6047787338495256,0.6300499141216279,4.344677388668061e-06,1590.0060459971426,130000000.0,0.00036700000000000003,10.27
1.4415097117424012,0.9742737829685212,8.645726054906846e-06,38.185149431228524,754000000.0,0.0032,2.73
1.4013640254735948,0.6538246124982835,9.803935348987581e-06,2373.9980831742287,120000000.0,0.0005149999999999999,16.05
1.4485549315810204,0.7393188323825598,9.071910709142686e-06,698.6782997846602,317000000.0,0.0014399999999999999,11.74
1.456806153059006,0.7592127604410053,3.967768102884293e-06,1518.7178105115888,148000000.0,0.0007240000000000001,11.59
1.612285476922989,0.6429217994213104,6.085263866931201e-06,2837.8615826368327,92800000.00000001,0.00044899999999999996,15.27
1.4420066758990289,0.7438374118879438,9.92052721977234e-06,904.0027409791945,273000000.0,0.00143,13.45
1.518865665793419,0.7253889150917531,5.378183916211129e-06,1717.8168748505411,144000000.00000003,0.000747,13.41
1.4062800854444506,0.6447464615106583,7.179016500711442e-06,2576.1138200759883,101000000.0,0.00040299999999999993,15.13
1.2613175332546236,0.6862893283367157,8.139330536127092e-06,1231.1371713876722,191000000.0,0.000629,12.85
1.4701643183827402,0.8128559276461602,3.027935594320298e-06,1828.5455107688902,136000000.0,0.000721,9.87
1.3857353299856188,0.6322235047817231,9.032397955656053e-06,715.7870680093764,281000000.0,0.000561,8.91
1.6699292957782748,0.8373631149530412,3.77606812119484e-06,1557.215295732021,151999999.99999997,0.00119,11.64
1.5806695014238359,0.7993888959288598,8.418939322233202e-06,700.7082104682921,327000000.0,0.00209,11.76
1.5559806078672411,0.7758283227682115,8.207238256931306e-06,798.5970675945281,290000000.0,0.00171,12.19
1.4767488889396192,0.64059357047081,4.224862396717072e-06,2264.7045478224754,96300000.0,0.0002929999999999999,12.05
1.4441206991672517,0.7987250983715058,2.966222524642945e-06,2060.452673584223,111999999.99999999,0.000664,11.78
1.478577556461096,0.611864760518074,5.716697223484517e-06,1583.3295434713361,132999999.99999997,0.0003330000000000001,11.08
1.4085882157087328,0.812239457666874,3.7598776221275336e-06,1033.485636115074,211000000.0,0.000866,8.12
1.553036266565323,0.8115753158926965,5.752658493816853e-06,2285.0491032004356,461000000.0,0.0009310000000000001,0.6400000000000006
1.5249416179955007,0.8732761055231095,4.089587271213532e-06,734.8069101572036,279000000.0,0.00149,7.5
1.3356975674629212,0.6077556878328324,4.021761327981949e-06,1117.7727878093717,167000000.0,0.00020899999999999998,5.54
1.6237483173608782,0.7297693334519864,4.944311544299126e-06,2514.0051096677776,107000000.00000001,0.0007070000000000001,14.93
1.5342625826597216,0.620469143986702,6.927011243999005e-06,905.5910557508467,220000000.0,0.000501,9.03
1.5751653760671618,0.8663393139839173,2.9231173992156988e-06,1454.1172906756399,151999999.99999997,0.00102,9.570000000000002
1.720941495895386,0.6920449778437615,7.314035236835481e-06,2727.076888084411,111000000.0,0.000752,16.41
1.643859511613846,0.7385087694972754,5.1173195093870175e-06,1912.7969555556772,133999999.99999997,0.0008619999999999999,13.93
1.3667538017034533,0.6652549624443055,8.514158457517625e-06,2323.011040687561,119000000.0,0.000495,15.56
1.5287179581820967,0.7093721017241479,8.921492129564286e-06,1009.6655339002608,236000000.00000003,0.00115,13.19
1.4519643053412439,0.6221729457378388,7.455450773239137e-06,503.88965010642994,379000000.0,0.00047600000000000013,4.45
1.5608732879161835,0.8570833146572113,5.043222039937974e-06,631.2860101461409,329000000.0,0.00181,7.9
1.506641251780093,0.7383846458047629,5.330662801861764e-06,850.4198044538497,251000000.0,0.0008979999999999999,9.12
1.5873105704784394,0.7425091445446015,7.433313041925432e-06,1037.864714860916,229000000.0,0.00123,12.51
1.463100676238537,0.7060545131564141,7.413105949759484e-06,826.4708817005156,264000000.00000003,0.0009360000000000001,10.660000000000002
1.5962842136621476,0.8077154964208604,4.25948789715767e-06,619.5088773965834,337000000.0,0.00119,5.36
1.4939185146242382,0.8434446752071382,4.837710410356523e-06,741.3636445999144,285000000.0,0.00151,8.67
1.583725306391716,0.7874629184603692,8.056183397769929e-06,831.5003961324691,284000000.0,0.00181,12.33
1.5955110400915147,0.8794838994741441,3.133089870214463e-06,637.7958059310912,307000000.0,0.0013,4.46
1.3583792477846146,0.6616163671016694,8.76052987575531e-06,611.446902155876,329000000.0,0.000752,9.04
1.2960738480091096,0.6518545299768449,7.958577483892442e-06,2279.182516038418,113999999.99999999,0.00040600000000000006,14.94
1.4609532818198205,0.6347675889730454,8.279506683349611e-06,1211.9667902588842,181000000.00000003,0.000523,11.66
1.7140731632709505,0.6945637375116349,8.157689183950426e-06,2374.8120218515396,128000000.0,0.0008679999999999997,16.35
1.4048327654600146,0.641755771636963,3.205719411373139e-06,1319.3084597587583,145000000.0,0.000266,6.94
1.604386541247368,0.7846547774970533,6.457516472786666e-06,490.73788523674,394000000.0,0.00163,7.71
1.5376534134149553,0.6624032199382782,2.9798969030380254e-06,1308.8933676481245,148000000.0,0.00034500000000000004,7.41
1.24812428355217,0.5992309570312501,4.9469461590051655e-06,1677.3092905059455,115999999.99999997,0.00016999999999999993,8.95
1.5100561872124674,0.859699684381485,4.5447145104408275e-06,739.0389144420623,284000000.0,0.00155,8.24
1.604956850409508,0.7373950637876988,3.902578026056291e-06,2688.1522238254543,94700000.00000001,0.000614,14.34
1.567210677266121,0.5981453061103821,6.308855015784503e-06,517.6167488098143,355000000.0,0.0004080000000000001,3.57
1.5248363234102726,0.666800156235695,7.0379143580794345e-06,1012.1602863073348,213000000.0,0.0007110000000000002,10.98
1.733331996202469,0.7801909737288952,4.010935813188553e-06,2273.2061445713043,113999999.99999999,0.000919,13.83
1.7402056217193604,0.7649880230426789,8.958299964666368e-06,1241.1145418882368,222000000.0,0.00178,14.669999999999998
1.4767716564238074,0.6709590911865235,4.6065855026245125e-06,1686.6376129910348,130999999.99999999,0.00045700000000000005,11.87
1.2179642736911775,0.6001139402389527,9.512449830770494e-06,486.46453022956837,363000000.0,0.0003710000000000001,5.55
1.4146967589855195,0.6859858766198159,3.0624791085720068e-06,2421.8993932008743,89200000.0,0.00030599999999999996,11.76
1.710668081045151,0.8937945485115052,3.095836013555527e-06,727.2991836071013,273000000.0,0.00149,5.48
1.6078242838382721,0.7302913874387742,7.998060405254365e-06,1026.2914299964903,232000000.0,0.00124,12.809999999999999
1.3211044728755952,0.6246060132980347,9.355582505464555e-06,1002.125173807144,208999999.99999997,0.0004610000000000001,10.83
1.431640908122063,0.8139021813869477,4.034220933914186e-06,1104.0517240762708,198000000.00000003,0.000993,9.85
1.6026027739048005,0.8540451854467392,8.99944242835045e-06,674.4442433118819,370000000.0,0.0028199999999999996,11.52
1.5476500466465952,0.6818422481417656,4.378193676471711e-06,2454.2047381401057,97899999.99999999,0.00045900000000000004,13.77
1.7851078033447267,0.8018076360225678,8.98391741514206e-06,1102.1143496036527,251000000.0,0.00227,14.13
1.4508224532008172,0.6601118445396424,7.638742893934251e-06,2509.9820941686626,109000000.00000001,0.0004910000000000001,15.58
1.3937086522579194,0.6045310646295547,8.503748506307603e-06,1868.7968533486126,124000000.00000003,0.00034799999999999995,13.38
1.535298639535904,0.6154538959264756,6.366870583966375e-06,1302.112631499767,162000000.00000003,0.0004249999999999999,10.74
1.6449400305747988,0.7875521555542947,6.887751281261445e-06,1231.1647757887838,207999999.99999997,0.00153,13.45
1.76115100979805,0.7101970866322518,6.97672225534916e-06,2550.6986975669856,119000000.0,0.000875,16.19
1.485577227920294,0.6138593047857285,4.69796171784401e-06,2248.61554056406,95300000.0,0.0002559999999999999,11.82
1.5273571796715262,0.692901934683323,8.169202089309694e-06,1515.5605711042879,170999999.99999997,0.0008650000000000001,14.43
1.5244056835770607,0.7344564601778985,3.872957020998002e-06,2402.9048085212708,102000000.0,0.00058,13.69
1.476593066006899,0.6105881541967393,3.7796642482280737e-06,2415.0301069021225,84800000.00000001,0.00020699999999999996,10.950000000000001
1.4110057085752488,0.8042380347847939,7.725424513220788e-06,1890.3705310076473,573000000.0,0.00102,1.0399999999999998
1.5197359532117845,0.6971474871039391,6.742180265486241e-06,829.359546303749,257000000.0,0.0008459999999999997,9.88
1.6845834195613862,0.7004101976752282,9.894179821014406e-06,1615.0603275746105,178000000.00000003,0.00118,15.78
1.654788887500763,0.8940265059471131,6.071315418928863e-06,628.7032663822173,343000000.0,0.00252,9.23
1.279160660505295,0.7861989364027978,6.885044693946839e-06,2070.700667798519,522999999.99999994,0.0008030000000000002,0.7400000000000004
1.3242814242839815,0.5991168379783631,9.217559278011323e-06,905.2213579416274,219000000.0,0.000363,9.06
1.5915357917547228,0.7727878510951997,4.017607361078263e-06,1831.4563687890766,130999999.99999999,0.000838,12.74
1.388440302014351,0.612492048740387,3.911290675401688e-06,636.5006715059279,290000000.0,0.00026100000000000006,1.6299999999999997
1.3581246793270112,0.6361250191926957,7.431198924779893e-06,2090.990759432316,115999999.99999997,0.00038400000000000006,14.029999999999998
1.7254867494106294,0.8944691598415375,5.279456585645677e-06,842.0633077621459,434000000.0,0.00209,4.8
1.7002753615379336,0.6525369018316269,1.0169756889343263e-05,2813.613817095756,111000000.0,0.0006599999999999999,17.08
1.4341900795698168,0.6971801206469537,8.485720932483674e-06,953.3296823501586,240000000.0,0.0009589999999999999,12.32
1.6619668185710907,0.8707711994647981,4.855509027838708e-06,961.7796838283538,239000000.0,0.00189,10.37
1.7130088448524476,0.8870826244354248,3.956988483667374e-06,1284.0828597545622,184000000.0,0.00163,10.8
1.6824994683265688,0.60882807970047,2.9411639571189886e-06,2436.162337660789,82900000.00000001,0.00021799999999999996,9.93
1.6079638481140137,0.7176281377673149,5.56372481584549e-06,633.72004032135,324000000.0,0.0009400000000000001,7.17
1.7245120882987977,0.7694143921136857,7.991657555103304e-06,1247.4491000175474,214000000.00000003,0.00166,14.189999999999998
1.6859130799770357,0.7554184399545193,6.088765934109689e-06,1644.8697745800016,160000000.00000003,0.00114,14.09
1.525736414641142,0.6900998085737229,9.16286113858223e-06,1409.2316031455991,185000000.0,0.000954,14.63
1.5045608734712006,0.6284100830554963,8.315047174692156e-06,1017.5877362489699,207999999.99999997,0.000552,10.57
1.583379676938057,0.7407485771924258,5.1263128519058235e-06,473.4675884246825,374000000.0,0.00109,6.11
1.4275766327977182,0.6906760409474374,4.590908199548722e-06,1222.997300326824,171999999.99999997,0.000527,10.1
1.2160690605640412,0.651377883553505,9.064008951187136e-06,1093.3853238821027,199000000.00000003,0.0004910000000000001,11.96
1.5460230812430382,0.7390225511044265,6.179995231330396e-06,1131.4674019813535,205999999.99999997,0.00101,11.91
1.6209219396114352,0.6435880780220032,4.596205592155457e-06,2878.8021504878993,85100000.00000003,0.000385,14.28
1.4630302213132382,0.6136371731758118,7.060802325606347e-06,2820.80265879631,88900000.00000003,0.00031600000000000004,14.86
1.4167765706777573,0.7234599195420742,5.203721061348916e-06,1771.395406220108,138000000.0,0.000635,13.27
1.670384305715561,0.6094233691692352,2.9271203279495244e-06,2255.591817200184,88799999.99999999,0.000222,9.45
1.5131027564406396,0.8173925220966339,7.403312668204308e-06,612.4266535043715,349000000.0,0.00195,10.29
1.5200958520174028,0.7551692610606552,6.399245766922832e-06,917.5013303756713,246000000.0,0.00115,11.02
1.3128209531307222,0.8637790113687516,4.934513777494431e-06,476.7833948135375,388000000.0,0.00151,6.43
1.2962255895137789,0.6766948834061624,9.211309343576432e-06,595.7056879997252,335000000.0,0.0008170000000000001,9.67
1.7007437109947205,0.6965545266866685,7.987941682338716e-06,2100.0058501958847,139000000.0,0.000925,15.94
1.426441624760628,0.643829968571663,6.205414287745954e-06,1786.2505763769148,128000000.0,0.00041899999999999983,12.85
1.6137852877378465,0.6459745824337007,6.904167033731938e-06,2300.7726222276688,112999999.99999999,0.0005379999999999998,14.989999999999998
1.681090146303177,0.8834148555994035,5.067348822951318e-06,613.3374124765395,333000000.0,0.00217,7.97
1.601476460695267,0.820596393942833,5.953162029385568e-06,902.4609178304671,256000000.0,0.00172,11.12
1.4213238626718523,0.6473977625370027,9.964304089546205e-06,2515.905305743217,113999999.99999999,0.0004960000000000001,16.3
1.445775130391121,0.6744517743587495,3.201316982507706e-06,2061.2155199050903,102000000.0,0.000321,10.83
1.5003622686490419,0.6024917900562287,2.9634329080581673e-06,1959.8844945430753,96800000.0,0.00017300000000000009,7.95
1.5952713400125504,0.774060282111168,9.845901846885683e-06,620.4190403223037,370000000.0,0.00222,11.79
1.3977839916944506,0.7560958307236434,4.0567383468151096e-06,945.0418055057524,219000000.0,0.0007340000000000001,8.45
1.5369465172290804,0.7746484458446503,6.29900192655623e-06,827.9089182615279,268000000.0,0.0013199999999999998,10.52
1.3121656000614168,0.651686578989029,8.759776771068574e-06,2370.8912283182144,113999999.99999999,0.00042800000000000005,15.52
1.3130051314830782,0.8946969062089921,9.624215573072435e-06,694.7677135467528,566000000.0,0.00242,6.9
1.5590966999530793,0.8019138425588609,2.985770702362061e-06,1320.0486376881597,158000000.0,0.000851,9.47
1.628454852104187,0.6917337074875832,8.20797696709633e-06,2171.183966100216,133999999.99999997,0.0008179999999999999,15.96
1.3254842162132265,0.648747941851616,9.76323848962784e-06,2524.70414340496,111999999.99999999,0.0004379999999999999,16.11
1.3799634844064714,0.7222829796373845,4.244612932205201e-06,1613.101104274392,139000000.0,0.0005499999999999999,11.89
1.468105559796095,0.65238496363163,7.067417599260808e-06,2484.2229783535,106000000.00000003,0.00046199999999999995,15.19
1.3250231981277467,0.6941365152597428,4.661404639482499e-06,771.7234194278716,252999999.99999997,0.0005330000000000002,6.96
1.5525082111358643,0.8506450742483139,4.7835018932819375e-06,814.3799304962157,266000000.0,0.00161,9.24
1.5436152800917626,0.6964706718921662,3.6265470087528236e-06,2744.1051155328746,87399999.99999999,0.0004409999999999998,13.72
1.4473694264888766,0.7688610926270486,4.460763782262803e-06,1247.3129406571386,179000000.00000003,0.0008650000000000001,11.1
1.3989998102188113,0.6037172287702561,6.7229153886437425e-06,1007.0671439170836,195000000.0,0.00033899999999999995,8.56
1.3402905106544496,0.7061454936861993,8.77422907948494e-06,917.1527177095412,249000000.0,0.000947,12.34
1.738925635814667,0.8225892260670663,9.983440458774568e-06,850.3725677728652,313000000.0,0.00275,13.45
1.3821504771709443,0.7345497395843268,4.1108260750770575e-06,1133.4055587649343,186000000.0,0.000626,9.58
1.5163636565208436,0.7461536502465607,8.548237383365633e-06,810.2819621562957,282000000.0,0.0014399999999999999,12.26
1.5525570407509806,0.6387315273284913,8.30186951160431e-06,2736.0935807228084,102000000.0,0.00047900000000000004,16.0
1.679332083463669,0.7019172728061677,6.986362047493459e-06,2215.4962569475174,129000000.0,0.000842,15.64
1.6367619395256043,0.7355140674859286,5.085261136293412e-06,2405.955970287323,112999999.99999999,0.00077,14.9
1.519313581287861,0.8753939151763916,4.169749319553376e-06,636.8457078933715,317000000.0,0.00153,6.46
1.5028884502127768,0.6580442547798158,5.962566137313844e-06,1062.411993741989,196000000.00000003,0.0005660000000000001,10.1
1.445859843492508,0.6883522331714631,3.4646090567111977e-06,1756.6097470698876,119000000.0,0.00039500000000000006,10.63
1.3569169968366623,0.6167854338884354,8.881335794925691e-06,1607.511632144451,143000000.00000003,0.00039300000000000007,13.02
1.6907239973545076,0.6518303990364075,8.030963987112046e-06,2854.2792350053783,102999999.99999999,0.000589,16.42
1.6389678597450257,0.7325183350592852,4.91998302936554e-06,2527.5779068469997,107000000.00000001,0.0007250000000000001,14.96
1.4653279535472394,0.7223709136247636,5.443858087062837e-06,1123.199716210365,196000000.00000003,0.0007800000000000001,10.99
1.394240301847458,0.632326626777649,9.093898028135301e-06,807.1671724319457,252999999.99999997,0.0005620000000000001,9.81
1.5884467184543611,0.6337564408779145,7.41526533663273e-06,1110.7713282108305,195000000.0,0.00062,11.23
1.649260050058365,0.7097211867570877,7.779893383383752e-06,1741.0158483544362,159000000.00000003,0.00102,15.18
1.5686311125755312,0.6537054061889649,6.877130627632142e-06,2558.474421501159,105000000.00000003,0.0005149999999999999,15.439999999999998
1.4233448803424837,0.6765997990965844,8.491009771823884e-06,1533.968850970268,164000000.0,0.0006620000000000002,14.07
1.4920738125219943,0.8553901165723802,2.944859385490418e-06,730.5775135755538,267000000.0,0.0010500000000000002,5.38
1.5456809878349305,0.660206973552704,2.979235172271729e-06,1407.0040285587309,139000000.0,0.000341,7.89
1.3420391499996187,0.674603632092476,4.939078196883202e-06,800.1908212900161,240000000.0,0.0004780000000000001,7.21
1.3544408440589906,0.8880452781915665,4.334694266319276e-06,495.6598877906798,384000000.0,0.0014999999999999998,5.34
1.4071554958820345,0.6036257207393647,6.528878591954709e-06,2420.5856323242188,94099999.99999999,0.0002669999999999999,13.43
1.3571901977062226,0.8519448012113572,8.803362548351289e-06,980.7597398757933,787000000.0,0.0016800000000000003,0.68
1.2318193674087525,0.6001053214073182,2.9506292939186102e-06,1185.1055100560186,147000000.0,0.00011600000000000005,3.23
1.4812410637736322,0.7072819322347642,5.995270803570749e-06,1938.959017395973,132999999.99999997,0.000661,14.21
1.294784438610077,0.6259855538606645,8.935609191656115e-06,2594.575390219688,100000000.0,0.000332,15.309999999999999
1.7997299730777743,0.7900998696684838,4.060779869556428e-06,2342.3962220549583,113999999.99999999,0.00102,14.07
1.448744496703148,0.8456947535276413,3.0453523397445683e-06,2248.194769024849,142000000.00000003,0.0007550000000000001,9.21
1.4525587990880013,0.8137349501252175,6.828303053975106e-06,636.539191007614,343000000.0,0.0017,9.71
1.7320269584655763,0.7149516329169274,9.749794423580172e-06,1638.830669224262,180000000.00000003,0.0013,15.89
1.2555711686611177,0.6874556601047517,8.301343590021134e-06,1206.9895789027212,195000000.0,0.0006500000000000001,12.969999999999999
1.4082106858491898,0.6433319896459581,6.520038999617101e-06,2173.0768233537674,111000000.0,0.00039799999999999997,13.98
1.5954305827617647,0.5987504482269288,3.063244938850403e-06,1019.777089357376,179000000.00000003,0.000222,3.6600000000000006
1.3665290594100954,0.6353638261556626,9.03154367208481e-06,913.5363548994063,229000000.0,0.0005310000000000001,10.38
1.2237675905227663,0.5990497827529908,9.084600001573565e-06,503.9781630039214,359000000.0,0.00033899999999999995,4.83
1.4038722395896912,0.6018172591924668,5.749321833252908e-06,1486.188556998968,136000000.0,0.00027499999999999996,10.04
1.4994996470399202,0.7185556858778,5.909027226269246e-06,1843.656927347183,140000000.0,0.00073,14.059999999999999
1.7179751873016358,0.7559938341379167,3.1262120008468633e-06,2947.0282346010204,84300000.00000001,0.0006379999999999999,13.899999999999999
1.5691764146089555,0.6937905102968217,9.40527990460396e-06,2152.795560657978,140000000.0,0.00082,16.17
1.63300778567791,0.7672063685953617,7.013343639671804e-06,1347.964361310005,193000000.0,0.00135,13.86
1.5490962266922,0.6927030041813851,7.649059489369393e-06,1369.9677884578703,182000000.0,0.0008619999999999999,13.56
1.5573568537831308,0.8660469353199006,6.117637693881989e-06,469.67166662216175,400000000.0,0.00216,7.79
1.4267577499151232,0.7855135381221772,3.886001586914063e-06,1027.301877737045,208999999.99999997,0.000813,8.46
1.3855793148279192,0.7373878240585328,4.515733748674393e-06,709.8151296377181,308000000.0,0.000699,5.59
1.5455507487058642,0.6644626021385194,4.624613702297212e-06,2230.763167142868,105000000.00000003,0.0004319999999999999,13.259999999999998
1.315074008703232,0.6021345287561417,8.801308929920198e-06,1390.8892050385473,152999999.99999997,0.00032799999999999995,11.53
1.524604542553425,0.6571251064538957,6.8123994544148455e-06,1100.8118391036985,196000000.00000003,0.000636,11.09
1.5583578810095788,0.6526412755250931,7.096525095403195e-06,2683.1553429365154,102000000.0,0.000502,15.67
1.3716125607490541,0.8065542563796044,4.061194598674775e-06,917.3577576875686,229000000.0,0.0009329999999999999,8.66
1.544798478484154,0.8024386703968048,3.0008384287357334e-06,1387.615494430065,152999999.99999997,0.000838,9.79
1.7767330527305605,0.900760853290558,3.023157864809037e-06,739.9349957704543,270000000.0,0.00164,5.69
1.3671419620513918,0.799378600716591,2.9816601276397713e-06,1812.2116494923828,123000000.00000003,0.0006400000000000002,11.15
1.6051419407129288,0.727401439100504,9.180338799953462e-06,1271.1999863386152,210000000.0,0.0012899999999999997,14.53
1.4836623407900336,0.6959022626280785,9.633948147296908e-06,2041.5386669337747,145000000.0,0.00077,15.91
1.727959978580475,0.7418903611600399,8.069414466619493e-06,1606.8470962345598,178000000.00000003,0.00134,15.14
1.455880679190159,0.6380018323659897,4.9702228307724e-06,1878.8930047303436,115999999.99999997,0.000343,11.94
1.4355775952339174,0.7870036393404007,2.8226599097251896e-06,709.1117948293685,263000000.00000003,0.0007489999999999998,4.96
1.5133635431528092,0.7685515992343427,7.690636605024339e-06,2364.129789173603,413000000.0,0.0008809999999999998,4.1
1.2608830869197847,0.708541864156723,4.216050654649735e-06,757.6562762260436,264000000.00000003,0.0004910000000000001,5.85
1.298470312356949,0.7232522875070573,9.592733919620516e-06,798.9356964826583,282000000.0,0.00111,12.41
1.3554234981536866,0.7344851598143578,1.0015719652175904e-05,972.8509485721587,257000000.0,0.00122,13.62
1.2189353048801423,0.6978473693132401,9.73497933149338e-06,1186.008147895336,206999999.99999997,0.000751,13.94
1.5719155311584474,0.776866737753153,7.570967748761178e-06,960.9646648168563,251000000.0,0.00154,12.57
1.6172461420297624,0.8427723795175553,5.036692559719086e-06,937.6644641160964,241000000.0,0.00167,10.39
1.3472425282001497,0.6673857271671296,8.184541642665864e-06,1313.3161067962644,177000000.0,0.0005780000000000001,12.72
1.6465437948703767,0.6090884506702423,7.4955826997756966e-06,1201.9761204719541,180000000.00000003,0.0005470000000000001,11.31
1.5807105302810671,0.708899849653244,3.982306569814683e-06,1027.7272313833234,388000000.0,0.0006119999999999999,1.38
1.584623381495476,0.7578245116397739,5.2479472905397425e-06,545.4156100749968,356000000.0,0.00118,6.78
1.608657056093216,0.6948026016354562,1.0022866010665895e-05,2121.330864727497,146000000.0,0.000917,16.5
1.7055389642715455,0.8854277819395067,7.085201717913152e-06,750.0034123659133,316000000.0,0.00271,11.02
1.376501762866974,0.8530480474233628,3.414497137069703e-06,740.0386333465575,281000000.0,0.000989,5.37
1.5612369373440744,0.70941271930933,5.959921091794968e-06,2134.0063512325287,125000000.00000001,0.0007089999999999999,14.76
1.7429683506488802,0.9090321600437166,2.937966704368592e-06,2296.0427701473236,223999999.99999997,0.0011,4.38
1.290509980916977,0.630448204278946,9.120287984609605e-06,2858.946800231933,93499999.99999999,0.00031699999999999995,15.66
1.640620404481888,0.7555767377838493,6.364496022462846e-06,499.50066208839405,386000000.0,0.00142,7.45
1.6641684830188752,0.6814352855086327,7.375624701380731e-06,2679.191261529922,110000000.0,0.0006800000000000002,16.26
1.6820494294166566,0.8976707071065904,8.037313014268875e-06,499.9310076236724,420000000.0,0.00327,9.87
1.6120796889066697,0.8686845570802689,5.951864019036294e-06,607.0658862590789,349000000.0,0.00228,8.94
1.5520559012889863,0.7669783562421799,2.989590466022492e-06,1566.3694143295286,137000000.0,0.0006850000000000001,10.03
1.2717103242874146,0.6026336163282395,5.025540247559548e-06,649.627923965454,291000000.0,0.0002320000000000001,2.3799999999999994
1.3654466181993485,0.810378934442997,9.809369385242463e-06,492.9217994213103,430000000.0,0.00218,10.75
1.4493288069963457,0.6919955134391785,6.2009225971996795e-06,1736.258845310658,142000000.00000003,0.000614,13.579999999999998
1.4675315961241724,0.7069053769111634,6.20147279649973e-06,1452.9228694736955,166000000.0,0.0007250000000000001,12.93
1.481319958716631,0.6072463095188141,3.8545614480972295e-06,2241.0754039883614,90699999.99999999,0.000211,10.49
1.6131147623062134,0.8920464456081392,6.512950662523509e-06,671.9563454389571,339000000.0,0.00254,9.87
1.7113315522670747,0.8246783137321473,6.9596564024686825e-06,937.0610415935515,258000000.0,0.00209,12.33
1.300499850511551,0.7520135569386185,4.291603952646256e-06,753.8700401782988,305000000.0,0.0006449999999999998,5.1
1.7920498073101045,0.7474757082760335,7.91814671456814e-06,1891.7048647999761,163000000.0,0.00136,15.68
1.5076169231906535,0.8480235189199449,3.6313714683055882e-06,1263.9255747199056,178000000.00000003,0.0010800000000000002,9.82
1.5776948332786562,0.7280935831367971,5.341497391462327e-06,1796.7507913708685,140000000.0,0.0007969999999999999,13.68
1.3516974717378618,0.6176293998956681,9.411261558532716e-06,1009.4038695096968,206999999.99999997,0.00044800000000000005,10.64
1.5120610177516938,0.848167759180069,8.51268541812897e-06,817.946821451187,592000000.0,0.00171,3.6100000000000003
1.5072685511782766,0.7174177944660187,4.8333242535591135e-06,655.091881752014,316000000.0,0.00077,6.05
1.675958722829819,0.6769797697663308,8.337992668151857e-06,2702.2774815559383,112999999.99999999,0.000701,16.56
1.315882694721222,0.6011926889419557,4.92140443623066e-06,1214.6784663200376,157000000.0,0.00021300000000000003,7.1899999999999995
1.4140586614608766,0.7101971089839936,8.804424196481705e-06,911.8011146783828,251999999.99999997,0.00106,12.51
1.4849895089864733,0.6747464776039124,6.743091188371182e-06,1554.7833144664762,155000000.0,0.0006280000000000001,13.2
1.3317127883434297,0.6940796613693238,8.676246613264086e-06,1324.417322874069,186999999.99999997,0.000745,13.91
1.7377958357334138,0.737457237392664,6.083228241652251e-06,2169.600084424019,131999999.99999999,0.0009939999999999999,15.22
1.601620674133301,0.8505140125751496,4.4067432284355174e-06,1081.0560286045072,208999999.99999997,0.00145,10.41
1.430654561519623,0.6476685136556626,7.66178184747696e-06,493.5297667980193,374000000.0,0.0006299999999999998,6.46
1.3206848680973053,0.7791601784527302,3.02692922949791e-06,2210.434854030609,103999999.99999999,0.000514,12.02
1.3542550653219225,0.9059780538082124,9.178049027919771e-06,581.232264637947,530000000.0,0.0026,7.92
1.732319587469101,0.6709656089544297,9.804755210876467e-06,2763.102903962135,116999999.99999997,0.0007569999999999999,17.01
1.3019338667392732,0.6078963696956635,9.160343557596208e-06,2706.400036811828,92900000.0,0.0002799999999999999,15.05
1.5243913225829602,0.6528716415166855,7.067305311560632e-06,611.674591898918,319000000.0,0.000708,7.559999999999999
1.6130332767963411,0.8167191043496133,5.9481519013643275e-06,710.7918262481688,304000000.0,0.00185,9.91
1.7330528676509858,0.8148929044604302,4.055172264575959e-06,1754.588359443005,141000000.00000003,0.00116,12.71
1.5338481411337854,0.6694914132356644,5.42010097205639e-06,2260.057359933853,109000000.00000001,0.00049,14.1
1.4196939110755922,0.59853635430336,2.993038892745972e-06,1950.6570622324941,95700000.00000001,0.00014900000000000004,7.58
1.4475151643157007,0.7116253808140756,8.448359221220018e-06,494.89903450012196,399000000.0,0.00128,9.0
1.4128618955612184,0.718982157111168,9.34843322634697e-06,981.1817407608031,246000000.0,0.00114,13.27
1.632442680001259,0.6613192766904832,6.787195272743703e-06,2761.828854680061,101000000.0,0.0005560000000000001,15.86
1.4930835485458376,0.5978894412517548,3.0553738474845893e-06,1004.7936737537383,178000000.00000003,0.00019100000000000003,3.2599999999999993
1.2241822242736817,0.6027858763933183,3.945899277925492e-06,935.1770877838134,196000000.00000003,0.00015399999999999998,3.23
1.3472006499767304,0.7869102984666825,3.201544582843781e-06,1143.6669081449506,181000000.00000003,0.0006559999999999999,8.33
1.4321871846914294,0.6120737671852112,3.616359859704972e-06,1786.9015359319744,110000000.0,0.00021799999999999996,8.770000000000001
1.2308396458625794,0.6800056904554368,9.082610428333283e-06,1449.6024437248705,171999999.99999997,0.0005859999999999998,13.98
1.4632114849984648,0.8232496619224549,9.554733425378801e-06,551.659122109413,422000000.0,0.0025,10.78
1.3369783759117129,0.8168949812650681,2.9336341619491583e-06,1032.652363181114,195000000.0,0.0007340000000000001,7.63
1.4506639033555986,0.7148035146296025,3.8959386050701144e-06,1502.9743425548074,143000000.00000003,0.0005400000000000001,11.0
1.5788977503776551,0.6545123577117921,5.8761363178491606e-06,2283.030666410923,109000000.00000001,0.000492,14.34
1.5105625346302987,0.7399455729871989,6.686462618410588e-06,722.5121110677718,296000000.0,0.00109,9.52
1.6990983903408052,0.9036707997322083,8.18043127655983e-06,468.92184019088734,441000000.0,0.0034,9.52
1.3965617805719377,0.6541858434677125,3.43366625905037e-06,640.8656686544417,292000000.0,0.00033899999999999995,2.4600000000000004
1.483943096548319,0.7492269560694695,8.65548700094223e-06,714.5225554704665,311000000.0,0.0014999999999999998,11.68
1.412322172522545,0.6513709276914598,7.989798784255982e-06,713.1640166044234,278000000.0,0.000596,8.43
1.6075637072324753,0.848060166835785,4.048773586750031e-06,1242.7225261926649,184000000.0,0.00131,10.73
1.3848294496536255,0.7632527925074101,4.095599383115769e-06,902.2319614887236,229000000.0,0.000763,8.23
1.579657003283501,0.6992105618119241,8.21774709224701e-06,1392.6839753985403,185000000.0,0.000987,14.189999999999998
1.3912254720926287,0.6541550785303116,3.4606086313724523e-06,745.7317709922789,254000000.00000003,0.0003330000000000001,3.6
1.3835083544254305,0.60694118142128,4.925543278455735e-06,1018.1684345006942,186999999.99999997,0.00026399999999999997,6.56
1.5614775046706202,0.6093479901552201,2.932798862457276e-06,1862.42956854403,102999999.99999999,0.00020100000000000014,7.97
1.3463360130786897,0.6948245197534562,9.941220700740815e-06,1398.9614620804784,187999999.99999997,0.0008049999999999999,14.72
1.7749470412731172,0.7431856686249376,8.589650630950929e-06,1675.975641235709,179000000.00000003,0.0014399999999999999,15.55
1.5597649008035661,0.7961252555251123,3.5710836648941047e-06,1764.7832150105385,131999999.99999999,0.0008369999999999999,11.8
1.3993453770875932,0.6973520278930665,4.5524049401283276e-06,821.0419416427611,240000000.0,0.0005809999999999999,7.54
1.5207482144236566,0.642056903243065,7.198971584439278e-06,2738.0161285400386,98100000.0,0.000444,15.54
1.5908043891191483,0.6716550529003144,3.861557602882386e-06,2069.4667771458626,107000000.00000001,0.00043399999999999987,12.14
1.5042292088270188,0.5997474074363709,3.0059055089950566e-06,1575.682137161493,116999999.99999997,0.00018000000000000004,6.51
1.423836699128151,0.6050225883722306,7.401342391967775e-06,2901.068434119224,84999999.99999999,0.00027299999999999997,14.74
1.4837518885731698,0.6136886090040208,3.538962602615357e-06,2504.073336720466,81300000.00000003,0.00020100000000000014,10.93
1.4935094039887191,0.6660334825515748,7.937587663531304e-06,1327.958285808563,180000000.00000003,0.0007070000000000001,13.07
1.4277283340692521,0.6196610301733018,6.719722986221315e-06,635.9513401985167,306000000.0,0.00042800000000000005,5.63
1.343335783481598,0.5988654255867005,5.8276940062642105e-06,2151.393547654152,98500000.00000001,0.00021599999999999994,11.77
1.5912739545106889,0.8364649593830109,2.9310564994812016e-06,1291.0315692424772,160000000.00000003,0.0009679999999999999,9.24
1.667766344547272,0.7298410803079606,6.13629049062729e-06,1970.4230614006517,139000000.0,0.000941,14.79
1.4724090903997422,0.8045489519834519,4.821693062782289e-06,981.7539453506469,225999999.99999997,0.00116,10.22
1.6490133583545685,0.8377109616994859,4.031235009431839e-06,1367.938585579395,169999999.99999997,0.00127,11.3
1.372930482029915,0.6054503113031388,3.76817199587822e-06,2152.2958129644394,92199999.99999999,0.00018099999999999993,9.72
1.6320270270109178,0.6475840866565705,1.0128553092479707e-05,2722.2761809825893,111000000.0,0.0006029999999999999,16.84
1.697758197784424,0.7316224046051503,6.590294722467662e-06,1909.5968194305894,146000000.0,0.00103,14.97
1.3232829272747042,0.7603402465581894,3.011851280927659e-06,2469.0237194299693,93999999.99999999,0.000455,12.62
1.4857222124934197,0.6141398102045059,3.532705575227738e-06,2591.9225364923473,78899999.99999999,0.00019900000000000012,11.14
1.6453292191028597,0.6811578735709191,5.630622625350953e-06,2672.1278876066203,100000000.0,0.0005750000000000001,15.3
1.584511148929596,0.820852442085743,2.9946769475936894e-06,1304.513283073902,161000000.00000003,0.000943,9.49
1.4097414135932924,0.7864884786307812,7.086481474339963e-06,2181.1970248818398,453000000.00000006,0.0008539999999999998,2.8300000000000005
1.63511620759964,0.6626297771930695,2.9693793058395394e-06,2713.465273380279,80299999.99999999,0.00032500000000000004,12.14
1.632835239171982,0.9005533039569855,3.0318830311298375e-06,1812.9248749464748,148000000.0,0.00113,9.56
1.3492339074611666,0.7129207894206048,3.215075224637986e-06,1204.8993930220602,164000000.0,0.0004319999999999999,8.19
1.5054648404940965,0.7188974753022195,2.9740256071090704e-06,1998.470716178417,108000000.00000001,0.000453,11.13
1.6719378054142,0.7227551445364953,7.04439001530409e-06,1842.4385525286195,150999999.99999997,0.00102,15.05
1.5259763672947886,0.6895386815071106,7.921646043658258e-06,512.4802440404891,395000000.0,0.0010399999999999997,7.55
1.6621964156627655,0.7240296430885792,7.91589178144932e-06,1619.8280937969682,170999999.99999997,0.00115,15.03
1.6525548934936525,0.6586810111999513,6.673032477498056e-06,2828.2130062580104,98400000.00000003,0.0005459999999999999,15.87
1.7336264848709109,0.7570625619962812,3.5128528177738198e-06,836.3946825265883,296000000.0,0.000855,3.6600000000000006
1.32138569355011,0.7521360141690822,9.801572561264039e-06,475.1591682434081,417000000.0,0.00152,10.340000000000002
1.52936679571867,0.798496636748314,7.044915311038495e-06,715.3658121824263,308000000.0,0.0017,10.73
1.7553765535354615,0.9189994812011719,7.200475499033929e-06,475.83791613578785,413000000.0,0.00347,9.06
1.5202459663152696,0.704112370312214,6.637658957391978e-06,1118.6815351247785,204000000.0,0.0008449999999999999,11.86
1.2911932468414309,0.7292513430118561,3.0876086056232456e-06,1019.2923545837401,189999999.99999997,0.0004470000000000002,6.99
1.5834994822740556,0.8058664038777352,5.986852146685124e-06,725.2974361181258,298000000.0,0.0016800000000000003,9.93
1.4273435711860658,0.6453327745199204,4.140966534614564e-06,2622.1901476383205,85100000.00000003,0.00027200000000000005,12.77
1.4248170644044877,0.9245239019393922,8.873584449291231e-06,313.78689408302296,703000000.0,0.00275,3.9300000000000006
1.5196611665189268,0.6958926245570184,9.292142301797868e-06,1789.7319532930849,157000000.0,0.0008589999999999998,15.55
1.5992397397756577,0.7247700735926629,6.268537838011981e-06,1550.7260635495184,163000000.0,0.0009300000000000003,13.68
1.538678012788296,0.6545852154493332,2.9990111589431767e-06,2792.0665889978404,76400000.0,0.0002540000000000001,11.96
1.5739805459976197,0.6320435017347337,6.027516201138498e-06,2477.898478507995,99600000.0,0.0004139999999999999,14.44
1.3421421110630036,0.63983893096447,7.946194127202035e-06,2478.8183271884914,105000000.00000003,0.00038400000000000006,15.14
1.6326333224773408,0.8638443231582642,6.696349516510964e-06,1006.8063735961913,465999999.99999994,0.00184,4.78
1.5254451490938665,0.8630618959665299,4.134794622659684e-06,2523.750618100166,345000000.0,0.0009239999999999999,1.36
1.4342379301786423,0.7853835850954056,4.7258103191852575e-06,941.9363290071486,230000000.0,0.001,9.66
1.4666236683726313,0.6556279957294465,8.281124711036683e-06,922.3384708166121,235000000.00000003,0.0007129999999999999,10.950000000000001
1.3750828206539156,0.7088041082024575,4.9407995939254766e-06,1619.2622780799863,142000000.00000003,0.000554,12.41
1.415298128128052,0.7022630721330644,8.263175785541536e-06,500.79065561294544,395000000.0,0.00114,8.54
1.4619109734892846,0.6429007440805435,3.700037300586701e-06,2245.5312982201576,94200000.00000001,0.000268,11.29
1.599804997444153,0.5981456816196442,3.069951325654984e-06,824.1366147994994,220000000.0,0.00022699999999999993,2.0400000000000005
1.8220863461494448,0.5891258776187898,6.0197462886571895e-06,512.7433985471724,360000000.0,0.0005400000000000001,4.130000000000001
1.6240891724824906,0.6872706100344659,6.3819482065737255e-06,2317.6719546318054,116999999.99999997,0.000673,15.279999999999998
1.5051027936860921,0.8222979560494423,4.876799568533898e-06,951.3923823833464,233999999.99999997,0.0013199999999999998,10.2
1.5852401286363602,0.8115850970149041,4.146019846200943e-06,1388.9002352952955,167000000.0,0.0011,11.54
1.483589044958353,0.7261487603187562,5.096133381128312e-06,1499.5637275278566,156000000.0,0.00073,12.5
1.6043760359287262,0.8107371389865876,5.397381931543351e-06,1770.1754854060707,399000000.0,0.0009779999999999997,2.72
1.6115133225917817,0.6938272520899773,1.0056153655052186e-05,1588.6405967175958,177000000.0,0.0010699999999999998,15.65
1.406205251812935,0.6226848721504212,6.682851158082486e-06,2329.4046446681023,102000000.0,0.00033400000000000004,13.95
1.35174520611763,0.6438541799783707,8.449544787406923e-06,729.8086136579512,276000000.0,0.0005189999999999999,8.17
1.5129450157284738,0.7368899803608656,6.601338710635901e-06,818.0245310068129,268000000.0,0.00106,10.26
1.5296765416860583,0.7945100069046022,7.96174928545952e-06,1445.4875625669954,436000000.0,0.00134,5.88
1.5467574119567873,0.689654865860939,5.615328654646874e-06,1165.9555807709692,380000000.0,0.0006689999999999999,3.5500000000000003
1.4459523484110834,0.9122539043426514,7.82870301604271e-06,696.0853487253188,484999999.99999994,0.0026099999999999995,7.28
1.3630079358816147,0.7095430836081505,2.955241799354554e-06,2825.523421168327,80200000.0,0.000323,12.82
1.3608952045440674,0.7768948875367642,2.9474983811378484e-06,1214.6137952804563,166000000.0,0.000614,8.55
1.559056828916073,0.8599250167608262,4.082938462495804e-06,1044.3730205297468,211000000.0,0.00137,9.730000000000002
1.381007355451584,0.801565481722355,3.6703877151012425e-06,715.1975035667418,309000000.0,0.0008120000000000001,4.3
1.6077959150075913,0.6308029264211655,8.52752220630646e-06,1599.2616415023801,153999999.99999997,0.000613,13.83
1.417750346660614,0.8900914371013642,3.1532703638076786e-06,1684.3499680981038,198000000.00000003,0.000894,6.33
1.4736236661672593,0.6844789445400239,5.355213388800622e-06,714.4106477499007,274000000.0,0.000673,7.54
1.6199911057949068,0.6670431286096573,7.50629733502865e-06,2695.5902129411693,107000000.00000001,0.0006010000000000002,16.14
1.4001858025789262,0.6040172070264817,6.186452895402909e-06,2678.8608282804485,85800000.0,0.0002449999999999999,13.61
1.7209526181221009,0.6623267322778702,2.952040791511536e-06,1398.3829617500303,142000000.00000003,0.000433,8.27
1.7493654012680055,0.6618880391120912,7.941015020012856e-06,2958.9084833860393,102000000.0,0.000642,16.67
1.2138008594512941,0.6537444233894348,9.39780142903328e-06,2175.098240375519,123000000.00000003,0.0004119999999999999,15.37
1.6759442746639253,0.6040592461824418,2.962520837783814e-06,1591.918163001537,120000000.0,0.00023900000000000006,7.2
1.6807419776916506,0.8852071166038514,5.139412701129914e-06,631.5990835428237,328000000.0,0.00221,8.25
1.6689786136150362,0.6048263937234879,2.9774560928344734e-06,1492.6725551486013,127000000.00000001,0.00024100000000000008,6.78
1.4605754524469376,0.6391400367021561,5.221378341317178e-06,2344.5543199777603,98400000.00000003,0.0003380000000000001,13.35
1.4241605043411256,0.6734824240207673,3.279617547988892e-06,1099.2714315652845,176000000.0,0.0003710000000000001,6.92
1.4579918682575228,0.6637193620204926,3.4361859261989598e-06,1974.4910225272176,106000000.00000003,0.0003179999999999998,10.69
1.5115843914449216,0.804098291695118,2.948648273944855e-06,2150.903970003128,109000000.00000001,0.000719,12.13
1.4646736174821855,0.8206776559352875,4.250407457351685e-06,655.8995991945266,314000000.0,0.00113,6.2
1.2979091048240663,0.761601484939456,3.033608496189118e-06,1978.0945517122743,111000000.0,0.00046299999999999987,11.28
1.491407319903374,0.7927136510610581,2.9842377901077276e-06,1613.0627337843177,134999999.99999997,0.0007330000000000001,10.61
1.3222927629947663,0.6788125634193422,8.348338156938554e-06,2048.3345463871956,131999999.99999999,0.0005239999999999999,15.05
1.5472546935081484,0.6649771481752397,7.674439951777459e-06,2304.6386167407036,119000000.0,0.000587,15.49
1.598085379600525,0.8003308296203614,6.831752732396126e-06,1062.1202290058134,232999999.99999997,0.00163,12.69
1.4520820543169977,0.6892102628946305,7.4037688076496135e-06,585.2217525243758,338000000.0,0.000885,8.27
1.5935314625501633,0.8767647475004197,4.090077936649323e-06,948.2242465019225,229000000.0,0.00154,9.17
1.4114344775676728,0.6486980795860291,5.9043992832303055e-06,1863.8339936733244,123000000.00000003,0.00040699999999999997,12.92
1.4873561885207893,0.7131510302424432,7.153069853782655e-06,835.0251168012618,261999999.99999997,0.0009620000000000001,10.61
1.4976674160920085,0.7194229871034623,5.5792307406663905e-06,927.2451996803283,230000000.0,0.0008210000000000001,9.83
1.2959489822387698,0.8742878615856171,3.4632530510425575e-06,2058.9961782097816,255000000.0,0.000736,3.37
1.3120314896106722,0.7159773409366609,8.585867166519166e-06,598.2834398746489,344000000.0,0.00109,9.97
1.416547304391861,0.6400433421134949,6.5213520042598256e-06,2454.531297087669,101000000.0,0.00038,14.509999999999998
1.465120578557253,0.6405294299125672,4.8802998363971716e-06,2314.190521836281,97899999.99999999,0.00032500000000000004,12.969999999999999
1.4391697838902475,0.6389465332031251,8.472680747509003e-06,1018.4181034564971,208999999.99999997,0.0005479999999999999,10.68
1.609103259444237,0.6454763263463975,5.763141930103303e-06,2674.877747893333,95700000.00000001,0.000453,14.89
1.7408545017242434,0.7835726961493493,4.049748867750169e-06,2213.9967158436775,116999999.99999997,0.0009520000000000003,13.76
1.6610754668712617,0.7360802717506886,6.148543983697892e-06,1717.3889065161345,152999999.99999997,0.00101,14.219999999999999
1.259663110971451,0.6874070003628732,8.338428676128388e-06,1303.9990440011022,184000000.0,0.000633,13.34
1.400196808576584,0.604576849937439,4.941795945167542e-06,1304.234407842159,149000000.0,0.00025299999999999997,8.27
1.6288250327110292,0.6495730340480805,1.001348078250885e-05,2866.8689280748363,106000000.00000003,0.000583,17.03
1.5915116518735888,0.698405832052231,5.68232847750187e-06,639.7482305765151,317000000.0,0.000844,7.13
1.5833158135414125,0.874788898229599,6.6649633049964915e-06,639.0894502401351,350000000.0,0.0024299999999999994,9.78
1.3394489943981172,0.6004621446132661,6.6654688864946376e-06,2240.4522001743317,98400000.00000003,0.00023799999999999993,12.74
1.6123512446880341,0.8816212356090547,4.0707431733608255e-06,571.3606178760527,334000000.0,0.0016800000000000003,5.92
1.4958962501026691,0.6918326675891877,4.9422480165958415e-06,645.0824737548827,312000000.0,0.0006810000000000001,5.87
1.701286679506302,0.8939349800348283,3.0017060637474067e-06,1306.6667243838308,164000000.0,0.00133,9.6
1.6064462184906008,0.8280755817890167,9.894845724105836e-06,755.2540600299834,341000000.0,0.0026399999999999996,12.76
1.6048429906368258,0.7242171876132489,6.161131497472525e-06,1790.19018728286,147000000.0,0.000888,14.29
1.5919536530971528,0.7192303776741028,3.965318113565445e-06,2750.0561177730556,91599999.99999999,0.0005479999999999999,14.379999999999999
1.3616240143775942,0.7958317101001741,2.9958368539810187e-06,2149.249903857708,108000000.00000001,0.0006010000000000002,12.09
1.652181923389435,0.8832520991563798,2.994195461273194e-06,1092.3297256231306,186000000.0,0.00127,8.55
1.4224028438329699,0.6203833401203156,7.698768883943559e-06,1016.1520093679427,202000000.0,0.0004359999999999999,9.700000000000001
1.6327207893133164,0.7764177292585374,3.899772346019746e-06,2081.6516429185867,119000000.0,0.000835,13.24
1.540545165538788,0.7489836876746268,5.6051324307918556e-06,732.1083843708037,290000000.0,0.00102,8.47
1.775237810611725,0.7416409447789193,6.601618543267251e-06,2105.6907176971436,140000000.0,0.00111,15.43
1.6065484017133713,0.6954409450292588,1.0042516410350801e-05,1951.5721797943113,153999999.99999997,0.0009620000000000001,16.31
1.2539092719554903,0.6021920710802079,3.919517666101457e-06,2665.4451638460155,74099999.99999999,0.00012799999999999994,10.54
1.3239158213138582,0.6647809177637101,7.67060673236847e-06,2254.5388638973236,116999999.99999997,0.0004500000000000001,14.989999999999998
1.7242282748222353,0.7335239622741938,7.71164019405842e-06,1752.7090049115939,164000000.0,0.00121,15.27
1.534864738583565,0.8276643544435501,5.368956610560418e-06,1966.371677815914,431000000.0,0.00102,1.5299999999999998
1.3720270603895188,0.6019583612680436,4.003457963466645e-06,1871.0728008300064,105000000.00000003,0.0001899999999999999,9.05
1.3049571454524995,0.6992166325449944,9.747205078601838e-06,1187.4259561300275,208999999.99999997,0.0008539999999999998,14.12
1.5808675289154055,0.8352482289075852,6.858770780265332e-06,599.2587953805922,354000000.0,0.00216,9.8
1.7791741490364077,0.8038232490420342,4.0431280136108405e-06,2053.1170926988125,126000000.00000001,0.0011,13.44
1.2788337349891663,0.6780938431620599,3.995103716850282e-06,640.6279951333998,297000000.0,0.000378,3.5600000000000005
1.535766001045704,0.6397216379642487,7.1714475899934775e-06,2287.456125020981,111999999.99999999,0.000477,14.81
1.5807143211364747,0.7903674602508546,6.476125773042441e-06,1158.280551433563,214000000.00000003,0.00143,12.78
1.5153051048517228,0.7839557021856308,7.316616758704186e-06,2293.552525341511,416000000.0,0.0009310000000000001,3.939999999999999
1.732139539718628,0.7421124793589116,6.076096616685392e-06,2017.7639760076997,139000000.0,0.0010399999999999997,14.94
1.4775035597383976,0.7548433184623718,3.9888656735420235e-06,1613.3236717432735,141000000.00000003,0.0007110000000000002,11.94
1.6075549006462098,0.6397092550992967,6.584623254835607e-06,2848.079979419708,94099999.99999999,0.000455,15.5
1.3257611811161043,0.600794541835785,4.92646411061287e-06,2333.8722735643387,88900000.00000003,0.00018400000000000008,11.270000000000001
1.4424951106309891,0.8423882603645325,2.861933588981629e-06,825.6087005138396,236000000.00000003,0.0009360000000000001,6.27
1.5617351129651071,0.6405737847089769,8.312743216753007e-06,1418.1199967861173,168999999.99999997,0.0006429999999999999,13.24
1.336125683784485,0.5977817058563233,3.0051935017108924e-06,1758.8431662879882,103999999.99999999,0.00012999999999999996,6.49
1.2326225459575655,0.6008480072021485,3.903490513563156e-06,2145.6013917922974,90299999.99999999,0.0001349999999999999,9.16
1.484242355078459,0.7352684665471316,8.321168392896653e-06,810.3040903806685,279000000.0,0.00128,11.83
1.3839663416147234,0.6499427855014802,7.105120345950127e-06,2456.3389569520946,105000000.00000003,0.0004119999999999999,14.95
1.2420567512512208,0.5963430583477021,5.997989386320115e-06,490.87944626808155,346000000.0,0.00023500000000000002,1.9
1.5368100956082344,0.62204769551754,5.483527928590776e-06,1316.4741471409795,158000000.0,0.0004009999999999999,10.14
1.3768533647060395,0.7554911708459259,4.166863948106767e-06,1118.5452640056608,191000000.0,0.000719,9.78
1.5861204743385315,0.6820161178708077,9.60547286272049e-06,2377.0886957645416,129000000.0,0.000739,16.4
1.4995084234513343,0.7128476768732072,3.657442659139634e-06,1391.9356390833852,149999999.99999997,0.0005419999999999998,10.04
1.511532222479582,0.6207170069217682,5.439126670360566e-06,1215.3088599443433,168000000.0,0.000385,9.410000000000002
1.7157087028026583,0.8044930592179299,9.094364285469057e-06,904.9903899431228,282000000.0,0.0023,13.43
1.4528986796736718,0.6838036224246026,5.8085262402892125e-06,1013.5963857173919,205999999.99999997,0.000633,10.1
1.3026530385017396,0.6483265578746796,8.079155802726747e-06,2356.7610159516335,111000000.0,0.0003990000000000001,15.1
1.757226759195328,0.6635698288679124,9.965974271297456e-06,2905.1297456026073,111999999.99999999,0.00073,17.21
1.330065679550171,0.5995340824127198,4.957052782177926e-06,2155.9896245598793,95099999.99999997,0.00018800000000000012,10.81
1.6492738008499146,0.7107289418578149,5.036480501294137e-06,2681.361764669418,100000000.0,0.000636,15.149999999999999
1.4665384389460088,0.7973974362015724,2.9397082328796393e-06,1099.6851623058317,180000000.00000003,0.000769,8.15
1.45882163643837,0.7738623172044755,3.155923336744309e-06,607.9224050045012,358000000.0,0.0007240000000000001,2.0699999999999994
1.3377542674541474,0.6033755153417588,6.577655654400588e-06,2798.1046885251994,82699999.99999999,0.00022099999999999987,13.78
1.4153536319732667,0.6068129628896713,8.275984823703767e-06,2903.5178869962688,87800000.0,0.00029400000000000004,15.18
1.529834894835949,0.7408617049455644,4.065315812826157e-06,2192.469008266926,111999999.99999999,0.0006400000000000002,13.48
1.3431598842144015,0.5984145462512971,5.833575420081616e-06,2060.556534677744,102000000.0,0.00021799999999999996,11.53
1.5615843191742897,0.7974150091409684,3.008433312177659e-06,1470.8330594003198,146000000.0,0.000823,10.14
1.535497806966305,0.7182051233947278,9.779908180236818e-06,1254.224173724651,214000000.00000003,0.00121,14.56
1.3361892879009247,0.6910929143428803,8.291792303323748e-06,1029.3810367584226,223999999.99999997,0.000783,12.25
1.6167518466711046,0.8772161453962327,4.013526618480683e-06,2067.9244697093964,324000000.0,0.0010500000000000002,2.1500000000000004
1.46241352558136,0.7356781471520663,4.057222753763199e-06,1891.3949020206926,124000000.00000003,0.000604,12.68
1.7569434821605685,0.6633969426155091,8.920588403940202e-06,2914.048388600349,108000000.00000001,0.0006930000000000001,16.92
1.3762420177459718,0.6338887453079224,7.792998030781747e-06,1694.8238499462602,137000000.0,0.0004159999999999999,13.1
1.5512382790446282,0.704492162168026,4.214202731847764e-06,2636.0729634761806,94300000.00000001,0.000508,14.26
1.5013421131297948,0.7160873740911484,4.903433501720429e-06,686.9703084230422,302000000.0,0.0007619999999999999,6.48
1.5572496548295023,0.7861719869077206,4.936673685908318e-06,1258.1422850489614,186000000.0,0.00111,11.79
1.4453061014413835,0.6157830387353898,6.147847127169371e-06,2728.290289640426,88100000.00000001,0.00029499999999999996,14.189999999999998
1.3727412164211275,0.7514253814704717,6.408976698294283e-06,581.9983333349227,387000000.0,0.00098,6.46
1.7013004302978516,0.7711468622088433,4.949400633573533e-06,1703.9326177909968,148000000.0,0.0010699999999999998,13.419999999999998
1.547158867120743,0.6450355678796769,3.1216078400611883e-06,2171.990640461445,94999999.99999999,0.00027299999999999997,10.44
1.3946044832468034,0.6265091478824616,6.796807579696179e-06,2165.25412350893,109000000.00000001,0.00034999999999999994,13.73
1.7379493296146393,0.71367816478014,7.790518626570703e-06,1965.5399322509763,149000000.0,0.0010699999999999998,15.71
1.617022204399109,0.8689479321241379,3.0032671391963965e-06,993.5278743505477,201000000.0,0.00119,7.89
1.3930139601230622,0.7289447508752347,4.182989776134492e-06,1701.7244473099706,133999999.99999997,0.000567,12.19
1.4575534477829934,0.7128538191318513,3.908292442560197e-06,1598.494082689285,136000000.0,0.0005310000000000001,11.37
1.5709706157445908,0.6127261877059937,6.839172795414926e-06,1303.4462109208105,164000000.0,0.00045999999999999996,11.17
1.4547495916485789,0.6553561180830002,3.061914801597596e-06,1508.9016519486902,130000000.0,0.0002959999999999998,8.12
1.6512935400009157,0.6196013331413269,8.918585896492006e-06,2881.0592293739314,97500000.00000001,0.000464,16.22
1.715023845434189,0.811281730234623,3.0792716741561898e-06,2241.1717772483826,108000000.00000001,0.0008809999999999998,12.56
1.3527199745178224,0.6037060886621476,4.9983666241168985e-06,755.6890249252318,255000000.0,0.000268,3.9499999999999997
1.4035954356193543,0.6245452970266343,6.619119282811881e-06,2244.353510439396,105000000.00000003,0.00033899999999999995,13.77
1.561764930188656,0.6657760620117188,4.35070076584816e-06,2169.836938381195,106000000.00000003,0.0004300000000000001,12.88
1.4265263244509698,0.6742491871118547,3.2932360172271736e-06,2170.0005903840065,98000000.00000001,0.00031,11.22
1.3236940383911133,0.8889403581619264,3.229543805122376e-06,2048.6563183367252,259000000.0,0.0007860000000000001,2.97
1.4806443415582182,0.7831334173679353,4.968827709555627e-06,1053.0586093664167,213000000.0,0.00106,10.67
1.707341551780701,0.719966621696949,6.821190543472768e-06,2075.8395195007324,138000000.0,0.0009679999999999999,15.4
1.412261599302292,0.6466816484928132,6.1645317859947695e-06,1881.5884757786987,123000000.00000003,0.0004119999999999999,13.11
1.5171598926186562,0.6521178960800171,5.890001684427262e-06,1007.3222517967223,203000000.0,0.0005530000000000001,9.63
1.2572576344013215,0.6009948313236237,4.870653212070466e-06,2422.309771180153,84699999.99999997,0.000156,11.13
1.3327166318893433,0.5984998941421509,4.9781063348054895e-06,1873.0973936617372,107000000.00000001,0.00019500000000000008,9.99
1.787904703617096,0.8045726627111436,6.9989621043205274e-06,1330.6680247187612,204000000.0,0.00183,13.92
1.3305829703807832,0.6020261853933335,5.783497609198095e-06,2604.835361242294,84200000.00000003,0.00020299999999999992,12.77
1.4768002845346928,0.6311842381954194,7.959538161754609e-06,1507.1818716824052,151999999.99999997,0.00049,12.78
1.583659315109253,0.7037879034876824,6.009435586631299e-06,2216.923527419567,121000000.0,0.0006959999999999999,14.94
1.6266511827707293,0.6631224989891052,2.964726328849793e-06,2536.027163267135,85200000.00000001,0.000332,11.75
1.4979749070480468,0.7283306814730168,8.633098095655443e-06,492.1773374080657,408000000.0,0.0014700000000000002,9.24
1.5650266349315645,0.6781708851456643,8.430354595184327e-06,1232.254385948181,198000000.00000003,0.0009019999999999999,13.41
1.5748217046260835,0.7450751222670079,3.062255054712296e-06,812.6854449510573,235000000.00000003,0.000679,5.49
1.4573668867349625,0.6110051661729813,6.5901031345129025e-06,1110.975995659828,183000000.0,0.000385,9.48
1.7683851778507234,0.7058849662542344,7.930919453501702e-06,2241.025224328041,136000000.0,0.000997,16.21
1.4472461476922036,0.6720007359981538,4.9672905206680305e-06,887.3092681169509,221000000.0,0.0005349999999999999,8.24
1.6201521903276446,0.7240138180553913,6.6972317546606076e-06,526.8026441335677,382000000.0,0.00114,7.25
1.4054017782211305,0.879242116212845,5.045473009347916e-06,499.34345483779896,382000000.0,0.00173,6.68
1.1862589716911316,0.6597275286912919,9.53050494194031e-06,1295.6982403993604,180000000.00000003,0.000502,13.28
1.489698585122824,0.6252754658460618,4.602706909179688e-06,1306.029252707958,152999999.99999997,0.00032799999999999995,8.79
1.598665237426758,0.7073024421930314,8.067456811666489e-06,1002.5489628314971,232000000.0,0.0011,12.49
1.523934754729271,0.6355676114559174,3.566120475530625e-06,1878.9526280015705,109000000.00000001,0.00029,10.01
1.5314461737871172,0.6983640924096108,6.856884680688382e-06,535.2534651756285,363000000.0,0.0009329999999999999,7.32
1.5992314338684084,0.8621181696653367,3.0006873905658728e-06,880.7760775089263,223999999.99999997,0.00115,6.89
1.5391244217753413,0.6227618068456651,4.528101772069932e-06,1505.6254826486108,134999999.99999997,0.00032700000000000003,9.67
1.6011796474456788,0.760041418299079,3.037487298250199e-06,2861.5884035825725,85900000.0,0.0005880000000000001,13.65
1.5970477670431138,0.6466811120510102,4.18855169415474e-06,2054.913707077503,107000000.00000001,0.000378,12.02
1.776197111606598,0.8628214269876481,9.011199831962586e-06,688.0729943513869,342000000.0,0.00322,12.23
1.2646567404270173,0.6371430516242982,8.953261047601701e-06,484.7222864627837,377000000.0,0.0005840000000000001,7.35
1.459388266503811,0.6110663384199143,6.496234789490701e-06,1211.3676145672796,169999999.99999997,0.0003770000000000001,9.98
1.4214892208576204,0.7132413312792779,4.310399860143662e-06,2022.9581296443937,116999999.99999997,0.000514,13.03
1.2346688568592072,0.6019504398107529,7.78500208258629e-06,997.7509379386901,194000000.0,0.00027499999999999996,8.59
1.5972448647022248,0.8378088086843491,5.003437668085099e-06,2231.2749475240707,405000000.0,0.0009300000000000003,0.81
1.792679411172867,0.9065520465373994,5.841441243886949e-06,888.9206051826476,265000000.0,0.00263,11.17
1.424656105041504,0.7109002366662026,8.760739743709565e-06,498.6392259597777,401000000.0,0.0013,9.3
1.417114493250847,0.6890615925192833,8.287038147449494e-06,921.7685759067534,242999999.99999997,0.000879,11.78
1.744718670845032,0.687634027004242,7.315276086330415e-06,2881.3806474208827,106000000.00000003,0.0007269999999999998,16.58
1.4227600783109666,0.6010923385620117,4.885809183120728e-06,2243.4094473719597,93300000.00000001,0.00021599999999999994,11.38
1.536236496269703,0.775690370053053,6.201936211436988e-06,902.6705026626586,251000000.0,0.0012899999999999997,10.93
1.3889233320951464,0.6088442534208298,8.940026432275774e-06,1015.2980238199233,203000000.0,0.000413,10.04
1.3523813635110857,0.6602987319231034,5.157613947987558e-06,805.6316077709197,237000000.0,0.0004409999999999998,7.12
1.5044706786051394,0.7482721669133753,3.993263930082322e-06,531.4487516880034,364000000.0,0.000833,4.09
1.3744279235601427,0.6517160475254059,7.138702034950258e-06,2285.1948738098145,111000000.0,0.000422,14.65
1.4056075483560564,0.9472506880760194,6.81936525553465e-06,419.5308983325957,586000000.0,0.00223,2.94
1.6326569259166719,0.8378389567136765,6.105137147009374e-06,791.7663753032683,285000000.0,0.00204,10.7
1.5333639085292818,0.8760697960853577,8.139723777770998e-06,501.7815828323363,419000000.0,0.00275,9.730000000000002
1.5588021263480187,0.6532354921102524,4.854483366012574e-06,2253.220520913601,103999999.99999999,0.0004159999999999999,13.35
1.6907248377799988,0.6100096195936203,2.968690872192383e-06,2777.060374617576,73599999.99999999,0.00021000000000000012,10.77
1.5055703217163683,0.6947268024086953,5.4279439002275475e-06,2221.1520299315453,113999999.99999999,0.0005599999999999998,14.31
1.555933512747288,0.6281307041645051,7.589204251766206e-06,898.5145688056945,227000000.00000003,0.000587,9.71
1.3321197867393495,0.6067632973194123,3.744943410158158e-06,737.4954521656035,249000000.0,0.00021399999999999992,1.9699999999999995
1.4920356050133707,0.7185079000890255,8.77867364883423e-06,906.3446819782256,255000000.0,0.00119,12.66
1.5367378324270249,0.7114628747105599,6.298359949141742e-06,1346.8225598335264,178000000.00000003,0.000829,12.72
1.4590005844831468,0.635970425605774,7.605703189969064e-06,1792.5859959796069,132999999.99999997,0.00046500000000000014,13.57
1.2458218932151794,0.6014180481433868,4.978164225816727e-06,1134.3866139650343,168000000.0,0.00018299999999999995,6.19
1.4657732650637627,0.6617702811956406,4.782978057861329e-06,1997.6952038705347,113999999.99999999,0.00040600000000000006,12.68
1.6011878460645677,0.753569297399372,6.100826874375344e-06,1344.62895989418,183000000.0,0.00111,13.04
1.2884002447128298,0.6316298246383668,9.056335628032686e-06,1304.006941616535,170999999.99999997,0.0004300000000000001,12.21
1.6216613978147507,0.6653879374265671,6.629504252225161e-06,2385.5196237564087,111999999.99999999,0.0005939999999999999,15.3
1.2299681961536408,0.5994997143745423,9.796287894248963e-06,1468.0378064513204,146000000.0,0.00029699999999999996,12.07
1.2674341678619385,0.6859832435846329,9.353376597166063e-06,683.4575831890105,300000000.0,0.000826,10.8
1.4184696793556215,0.6020826548337936,6.486893970519305e-06,1951.2376114726064,111999999.99999999,0.0002869999999999999,12.38
1.5965379685163499,0.7188620544970036,2.960957050323487e-06,1915.1916466653345,112999999.99999999,0.0005109999999999998,10.96
1.7721155762672427,0.7054589286446572,7.148932680487634e-06,2706.9752961397166,113999999.99999999,0.0008430000000000001,16.43
1.7495861649513247,0.9168884217739106,9.256533801555635e-06,444.96449828147877,441000000.0,0.00417,10.45
1.4237353384494782,0.7200185514986516,4.898331478238106e-06,2027.7889370918272,122000000.00000004,0.0005780000000000001,13.63
1.5255155503749849,0.8193456798791886,4.97478985786438e-06,1001.7107725143431,225999999.99999997,0.00133,10.6
1.7345354318618775,0.8479154795408249,7.980536326766015e-06,829.4576704502105,304000000.0,0.0026099999999999995,12.12
1.7182223439216615,0.6259246051311493,8.644375056028368e-06,2904.646426439285,98899999.99999997,0.0005199999999999998,16.38
1.4782776698470117,0.6815714567899704,6.8809475749731075e-06,1447.358477860689,166000000.0,0.000675,13.03
1.4720506556332114,0.7318637318909169,8.667086273431779e-06,812.6842528581618,279000000.0,0.0012899999999999997,12.14
1.508982706256211,0.6949274271726609,7.353203773498536e-06,1469.2277386784551,170999999.99999997,0.0007950000000000001,13.69
1.7189585566520693,0.8210016086697579,5.029474020004273e-06,1357.8905463218687,181000000.00000003,0.00148,12.49
1.243663340806961,0.6890591517090798,9.082426428794862e-06,1088.3027613162992,214000000.00000003,0.0007240000000000001,13.11
1.4999225864186885,0.8507569670677185,2.9471307992935187e-06,917.9992526769637,216000000.00000003,0.00102,7.1899999999999995
1.4647514373064043,0.6919922769069672,9.38982352614403e-06,2093.267358839512,140000000.0,0.0007060000000000002,15.78
1.4981588289141656,0.6607461601495743,9.314632177352907e-06,548.423409461975,432000000.0,0.0009509999999999998,6.53
1.4761910229921342,0.6363848984241486,8.753130048513414e-06,715.7404273748397,286000000.0,0.0006810000000000001,9.33
1.489778244495392,0.6630963742733003,5.978412210941316e-06,883.5842758417128,225999999.99999997,0.000604,9.18
1.545381908118725,0.717395404726267,5.9608012437820445e-06,1348.7351983785627,176000000.0,0.0008399999999999999,12.56
1.7745265781879427,0.9017135739326478,3.022316306829453e-06,1548.7806051969526,148000000.0,0.00139,10.44
1.3892989397048952,0.6308127611875535,7.807407990098001e-06,589.6861404180526,412000000.0,0.00046199999999999995,3.3199999999999994
1.2589987814426424,0.6020146518945695,7.600761070847512e-06,2686.8028491735454,86200000.00000001,0.00021000000000000012,13.89
1.2758484542369843,0.7330617874860764,1.0388440966606142e-05,1532.4717499315736,558000000.0,0.0008170000000000001,3.23
1.5386308103799822,0.7992727294564248,2.956746339797974e-06,1950.8794434368608,116999999.99999997,0.000741,11.58
1.5337360069155694,0.7673529613763095,5.168228447437287e-06,1211.9006663560865,191000000.0,0.00103,11.67
1.2199970662593842,0.6486248642206193,8.901518166065218e-06,2065.6789764761925,124000000.00000003,0.00039399999999999993,14.829999999999998
1.6045861244201662,0.6265821039676667,7.358832344412805e-06,2130.350798368454,118000000.00000001,0.0004939999999999999,14.5
1.7858846783638003,0.7530955879949034,7.043911188840867e-06,1959.0783230960367,152999999.99999997,0.00127,15.4
1.4447657436132433,0.6197490513324738,5.609811902046204e-06,2044.7280183434484,108000000.00000001,0.00030899999999999987,12.49
1.2262184500694275,0.6480219125747682,9.445234924554826e-06,501.72212719917286,383000000.0,0.0006379999999999999,8.03
1.7919221341609957,0.9036312997341157,4.765739470720292e-06,1121.7000633478162,219000000.0,0.00218,11.21
1.578877553343773,0.7190745234489442,3.0112734138965614e-06,708.5062861442565,261999999.99999997,0.00062,4.43
1.677148371934891,0.8883634775877,4.616389632225037e-06,1004.9750208854674,231000000.0,0.00193,10.33
1.494816161133349,0.6799452021718025,7.5010995566844955e-06,1529.2006470263002,163000000.0,0.0007089999999999999,13.71
1.566421513259411,0.6582364886999131,2.994918107986451e-06,2179.3908923864365,95999999.99999999,0.00030899999999999987,10.64
1.559638895094395,0.7300289936363697,4.8834229260683065e-06,2333.2716077566147,111999999.99999999,0.000679,14.5
1.7277676820755006,0.6904184415936471,9.283734440803529e-06,2559.4421774148936,126000000.00000001,0.000866,16.84
1.2552577435970307,0.5999674737453461,4.91177397966385e-06,2153.1476378440857,93800000.00000001,0.00016099999999999993,10.44
1.355205836892128,0.6402798503637315,6.939677380025388e-06,723.228633403778,270000000.0,0.00045700000000000005,7.18
1.5048776803538204,0.7225946880877019,5.128569871187211e-06,2160.6980562210083,119000000.0,0.0006469999999999999,14.219999999999999
1.6032026410102846,0.6273807227611542,8.48457020521164e-06,1824.453307315707,138000000.0,0.0005589999999999999,14.31
1.4326488912105562,0.6664011150598527,3.130187183618546e-06,2604.413509368896,82400000.00000001,0.00026399999999999997,11.92
1.5108259789645673,0.7713770382106305,3.6735346913337714e-06,1591.6902124881742,141000000.00000003,0.000738,11.21
1.4618591934442522,0.8189044028520585,4.283639401197434e-06,651.6206562519072,316000000.0,0.00113,6.24
1.4703001387417318,0.6685448706150056,5.789545394480229e-06,1196.6120004653928,179000000.00000003,0.000563,10.84
1.7950689375400546,0.7513002522289753,6.952225908637048e-06,2045.4271622002123,148000000.0,0.00124,15.53
1.6320610105991364,0.7379288099706174,6.771652527153493e-06,1563.9735870063303,168000000.0,0.00109,14.219999999999999
1.4756298847496512,0.6932252258062364,7.101053267717363e-06,609.6810400485991,326000000.0,0.0008650000000000001,8.2
1.5966017782688142,0.6261023372411728,8.633925259113313e-06,1518.5184888541696,159000000.00000003,0.0005970000000000001,13.51
1.4786814227700236,0.676170663535595,7.907031536102296e-06,1337.232023477554,181000000.00000003,0.000741,13.25
1.6111347109079361,0.6436817318201066,5.026005357503892e-06,2734.5726937055583,90399999.99999997,0.0004080000000000001,14.4
1.3852713346481325,0.7791817545890809,3.832230955362321e-06,1437.424376606941,265000000.0,0.0005570000000000002,3.5299999999999994
1.4716646656394006,0.7118642315268517,5.068462625145913e-06,487.80101537704456,368000000.0,0.0008020000000000001,5.4
1.4435700774192812,0.696010123193264,1.0075571656227113e-05,1772.7453233674166,162000000.00000003,0.000813,15.67
1.528342314809561,0.8464765369892121,4.350061357021333e-06,989.2220348119735,222000000.0,0.00135,9.82
1.5192158572375776,0.8013216868042946,3.2107985913753515e-06,531.18097782135,357000000.0,0.0009050000000000001,2.8800000000000003
1.6251183897256853,0.8306411772966386,4.6710333228111274e-06,1165.5760481953619,199000000.00000003,0.0014,11.17
1.6889134347438814,0.6161071926355363,6.506614048033954e-06,506.7327171564101,368000000.0,0.000587,5.11
1.3318811237812043,0.6013111263513565,7.611209511756898e-06,1683.5179058834908,128000000.0,0.0002850000000000001,11.92
1.4834842264652253,0.7255042724311352,3.893056988716126e-06,2006.2652155756948,115999999.99999997,0.0005549999999999999,12.68
1.3761932551860812,0.868219855427742,3.110175043344498e-06,2278.925061225891,221000000.0,0.0006850000000000001,3.6600000000000006
1.3777148097753527,0.853595843911171,6.8754582554101956e-06,947.6939886808394,485999999.99999994,0.0014700000000000002,4.35
1.4588173493742944,0.8398558080196381,4.936165288090707e-06,653.8076251745223,315000000.0,0.00148,7.879999999999999
1.4187970608472826,0.6523414134979248,7.835220813751222e-06,707.7047526836394,279000000.0,0.000602,8.37
1.6096276670694352,0.8178361549973489,6.752257838845254e-06,820.1295435428618,281000000.0,0.00191,11.38
1.4235757112503054,0.6922723308205605,9.05886009335518e-06,1303.529433906078,193000000.0,0.0008759999999999998,14.18
1.7154118716716769,0.745298714004457,7.238060951232911e-06,1706.0812534764407,165000000.0,0.00123,14.93
1.5498247146606448,0.8252844750881195,3.822716802358628e-06,1401.3609588146207,164000000.0,0.00106,11.01
1.464182433485985,0.7518392749596388,4.771758466959e-06,1237.0553910732267,181000000.00000003,0.0008399999999999999,11.26
1.5030290298163893,0.7285945616662503,4.852159693837167e-06,472.1252918243407,371000000.0,0.000901,5.54
1.708149075508118,0.8964158177375794,3.889736652374268e-06,693.4421807527541,282000000.0,0.00192,7.6
1.4015938460826876,0.6052196234464646,7.988304048776628e-06,812.383472919464,240000000.0,0.00039399999999999993,8.0
1.4623689964413644,0.8588011890649796,2.9453809261322026e-06,727.6337146759032,268000000.0,0.0010399999999999997,5.39
1.6623872816562655,0.7328434847295285,6.173380061984063e-06,1803.3929187804458,148000000.0,0.000983,14.44
1.3813473075628282,0.7807661667466165,4.099818646907807e-06,1033.4337800741193,205999999.99999997,0.000826,9.35
1.3635827243328096,0.7098495885729791,3.0059174001216893e-06,2455.1060348749156,89799999.99999999,0.0003380000000000001,12.07
1.5716793447732926,0.7346433050930501,8.706092089414598e-06,1029.9765616655347,237000000.0,0.0013199999999999998,13.4
1.416570818424225,0.750291494303383,9.061310917139055e-06,499.90582466125477,410000000.0,0.00157,9.84
1.4602318659424782,0.7164824813604356,8.827388674020769e-06,492.9240345954894,407000000.0,0.00139,9.37
1.437587705254555,0.6887232139706613,4.458169639110566e-06,1607.8612785786388,137000000.0,0.00049,11.71
1.3601690948009493,0.8789209753274918,9.81718957424164e-06,512.7173215150832,659000000.0,0.00229,5.27
1.5502137869596482,0.7379897397011519,3.168992936611176e-06,873.166799545288,229000000.0,0.000622,5.42
1.4809323258697988,0.6121900141239167,5.675773598253728e-06,1501.2297891080377,139000000.0,0.0003380000000000001,10.72
1.3939353168010713,0.6049892842769623,3.7746393084526067e-06,2499.3857294321056,80500000.00000001,0.00017399999999999997,10.68
1.5361833930015565,0.7393429912626744,5.205236241221429e-06,1311.0711351037023,176000000.0,0.0008799999999999999,11.99
1.4996915744617583,0.661028453707695,7.112596318125726e-06,787.52364218235,255000000.0,0.000688,9.28
1.3415776312351229,0.7379148714244367,7.5322863310575495e-06,2299.2884665727615,398000000.0,0.0005689999999999998,3.05
1.5062607804313304,0.76736807115376,7.353754207491876e-06,762.295752763748,290000000.0,0.0014099999999999998,10.98
1.3839936822652819,0.7814374946057797,4.165206909179688e-06,1068.2214349508283,201000000.0,0.0008399999999999999,9.700000000000001
1.5753466844558717,0.8127957254648209,6.101649187505246e-06,476.74643993377674,391000000.0,0.0018,7.799999999999999
1.3824210584163668,0.8435515612363816,4.31975817680359e-06,2591.648951172828,369000000.0,0.000745,0.6499999999999999
1.5717096894979479,0.711068058013916,8.972568690776826e-06,1123.4986335039137,221000000.0,0.00117,13.72
1.3525824934244157,0.6631453782320024,7.526238754391671e-06,2235.5409264564514,116999999.99999997,0.0004579999999999999,14.89
1.3772741943597795,0.8028925850987435,3.1164520978927616e-06,1670.1129004359243,178000000.00000003,0.000589,6.81
1.3403865694999697,0.5993695735931397,6.665404450148345e-06,1775.5286088213322,119000000.0,0.000255,11.53
1.530744454264641,0.7389627881348134,5.09584465622902e-06,1339.4837006926534,171999999.99999997,0.0008579999999999999,12.02
1.4610523849725725,0.6623688608407975,5.538491219282151e-06,1790.480433963239,129000000.0,0.0004720000000000001,12.83
1.7430962026119234,0.7806830696761609,4.84253977239132e-06,1830.9412170201538,142000000.00000003,0.00112,13.71
1.5006946021690966,0.6523751109838486,4.002637892961503e-06,2734.3468666076656,84099999.99999999,0.0003129999999999999,13.22
1.7552994310855867,0.9066347837448121,3.8863084614276894e-06,1037.42378950119,215000000.00000003,0.00192,9.83
1.4660699106752875,0.7295136719942094,5.189808025956155e-06,1223.0443134903906,183000000.0,0.0007810000000000002,11.38
1.2212464392185212,0.601037335395813,7.896977066993714e-06,716.5334671735762,263000000.00000003,0.00029200000000000005,6.31
1.2245505809783936,0.6522539734840394,9.433686554431917e-06,2845.0628668069835,101000000.0,0.00035800000000000003,16.25
1.324700939655304,0.6047857135534287,8.457059562206269e-06,2801.399633288383,88200000.0,0.00025900000000000006,14.79
1.6101953923702241,0.6491981506347657,4.585720330476762e-06,2602.9954403638835,91599999.99999999,0.0004009999999999999,13.83
1.4091386407613755,0.7331108987331391,4.260763585567475e-06,935.2950304746627,219000000.0,0.000679,8.53
1.6680805921554567,0.8039463087916375,7.790585279464723e-06,867.9125756025313,276000000.0,0.00202,12.46
1.5952553004026415,0.8254975050687791,5.671759143471719e-06,556.6276907920836,356000000.0,0.00184,8.15
1.7522344172000888,0.8116456121206285,4.036764591932298e-06,1864.05567638576,134999999.99999997,0.00114,12.98
1.6063622385263445,0.6320388972759248,8.534000158309938e-06,1779.9922493286429,142000000.00000003,0.000587,14.32
1.307856845855713,0.7718915887176991,2.9460877180099494e-06,1125.1790747046468,177000000.0,0.0005589999999999999,7.879999999999999
1.3922813504934313,0.8316697239875794,4.943232581019402e-06,488.163262605667,378000000.0,0.0014,6.49
1.5373431935906412,0.7134759485721589,5.721212722361089e-06,831.1522305011748,254000000.00000003,0.0008430000000000001,9.12
1.5017896167933942,0.8720395356416702,2.9635084271430976e-06,2460.946917533874,192000000.0,0.000752,5.4
1.3933127135038377,0.602478951215744,6.992855802178384e-06,626.8668472766875,303000000.0,0.00036800000000000016,5.23
1.5343607917428017,0.6450379192829133,5.0661757737398155e-06,2262.987971305847,102999999.99999999,0.0003879999999999999,13.35
1.509189701266587,0.6978374049067498,4.060204088687898e-06,2184.2904686927795,107000000.00000001,0.00048199999999999995,13.02
1.2769119501113892,0.7581751450896264,3.5510068535804756e-06,590.4736667871474,351000000.0,0.000554,2.1500000000000004
1.5120458140969277,0.6968482151627541,1.0100981950759889e-05,1932.4407279491422,153999999.99999997,0.0008650000000000001,16.12
1.4205412119627001,0.642564868927002,8.55259892344475e-06,916.8136417865752,228000000.0,0.0005620000000000001,10.09
1.7666532039642335,0.6043268501758576,3.442946761846543e-06,509.8362565040587,344000000.0,0.000341,0.3299999999999997
1.6081190943717958,0.7811674252152444,3.036815762519837e-06,2653.439968824386,92800000.00000001,0.0006739999999999999,13.31
1.6132695794105532,0.9002164363861085,3.1023784279823307e-06,2145.2395543456078,241000000.0,0.0009660000000000002,3.5500000000000003
1.380134001374245,0.7532019750215114,4.08866372704506e-06,1292.0819893479345,168999999.99999997,0.000688,10.65
1.5570597499608996,0.6888307303190232,8.432053148746492e-06,2163.779690861702,132999999.99999997,0.0007349999999999999,15.8
1.5887958884239197,0.7775526009500028,1.0026771724224093e-05,609.7511500120162,378000000.0,0.00229,11.81
1.5076528983190658,0.6410623311996461,6.47589222714305e-06,2561.3459497690196,99699999.99999999,0.0004229999999999999,14.89
1.569227358698845,0.7281248062849045,6.848506130278111e-06,1147.9445844888685,206999999.99999997,0.00103,12.43
1.5461593821644783,0.6866345643997193,7.545921176671983e-06,1022.0381915569304,221000000.0,0.0008809999999999998,11.89
1.3822223871946335,0.8322668194770814,2.874333739280701e-06,730.6513488292693,264000000.00000003,0.0008650000000000001,5.26
1.3450321555137636,0.605875763297081,3.7806566357612615e-06,1779.39170692116,109000000.00000001,0.00018800000000000012,8.5
1.4148738384246828,0.7991006925702095,6.918477170169355e-06,623.2651621103286,341000000.0,0.00154,9.62
1.569193620979786,0.6330946326255799,7.284180998802186e-06,2206.8101838231087,114999999.99999997,0.0004850000000000001,14.66
1.5563463762402536,0.7502456842688844,3.847672730684281e-06,2142.3797234892845,112999999.99999999,0.0006720000000000001,13.16
1.6524210512638093,0.7319021098315717,5.788953445851804e-06,1978.4439280629156,136000000.0,0.0009019999999999999,14.57
1.4745040252804757,0.6711181193590164,4.638293087482453e-06,1974.4094200432298,115999999.99999997,0.000435,12.69
1.346187973022461,0.6629422366619111,7.54520843923092e-06,2317.9718032479286,113999999.99999999,0.0004500000000000001,15.06
1.567191302776337,0.7170915551483632,6.414187306538225e-06,1326.6520127654073,182000000.0,0.0008990000000000001,12.809999999999999
1.623000454902649,0.8798577010631562,5.638727471232415e-06,801.3672679662703,286000000.0,0.00221,10.180000000000001
1.567616303265095,0.6790494829416276,4.765735924243928e-06,524.6331095695494,343000000.0,0.0006900000000000001,4.89
1.4982575747184457,0.6825822919607163,7.38300408422947e-06,866.1238402128218,248000000.0,0.00082,10.54
1.3361639142036439,0.695061318576336,3.637497067451478e-06,811.2477064132689,238000000.0,0.0004300000000000001,5.47
1.1355696558952333,0.7647421136498452,6.521639529615641e-06,2250.091500580311,473000000.00000006,0.0006100000000000001,0.3500000000000004
1.410079649090767,0.6959038630127907,9.69374403357506e-06,1935.3429712355135,149999999.99999997,0.000719,15.61
1.5915097564458849,0.6277725666761399,5.2652471065521244e-06,2910.5717986822124,84900000.0,0.0003530000000000001,14.52
1.6382757157087326,0.7472830295562745,9.013674020767214e-06,1216.3288444280622,220000000.0,0.00148,14.44
1.5718402415513995,0.8691029280424118,4.13655909895897e-06,924.6465116739272,232999999.99999997,0.00149,9.1
1.3898528873920442,0.7775048911571504,7.44160668551922e-06,2249.056912958622,452000000.0,0.000804,2.92
1.546523889899254,0.6550817728042603,7.04859420657158e-06,2580.445364117622,105000000.00000003,0.00051,15.53
1.3579792588949204,0.6030288666486741,3.988487452268601e-06,1589.406535029411,121000000.0,0.0001970000000000001,7.99
1.599660712480545,0.637739646434784,4.70687171816826e-06,1124.6788799762724,180000000.00000003,0.00045399999999999987,8.84
1.4069606423377992,0.6042333483695984,8.41069856286049e-06,1684.9720962345598,133999999.99999997,0.00035899999999999994,12.809999999999999
1.48742588236928,0.6057285904884339,4.8797763139009485e-06,1584.5780931413171,127000000.00000001,0.00027200000000000005,9.700000000000001
1.4532803043723108,0.8388230234384537,4.0395875871181495e-06,924.9241203069686,228000000.0,0.00116,8.92
1.6186448425054552,0.7763031698763371,3.031050026416779e-06,2737.78523504734,90199999.99999999,0.0006559999999999999,13.44
1.399393218755722,0.8531671643257142,5.998635575175286e-06,1532.8683815896509,560000000.0,0.00117,0.5000000000000002
1.6118488579988481,0.8429998576641083,5.928126722574235e-06,614.8970425128936,341000000.0,0.00211,9.1
1.5379740938544275,0.7196434736251832,5.850854843854905e-06,1557.559326291084,158000000.0,0.0008020000000000001,13.27
1.5377389803528787,0.6978739678859711,7.2470991462469115e-06,1023.5576629638671,221000000.0,0.000901,11.8
1.59420023560524,0.7271592266857625,6.838121160864831e-06,1456.7465446889398,175000000.0,0.00101,13.79
1.346472430229187,0.8749123334884644,4.750028476119042e-06,618.412747979164,398000000.0,0.0014099999999999998,4.98
1.4670574553310873,0.602679392695427,3.96981629729271e-06,1603.4637596458194,122000000.00000004,0.00022800000000000007,8.36
1.5255955897271634,0.6884573310613633,3.7713412940502175e-06,1112.55507171154,180000000.00000003,0.0005090000000000001,8.4
1.7343947589397433,0.6072258263826371,2.941824853420258e-06,1870.7283884286878,106000000.00000003,0.00026399999999999997,8.56
1.5884408980607987,0.9023058772087098,3.370482653379441e-06,715.6968414783477,363000000.0,0.0014700000000000002,3.13
1.5790443420410158,0.8831989556550981,6.914760097861291e-06,600.4888117313384,368000000.0,0.00255,9.65
1.6198617517948153,0.6357856929302216,4.981730207800866e-06,2908.6019396781917,85200000.00000001,0.000378,14.509999999999998
1.3271721303462984,0.603503841161728,7.5809776782989514e-06,2703.8825601339336,87800000.0,0.00024299999999999986,14.189999999999998
1.4482636302709582,0.6154919385910035,5.759415209293366e-06,2503.918662667274,91800000.00000001,0.000288,13.5
1.5574819654226304,0.7142153665423394,6.855274736881257e-06,1562.527000904083,165000000.0,0.0008870000000000001,13.98
1.7277970254421235,0.7982226580381394,7.341919720172883e-06,1126.9512698054311,227000000.00000003,0.00184,13.44
1.5913216173648836,0.6456467092037201,7.244837746024133e-06,2280.4858461022377,114999999.99999997,0.0005369999999999999,15.07
1.5129070423543454,0.7327503450214864,2.9222362041473395e-06,2759.193584322929,84400000.0,0.000455,13.05
1.5762209326028824,0.7655226275324822,4.427774876356126e-06,681.332156062126,379000000.0,0.0009679999999999999,3.99
1.4951677881181242,0.8561205714941026,4.2014614939689645e-06,644.9126005172728,316000000.0,0.00137,6.33
1.3509014368057253,0.6450922071933747,7.432267040014268e-06,2013.2651478052137,121000000.0,0.0004099999999999999,13.99
1.7732002258300783,0.7524879980832339,9.885368287563326e-06,1397.6954966783521,211000000.0,0.00177,15.53
1.6776823818683626,0.8184361919760704,2.9769458174705513e-06,1992.5551600754259,116999999.99999997,0.0008990000000000001,11.82
1.741174614429474,0.8346809685230255,3.983306467533112e-06,1637.4459136277435,149000000.0,0.00128,12.26
1.6351466953754425,0.7119315907359124,5.9811408594250685e-06,2321.887716650963,119000000.0,0.0007569999999999999,15.24
1.418097621202469,0.8165577828884125,3.7639614939689645e-06,1354.8592776060102,373000000.0,0.0008120000000000001,1.6599999999999997
1.3648578822612765,0.633148330450058,7.721301525831224e-06,813.8650208711623,242999999.99999997,0.00045600000000000013,8.37
1.5279598474502565,0.6225002557039261,7.908426344394685e-06,1500.5227290093896,151999999.99999997,0.0004939999999999999,12.71
1.4045946657657624,0.7811738669872285,8.417312741279602e-06,2152.2366553545,601000000.0,0.0008929999999999999,0.38999999999999996
1.5108571864664555,0.8228644341230393,4.018572002649308e-06,1256.3106343150137,180000000.00000003,0.0010800000000000002,10.7
1.6709293127059939,0.6817805841565133,8.342213392257692e-06,2632.8160911798473,115999999.99999997,0.0007269999999999998,16.52
1.5125145435333254,0.7492189593147487,5.088934868574143e-06,1238.6788353323934,184000000.0,0.0009050000000000001,11.59
1.7087239623069765,0.7501566254300998,8.97812080383301e-06,1321.0061490535734,210000000.0,0.00157,14.86
1.4257112056016923,0.6234531462192536,6.594476200640203e-06,1783.2965818233786,126000000.00000001,0.00036700000000000003,12.63
1.6437731176614763,0.8051727667450905,3.002360492944718e-06,1630.7204887270925,134999999.99999997,0.000888,10.78
1.5853331655263903,0.8797821164131165,4.071169376373292e-06,841.3672745227813,251000000.0,0.00158,8.43
1.2998311936855318,0.8420666366815568,3.3260634541511543e-06,862.1060401201247,246000000.0,0.0008369999999999999,6.22
1.569886399805546,0.7353263530880213,4.887643963098527e-06,472.90775179862965,373000000.0,0.00101,5.68
1.6389449179172517,0.7803313672542572,5.7154656574130065e-06,1396.4539691805837,179000000.00000003,0.00124,13.1
1.434444469213486,0.8741914361715317,3.752911090850831e-06,656.2126725912093,378000000.0,0.0011999999999999997,3.1900000000000004
1.4557206362485886,0.7950891807675362,8.732143044471742e-06,1938.747141510248,679000000.0,0.0011,0.010000000000000368
1.3951249212026597,0.6493743270635606,8.388059735298158e-06,618.2822138071059,324000000.0,0.000666,8.31
1.5278670385479929,0.8588886827230454,3.827988117933274e-06,981.3989996910094,218000000.00000003,0.00126,8.83
1.5354049578309061,0.7123445168137551,8.142602056264878e-06,916.3599014282225,249000000.0,0.00111,12.11
1.5042815867811443,0.7960206851363183,5.592367202043534e-06,753.1205862760543,283000000.0,0.00133,9.42
1.5660225659608842,0.816146881878376,2.9605323076248175e-06,1162.3774766921995,173000000.0,0.00091,8.68
1.5345876574516297,0.6288185119628907,6.85279517620802e-06,543.7407195568084,357000000.0,0.000523,5.16
1.56071415245533,0.6137127041816712,8.013391822576523e-06,2873.573631048202,92300000.00000001,0.00038200000000000007,15.61
1.578043529391289,0.6476194024085999,6.491706382483245e-06,2091.119095683098,119000000.0,0.000517,14.219999999999999
1.4935587041079998,0.7646641116589309,6.7708975449204455e-06,577.7000188827514,349000000.0,0.00136,8.84
1.4211196124553682,0.7872474476695062,2.8838583230972294e-06,612.9385828971862,302000000.0,0.0007640000000000001,3.8399999999999994
1.4733854480087758,0.6317298710346223,5.469388961791993e-06,625.8837431669234,304000000.0,0.00043399999999999987,4.95
1.5884842693805696,0.6504277557134629,6.8019032925367365e-06,2472.32574224472,107000000.00000001,0.0005199999999999998,15.26
1.6917042195796967,0.77491599842906,9.812021732330323e-06,1030.9040099382398,259000000.0,0.00204,14.36
1.6616227984428407,0.9019382178783417,3.3918996155262e-06,762.09719479084,362000000.0,0.0015900000000000003,3.2000000000000006
1.2593393862247468,0.6008431971073152,7.695872768759729e-06,2059.7040578722954,107000000.00000001,0.0002300000000000001,12.62
1.5354165226221086,0.6913407504558564,4.119941353797913e-06,2370.8136677742004,100000000.0,0.0004690000000000002,13.44
1.3883277207612992,0.8224827602505684,4.303039878606797e-06,682.0524036884307,297000000.0,0.00109,7.02
1.624139025807381,0.6417469114065171,7.159861981868745e-06,2841.046184301376,97100000.00000001,0.0004910000000000001,15.83
1.7203602433204652,0.7805114082992077,3.123277187347413e-06,2702.4010866880412,92300000.00000001,0.0007399999999999999,13.5
1.6490340292453767,0.8537084609270097,8.539379954338075e-06,1113.4881824254987,749000000.0,0.00179,0.06000000000000029
1.5817793101072313,0.7214512042701245,5.92143838107586e-06,2011.8770673871038,132999999.99999997,0.0007969999999999999,14.6
1.4147309571504594,0.7947419464588166,7.211464047431947e-06,586.5346193313597,360000000.0,0.00157,9.39
1.510736308246851,0.6518962472677231,5.718986734747888e-06,1402.043469250202,156000000.0,0.0005090000000000001,11.55
1.2680568337440492,0.6027498632669449,3.982167840003968e-06,1493.0614754557607,126000000.00000001,0.00016999999999999993,7.1899999999999995
1.5364874795079233,0.6850067138671876,8.37340381741524e-06,1017.6063627004622,227000000.00000003,0.000957,12.51
1.640675774216652,0.8040143117308617,3.002823203802109e-06,1663.525218144059,132999999.99999997,0.000877,10.89
1.696695613861084,0.6661034256219864,2.964067101478577e-06,1686.279850080609,121000000.0,0.00041500000000000006,9.48
1.3881962746381762,0.7160587012767793,8.811099499464036e-06,811.7288649082183,276000000.0,0.0011,11.89
1.4420286789536478,0.6378200054168702,6.239487737417222e-06,2445.6602632999416,100000000.0,0.00037499999999999985,14.33
1.3968529343605043,0.6047620743513108,3.784635156393052e-06,2584.8109573125835,78100000.00000001,0.00017199999999999995,10.89
1.542271162569523,0.6816954508423806,8.542481243610384e-06,1265.8668607473371,195000000.0,0.0009050000000000001,13.66
1.484192629158497,0.6807069137692452,4.4832736849784854e-06,2076.9950672984123,111999999.99999999,0.000453,12.96
1.5933879464864733,0.7741291970014573,8.696102291345598e-06,886.2534463405608,276000000.0,0.00178,12.96
1.3604981034994126,0.7863627545535565,4.286615312099457e-06,741.6584640741347,310000000.0,0.0008120000000000001,5.39
1.7875855207443239,0.7007206588983537,9.863027572631837e-06,2283.3542451262474,144000000.00000003,0.00109,16.94
1.464922010153532,0.7255428895354271,5.1986256092786795e-06,1636.9348876178262,147000000.0,0.0006980000000000002,12.98
1.516940561681986,0.678254583477974,6.672693815082313e-06,917.2044247388839,230000000.0,0.000739,10.25
1.3343714475631716,0.6433389633893968,8.290295690298081e-06,636.1731439828872,316000000.0,0.0005289999999999998,7.29
1.4881598688662054,0.6142040133476258,3.543064624071122e-06,2762.5905275344844,74800000.00000001,0.00019500000000000008,11.52
1.3856688737869265,0.753383868187666,8.169439911842347e-06,604.9444824457167,347000000.0,0.0013800000000000002,10.22
1.3951490700244904,0.7249979473650456,9.472014158964159e-06,488.9540672302245,409000000.0,0.0014099999999999998,9.95
1.5113212376832963,0.6965483531355858,1.0065548062324525e-05,2007.7561326324937,149999999.99999997,0.000844,16.19
1.722844970226288,0.795749107003212,5.9740850925445565e-06,1484.3724407255647,177000000.0,0.0014399999999999999,13.71
1.5733023405075075,0.8418426096439362,7.2743581980466854e-06,498.23927879333485,406000000.0,0.00226,8.85
1.3941072374582293,0.6579605072736741,3.570371866226197e-06,529.3701887130736,345000000.0,0.0003439999999999999,1.0800000000000005
1.462243375182152,0.6710916191339493,4.938064426183702e-06,1521.8600928783414,144000000.00000003,0.00048700000000000013,11.61
1.5797994017601014,0.6504091233015061,6.8191080316901214e-06,2720.077142119407,99799999.99999999,0.000495,15.59
1.596398788690567,0.6463369309902192,4.196359992027284e-06,2243.968613445759,99600000.0,0.00036700000000000003,12.48
1.4090079456567766,0.7862152419984342,4.365137845277787e-06,691.6567236185073,312000000.0,0.0009109999999999999,6.04
1.580254089832306,0.6522115319967271,6.736756451427937e-06,2567.1230554580684,103999999.99999999,0.0005109999999999998,15.38
1.6797417819499971,0.7288001105189325,9.670824617147448e-06,1444.080017507076,197000000.00000003,0.0013800000000000002,15.41
1.1905568718910218,0.6587103366851808,9.493984580039979e-06,815.9355372190474,260999999.99999997,0.0005769999999999999,10.83
1.6907209753990176,0.6080929219722748,2.949893712997437e-06,2530.822709202766,80100000.0,0.00021599999999999994,10.16
1.5120067410171034,0.7009313464164735,7.040732502937318e-06,1644.9572723358867,157000000.0,0.0007770000000000001,14.13
1.4265939161181451,0.6471500426530838,9.900895595550539e-06,2752.506464719772,106000000.00000003,0.00047099999999999996,16.61
1.6679278671741486,0.83986334502697,8.026803135871888e-06,763.9897912740706,321000000.0,0.00248,11.72
1.6108731776475909,0.7715523764491082,9.884656071662904e-06,774.6325731277465,317000000.0,0.00208,12.94
1.5372573718428613,0.6691713988780976,7.700181424617768e-06,1119.46727335453,204000000.0,0.0007839999999999999,12.21
1.3825964570045473,0.8470305472612382,9.15563425421715e-06,757.8073740005492,550000000.0,0.00178,5.66
1.6450216948986054,0.7666891749948264,7.947776898741723e-06,1145.7553058862684,224999999.99999997,0.0015600000000000002,13.71
1.4921491915360094,0.8069232970476151,5.021623998880387e-06,947.234734892845,235000000.00000003,0.00124,10.25
1.3794962078332902,0.6059834271669389,4.856527701020242e-06,1023.1358855962752,186000000.0,0.0002559999999999999,6.4
1.6459034621715547,0.828525021672249,3.0101777613163e-06,1503.9946064352987,145000000.0,0.000998,10.39
1.6700333118438722,0.8882000148296357,8.507988423109055e-06,507.16231763362873,426000000.0,0.00331,10.180000000000001
1.7665094375610353,0.7963067069649697,3.126218676567078e-06,2597.0857143402095,96399999.99999999,0.000831,13.33
1.493549818173051,0.7847898222506047,5.642732433974744e-06,684.7976446151732,303000000.0,0.00123,8.7
1.517712365090847,0.7559194274246693,6.187755312770606e-06,946.5354233980178,239000000.0,0.00112,11.01
1.3720671057701113,0.6832772165536881,4.482887536287308e-06,656.5393805503844,302000000.0,0.000502,4.76
1.433383820950985,0.7099152490496636,5.912037819623948e-06,1649.6503837406633,149000000.0,0.0006630000000000001,13.35
1.5212511688470842,0.7310898564755918,2.9294927120208746e-06,2663.9291942119594,86800000.0,0.0004610000000000001,12.86
1.5769848078489306,0.6359942704439164,5.200510457158089e-06,1225.0066474080083,169999999.99999997,0.00046500000000000014,9.890000000000002
1.5420783519744874,0.7078912988305093,2.952823102474213e-06,1293.2802289724348,152999999.99999997,0.0005000000000000001,8.53
1.5391087308526041,0.7652700159698725,6.836286485195161e-06,831.728309392929,269000000.0,0.00133,10.97
1.4002959698438646,0.7868875332176686,2.986689448356629e-06,2361.5298718214035,100000000.0,0.0005769999999999999,12.43
1.2533659636974337,0.6003678917884827,8.657811403274538e-06,2330.693520605564,99199999.99999999,0.00023900000000000006,13.739999999999998
1.3233744263648988,0.6101137876510621,3.758348464965821e-06,928.3949732780455,198000000.00000003,0.00020899999999999998,3.8199999999999994
1.5717714160680771,0.640342989563942,7.17130906879902e-06,498.5617399215697,374000000.0,0.0007219999999999999,6.48
1.3174082100391389,0.5998283743858338,4.954355791211129e-06,1394.1170945763586,138000000.0,0.00020699999999999996,8.17
1.6651244759559634,0.6571069926023484,2.9607976675033576e-06,1205.3846865892408,160000000.00000003,0.000396,7.09
1.6119918912649156,0.8774622470140458,3.0444204509258276e-06,826.6819566488265,239000000.0,0.00125,6.5
1.560489146411419,0.7364145018160344,5.146624252200127e-06,1417.0582145452497,165000000.0,0.000864,12.4
1.6059155702590944,0.6295770406723024,4.327502846717835e-06,1319.294862449169,152999999.99999997,0.00038400000000000006,9.03
1.6432652771472933,0.8714686989784242,9.076009809970857e-06,522.8411704301833,431000000.0,0.00328,10.48
1.5413467749953271,0.6184230566024781,4.60801661014557e-06,1691.1765299737451,122000000.00000004,0.00030899999999999987,10.36
1.574495503306389,0.6967483073472978,8.01673448085785e-06,1636.2873110920189,163000000.0,0.0009050000000000001,14.829999999999998
1.4652935810387135,0.7909435540437699,4.384787410497666e-06,646.5659588575362,327000000.0,0.00101,5.9
1.6970343947410584,0.6484557062387467,7.110573574900628e-06,2930.263757705688,96300000.0,0.000539,16.1
1.387687075138092,0.6045607298612595,7.441123425960542e-06,2584.323167800903,92500000.0,0.000279,14.23
1.6080856740474703,0.7556994136422873,8.03339770436287e-06,1134.0962275862692,223999999.99999997,0.00142,13.6
1.500867847725749,0.8269680351018907,5.010089188814164e-06,824.316918849945,263000000.00000003,0.00142,9.53
1.4190670698881152,0.6475761026144028,8.26184356212616e-06,1627.345925197005,148000000.0,0.0005149999999999999,13.56
1.5547054633498194,0.7471443263813854,5.0157368481159215e-06,644.7977125644683,319000000.0,0.000979,6.93
1.4885375238955023,0.6977356463670731,5.748418107628823e-06,912.3879969120024,228000000.0,0.0007309999999999999,9.66
1.6027121633291246,0.8005005821585656,6.992242731153966e-06,1027.47406065464,240000000.0,0.0016800000000000003,12.649999999999999
1.3243126988410951,0.6057323724031449,8.433762133121492e-06,2897.777661681175,85999999.99999999,0.000255,14.92
1.2412215292453768,0.6669124335050584,8.512160122394564e-06,1111.2743169069288,201000000.0,0.000565,12.2
1.4855519257485867,0.731446646153927,5.446947902441025e-06,1088.666722178459,203000000.0,0.0008459999999999997,10.91
1.4443629384040835,0.8389548629522324,2.8848288059234625e-06,919.6856170892714,214000000.00000003,0.0009180000000000001,7.08
1.5717218846082688,0.6383259594440461,9.51742658019066e-06,2791.871160268783,103999999.99999999,0.000502,16.48
1.356567281484604,0.6914224237203599,8.789878636598588e-06,1430.7917580008505,177000000.0,0.000726,14.23
1.4012325167655946,0.7197912074625493,7.386488601565362e-06,609.361782670021,333000000.0,0.001,8.95
1.764243257045746,0.7071737810969353,7.1058617681264885e-06,2615.0033921003337,116999999.99999997,0.0008589999999999998,16.31
1.4048818141222001,0.7771308436989784,8.020090907812119e-06,606.9696247577666,348000000.0,0.00154,10.33
1.6169944524765016,0.8355366736650468,2.990841746330262e-06,1316.8841525912283,160000000.00000003,0.00102,9.6
1.2435738444328308,0.7156444139778615,9.689407944679261e-06,675.5846291780471,309000000.0,0.00102,11.55
1.4054110497236254,0.7185468122363091,5.19873857498169e-06,1432.9663962125776,160000000.00000003,0.000651,12.15
1.7770026862621309,0.7550963580608369,8.033918201923371e-06,1670.0313817709682,178000000.00000003,0.0014700000000000002,15.279999999999998
1.6093647837638856,0.6395645320415497,5.765045970678331e-06,2446.5690106153484,101000000.0,0.0004449999999999999,14.4
1.4939071459695699,0.676118503510952,7.541042581200601e-06,1449.4082443416116,168999999.99999997,0.0007070000000000001,13.41
1.5478492453694346,0.7047289788722992,5.399123877286912e-06,2320.487715303898,111999999.99999999,0.000613,14.65
1.410544815659523,0.6982135221362115,4.687146842479707e-06,667.7258312702178,307000000.0,0.000617,5.46
1.4720611140131952,0.6288265407085419,5.8807007893919955e-06,2736.459702253341,89799999.99999999,0.0003349999999999999,14.43
1.4472460180521012,0.6133067071437837,3.553919136524201e-06,1987.298775464296,100000000.0,0.00021300000000000003,9.42
1.4115116000175478,0.9273342847824098,8.94277036190033e-06,131.4701437950133,767000000.0,0.00267,2.7700000000000005
1.5916588157415392,0.6281574368476869,7.810271665453913e-06,1013.1564289331435,210000000.0,0.0006280000000000001,10.790000000000001
1.5185266368091108,0.7202485218644142,6.530748315155507e-06,833.6193412542342,260999999.99999997,0.0009490000000000001,10.050000000000002
1.6914942741394043,0.6103320926427842,2.9781958460807808e-06,2855.4752022027965,71699999.99999999,0.0002080000000000001,10.950000000000001
1.5388578414916994,0.6972424328327179,7.1986526101827635e-06,1348.2147380709646,182000000.0,0.0008359999999999999,13.19
1.4478300958871844,0.7153493821620942,4.908451348543168e-06,2129.873253405094,116999999.99999997,0.0005679999999999999,13.85
1.6816759228706362,0.6906648561358453,9.563607126474383e-06,2335.2224305272102,134999999.99999997,0.0008889999999999999,16.64
1.5849662572145464,0.7489771341439337,3.1689430773258215e-06,670.1071858406066,324000000.0,0.0007250000000000001,2.6700000000000004
1.5067114071920515,0.7420004557818175,6.722293294966222e-06,723.1209725141524,296000000.0,0.00111,9.62
1.3639401733875276,0.7432663455605507,4.313809275627137e-06,1224.0589708089826,177000000.0,0.000666,10.45
1.3267323195934297,0.7355832964181901,2.930772781372071e-06,858.8809072971343,229000000.0,0.0004830000000000001,5.1
1.570608660578728,0.6504598706960679,7.115046098828317e-06,2388.72329890728,111000000.0,0.000527,15.24
1.5228813394904137,0.6474381834268571,7.897719115018845e-06,500.92744827270496,387000000.0,0.0008319999999999998,7.08
1.5446268394589426,0.6835748434066773,3.8101270198822026e-06,1207.072243094444,168000000.0,0.0005000000000000001,8.94
1.2567945241928102,0.6024247616529466,3.923809319734574e-06,2745.4186528921123,72100000.0,0.00012700000000000005,10.73
1.6027794599533083,0.8264480620622635,5.913325659930707e-06,2201.250821352005,492000000.0,0.0010500000000000002,0.09000000000000044
1.2758627593517304,0.7751824513077736,3.033696532249451e-06,1721.7037705704568,125000000.00000001,0.000508,10.57
1.4697182312607766,0.763039654120803,8.069096952676775e-06,713.6024087667464,309000000.0,0.00148,11.22
1.5268746413290502,0.7461266778409482,7.82720546424389e-06,822.0526874065398,274000000.0,0.0013199999999999998,11.62
1.5068880664184692,0.7393442451953889,5.400157988071442e-06,474.1506576538085,376000000.0,0.00101,6.22
1.4459757149219514,0.7943582519888879,7.94776386022568e-06,617.7905499935149,350000000.0,0.00171,10.43
1.4208018511533738,0.6982387036085129,7.508972421288491e-06,612.9237562417983,329000000.0,0.0009109999999999999,8.72
1.3632217705249787,0.6361643135547639,7.626576602458955e-06,1888.6822946369646,126000000.00000001,0.0004009999999999999,13.61
1.5341258078813553,0.6727074891328813,4.246651738882066e-06,1980.2460744976995,113999999.99999999,0.0004430000000000001,12.4
1.3891239255666734,0.7609413295984269,4.423953026533128e-06,1072.5465714931486,200000000.0,0.000789,9.91
1.6633397161960604,0.8879608422517777,3.022952795028687e-06,903.77639234066,217000000.00000003,0.00134,7.35
1.4946678511798384,0.7284432314336301,5.159072697162629e-06,1887.4593470245597,132999999.99999997,0.0006980000000000002,13.66
1.6538652420043947,0.7091079488396645,5.977549165487291e-06,2421.4703887701035,114999999.99999997,0.000743,15.4
1.3749411821365358,0.8545273303985597,3.094408035278321e-06,2264.887310564518,184000000.0,0.0006710000000000002,6.13
1.3338111340999605,0.7822623610496522,3.0274171829223637e-06,2140.852726995945,107000000.00000001,0.0005349999999999999,11.85
1.4465521931648255,0.6880658894777298,8.199468553066256e-06,1443.6448290944097,174000000.0,0.000763,13.95
1.5850749224424363,0.7530982928350568,6.7365416288375864e-06,1259.671665728092,197000000.00000003,0.00118,13.16
1.2540399670600892,0.598831057548523,2.975967407226563e-06,1866.2977982312439,97799999.99999999,0.0001090000000000001,6.42
1.559224596619606,0.7755662307143212,6.627483725547791e-06,1076.6376852989195,223999999.99999997,0.00133,12.34
1.4033938497304919,0.6812574818730355,8.632022678852082e-06,2115.5386343598366,131999999.99999999,0.000583,15.37
1.6455841541290284,0.680089670419693,6.528597064316274e-06,2484.527632594108,111000000.0,0.000649,15.599999999999998
1.5017504889518023,0.7941827550530435,5.072416841983796e-06,567.3010945320128,347000000.0,0.00127,7.02
1.5623863846063615,0.8687432080507279,4.461321204900743e-06,773.7740427255629,274000000.0,0.00165,8.47
1.4251745939254763,0.8235236540436746,6.678215026855469e-06,1760.4253273457286,508000000.00000006,0.0010800000000000002,2.0699999999999994
1.5478897243738177,0.663291147351265,4.802612394094468e-06,2281.2300100922585,103999999.99999999,0.0004379999999999999,13.53
1.69329509139061,0.748753775143996,5.055124431848527e-06,2129.3077170848846,126000000.00000001,0.000913,14.46
1.2877255976200106,0.6027547895908356,3.9111811518669135e-06,1972.1506647765634,98700000.0,0.00016200000000000006,8.98
1.565652032196522,0.7342776987701655,9.839656710624696e-06,1208.6915895342825,223000000.0,0.00137,14.68
1.3021210670471193,0.6439016461372377,4.41882023215294e-06,637.39675283432,295000000.0,0.00032799999999999995,3.2699999999999996
1.402017840743065,0.615058520436287,3.900342494249344e-06,1030.0166457891462,183000000.0,0.000246,5.29
1.4973123433068396,0.60844746530056,7.189561009407044e-06,2904.5745283365245,86700000.00000001,0.000312,14.989999999999998
1.5710927814245226,0.633552360534668,6.34142983146012e-06,1309.3564584851263,166000000.0,0.000523,11.38
1.7178405940532686,0.8203212082386018,4.048522621393205e-06,1655.909467488527,147000000.0,0.00119,12.41
1.4864306140691044,0.8160788744688035,8.137428581714631e-06,541.498839855194,425000000.0,0.00199,8.74
1.4296610087156296,0.6222892999649048,4.5862754583358775e-06,1124.1957098245618,173000000.0,0.00030200000000000013,7.48
1.7826876282691957,0.7845278330147267,3.959601819515229e-06,2400.4174321889877,110000000.0,0.000954,14.05
1.7586202561855317,0.7097298011183739,6.074064381420613e-06,2786.11908853054,105000000.00000003,0.0007640000000000001,16.05
1.61009379029274,0.645237135887146,5.761852316558362e-06,2763.436764478683,93499999.99999999,0.0004470000000000002,15.01
1.6369332969188692,0.8281972736120224,3.846756279468537e-06,1515.3364203870294,155000000.0,0.00114,11.6
1.5162027575075627,0.8420637130737305,6.006574466824532e-06,1201.7713040113447,414000000.0,0.00131,4.58
1.4721888944506647,0.659024977684021,8.165964990854264e-06,918.5448586940764,236000000.00000003,0.0007330000000000001,10.97
1.5665217205882074,0.65892753303051,2.997283816337586e-06,2269.3207040429115,92700000.00000003,0.00030500000000000004,10.9
1.4775252275168897,0.650099015235901,6.954572215676308e-06,2523.958265781402,103999999.99999999,0.00045399999999999987,15.18
1.663580632209778,0.6074078053236008,2.931724071502686e-06,1780.0507759675381,109000000.00000001,0.0002339999999999999,7.95
1.3269277095794678,0.8403988480567933,9.35188686847687e-06,965.2990400791167,796000000.0,0.00158,0.5699999999999998
1.405096819996834,0.5984964072704315,3.0266953706741337e-06,1285.8642935752866,139000000.0,0.0001589999999999999,4.7
1.4855581127107145,0.6769498765468598,6.701693117618562e-06,1228.8024201989172,184000000.0,0.0006760000000000002,11.98
1.6161632090806963,0.7600024603307248,4.850884526968003e-06,1518.8482142984865,157000000.0,0.000967,12.68
1.6616169691085816,0.825212100148201,3.0011288225650795e-06,1601.5904601663349,138000000.0,0.0009809999999999999,10.73
1.333610683679581,0.6014960289001465,5.792224287986756e-06,2513.1434500217433,86700000.00000001,0.00020600000000000007,12.59
1.3940071910619738,0.6292839825153351,9.169455081224443e-06,808.7436407804488,251999999.99999997,0.000545,9.700000000000001
1.8057966828346255,0.7460705062374473,5.949332982301713e-06,2431.1795383691783,123000000.00000003,0.00103,15.66
1.4243764489889146,0.7233006142079831,5.1974448412656794e-06,1594.630993902683,149000000.0,0.0006620000000000002,12.78
1.42411447763443,0.6949032962322236,5.139789357781411e-06,1999.124355614185,121000000.0,0.0005149999999999999,13.49
1.540739093720913,0.8662433356046677,4.051042914390565e-06,835.7660770416259,250000000.0,0.00143,8.33
1.2699870944023133,0.6026182025671005,3.950699329376221e-06,1591.3269594311712,119000000.0,0.0001679999999999999,7.6
1.6546354830265046,0.7409141801297665,9.05575129389763e-06,1297.392092645168,210000000.0,0.00143,14.72
1.3446941435337068,0.6952419921755791,9.965348839759828e-06,1836.0687531530855,159000000.00000003,0.0007030000000000001,15.45
1.6730187714099884,0.8847277253866197,3.941818326711655e-06,565.2100890874862,329000000.0,0.00178,5.99
1.7024395287036898,0.7721080854535104,5.025373563170434e-06,1685.877895914018,149999999.99999997,0.00109,13.44
1.2915350675582886,0.6037011623382569,8.185070902109147e-06,505.1327049732207,358000000.0,0.00036099999999999994,4.46
1.5965794533491136,0.817218679189682,2.987443804740906e-06,1317.5015076994894,159000000.00000003,0.000935,9.540000000000001
1.5114150635898114,0.7517704684752972,9.869651556015016e-06,587.2672349214553,366000000.0,0.00181,11.6
1.6765803694725039,0.9024089097976685,3.95620158314705e-06,928.4240305423735,232000000.0,0.00181,9.15
1.5110448203980924,0.7024135798215867,7.02478837966919e-06,1552.424982190132,164000000.0,0.0007950000000000001,13.85
1.503739248029888,0.6663741052150727,4.65429186820984e-06,2081.5764665603638,111000000.0,0.00042800000000000005,12.92
1.484900899976492,0.6593640089035034,9.815037071704866e-06,2416.983798146248,121000000.0,0.00058,16.22
1.2716619908809663,0.6615312516689301,8.301284968852998e-06,1233.5903868079183,183000000.0,0.0005069999999999999,12.04
1.7122410893440247,0.8865195572376252,7.932237699627877e-06,599.0359485149382,366000000.0,0.0031200000000000004,10.91
1.2419265389442444,0.6932480067014695,9.803285717964173e-06,1729.2439397424457,165000000.0,0.000635,14.98
1.5235913269221784,0.7127183094620705,2.963382005691529e-06,1604.797115549445,129000000.0,0.0004780000000000001,9.82
1.424197715520859,0.8029908567667008,4.248115599155427e-06,687.6382529735564,312000000.0,0.00098,5.91
1.425519083440304,0.6929043665528298,8.857510149478913e-06,1429.2505681514738,179000000.00000003,0.000816,14.41
1.5418623536825182,0.6258094668388368,3.6896713674068456e-06,1404.6030789613721,141000000.00000003,0.00031,8.19
1.696782571077347,0.6979121446609498,7.084363289177419e-06,2390.668496489525,122000000.00000004,0.000809,15.94
1.3928479850292208,0.7825385838747025,2.957388877868653e-06,1424.0018948912618,147000000.0,0.0006469999999999999,9.66
1.4566491141915323,0.8436185628175736,4.105834305286408e-06,512.1369957923888,369000000.0,0.0012899999999999997,5.05
1.5519948586821557,0.7337998397648335,4.807988539338112e-06,1738.840161822736,139000000.0,0.0007569999999999999,13.11
1.4152892321348192,0.7945310354232789,3.95755696296692e-06,1162.9799678921697,187999999.99999997,0.0008709999999999999,9.9
1.3411852955818178,0.735534466803074,9.185961216688158e-06,599.8849421739577,354000000.0,0.00134,10.78
1.4956929607316853,0.6507332682609559,4.1058399379253395e-06,2524.8247683048244,89200000.0,0.0003129999999999999,12.84
1.7889621376991274,0.9100385785102845,6.021932430565358e-06,449.1748213768004,400000000.0,0.00308,8.1
1.497183033451438,0.648663604259491,8.287679851055147e-06,1118.4998154640195,201000000.0,0.000675,12.03
1.4770312115550042,0.7648771852254869,7.160618111491204e-06,722.4034816026686,300000000.0,0.00134,10.45
1.4472493663430215,0.6416296094655991,4.214917242527008e-06,2436.196386814117,90299999.99999999,0.00027799999999999987,12.4
1.7421321451663971,0.818265898525715,6.980820573866368e-06,1037.9069596529005,240000000.0,0.00202,12.85
1.3187698781490327,0.6500209987163544,7.983260333538057e-06,1831.6337857395408,132999999.99999997,0.00043399999999999987,13.83
1.3298242449760438,0.6487208425998688,9.21405264735222e-06,2789.3657535314555,101000000.0,0.00039300000000000007,16.12
1.5817979693412783,0.6714255899190903,8.213824689388276e-06,2505.393505096435,115999999.99999997,0.0006299999999999998,16.11
1.2629415035247804,0.6884634777903558,8.703835904598237e-06,1324.8443156480787,184000000.0,0.000658,13.71
1.7099941670894625,0.8425887376070024,4.992487505078317e-06,1136.6989016532896,208999999.99999997,0.00172,11.51
1.5576386466622354,0.6749278217554093,3.814942300319672e-06,2643.0484950542445,88600000.00000001,0.0004009999999999999,13.4
1.426973381638527,0.686702571809292,7.73238603770733e-06,722.0913767814635,290000000.0,0.000857,9.69
1.43136425614357,0.8052286952733995,2.9772458076477057e-06,1291.0473272204397,162000000.00000003,0.0007680000000000001,9.250000000000002
1.4036788880825044,0.6492110431194306,8.025886476039888e-06,2557.140097022056,106000000.00000003,0.00043900000000000005,15.58
1.4769209526479246,0.8314403325319291,5.124463051557541e-06,617.7742332220076,329000000.0,0.00151,7.799999999999999
1.401651594042778,0.6032905340194703,7.29239557683468e-06,2138.319306075573,107000000.00000001,0.000299,13.34
1.4448872432112696,0.6131022334098817,5.570463225245476e-06,1210.3459537029264,166000000.0,0.00033400000000000004,9.08
1.646680498123169,0.7359034124761821,5.431006804108621e-06,2079.965800046921,129000000.0,0.000864,14.55
1.790824717283249,0.8016740441322328,4.962681248784066e-06,1832.085747271776,147000000.0,0.00131,13.88
1.5461929500102998,0.895610672235489,7.126955062150956e-06,503.099888563156,414000000.0,0.00267,8.79
1.5901569575071337,0.7511908773332835,5.131781205534936e-06,1415.437117218971,167000000.0,0.0009589999999999999,12.5
1.2703162729740145,0.6006115078926086,3.0317904055118567e-06,2815.2870684862132,66700000.000000015,0.00010100000000000002,9.29
1.5519300609827043,0.7584675511345268,6.8027056828141225e-06,987.5611513853072,236000000.00000003,0.00124,11.84
1.4886308256536724,0.6843407750129701,6.9117358922958385e-06,684.5663785934447,294000000.0,0.0007900000000000001,8.54
1.4617867022752764,0.7251551695168019,8.039145499467852e-06,824.0459412336348,273000000.0,0.00114,11.48
1.4749197967350485,0.8598848998546601,9.140876948833467e-06,536.792829632759,431000000.0,0.0027300000000000002,10.29
1.6371547043323518,0.68499965518713,7.291613787412645e-06,2320.7478150725365,122000000.00000004,0.000726,15.78
1.5351751059293748,0.8238616079092026,2.959686160087586e-06,1184.5130026340482,170999999.99999997,0.0008889999999999999,8.55
1.4249979436397553,0.6423292636871338,7.482948899269105e-06,1908.3424583077428,127000000.00000001,0.000453,13.86
1.3480714559555056,0.7908549517393113,4.056480705738068e-06,806.3134104013442,271000000.0,0.0007879999999999999,6.1
1.4415864273905756,0.8069621667265893,2.902280807495118e-06,999.1739988327025,195000000.0,0.000783,7.52
1.6063144952058794,0.7698872186243535,5.913972318172456e-06,1334.4060555100439,185000000.0,0.00119,12.96
1.4152586728334429,0.6449595093727113,7.3427933007478726e-06,2010.3349462151525,122000000.00000004,0.0004449999999999999,14.08
1.6166946709156038,0.6421307355165482,5.044812634587289e-06,2829.4479399919505,88200000.0,0.00040299999999999993,14.55
1.5255906075239183,0.6749340265989304,8.604396462440491e-06,2344.47567909956,123000000.00000003,0.000626,15.9
1.422522094845772,0.649145981669426,5.02313406765461e-06,1977.1192893385885,112999999.99999999,0.00035800000000000003,12.47
1.6787891149520875,0.8845364391803743,4.076041400432587e-06,465.67964553832996,373000000.0,0.00186,5.26
1.210745519399643,0.6982238709926606,9.727397799491884e-06,1082.461208105087,220000000.0,0.0007749999999999999,13.579999999999998
1.2178926050662995,0.6027611643075943,9.561845779418947e-06,614.3331080675124,309000000.0,0.00036200000000000007,6.77
1.4752680882811549,0.6143150478601456,3.6879383921623235e-06,2858.932718634605,73500000.0,0.0001970000000000001,11.91
1.5395341694355011,0.6262995421886445,3.6768222749233254e-06,1311.0287785530088,149999999.99999997,0.00031400000000000004,7.719999999999999
1.4703994743525983,0.6391873240470887,3.363055288791657e-06,2694.416671991348,78600000.00000001,0.0002300000000000001,11.84
1.6056892812252046,0.7254945293068886,6.241692498326303e-06,1606.6132225096223,159000000.00000003,0.0009300000000000003,13.85
1.5065346674993636,0.7334377225488425,6.9548243805766116e-06,837.8397226333617,264000000.00000003,0.0010800000000000002,10.75
1.4191506654024126,0.6868832275271416,7.753689512610436e-06,614.9636507034301,330000000.0,0.000886,8.75
1.5970384597778322,0.6919828087091446,8.920941174030305e-06,1731.6068541258571,160000000.00000003,0.000939,15.49
1.5803110778331757,0.8336455911397934,6.917996779084207e-06,614.7010922431945,348000000.0,0.00215,10.0
1.6604682862758637,0.7297410473227501,5.801163598895074e-06,2181.385338306427,127000000.00000001,0.0008669999999999999,14.989999999999998
1.3274176597595215,0.5985498368740082,3.0022177994251255e-06,1573.1290094554422,114999999.99999997,0.00013199999999999998,5.7
1.4962775822728873,0.880637589097023,4.164575010538102e-06,494.831085205078,373000000.0,0.00155,5.14
1.3783816248178484,0.7887409865856171,2.9570421576499946e-06,1394.755683839321,149999999.99999997,0.0006599999999999999,9.59
1.5615853741765024,0.6501140177249909,7.044792696833611e-06,497.85661697387684,381000000.0,0.000756,6.3
1.2858367681503298,0.6064884960651398,8.891667515039445e-06,626.8156617879866,309000000.0,0.00039000000000000016,6.51
1.7744561970233919,0.7043796211481095,6.193816762417555e-06,2920.071586966514,101000000.0,0.0007399999999999999,16.28
1.388185188174248,0.6308161944150925,9.016944080591203e-06,749.325782060623,270000000.0,0.0005220000000000001,8.66
1.3730897247791292,0.7032773181796075,3.2601267397403725e-06,2696.0043907165523,84900000.0,0.000341,12.92
1.47107517644763,0.6340988785028459,5.0600902289152155e-06,2434.805735945701,93999999.99999999,0.00031600000000000004,13.27
1.4225139766931536,0.6006034791469574,6.0912565514445314e-06,1671.2322197854517,125000000.00000001,0.00028399999999999996,11.15
1.5635689929127694,0.7923765644431114,2.989214539527894e-06,1303.062207996845,158000000.0,0.0008170000000000001,9.3
1.5055188970640303,0.6270818442106247,3.56702733039856e-06,2331.9545313715935,89000000.00000001,0.00023999999999999995,11.03
1.7287552893161775,0.796419744193554,5.021374702453614e-06,1618.4636969119308,158000000.0,0.00126,13.32
1.5055925918743016,0.6952193319797516,9.982003509998323e-06,2093.143306672573,145000000.0,0.0008059999999999999,16.21
1.5393121317029002,0.667884224653244,6.561511807143689e-06,1992.7423931658266,127000000.00000001,0.0005780000000000001,14.28
1.4027600437402727,0.74779887101613,9.277654111385346e-06,579.0123641490935,368000000.0,0.00153,10.83
1.5765680372714999,0.644272792339325,4.070688098669053e-06,2915.4759943485255,81300000.00000003,0.00033600000000000004,13.73
1.5414159625768662,0.6193611055612565,3.93451863527298e-06,1416.853882372379,140000000.0,0.000301,8.36
1.5609872817993165,0.8087195500731469,4.910857215523721e-06,1164.2829999327657,200000000.0,0.00125,11.38
1.457048110663891,0.7456870034337044,7.310453400015832e-06,726.1424064636229,299000000.0,0.0011999999999999997,10.340000000000002
1.5407657638192178,0.6132321953773499,3.8034058213233956e-06,1975.1252718269823,102999999.99999999,0.00025000000000000006,10.01
1.4167435437440874,0.7208810046315194,7.081738218665124e-06,2068.6871111392975,388000000.0,0.0006190000000000001,3.3199999999999994
1.2478940069675446,0.7617021404206753,3.0019778907299047e-06,1321.1770653724668,153999999.99999997,0.00048199999999999995,8.83
1.518531180918217,0.6518757373094559,5.862929448485376e-06,1112.935051321983,187999999.99999997,0.0005409999999999999,10.19
1.6313620358705523,0.7367322809994221,4.1344635486602794e-06,2688.5421872138973,96500000.00000003,0.000646,14.57
1.4410117596387864,0.8359187990427018,8.492247074842454e-06,905.9022665023803,556000000.0,0.00155,4.17
1.5682394206523897,0.7546189282089473,5.792262412607671e-06,629.8962533473967,326000000.0,0.00114,7.92
1.639971908926964,0.7655685391277075,6.045600727200509e-06,1449.822925031185,175000000.0,0.00119,13.49
1.4507793277502061,0.6945352748036385,9.096910029649736e-06,1761.6125517524777,156000000.0,0.0007569999999999999,15.19
1.4271264463663103,0.6618795901536942,3.0259658396244053e-06,1313.726335763931,147000000.0,0.0003039999999999999,7.1899999999999995
1.4444481477141382,0.6757367447018624,5.497241526842118e-06,1395.7203105092046,158000000.0,0.0005400000000000001,11.66
1.6158928602933884,0.6069588124752046,3.0143680274486548e-06,2852.7411371469493,70500000.00000001,0.00018200000000000006,10.67
1.673221653699875,0.7850568920373917,5.052964940667153e-06,1506.8049281835554,164000000.0,0.00117,12.93
1.605216380953789,0.7159542582929135,7.94797956943512e-06,1510.6163658201692,177000000.0,0.0010699999999999998,14.64
1.3986101746559145,0.6065464228391648,4.739402294158936e-06,2606.3842624425884,82199999.99999999,0.00020699999999999996,12.2
1.5391194060444833,0.618411085009575,4.621561646461487e-06,1779.0349731221793,116999999.99999997,0.0003039999999999999,10.68
1.3726516753435136,0.7293300636112691,9.975828468799592e-06,1031.397759914398,246000000.0,0.00118,13.79
1.562836790084839,0.7634775638580323,8.886184871196748e-06,817.9109841585158,290000000.0,0.00171,12.649999999999999
1.7407630026340486,0.6067854702472687,2.9585834145545966e-06,1477.7298010885713,130000000.0,0.000277,7.07
1.4295210644602776,0.6704201459884644,5.5511328428983695e-06,796.2892502546309,242999999.99999997,0.0005790000000000002,8.24
1.3439268171787264,0.5974093794822694,2.9973234534263616e-06,2043.4106066823003,90900000.00000001,0.00012700000000000005,7.5
1.462238484621048,0.7568594360724092,4.029395431280137e-06,1536.6824269294736,147000000.0,0.000726,11.75
1.6150069355964662,0.8316397100687027,2.94564962387085e-06,1267.838507890701,162000000.00000003,0.000989,9.29
1.4517188519239428,0.7543998347595334,7.415176883339883e-06,712.8369361162185,304000000.0,0.00128,10.46
1.2610162854194642,0.6018445998430253,4.816143244504929e-06,2602.1794527769084,79500000.00000001,0.0001530000000000001,11.53
1.5886357069015504,0.7108764946460725,7.280547320842744e-06,1198.4747946262357,201000000.0,0.000982,12.82
1.2512207150459291,0.6018084794282914,7.689908012747765e-06,1591.2172868847845,131999999.99999999,0.00024800000000000007,11.26
1.411599612236023,0.6728589445352555,3.266279041767121e-06,1026.0226130485532,186999999.99999997,0.0003640000000000001,6.32
1.5649951726198197,0.6836162567138673,5.2829556018114096e-06,2442.5114244222636,103999999.99999999,0.000532,14.59
1.7273195385932925,0.8869459301233292,3.8060773611068733e-06,554.8492372035979,326000000.0,0.00188,6.05
1.6075807839632035,0.6433180868625642,4.241290092468262e-06,1856.436777859926,115999999.99999997,0.000389,11.5
1.4387992322444918,0.7445028305053711,9.912791311740877e-06,804.2148053646087,296000000.0,0.00149,12.93
1.5391880482435227,0.7001784771680832,3.673877030611039e-06,2271.386004984379,101000000.0,0.0004720000000000001,12.77
1.6385979115962983,0.8844847798347474,4.9927841573953635e-06,857.1332991123198,264000000.00000003,0.00204,9.87
1.2104898512363436,0.7003105893731117,9.870261132717135e-06,798.2575446367263,277000000.0,0.00086,12.08
1.4473783135414124,0.6429221838712693,9.233323991298677e-06,2629.500657320022,107000000.00000001,0.0004610000000000001,16.09
1.222793072462082,0.8917265295982362,9.50044083595276e-06,336.8132114410399,737000000.0,0.00214,3.62
1.396590480208397,0.7278836980462075,4.759203836321832e-06,1531.958647072315,149999999.99999997,0.0006339999999999999,12.22
1.7369308054447175,0.6454314351081849,9.30377432703972e-06,2852.2852361202235,107000000.00000001,0.000626,16.78
1.6591240704059602,0.8175975054502488,2.9576867818832405e-06,2028.5872295498846,114999999.99999997,0.0008689999999999999,11.81
1.3338951766490938,0.6001088976860047,5.844929933547974e-06,2329.754002392292,92300000.00000001,0.00021000000000000012,12.2
1.3955549597740176,0.6030507892370225,5.802087351679803e-06,904.4923931360244,208999999.99999997,0.0003039999999999999,6.91
1.3750763297080995,0.704111896455288,3.2747323811054236e-06,2621.4784681797023,86800000.0,0.00034600000000000017,12.79
1.4543110728263857,0.6163230568170548,7.1687900274992e-06,1015.5392736196517,200000000.0,0.0004269999999999999,9.42
1.268014043569565,0.6074828535318375,9.175317615270616e-06,478.29437255859364,366000000.0,0.0004379999999999999,5.99
1.5836508750915528,0.6362767696380616,8.342948555946352e-06,1913.9203913509843,133999999.99999997,0.000563,14.57
1.2473893940448761,0.599254059791565,4.973266959190369e-06,1766.9806950725613,111000000.0,0.0001679999999999999,9.29
1.359202989935875,0.6162485003471375,8.786631733179093e-06,2722.805321216583,94800000.0,0.000321,15.309999999999999
1.5146139845252038,0.6036369770765305,2.993935942649842e-06,2598.8322049379344,75499999.99999999,0.00016299999999999995,9.77
1.597695404291153,0.8859119921922685,7.018223434686662e-06,655.2797853946685,354000000.0,0.0026,10.09
1.2243409216403962,0.6764429926872254,9.172418892383577e-06,1645.2339496463535,157000000.0,0.000536,14.39
1.445956063270569,0.8365829765796662,3.94777661561966e-06,942.5618797540664,223999999.99999997,0.00111,8.79
1.6223630726337435,0.6485806167125703,1.012040537595749e-05,2777.622893452644,109000000.00000001,0.0005930000000000001,16.94
1.4022221982479097,0.7302988506853582,4.1525003015995034e-06,1029.6043306589124,201000000.0,0.000639,8.99
1.6078512221574786,0.7794168569147587,3.8004311621189122e-06,2010.6540545821188,121000000.0,0.00082,12.91
1.7147634923458102,0.8010004743933679,5.017744779586792e-06,1535.4444384574888,164000000.0,0.0012899999999999997,13.06
1.624893119931221,0.7632342986762525,4.016774356365204e-06,2235.086627304554,112999999.99999999,0.0007810000000000002,13.7
1.5916450291872026,0.6325440019369126,4.859805271029473e-06,2584.2362940311427,90900000.00000001,0.0003550000000000001,13.67
1.7128960311412813,0.6952248662710191,8.071080267429354e-06,2292.5801873207092,130999999.99999999,0.000886,16.23
1.6879571020603181,0.8985371857881547,7.122141346335412e-06,519.8763608932494,404000000.0,0.0029999999999999996,9.15
1.40397107899189,0.6473670691251755,5.613244056701661e-06,1884.9346339702604,120000000.0,0.00038200000000000007,12.7
1.5874507158994675,0.7677727974951268,5.77004598081112e-06,1281.041197478771,188999999.99999997,0.00115,12.58
1.6245667576789857,0.8463610500097275,1.0006470859050752e-05,663.2864773273467,380000000.0,0.0030299999999999997,12.08
1.6846083462238313,0.6751356437802315,7.640690535306932e-06,2797.6585477590556,107000000.00000001,0.000664,16.45
1.6072621107101441,0.7094029292464257,7.702735826373101e-06,1114.0045821666715,214000000.00000003,0.0010500000000000002,12.75
1.494423475675285,0.7508796157781036,4.012617886066437e-06,1707.5621169060466,134999999.99999997,0.0006980000000000002,12.25
1.403245809674263,0.7988798931241036,3.971440583467484e-06,1060.8274787664411,203000000.0,0.0008899999999999998,9.32
1.4010897248983385,0.7980995267629624,2.854507684707642e-06,904.4009745121001,212000000.0,0.0007200000000000002,6.72
1.6218042701482773,0.787766906619072,9.426800966262819e-06,849.8996794223784,294000000.0,0.00209,13.23
1.4592820510268212,0.663782697916031,3.3366037905216223e-06,1392.1959623694418,143000000.00000003,0.000354,8.46
1.6267559587955476,0.7873483076691629,6.730056636035443e-06,1235.4240864515302,205999999.99999997,0.00148,13.34
1.6530287504196168,0.8134227052330971,5.995066776871682e-06,1143.9146772027013,214000000.00000003,0.00162,12.48
1.7146787345409396,0.837653723359108,3.0141402184963233e-06,1906.2363188713787,123000000.00000003,0.00102,11.67
1.3281333804130555,0.5985049724578858,4.995328232645989e-06,1773.8692737184463,111999999.99999999,0.0001970000000000001,9.68
1.6466602742671967,0.6867284953594208,8.368955075740815e-06,2446.327686309814,123000000.00000003,0.00076,16.33
1.5205381706357004,0.6420687496662141,4.933878228068353e-06,1591.6691832244394,134999999.99999997,0.0004099999999999999,11.31
1.368425551056862,0.7427725017070771,4.262026339769364e-06,1320.2844485640524,166000000.0,0.0006529999999999999,10.91
1.482656279951334,0.83818778693676,8.284319460391999e-06,546.8695163726806,412000000.0,0.00226,9.63
1.50717332046479,0.8958177566528321,3.1014519631862644e-06,1874.7837673872707,203000000.0,0.0009459999999999999,5.86
1.5958195209503174,0.6845887899398805,7.968646451830865e-06,1100.4782766103742,213000000.0,0.000939,12.61
1.4028082251548768,0.7924182057380676,3.984403997659684e-06,1110.489025712013,195000000.0,0.000863,9.65
1.5476416379213334,0.6516533911228181,3.0285664498806007e-06,2621.162414550781,80600000.0,0.00025900000000000006,11.58
1.4202375769615174,0.6190775781869888,7.972862586379053e-06,2694.6819126605983,95399999.99999999,0.00034600000000000017,15.18
1.3073394656181336,0.6518953621387482,8.218326210975648e-06,1532.1762226521967,152999999.99999997,0.0004610000000000001,13.01
1.4938266031444074,0.7174065023660661,3.670976847410203e-06,1158.4199145436285,177000000.0,0.000574,8.83
1.5928637087345126,0.7787902437150479,8.974544286727907e-06,794.8250621557235,302000000.0,0.00194,12.62
1.7199432313442231,0.914116805791855,8.437851011753084e-06,517.5482779741286,391000000.0,0.00372,10.91
1.6517768740653993,0.7326969087123871,7.704708606004716e-06,1561.0117577016351,175000000.0,0.00118,14.79
1.4788593336939813,0.6691556006669999,6.3659719042480005e-06,1412.9801020026205,162000000.00000003,0.0005930000000000001,12.35
1.4261297017335892,0.6003892958164215,3.047297269105912e-06,2747.9350864887233,70399999.99999997,0.00013899999999999994,9.84
1.7311390578746797,0.6591250330209732,2.9693309068679815e-06,1073.9327520132063,175000000.0,0.00045399999999999987,6.69
1.7005568325519562,0.7502002387773247,6.113254822790623e-06,1737.9971425980327,153999999.99999997,0.00111,14.34
1.5931663781404497,0.7250468529760838,5.840119555592538e-06,1761.4440568722782,146000000.0,0.0008520000000000001,13.97
1.4968158077448608,0.7199510604143143,2.9709122180938727e-06,2288.567677140236,96899999.99999999,0.000435,11.91
1.644772642850876,0.8945526123046876,6.8286524340510375e-06,692.463845014572,335000000.0,0.00267,10.35
1.6831493318080903,0.8258122980594635,5.9797288402915014e-06,1044.336140155792,230000000.0,0.00182,12.08
1.3230801522731783,0.6030673116445542,3.956008821725846e-06,2834.951609373092,71299999.99999999,0.00014700000000000002,11.270000000000001
1.391736227273941,0.7384598471224308,3.3146857321262364e-06,994.1904544830321,199000000.00000003,0.000558,7.36
1.787619298696518,0.8000424474477769,5.883126527071e-06,1665.6649038195608,166000000.0,0.00149,14.17
1.3321669578552247,0.6010546267032624,7.660645306110383e-06,1771.444661542773,123000000.00000003,0.00028100000000000005,12.21
1.6475782334804536,0.8143815010786057,6.978537373244764e-06,930.7134449481963,258000000.0,0.00191,12.25
1.551047457754612,0.6189936697483063,3.970866888761521e-06,1703.412730246782,119000000.0,0.00028900000000000014,9.56
1.7145871102809906,0.6618627905845643,2.9897218942642217e-06,979.3710261583327,189999999.99999997,0.0004610000000000001,6.05
1.3106282114982606,0.693958805501461,9.316210567951203e-06,1736.4417640492318,159000000.00000003,0.0006519999999999998,14.94
1.5238763317465784,0.72210041731596,6.029394216835499e-06,1140.9835442900655,200000000.0,0.0008830000000000001,11.67
1.6848092436790467,0.8912002712488175,5.164790973067284e-06,490.4969334602355,386000000.0,0.00226,6.83
1.3545190751552583,0.6958081975579262,1.0017080664634707e-05,1612.0551545172927,173000000.0,0.000761,15.149999999999999
1.5667665973305704,0.7411545854061843,9.160789787769318e-06,1106.8840622901914,232000000.0,0.0013800000000000002,13.98
1.6293933480978013,0.8739180564880372,5.239000156521798e-06,663.8474315404891,321000000.0,0.00211,8.62
1.5966929733753206,0.728896649926901,5.545656353235245e-06,1976.8095687031744,132999999.99999997,0.0008139999999999999,14.31
1.6157554507255556,0.7720255315303803,6.003069974482061e-06,1356.1975508928297,184000000.0,0.00122,13.14
1.3322305083274844,0.607057973742485,3.766244381666184e-06,1593.0539667606351,120000000.0,0.00019199999999999992,7.76
1.4385184094309809,0.6880356431007386,4.5154698491096505e-06,1414.0996634960172,151999999.99999997,0.0005069999999999999,10.98
1.359827595949173,0.8075376749038697,2.940452992916108e-06,1126.4449283480642,180000000.00000003,0.000721,8.25
1.5473351284861565,0.6890825003385544,5.887725368142129e-06,721.6489613056182,280000000.0,0.0007709999999999998,8.1
1.4079609453678132,0.6046579599380494,7.530039742588998e-06,909.4167798757552,216000000.00000003,0.0003770000000000001,8.51
1.6956146836280823,0.7422461371868849,9.537132889032366e-06,1381.9732815027235,205000000.0,0.00151,15.27
1.4235297113657,0.6411315947771073,6.64656199514866e-06,1793.3625513687728,129000000.0,0.00042600000000000005,13.08
1.4414270371198656,0.6337003558874131,6.221011169254781e-06,2616.2826567888255,94499999.99999999,0.000354,14.509999999999998
1.5882196336984635,0.8827282547950746,3.0727989375591285e-06,738.0716800689696,269000000.0,0.00127,5.54
1.5455800965428355,0.6919880613684655,9.332477003335954e-06,2188.29295784235,137000000.0,0.0007709999999999998,16.1
1.6648955047130587,0.7985781714320184,3.0557577013969427e-06,2413.752183318138,101000000.0,0.000783,12.88
1.2381462514400483,0.645265406370163,9.09198981523514e-06,2605.9112250804897,103999999.99999999,0.0003550000000000001,15.69
1.5022842183709146,0.7757721394300462,4.988505750894547e-06,1150.3999233245847,198000000.00000003,0.00103,11.21
1.3657534003257752,0.7036728814244271,8.644320398569108e-06,978.3691465854644,237000000.0,0.000938,12.6
1.70100713968277,0.8140708789229394,3.068337887525559e-06,2136.3582760095596,111999999.99999999,0.000895,12.32
1.5105508938431742,0.6225370913743973,4.597757279872895e-06,1407.7024459838865,143000000.00000003,0.000323,9.24
1.3923238813877108,0.8807608366012574,5.003084063529969e-06,500.19147992134083,382000000.0,0.00171,6.61
1.5258216530084612,0.6538874387741089,4.468323409557343e-06,1884.3143638223407,116999999.99999997,0.00039699999999999984,11.98
1.5608343780040743,0.7196728438138963,6.423978697508575e-06,1235.2539151906965,192000000.0,0.0009220000000000002,12.43
1.4489818364381792,0.6173771649599076,6.072962287813426e-06,1780.6719867512581,123000000.00000003,0.0003400000000000001,12.16
1.2505173325538637,0.6003338098526001,6.797874234616758e-06,1587.9772715270517,129000000.0,0.00022400000000000002,10.54
1.7672366559505464,0.7050977334380151,9.827990472316743e-06,1822.1726519986985,167000000.0,0.00123,16.28
1.4466467499732973,0.6948745474219323,1.0111890077590944e-05,1677.4465907365081,168000000.0,0.000835,15.53
1.3779494225978852,0.7398315969854594,4.526912868022919e-06,1099.812790751457,194000000.0,0.0006959999999999999,9.96
1.3526781678199769,0.7363870035856963,4.15039598941803e-06,793.8681095838546,267000000.0,0.0006310000000000003,6.18
1.5747497230768206,0.8844941318035127,4.129702091217042e-06,623.2911646366118,318000000.0,0.00167,6.51
1.4372799754142762,0.6180038273334504,7.816235065460206e-06,2731.7624837160106,93999999.99999999,0.0003439999999999999,15.17
1.4075029850006104,0.899159985780716,8.324285119771958e-06,587.3082876205443,751000000.0,0.00205,1.6800000000000004
1.7445115327835083,0.7672908268868924,5.9964874014258395e-06,1782.2185317054389,153999999.99999997,0.00122,14.44
1.2927931845188143,0.7700518347322941,3.031854867935181e-06,2205.3350806236267,102999999.99999999,0.00047299999999999995,11.98
1.2436692595481873,0.7966085135936738,6.092094406485558e-06,2039.617087692022,499000000.0,0.000767,0.22000000000000042
1.4770035535097124,0.8157935947179795,4.112002879381181e-06,525.6557017564772,367000000.0,0.00116,4.91
1.5444900110363962,0.7448877140879632,2.926846623420716e-06,2682.9246729612346,87499999.99999997,0.00051,12.969999999999999
1.380743792653084,0.8088516220450402,4.038162529468537e-06,943.0209100246428,223999999.99999997,0.0009440000000000002,8.81
1.6158258229494096,0.8388183385133744,5.910970330238344e-06,583.3825767040252,351000000.0,0.00207,8.78
1.3679233342409136,0.6626446723937989,5.881923854351044e-06,709.5151692628859,271000000.0,0.0005180000000000001,7.18
1.7622537910938265,0.8371121585369111,2.971254348754883e-06,2350.93242675066,106000000.00000003,0.000972,12.5
1.448024082183838,0.8102114886045456,8.857815563678744e-06,555.7840615510939,405000000.0,0.0021,10.27
1.4109598964452745,0.6530581265687944,8.156987607479097e-06,1825.3614818677304,137000000.0,0.000508,14.16
1.4085464000701906,0.7844834133982659,9.30333372950554e-06,1566.1129280924795,475000000.0,0.00113,5.15
1.445625436306,0.662845328450203,7.5584871768951425e-06,2423.1238961219788,111999999.99999999,0.0005000000000000001,15.43
1.2295544028282166,0.6016307830810548,5.943781808018685e-06,843.4148430824279,227000000.00000003,0.00022400000000000002,5.27
1.6307631075382234,0.7666445765644313,9.826745450496675e-06,927.9210418462752,277000000.0,0.00194,13.81
1.7866143465042117,0.8471907287836076,4.8927270025014885e-06,1404.668644070625,181000000.00000003,0.00172,12.58
1.5483624011278154,0.6191309094429016,5.59634791314602e-06,1121.5927004814146,181000000.00000003,0.0004159999999999999,9.14
1.2946871995925904,0.7231011986732484,9.318401455879212e-06,575.6628066301345,353000000.0,0.00119,10.64
1.632225000858307,0.741559947654605,7.128952562808991e-06,1515.4997557401655,175000000.0,0.00116,14.34
1.4375107884407046,0.5987489461898804,5.097818687558175e-06,1962.586112320423,105000000.00000003,0.00023099999999999998,10.82
1.4194652795791627,0.7265348531305791,4.1915582716465e-06,927.9269278049468,219000000.0,0.0006529999999999999,8.33
1.609388253092766,0.7202141337096691,8.165460973978043e-06,1441.9892542064188,185000000.0,0.00113,14.58
1.5525866076350214,0.7902617409825325,6.965608850121499e-06,848.965749144554,271000000.0,0.00158,11.49
1.5520440861582758,0.7997832164168358,2.9867036342620855e-06,2298.403114080429,103999999.99999999,0.0007240000000000001,12.57
1.4593713864684106,0.7278231672942639,3.7655718028545385e-06,1322.3483711481092,160000000.00000003,0.000589,10.04
1.525929842144251,0.8982853621244431,3.0721559822559363e-06,2233.3002388477325,268000000.0,0.0008870000000000001,2.2500000000000004
1.6135289937257768,0.6417978465557099,7.2614008337259305e-06,2198.060557246208,118000000.00000001,0.0005459999999999999,14.9
1.5354103311896325,0.7584389738738537,3.9516766965389255e-06,1802.6681821793316,130000000.0,0.0007340000000000001,12.47
1.545334115624428,0.7212435252964498,7.0529525130987175e-06,1039.1307175159452,222000000.0,0.00101,11.99
1.458309093117714,0.7784118466079236,8.557499736547472e-06,2167.8323969244957,559000000.0,0.0009239999999999999,1.4700000000000004
1.74563085436821,0.9134482026100159,2.9179850220680243e-06,2449.6112316846843,251999999.99999997,0.0010699999999999998,2.81
1.7971770465373995,0.7912224411964417,4.803140401840211e-06,1999.5349571108816,136000000.0,0.0011999999999999997,14.11
1.5113208107650282,0.7071924313902855,6.635558634996415e-06,1018.9491063356398,219000000.0,0.0008679999999999997,11.36
1.4396483570337297,0.7193607978522778,3.886008679866791e-06,1231.605179607868,169999999.99999997,0.00057,9.69
1.4665492661297324,0.7757004015147687,8.542017281055451e-06,1917.3403754830358,464000000.0,0.0009920000000000003,4.1
1.354838848114014,0.7780425533652306,3.0140382051467902e-06,1838.323652744293,120000000.0,0.0005589999999999999,11.0
1.3829287827014924,0.8346354693174363,4.010638535022736e-06,834.1209143400191,247000000.0,0.0010699999999999998,8.14
1.5687465772032738,0.6322479575872422,7.440809771418572e-06,2819.4205015897746,95800000.0,0.0004379999999999999,15.67
1.1548151493072512,0.8556734561920166,9.938759028911593e-06,535.1956486701964,591000000.0,0.00196,6.76
1.691648751497269,0.6669290989637375,2.9542542099952705e-06,1486.9107417762277,134999999.99999997,0.0004269999999999999,8.71
1.5117550514638425,0.6125625729560853,3.866924464702607e-06,1315.5449107289312,148000000.0,0.00027299999999999997,7.4
1.5725495964288714,0.805820193886757,6.840660177171231e-06,842.1046584844588,275000000.0,0.00174,11.49
1.4283722162246706,0.7187946975231171,7.238845765590669e-06,698.5049247741698,302000000.0,0.0009710000000000001,9.52
1.5798791348934176,0.7477691960055382,4.08321237564087e-06,2453.53128015995,103999999.99999999,0.0006760000000000002,14.14
1.6059481769800188,0.6232618868350983,6.853093706071378e-06,2925.841018557548,90100000.0,0.0004,15.43
1.3984389245510103,0.7245491936802865,5.001183152198792e-06,1129.165209829807,191000000.0,0.0006900000000000001,10.51
1.2889708399772646,0.7927466019988061,3.037723451852799e-06,1956.9720998406408,114999999.99999997,0.0005549999999999999,11.5
1.4698477730154993,0.8346252232789994,4.023081034421922e-06,505.5418163537978,371000000.0,0.00123,4.76
1.3671539068222047,0.691117537021637,9.336430281400682e-06,2008.3028748631475,143000000.00000003,0.0006339999999999999,15.45
1.4706430770456793,0.6613373368978501,7.814315378665925e-06,2212.6519605517387,121000000.0,0.0005310000000000001,15.149999999999999
1.4346820995211602,0.7179394908249379,8.71007561683655e-06,850.2196818590163,267000000.0,0.00114,12.17
1.242597270011902,0.8573480486869812,8.910703331232072e-06,702.9861509799956,682000000.0,0.00167,2.81
1.4778649091720581,0.6457385748624802,8.207938373088838e-06,705.9870213270186,285000000.0,0.0006810000000000001,8.91
1.348918801546097,0.8061212673783303,4.067560732364655e-06,768.7075734138488,274000000.0,0.0008830000000000001,6.57
1.3607126176357272,0.6069227546453476,8.509178996086122e-06,2400.5045294761658,102000000.0,0.00031600000000000004,14.54
1.6476495265960696,0.7634991165250541,5.04332832992077e-06,1540.0180891156194,158000000.0,0.00103,12.95
1.393873205780983,0.8456158608198167,3.065589368343354e-06,2250.6958544254303,163000000.0,0.000688,7.6
1.5674929037690164,0.6286834537982942,6.773866988718511e-06,2079.771861433983,116999999.99999997,0.00045900000000000004,14.01
1.4878625862300396,0.8864635705947876,5.10755679011345e-06,499.8667836189269,384000000.0,0.00187,6.66
1.5289449647068978,0.765185533091426,5.8021596372127545e-06,1052.939176559448,219000000.0,0.00112,11.36
1.5051712090149523,0.6889759808778764,9.015201926231386e-06,1325.175419449806,192000000.0,0.000939,14.25
1.3928249895572664,0.8140312314033509,4.92325308918953e-06,2544.7023212909694,410000000.0,0.0006890000000000002,0.3700000000000002
1.5137161374092103,0.7955177441239357,4.006337702274323e-06,1429.0143847465513,160000000.00000003,0.0009360000000000001,11.45
1.5633550956845286,0.6924195796251298,3.63182020187378e-06,2840.506091713905,85100000.00000003,0.0004359999999999999,13.88
1.6092826277017596,0.6645684510469437,2.9570367336273198e-06,1698.3007565140722,120000000.0,0.00036999999999999994,9.31
1.7922182321548463,0.7859949231147767,3.1338559091091163e-06,2812.626242637634,90299999.99999999,0.000798,13.76
1.4417449191212655,0.6634921163320542,3.173145234584809e-06,2513.5286450386043,84900000.0,0.0002669999999999999,11.73
1.5400496989488603,0.620731258392334,8.667351841926576e-06,2832.886084914207,96100000.00000001,0.00040899999999999997,15.89
1.3458177745342257,0.6182073086500168,8.996151715517045e-06,1502.8636455535886,150999999.99999997,0.0004009999999999999,12.72
1.3441012859344483,0.6171459496021271,8.610744655132294e-06,2544.732272624969,99799999.99999999,0.0003310000000000001,15.04
1.504710022173822,0.6415294826030732,6.483244359493257e-06,2659.9612385034557,97100000.00000001,0.00041700000000000005,15.04
1.5397642806172371,0.8281825929880143,4.6248782277107245e-06,1080.8248370885847,210000000.0,0.0013,10.660000000000002
1.4179639756679536,0.7198208525776864,2.9717633724212653e-06,1024.6078222990034,188999999.99999997,0.00046800000000000005,6.65
1.4871209844946862,0.6560598403215409,8.999654173851014e-06,2484.8994165658946,114999999.99999997,0.0005379999999999998,16.02
1.6755084335803987,0.832222992181778,2.94595754146576e-06,2136.6349533200264,111999999.99999999,0.0009050000000000001,11.93
1.3289047479629519,0.6650378108024598,8.288688093423844e-06,1125.3783032298086,198000000.00000003,0.0005780000000000001,11.76
1.4559579223394394,0.6431785941123963,4.824239537119866e-06,2227.459356188774,101000000.0,0.0003290000000000001,12.76
1.298410874605179,0.6819145113229752,8.57076919078827e-06,1859.7746845334766,143000000.00000003,0.0005470000000000001,14.76
1.3772885352373125,0.7478189666289837,7.784637838602067e-06,1968.6016924679277,404000000.0,0.0007810000000000002,4.480000000000001
1.4152081221342088,0.6513085216283799,8.337948232889176e-06,1521.0807621479032,157000000.0,0.0005409999999999999,13.35
1.2412299156188966,0.5997806131839752,9.486804634332659e-06,2498.287662863731,96100000.00000001,0.00024800000000000007,14.49
1.630717679858208,0.6477495700120927,9.130850642919541e-06,2679.232612252235,110000000.0,0.000582,16.42
1.330144214630127,0.6001825153827668,8.614385843276979e-06,2157.126471400261,108000000.00000001,0.00028599999999999996,13.68
1.5700310200452805,0.7647623542696238,7.143501982092859e-06,1042.2428250312803,231000000.0,0.00134,12.51
1.6410561472177507,0.8518737941980362,2.948832273483277e-06,1382.9277753829954,152999999.99999997,0.0010699999999999998,9.83
1.3766488373279573,0.6872838467359543,3.165558904409409e-06,2438.4448975324626,89100000.0,0.000299,11.91
1.6273266166448594,0.7391721088439227,5.09648072719574e-06,2184.2184588313103,122000000.00000004,0.000813,14.509999999999998
1.593661004304886,0.7604743771255017,8.030417203903199e-06,1034.4358086585996,239000000.0,0.0014700000000000002,13.17
1.6336152255535128,0.6360053211450577,4.3447362184524545e-06,1567.7919723093507,132999999.99999997,0.00040699999999999997,10.56
1.5764955639839173,0.8176130443811417,8.169413417577745e-06,694.6397125720977,332000000.0,0.0022,11.51
1.5081037228927017,0.8448384851217271,4.302102148532868e-06,562.403231859207,356000000.0,0.00137,5.51
1.441112217307091,0.8355523020029069,3.807615697383881e-06,981.5373569726943,218000000.00000003,0.0010399999999999997,8.46
1.3259293735027315,0.7741105400025845,1.018512523174286e-05,1149.21960234642,476000000.0,0.00124,6.51
1.5007299564778807,0.765648652240634,7.279345899820329e-06,756.1897784471511,291000000.0,0.0013800000000000002,10.84
1.344292974472046,0.778782606124878,2.997138619422913e-06,1625.161377713084,131999999.99999999,0.000576,10.32
1.6496149957180024,0.7271191857755185,8.615523010492326e-06,1422.1646934747694,192000000.0,0.00126,14.829999999999998
1.5812305748462678,0.6582568556070328,7.730818495154382e-06,2121.7492893338203,126000000.00000001,0.0006079999999999998,15.14
1.5760759413242342,0.752265929337591,9.363937586545945e-06,712.2149616479873,322000000.0,0.00178,12.22
1.5942026853561402,0.6104168415069581,6.620440527796747e-06,1206.7456841468809,174000000.0,0.000464,10.52
1.7362953901290894,0.8379082739353181,4.010483950376512e-06,1584.4448767602441,152999999.99999997,0.00131,12.12
1.6225748866796494,0.692594562470913,7.105906359851361e-06,2094.8906913399696,131999999.99999999,0.000776,15.35
1.6612385272979737,0.7764562211930752,3.995552241802217e-06,2112.4825552105904,119000000.0,0.0008669999999999999,13.45
1.4521241158246996,0.8593430936336518,3.0088768303394325e-06,2423.0636954307556,177000000.0,0.0007200000000000002,6.49
1.3325433969497682,0.6047435939311981,4.016634166240693e-06,745.6632256507872,250000000.0,0.00021999999999999998,2.3299999999999996
1.394483882188797,0.8540039598941803,2.884607672691346e-06,828.3818066120147,238000000.0,0.0009419999999999999,6.32
1.8019771099090578,0.7466778712347151,6.020682036876679e-06,2369.4068491458893,126000000.00000001,0.0010500000000000002,15.599999999999998
1.5580322071909907,0.6736341387033463,3.754466116428376e-06,2842.8675532341,84000000.0,0.000391,13.73
1.3505309075117113,0.8032890290021897,2.9871534109115605e-06,1197.9744136333463,171999999.99999997,0.0006999999999999999,8.65
1.4559292271733286,0.8136274158954621,4.876197293400765e-06,844.3580120801925,255000000.0,0.00123,9.4
1.4510518938302994,0.6864587947726251,8.350501090288163e-06,1016.2132531404494,225999999.99999997,0.000886,12.41
1.2595824658870698,0.6008632242679597,7.678663283586504e-06,1968.3486334979532,111000000.0,0.000233,12.38
1.5168364852666856,0.6822371140122414,6.665508653968574e-06,615.9404218196868,320000000.0,0.000804,7.73
1.3691439896821977,0.6128567129373551,7.633630126714707e-06,519.0632790327071,359000000.0,0.000413,4.58
1.4126481592655182,0.8741349667310715,8.64625468850136e-06,623.109221458435,559000000.0,0.00198,5.330000000000001
1.4180375397205354,0.661197853088379,7.514003098011018e-06,2452.505782246589,110000000.0,0.00047600000000000013,15.39
1.7776997566223147,0.8986654579639436,3.0167114138603217e-06,1639.052966609597,142000000.00000003,0.00136,10.74
1.5435004860162735,0.6697264641523362,4.303843259811402e-06,2073.7849473953247,110000000.0,0.0004359999999999999,12.649999999999999
1.6561665415763855,0.8869632214307785,3.134059309959412e-06,634.6164941787719,307000000.0,0.00142,4.51
1.7022935807704926,0.7919130697846414,6.7469973713159575e-06,1318.1942626833913,198000000.00000003,0.00157,13.71
1.5680313214659691,0.7319147117435932,4.864218026399613e-06,526.2854993343352,376000000.0,0.00096,5.28
1.574327427148819,0.6318790376186372,5.197147458791733e-06,2731.1747819185252,89200000.0,0.000363,14.23
1.5101667858660222,0.7831224359571934,5.292205959558488e-06,611.6327196359633,329000000.0,0.00121,7.6
1.5838402748107911,0.7609041742980481,7.288081392645837e-06,1175.8883595466611,213000000.0,0.0013199999999999998,13.28
1.513841047883034,0.8591934263706208,2.9617614746093754e-06,2515.040814876556,152999999.99999997,0.0007879999999999999,8.22
1.5775922477245332,0.6621271669864656,2.9533033370971685e-06,2795.7473248243327,77300000.0,0.0002869999999999999,12.15
1.2649509072303773,0.7736170448362828,3.0403749644756323e-06,1998.0604499578474,111000000.0,0.0004780000000000001,11.44
1.4854687482118607,0.7702195286750794,5.1391663253307354e-06,746.3466674089431,282000000.0,0.00103,8.37
1.6361481606960298,0.8067380368709565,3.0031021237373357e-06,1524.7247852385042,142000000.00000003,0.000903,10.4
1.5680406644940377,0.7060670033097268,7.193927869200708e-06,1357.6198667287824,183000000.0,0.000906,13.37
1.1887824654579164,0.6604119926691056,9.45683065056801e-06,1705.7464662939308,148000000.0,0.00045600000000000013,14.42
1.288066738843918,0.7950936421751976,3.0292100310325627e-06,1795.301569625735,123000000.00000003,0.000573,11.01
1.4612107291817666,0.9041142404079439,3.88105195760727e-06,937.9476606845855,385000000.0,0.00134,2.81
1.543726797401905,0.729473789781332,5.042118147015572e-06,1571.418412029743,150999999.99999997,0.0007800000000000001,12.79
1.3864234775304796,0.6078133195638658,7.944982692599298e-06,725.7912606000899,269000000.0,0.00040299999999999993,7.15
1.40090272128582,0.6072125852108002,9.064583897590638e-06,915.8923029899596,221000000.0,0.0004229999999999999,9.43
1.612730222940445,0.7969758734107019,4.026781469583512e-06,1623.5064454376695,146000000.0,0.0009909999999999997,12.23
1.5817127108573914,0.6318295687437058,5.249331146478654e-06,2532.198756933212,94099999.99999999,0.00037199999999999993,13.91
1.4735161609947682,0.8499288976192475,3.82282716035843e-06,896.0870206356047,232999999.99999997,0.00117,8.21
1.2691814839839937,0.602146750688553,6.599949978291989e-06,2787.169769406318,81100000.0,0.0001899999999999999,13.47
1.2287143170833588,0.6007554888725282,8.950689435005189e-06,996.622398495674,198000000.00000003,0.00030300000000000005,9.3
1.3802815318107606,0.633873537182808,7.659924432635308e-06,524.0901857614516,364000000.0,0.000493,5.3
1.7790402531623841,0.9026562809944154,2.9875122308731083e-06,814.2463415861129,241000000.0,0.00161,6.62
1.577205151319504,0.6837697371840478,8.463429450988771e-06,2321.6872960329056,126000000.00000001,0.0007060000000000002,16.03
1.5995249211788178,0.7700974099338055,9.689222067594529e-06,798.5190600156783,307000000.0,0.00198,12.96
1.3614125400781634,0.6365781247615815,7.4520386457443246e-06,2002.2014826536176,120000000.0,0.000391,13.83
1.5944516927003862,0.8274933010339738,5.0330709815025334e-06,1059.5330893993375,218000000.00000003,0.00146,11.02
1.571242305636406,0.6601446390151978,2.9844051003456124e-06,2444.852173328399,86899999.99999999,0.000299,11.36
1.4123374432325364,0.7886926487088204,3.933081269264222e-06,1102.1881848573682,196000000.00000003,0.0008390000000000001,9.38
1.4869578614830972,0.8287114262580872,4.028420150279999e-06,1158.3418697118757,192000000.0,0.0011,10.2
1.5109719157218935,0.6271928429603577,4.485713869333268e-06,1316.826708614826,151999999.99999997,0.00033600000000000004,8.800000000000002
1.451779228448868,0.6667744427919389,3.3147136867046362e-06,1200.2669945359228,163000000.0,0.000365,7.49
1.4353644624352457,0.8151000559329987,3.02891880273819e-06,642.0568674802779,303000000.0,0.0008830000000000001,4.14
1.6233851104974748,0.863337653875351,4.9845759421587e-06,846.9886630773543,263000000.00000003,0.00188,9.8
1.6803323686122895,0.9186610758304596,6.867969609797002e-06,493.4089183807372,451000000.0,0.00309,7.76
1.3033955097198489,0.6032157003879548,9.269766956567766e-06,2336.4276736974716,103999999.99999999,0.00029699999999999996,14.47
1.5852178484201433,0.7506951345596463,6.362042773514987e-06,2152.1332040429115,398000000.0,0.0008359999999999999,3.5000000000000004
1.6562752068042756,0.6408523589372636,9.391031205654145e-06,2739.0630096197124,108000000.00000001,0.0005719999999999999,16.53
1.4115156948566439,0.6602875649929048,7.404173105955125e-06,2427.7560710906982,110000000.0,0.00046800000000000005,15.27
1.5779721915721894,0.8050794929265976,6.009309947490693e-06,705.4272592067717,304000000.0,0.0016800000000000003,9.8
1.4702585689723493,0.6550105333328248,3.2853720188140874e-06,2332.2818726301193,90500000.00000001,0.00027299999999999997,11.3
1.393515381217003,0.7193052381277085,4.257269054651261e-06,1817.900060676038,127000000.00000001,0.0005310000000000001,12.5
1.7838184475898744,0.8361752271652222,2.989984333515168e-06,2394.868314266205,105000000.00000003,0.000988,12.64
1.4189699292182925,0.6957310304045677,9.908607304096223e-06,1965.8548682928083,149999999.99999997,0.0007370000000000001,15.79
1.4276879578828814,0.7218462511897088,5.166810169816018e-06,1429.0196374058721,161000000.00000003,0.0006810000000000001,12.18
1.55341514647007,0.6356476038694382,5.034395277500154e-06,2435.18653512001,95700000.00000001,0.00035800000000000003,13.51
1.67274107336998,0.7261372648179532,7.77715227007866e-06,1657.5159616768358,168000000.0,0.00115,15.06
1.5490022465586664,0.6482966154813767,3.08202812075615e-06,2436.095133423805,85900000.0,0.00026399999999999997,11.16
1.5183635160326958,0.7080570101737976,3.6590702831745156e-06,1672.3806150257585,128000000.0,0.0005159999999999999,11.16
1.24631667137146,0.7605033058673144,7.608785182237626e-06,2265.253432095051,530000000.0,0.0007030000000000001,0.6199999999999998
1.736000579595566,0.6080870300531388,2.9577084779739386e-06,2244.9388280510902,90500000.00000001,0.00025299999999999997,9.71
1.4116435736417772,0.690945401787758,5.292014241218567e-06,1840.7600950449703,129000000.0,0.0005189999999999999,13.14
1.442696611583233,0.6918517962098122,1.0086367964744569e-05,1391.599394381046,189999999.99999997,0.0009070000000000001,14.89
1.8055876135826112,0.7445231376215816,5.920042425394059e-06,2470.778331160545,121000000.0,0.00101,15.7
1.5200307793915273,0.7413429390639067,5.889664456248284e-06,1060.6539547443388,214000000.00000003,0.0009809999999999999,11.29
1.5763954550027848,0.8767821818590165,4.181070089340211e-06,2536.0791683197017,376000000.0,0.000894,0.09999999999999984
1.5006672699004413,0.6493534415960313,7.962205111980439e-06,516.1001086235045,380000000.0,0.0008300000000000001,7.37
1.5763153195381165,0.6585901826620103,6.694111898541451e-06,2070.560969412327,123000000.00000003,0.0005679999999999999,14.48
1.3960437923669817,0.6047182023525238,7.605065241456033e-06,1394.7981894016264,151999999.99999997,0.00034799999999999995,11.25
1.5473474308848383,0.6876337811350823,7.42837280035019e-06,1246.108070015907,192000000.0,0.0008340000000000001,12.83
1.5055550979450347,0.6323035418987275,3.835796624422074e-06,2067.8805112838745,101000000.0,0.00027499999999999996,10.790000000000001
1.5311352141201497,0.7252545408904553,4.0990563631057746e-06,491.69081449508656,362000000.0,0.000807,4.41
1.3545298844575884,0.7911509782075883,7.651711627840997e-06,2026.8476493656633,573000000.0,0.000901,0.4399999999999999
1.635503089427948,0.8068076089024544,3.003385424613953e-06,1833.9621946215627,124000000.00000003,0.0008589999999999998,11.44
1.5124035380780698,0.6627076953649521,6.316697852686049e-06,1914.3796265125272,128000000.0,0.000536,13.79
1.6406363725662232,0.6835835829377175,9.184576421976091e-06,2444.1365450620647,126000000.00000001,0.0007680000000000001,16.49
1.3986494243144991,0.6192758828401566,4.909522384405137e-06,512.8766149282454,349000000.0,0.00032500000000000004,1.9300000000000002
1.1853514552116395,0.6588948994874955,9.50740444660187e-06,1082.7210098505018,204000000.0,0.0005289999999999998,12.49
1.5465732470154763,0.6093755275011064,3.904260516166688e-06,1873.0499055236576,108000000.00000001,0.00025299999999999997,9.72
1.6050590336322785,0.6938801229000092,4.1225371658802036e-06,2813.950136303901,88700000.0,0.000488,14.41
1.4303961127996445,0.6688169091939927,3.084660857915879e-06,2703.401550650596,79899999.99999997,0.00026199999999999997,12.11
1.6036907851696016,0.7507562460377813,9.892790436744691e-06,1010.3888362646102,257000000.0,0.00169,14.15
1.2512392401695254,0.6900207683444024,9.217037528753281e-06,1393.7411010265348,181000000.00000003,0.000664,14.14
1.6435894310474397,0.7268940076231957,2.959297299385071e-06,1923.0983331799505,113999999.99999999,0.0005660000000000001,11.06
1.4933296982198956,0.7840360566973686,2.9714788198471077e-06,1554.052263498306,138000000.0,0.0007120000000000001,10.29
1.4493563264608385,0.825557890534401,4.98203217983246e-06,618.3195412158965,327000000.0,0.0013800000000000002,7.55
1.3022573590278628,0.7168228380382061,8.84373062849045e-06,594.4706052541732,344000000.0,0.00111,10.25
1.5644531697034838,0.7380589462816716,9.86892181634903e-06,1161.3742187619207,230000000.0,0.00142,14.58
1.6059384673833847,0.6409998446702958,6.570327956229449e-06,2178.915023803711,114999999.99999997,0.000508,14.42
1.5286207638680935,0.8161925554275513,4.889130458235742e-06,1061.5056306123731,215000000.00000003,0.00128,10.83
1.4324284583330156,0.7141024164855481,3.014703899621964e-06,2190.8252611756325,99400000.00000001,0.00039399999999999993,11.53
1.4741065107285978,0.7370435792952776,4.998756840825082e-06,843.2800620794295,248000000.0,0.0008300000000000001,8.7
1.7947474300861361,0.8429740190505982,3.964146107435227e-06,1774.936588015407,143000000.00000003,0.00136,12.64
1.5986476600170136,0.8192981377243996,5.904919624328614e-06,959.6092551946639,244000000.00000003,0.00166,11.39
1.7434896111488343,0.792550577223301,4.988501057028771e-06,1706.1361037194727,151999999.99999997,0.00123,13.54
1.252526468038559,0.6689499288797379,8.522636830806734e-06,1724.8588819056747,146000000.0,0.00049,14.21
1.6650019347667695,0.9173918545246125,3.937221467494966e-06,1838.8106133788822,391000000.0,0.0012899999999999997,0.7199999999999996
1.4914864238351584,0.8533400684595108,3.2287690043449407e-06,592.886909842491,359000000.0,0.0011,2.9099999999999997
1.5706732124090197,0.788223221898079,7.97753767669201e-06,801.3231605291365,290000000.0,0.0018,12.11
1.6016083896160127,0.812998728454113,6.7152568250894554e-06,938.6816173791884,255000000.0,0.00178,12.02
1.4636288903653623,0.7937853232026101,8.229645729064942e-06,944.3049430847167,450000000.0,0.00154,6.92
1.5716125577688218,0.6835956484079362,6.260042175650598e-06,2185.316674411297,120000000.0,0.000624,14.81
1.6631312906742097,0.8717392265796662,2.9614139199256905e-06,1550.0176250934599,143000000.00000003,0.00113,10.36
1.4269814372062684,0.6561906695365907,6.0228242129087456e-06,786.2624824047087,245000000.00000003,0.0005419999999999998,8.19
1.5239949077367785,0.737217328324914,3.85618406534195e-06,2131.401963531971,111999999.99999999,0.000607,13.05
1.6712635517120362,0.8809280633926393,4.065322279930116e-06,1178.3773005008695,196000000.00000003,0.0016,10.42
1.3326860904693605,0.6224177241325379,9.121427446603776e-06,1214.9652764201162,179000000.00000003,0.00042800000000000005,11.61
1.5782327860593797,0.6741824805736543,5.723441839218141e-06,2366.8053671717644,108000000.00000001,0.0005419999999999998,14.68
1.5379287287592889,0.7729351915419103,4.9975916147232066e-06,482.77872800827015,376000000.0,0.00122,6.2
1.4668106183409693,0.7020847633481027,4.440763741731645e-06,2207.5884342193604,109000000.00000001,0.0004979999999999999,13.49
1.6328624367713929,0.807817491889,2.9996332526206977e-06,1938.314728438854,119000000.0,0.0008449999999999999,11.73
1.5676486238837244,0.6530344426631928,4.369221508502961e-06,2055.384173989296,109000000.00000001,0.00039799999999999997,12.37
1.5139459177851677,0.8446753710508347,5.05904370546341e-06,630.9838891029357,327000000.0,0.00165,7.86
1.5829921245574952,0.7175595782697202,7.620099380612374e-06,1014.9156600236892,229000000.0,0.00109,12.29
1.5456849038600924,0.8717637687921524,3.020491540431977e-06,741.4163202047347,267000000.0,0.00117,5.52
1.4674923330545426,0.6619691580533982,7.81918802857399e-06,2215.1032760739326,121000000.0,0.0005310000000000001,15.16
1.4384301379323008,0.664437022805214,4.018156021833421e-06,921.6792434453963,208999999.99999997,0.000411,6.66
1.409081143140793,0.8397142589092256,6.26750709116459e-06,1652.6655685156582,537000000.0,0.00112,1.2
1.6987764179706575,0.6641802102327348,2.9923917651176457e-06,2703.333601355552,81400000.00000001,0.0003640000000000001,12.3
1.4301197916269304,0.6963696420192719,4.3074861168861395e-06,1668.2074610143898,132999999.99999997,0.0004939999999999999,11.86
1.6056761026382447,0.650424948334694,2.9897177219390874e-06,629.089057445526,293000000.0,0.00038299999999999993,1.98
1.4961790982633831,0.8153194919228555,7.056319892406464e-06,632.7517628669738,342000000.0,0.00183,10.06
1.4495274648070338,0.7386466853320599,4.987739711999894e-06,936.069369316101,225999999.99999997,0.0008099999999999998,9.44
1.3275079607963562,0.666412952542305,8.192253559827806e-06,1225.775174796581,185000000.0,0.0005640000000000002,12.2
1.6017774850130082,0.6478933542966844,6.865067914128304e-06,2383.4661692380905,110000000.0,0.0005289999999999998,15.13
1.5667690247297288,0.8563948452472687,2.982682347297669e-06,906.8454355001448,218000000.00000003,0.0011,7.14
1.4234857320785523,0.6004633605480194,6.113048605620862e-06,1850.3387197852132,114999999.99999997,0.0002760000000000001,11.74
1.592752280831337,0.6998469114303589,5.125330790877343e-06,2557.9433441162105,102000000.0,0.000583,14.88
1.4331967368721963,0.6208654582500458,7.149216189980508e-06,912.0974987745284,218000000.00000003,0.0004359999999999999,8.78
1.5055227292701603,0.7938740819692612,3.932805269956589e-06,1453.434109687805,157000000.0,0.000904,11.4
1.5982878953218462,0.690456086397171,7.80877546966076e-06,1226.0060682892797,198000000.00000003,0.0009300000000000003,13.1
1.6689656853675843,0.8691243052482606,2.980615377426148e-06,1503.0702315270898,146000000.0,0.00115,10.32
1.212292903661728,0.7834027022123338,9.655247867107393e-06,1214.0376418828962,734000000.0,0.0010800000000000002,0.5399999999999997
1.5981905490159989,0.7465708566829563,6.762471117079259e-06,1357.5573191046713,186000000.0,0.00114,13.55
1.4103405743837358,0.797584180533886,4.617700994014741e-06,826.6281634569167,255000000.0,0.00103,8.75
1.305883651971817,0.6027204126119614,6.747424617409707e-06,1296.6567203402517,155000000.0,0.0002760000000000001,9.75
1.4687340013682844,0.6355653941631317,8.117451906204225e-06,1665.4165387153623,143000000.00000003,0.0004960000000000001,13.47
1.5412765592336657,0.7066337451338769,6.463825054466726e-06,741.4473146200179,284000000.0,0.0008799999999999999,8.87
1.637444579601288,0.7868547588586808,3.980304479598999e-06,1859.8739635199306,130999999.99999999,0.0009199999999999999,12.83
1.5867159247398377,0.9142905056476593,9.13221311569214e-06,506.3953548669814,649000000.0,0.00314,4.78
1.4010702431201936,0.6046483665704727,7.335679277777673e-06,2340.486042201519,100000000.0,0.0002959999999999998,13.83
1.7153458178043366,0.7617527090013028,4.106041878461839e-06,2514.3806189298625,105000000.00000003,0.0008170000000000001,14.36
1.4797715663909914,0.6273180305957795,3.3656807243824013e-06,1790.4514279216526,111000000.0,0.00025000000000000006,9.02
1.4542559936642647,0.8198179855942727,5.0939109921455394e-06,620.2502101659774,325000000.0,0.00137,7.75
1.4006853818893434,0.6050133347511292,4.9231981188058865e-06,2870.8718270063396,76999999.99999999,0.00020600000000000007,12.9
1.4783968091011048,0.8392529636621476,4.259844839572907e-06,647.3743468523024,316000000.0,0.00126,6.32
1.7360213398933413,0.888495245575905,3.940046548843384e-06,574.61279630661,320000000.0,0.00197,6.58
1.437938877940178,0.64087153673172,4.986438885331155e-06,2056.639689952135,108000000.00000001,0.0003330000000000001,12.44
1.503007702343166,0.695257692039013,6.337256554514171e-06,1944.8169246315954,132999999.99999997,0.0006519999999999998,14.349999999999998
1.483910818397999,0.7913161084055901,5.0231893509626395e-06,628.144472837448,322000000.0,0.00118,7.45
1.5439200282096863,0.761696932464838,6.748167969286443e-06,548.3436882495879,365000000.0,0.00142,8.44
1.5475046619772912,0.7185640856623651,6.23880970850587e-06,1603.5341396927831,158000000.0,0.000835,13.7
1.5605899751186372,0.8111848846077919,6.934374615550042e-06,679.319530725479,320000000.0,0.00188,10.53
1.5237304374575615,0.6967047214508058,9.370211094617845e-06,1990.5579201877115,147000000.0,0.0008189999999999998,15.87
1.4547482728958132,0.6390581220388413,6.078103192150594e-06,1669.3470552563665,133999999.99999997,0.000422,12.38
1.4871346212923529,0.6488289535045625,7.0820909887552275e-06,2641.7717635631557,101000000.0,0.00045099999999999996,15.41
1.2827411949634553,0.6878123402595521,8.890286058187486e-06,1554.5435361564157,166000000.0,0.0006249999999999999,14.33
1.3074205040931703,0.7701132617890836,2.9705367088317876e-06,1224.2235168814657,165000000.0,0.0005499999999999999,8.44
1.3985638797283173,0.6048526525497437,7.365553647279741e-06,2432.6932728290553,97100000.00000001,0.00029200000000000005,14.01
1.4502231001853945,0.6399363666772843,4.963941082358361e-06,2256.8860575556755,100000000.0,0.0003240000000000001,12.88
1.5116503268480301,0.7213160321116449,6.647044811397792e-06,979.7082394361495,229000000.0,0.0009509999999999998,11.31
1.284993088245392,0.6061067014932633,2.944599032402039e-06,785.9667688608168,215000000.00000003,0.0001420000000000001,0.6999999999999998
1.4629763692617417,0.8555881708860398,7.294141173362733e-06,1100.297227501869,586000000.0,0.0014399999999999999,1.9099999999999993
1.643817400932312,0.7888022884726525,4.040795058012009e-06,1799.928920343518,134999999.99999997,0.0009520000000000003,12.76
1.5440717741847039,0.6986809641122819,3.708801269531251e-06,2162.629581987858,105000000.00000003,0.0004780000000000001,12.54
1.5236858390271666,0.746356138586998,8.240011036396027e-06,821.3591128587722,277000000.0,0.00139,12.03
1.311968618631363,0.6498741388320923,7.71334531903267e-06,2214.210920035839,114999999.99999997,0.00040400000000000006,14.65
1.5176715932786466,0.6746817022562027,7.571750685572625e-06,1229.698725044727,191000000.0,0.0007640000000000001,12.649999999999999
1.6543770432472231,0.8366868227720261,6.936544485390187e-06,804.567590355873,290000000.0,0.00219,11.46
1.515838683396578,0.803325515985489,2.949281215667725e-06,2260.8993500471115,105000000.00000003,0.0007089999999999999,12.38
1.5204196751117707,0.7452007586136461,4.035836875438691e-06,1914.1278341412542,124000000.00000003,0.000673,12.809999999999999
1.224493306875229,0.5984224140644074,9.930660128593446e-06,901.9760340452193,219000000.0,0.00033600000000000004,9.3
1.800195622444153,0.7428486781194806,5.157322302460671e-06,2735.9748184680934,105000000.00000003,0.0008689999999999999,15.61
1.6002007126808169,0.7480088689830154,7.70585495233536e-06,1250.8785277605054,205000000.0,0.00128,13.81
1.5586055964231493,0.8373580545186997,5.395522117614747e-06,1967.2713726758955,457000000.0,0.0010699999999999998,0.5699999999999998
1.2601855516433718,0.865321433544159,9.812365114688875e-06,460.94271540641773,662000000.0,0.00205,5.14
1.4193708568811418,0.7567212603986264,8.821536570787431e-06,519.012615084648,397000000.0,0.00158,9.9
1.5534283831715585,0.7960703015327454,2.8487023115158087e-06,518.3752924203872,342000000.0,0.0008870000000000001,2.84
1.6018817692995073,0.6374893426895142,4.646600395441056e-06,1411.3387018442152,148000000.0,0.00043099999999999996,10.3
1.5399095088243486,0.6918276250362397,7.205034390091897e-06,1823.0510149151085,145000000.0,0.0007420000000000001,14.63
1.6733449101448061,0.8273816585540772,3.956326335668565e-06,1528.6080464720724,155000000.0,0.00119,11.84
1.2650286197662355,0.6018624633550644,5.7386167421937e-06,2696.8908607959743,80299999.99999999,0.00017199999999999995,12.61
1.63141987323761,0.6619044184684754,2.9493187665939335e-06,1401.631861925125,141000000.00000003,0.000385,8.1
1.5350670710206034,0.6912878796458245,5.201584935188294e-06,2361.792281270027,107000000.00000001,0.0005400000000000001,14.42
1.5037964830175043,0.6965282008051873,6.5664474591612825e-06,1022.7956920862197,215000000.00000003,0.0008,11.16
1.5979427844285967,0.7763889715075494,8.921244084835053e-06,862.6789152622222,284000000.0,0.00186,12.969999999999999
1.2607434153556825,0.5995507299900056,5.882107853889466e-06,2244.6357011795044,93800000.00000001,0.00018200000000000006,11.65
1.7871992647647859,0.8518576562404633,5.913421154022218e-06,1136.908411979675,223000000.0,0.00211,12.4
1.1950876951217653,0.7733173191547394,6.484791483730079e-06,2414.7494435310364,444000000.0,0.000629,1.2999999999999998
1.7816984117031098,0.7027273491024971,8.184251666069032e-06,2604.067429900169,123000000.00000003,0.000919,16.7
1.774960094690323,0.8514903098344804,9.586204856634141e-06,686.2978935241698,348000000.0,0.00326,12.55
1.5924721240997315,0.7532059558667243,5.0531049221754085e-06,1432.5261786580083,165000000.0,0.0009580000000000001,12.51
1.5780040115118028,0.6314875155687333,5.234018087387086e-06,2628.384560346603,91599999.99999999,0.00036700000000000003,14.07
1.4407106950879098,0.6876728028059006,4.485924571752549e-06,1509.8462551832197,144000000.00000003,0.0004979999999999999,11.36
1.5729362726211549,0.7777869410812855,6.827371738851071e-06,1149.7776135802267,216000000.00000003,0.0013800000000000002,12.93
1.3816118806600572,0.6540197789669038,8.104151993989945e-06,491.1767244338988,379000000.0,0.000688,7.15
1.6831735968589785,0.7003715157508851,6.151952851563693e-06,2568.6926692724223,110000000.0,0.000717,15.69
1.3204590797424318,0.6000985264778138,5.835151672363282e-06,1485.8422540128229,133999999.99999997,0.00023700000000000004,9.68
1.230588895082474,0.6767038196325302,9.13778504729271e-06,1756.9342361530287,149999999.99999997,0.0005239999999999999,14.64
1.5515811771154404,0.8200032368302346,4.850497022271157e-06,1094.595670700073,210000000.0,0.00131,10.98
1.5618760496377946,0.6462645113468171,7.595053330063821e-06,1071.4511126279829,204000000.0,0.000679,11.4
1.5314781904220582,0.6637173503637315,7.838964849710466e-06,1122.8709220886228,203000000.0,0.000763,12.22
1.4692519381642344,0.7227451175451279,4.8393007963895804e-06,2149.1252928972244,116999999.99999997,0.0006010000000000002,13.92
1.4294342771172526,0.6486195087432862,9.786677777767183e-06,2851.329922676086,102999999.99999999,0.00046299999999999987,16.69
1.6172447025775911,0.8745647817850114,3.0266244411468514e-06,911.8605703115462,217000000.00000003,0.00123,7.31
1.228241676092148,0.6015956103801727,8.891764521598816e-06,1094.6595966815946,183000000.0,0.00029699999999999996,9.85
1.5478189989924431,0.6185067147016525,3.949194371700287e-06,1513.3472084999082,131999999.99999999,0.00029699999999999996,8.79
1.3849104166030886,0.6072406858205796,7.726724922657013e-06,1112.6771867275236,184000000.0,0.000369,9.92
1.387354212999344,0.604434871673584,5.72107044607401e-06,1299.092575907707,152999999.99999997,0.00028399999999999996,9.21
1.2471365332603455,0.5997144341468812,4.9269740730524075e-06,1402.607589960098,136000000.0,0.000176,7.76
1.2855846583843233,0.7630131281912328,8.967974334955217e-06,1942.865803837776,531000000.0,0.0007770000000000001,2.4
1.4043837815523148,0.7057134211063386,5.478726521134377e-06,1338.7367799878118,168000000.0,0.0006310000000000003,11.82
1.4946801843121649,0.7162721179425717,3.664101481437684e-06,1118.927627801895,182000000.0,0.000573,8.57
1.3863466680049898,0.7543852921575308,9.339020878076555e-06,496.7665970325469,412000000.0,0.00158,10.08
1.539179889857769,0.8449108511209489,7.944212272763253e-06,636.5165412425994,359000000.0,0.00237,10.790000000000001
1.569094777107239,0.7049371719360352,7.809803634881974e-06,507.8982114791869,394000000.0,0.00117,7.97
1.5168982096016408,0.779589705169201,6.118191231042148e-06,726.5961468219756,293000000.0,0.0013199999999999998,9.62
1.1618713259696962,0.8643936038017274,9.822192192077638e-06,493.79485845565785,482000000.0,0.00213,9.570000000000002
1.432703885436058,0.6503797978162766,7.992959946393968e-06,500.45999884605396,378000000.0,0.000726,7.18
1.4456087931990624,0.6586468845605851,8.53150510787964e-06,519.6698307991027,386000000.0,0.000906,7.99
1.6040791779756547,0.8324450254440309,5.5210112631320965e-06,637.7604156732558,326000000.0,0.00189,8.82
1.4190186738967896,0.7856252945959569,3.9129829704761514e-06,1057.5682222843168,203000000.0,0.000823,8.92
1.7206391036510469,0.9089230298995973,6.871039971709252e-06,958.2221806049346,499000000.0,0.0025799999999999994,4.89
1.7291630208492281,0.6909106761217118,8.351239383220674e-06,2700.54417848587,116999999.99999997,0.000804,16.72
1.718256711959839,0.8409909099340439,5.888008929789067e-06,1013.4276300668715,237000000.0,0.002,11.89
1.5266362220048906,0.6747037678956986,7.186036542057992e-06,1003.2820254564284,218000000.00000003,0.0007680000000000001,11.22
1.5427451670169832,0.6313914567232133,6.359569028019906e-06,891.9040411710738,222000000.0,0.0005289999999999998,8.91
1.4299488902091981,0.6676333844661714,8.311545342206957e-06,668.7891036272048,312000000.0,0.0008359999999999999,9.33
1.5302494660019876,0.6318498104810716,3.6248476207256323e-06,1784.2540047131477,113999999.99999999,0.0002929999999999999,9.700000000000001
1.3775753170251848,0.650674107670784,7.104987874627114e-06,2275.4120379686356,111000000.0,0.00041999999999999996,14.6
1.5231973215937615,0.8191030338406563,7.757261231541634e-06,605.5738329887389,354000000.0,0.00207,10.59
1.345838248729706,0.7065519243478776,3.06162440776825e-06,656.2143117189406,295000000.0,0.00044199999999999996,2.84
1.3484461247920991,0.6905591771006585,3.2044453918933874e-06,908.5808247327803,210000000.0,0.00038400000000000006,5.59
1.4303253069519999,0.7625937927514316,3.906360864639283e-06,1051.9278347492216,201000000.0,0.000741,8.81
1.5503976032137872,0.7295576713979245,6.223729934543372e-06,750.3886818885802,286000000.0,0.000986,9.01
1.6066761910915377,0.7197557464241983,7.18400076031685e-06,1640.3660941869018,163000000.0,0.0009949999999999998,14.57
1.5883402079343798,0.6708673596382142,4.7646378725767145e-06,2648.0885148048396,93900000.0,0.00046299999999999987,14.41
1.502703924290836,0.629227638244629,3.2897877991199497e-06,1991.4034679532049,101000000.0,0.0002449999999999999,9.66
1.5711832612752916,0.9388979673385621,1.003148812055588e-05,230.05667328834522,655000000.0,0.00356,5.97
1.5962980896234513,0.6715999603271485,8.341784894466401e-06,2529.2174071073528,115999999.99999997,0.000642,16.2
1.461979079246521,0.7909346848726273,8.18294656276703e-06,606.7052781581878,356000000.0,0.00176,10.52
1.3984141409397126,0.6481312662363053,7.2491726875305184e-06,2102.657549083233,118000000.00000001,0.00043700000000000005,14.28
1.2972952723503115,0.6113988250494004,9.080223858356478e-06,2903.776571154594,88499999.99999997,0.00027200000000000005,15.3
1.4845287814736368,0.7873225741088391,7.169085115194322e-06,714.7769182920455,307000000.0,0.00154,10.63
1.5939705044031145,0.6750751063227655,7.4283261746168144e-06,2126.150421798229,128000000.0,0.000679,15.3
1.3635951161384583,0.6330977529287339,7.386566936969758e-06,2373.4705448150635,105000000.00000003,0.0003659999999999999,14.58
1.2686744391918183,0.951742297410965,9.577209740877152e-06,111.68542504310597,873000000.0,0.0027899999999999995,2.5200000000000005
1.2308464407920838,0.6707503706216813,8.421152949333193e-06,1218.2925567030904,187999999.99999997,0.0005509999999999998,12.63
1.7815126419067384,0.6996597513556481,9.785459876060488e-06,2542.5584912300105,132999999.99999997,0.000999,17.12
1.2855112910270692,0.7253379710018636,9.508961766958239e-06,580.0038874149321,351000000.0,0.0011999999999999997,10.86
1.561595356464386,0.6854098543524743,9.390630453824998e-06,2307.6392635703087,130999999.99999999,0.0007340000000000001,16.23
1.3024647474288942,0.7199881218373776,4.322688400745393e-06,706.3997089862822,304000000.0,0.00057,4.94
1.5513094738125803,0.6540458768606187,7.069967567920686e-06,2482.665359973907,108000000.00000001,0.0005180000000000001,15.39
1.7905961930751801,0.7504410318564624,7.973181664943696e-06,1838.1076417863367,167000000.0,0.0014,15.599999999999998
1.4794762440025808,0.7771418742835522,7.618146419525148e-06,716.7256921529769,307000000.0,0.00152,10.97
1.3832563519477845,0.6061018645763397,8.388094782829285e-06,2057.1745298802853,114999999.99999997,0.00033699999999999995,13.82
1.7491653621196748,0.6945033743977548,9.403027892112734e-06,2454.286023974418,131999999.99999999,0.0009400000000000001,16.85
1.5194383218884469,0.8797396749258042,4.1693994700908666e-06,496.08710408210743,371000000.0,0.00157,5.170000000000001
1.5920831412076952,0.7057572394609452,8.025614231824876e-06,1341.0436660051344,189999999.99999997,0.00102,13.94
1.5907707631587984,0.7824911758303643,8.013648003339768e-06,895.9893435239791,269000000.0,0.00173,12.62
1.4413257971405984,0.6868237853050233,8.222520023584366e-06,1338.5077491402624,184000000.0,0.000783,13.61
1.5363342940807343,0.8523872405290605,4.947330951690674e-06,1510.9327547252176,403000000.0,0.00111,2.3799999999999994
1.5903296738862993,0.776024602353573,4.040859520435334e-06,1766.9193441979585,134999999.99999997,0.000863,12.61
1.5213163532316687,0.6382845461368561,6.550978798419238e-06,2755.9081017971034,94600000.00000003,0.000411,15.18
1.4187193483114244,0.7094038099050523,4.726433873176576e-06,745.087444782257,273000000.0,0.000664,6.91
1.702758926153183,0.7757113002240659,7.945438727736474e-06,1142.5363570451734,227000000.00000003,0.00172,13.8
1.2302230596542358,0.6021734297275544,8.807325631380083e-06,1195.6564635038374,169999999.99999997,0.0002909999999999999,10.340000000000002
1.486964924633503,0.665389582514763,5.0123849064111716e-06,995.331510901451,202000000.0,0.000523,8.89
1.372458600997925,0.7007927790284157,8.59795418381691e-06,1060.687035322189,223000000.0,0.0009070000000000001,12.96
1.4872467387467625,0.6310621261596681,5.0511534214019785e-06,2566.3279294967647,90199999.99999999,0.000312,13.5
1.651331824064255,0.6840085744857789,6.294245410710574e-06,2524.818286299705,109000000.00000001,0.000648,15.56
1.6543844640254977,0.8034365147352219,5.256844878196717e-06,1319.4368705153463,185000000.0,0.00134,12.47
1.5278411552309992,0.7140555784106255,6.197652980685235e-06,1454.6516276895998,168000000.0,0.000809,13.09
1.4890924315899612,0.6868956550955773,6.657391995191575e-06,535.1437926292418,374000000.0,0.000829,6.5
1.375033387541771,0.7843040809035302,3.979141652584076e-06,894.1337764263152,232999999.99999997,0.0008139999999999999,7.95
1.4838062860071661,0.6044524937868119,3.890683352947236e-06,1985.3509142994878,101000000.0,0.00021799999999999996,9.700000000000001
1.5922592639923097,0.846346601843834,2.97371393442154e-06,1108.7372452020643,183000000.0,0.00106,8.53
1.2429479598999025,0.6001128673553467,5.836677908897401e-06,1395.3546360135076,140000000.0,0.00020400000000000005,8.88
1.5321699097752572,0.7287709705531598,9.37919557094574e-06,1126.0612234473226,228000000.0,0.00127,14.02
1.4622290253639223,0.7269382283091546,5.17458362877369e-06,1751.1405529221518,140000000.0,0.0006840000000000003,13.28
1.5386415392160417,0.6909996762871743,8.191115140914918e-06,1425.2232313156126,179000000.00000003,0.000888,14.14
1.424030962586403,0.8741395711898804,8.176368683576586e-06,488.1474673748015,455000000.0,0.00241,8.67
1.5520964071154595,0.7535669345408679,4.746205687522889e-06,1431.8031370639799,162000000.00000003,0.0008899999999999998,12.21
1.7578686654567721,0.7598575796931982,9.000591278076173e-06,1345.157094299793,211000000.0,0.00172,14.98
1.5907889127731325,0.6313370168209077,5.253272742033005e-06,622.2559809684752,306000000.0,0.0005279999999999999,5.42
1.762986767292023,0.8543866395950318,4.033405244350434e-06,1553.0028492212293,158000000.0,0.00145,12.02
1.3753749847412111,0.7009577840566635,5.453328952193261e-06,1695.903569459915,398000000.0,0.00045700000000000005,0.7799999999999999
1.527527913451195,0.6289725959300996,3.3013411760330207e-06,2334.2848867177963,87800000.0,0.00023500000000000002,10.72
1.47253160700202,0.6469340980052949,5.227830946445466e-06,898.2166200876235,217000000.00000003,0.00046800000000000005,7.959999999999999
1.6551615357398988,0.682269684970379,7.419398963451387e-06,2621.074572205543,111999999.99999999,0.0006869999999999999,16.21
1.7867602050304414,0.9036678135395051,5.7028936073184025e-06,925.2886027097701,258000000.0,0.00253,11.19
1.2536093473434449,0.6003648698329926,8.694816380739213e-06,2055.3949773311615,110000000.0,0.00025000000000000006,13.16
1.5037469090893867,0.6235859781503678,5.1111387312412274e-06,2826.138764619827,84099999.99999999,0.00029999999999999987,13.93
1.433775307238102,0.7154794715344907,9.820514917373658e-06,1145.6391513347623,225999999.99999997,0.00112,14.059999999999999
1.450617563724518,0.6180472433567048,4.528677761554719e-06,2897.3250389099117,77899999.99999999,0.00023700000000000004,13.129999999999999
1.4086782038211825,0.6015864193439484,5.0647251605987555e-06,1482.0622019469736,132999999.99999997,0.000246,9.15
1.4877486884593965,0.8005945533514024,6.735819764435292e-06,686.2954348325728,317000000.0,0.00161,10.13
1.3821516484022143,0.6932677119970322,8.342627704143525e-06,1150.724098086357,206999999.99999997,0.0008239999999999998,13.04
1.4624322071671487,0.7669193007051945,4.8564222455024726e-06,743.3951199054717,280000000.0,0.0009520000000000003,7.95
1.392085173726082,0.6798428267240525,3.2772687375545507e-06,997.3299801349639,192000000.0,0.0003770000000000001,6.3
1.3573265790939333,0.7390988554805518,8.707558035850527e-06,604.7389209270476,351000000.0,0.00133,10.45
1.5315966054797174,0.8421410858631134,4.035222709178926e-06,1160.5963408946989,193000000.0,0.00121,10.27
1.6068124294281008,0.6948544219136239,1.0068653106689455e-05,1854.2751781642435,159000000.00000003,0.000986,16.18
1.3125715255737307,0.7893837243318559,3.0179664492607124e-06,1409.6452966332433,149000000.0,0.0006119999999999999,9.64
1.391512593626976,0.7260025821626187,9.283016175031664e-06,789.6799147129058,286000000.0,0.00123,12.29
1.684645164012909,0.6240909039974213,6.39667382836342e-06,506.47246837615955,367000000.0,0.000633,5.42
1.3393339633941652,0.7330786641687156,3.085820138454438e-06,2592.673704028129,88900000.00000003,0.00039500000000000006,12.83
1.527002461999655,0.7929888054728509,8.79359868168831e-06,1735.8760042116044,551000000.0,0.00118,2.849999999999999
1.6224500566720963,0.7712396331131459,4.995904743671418e-06,1445.745389908552,166000000.0,0.00106,12.6
1.589127865433693,0.849888762831688,3.6299731135368352e-06,1415.3034910559652,163000000.0,0.00116,10.72
1.8104122996330263,0.8926574975252153,3.7800065875053412e-06,531.2593579292296,321000000.0,0.00214,6.62
1.6196688115596773,0.6651582956314087,6.6535682938992985e-06,2576.6461640596385,106000000.00000003,0.0005750000000000001,15.599999999999998
1.6989986121654512,0.6635481297969819,2.9927660226821903e-06,2429.967179894447,89100000.0,0.000376,11.69
1.5081287065520883,0.7800959475338459,4.127601116895677e-06,534.024491906166,366000000.0,0.00101,4.61
1.3178202331066133,0.7710811838507653,2.8774667382240303e-06,925.2268373966216,210000000.0,0.0005790000000000002,6.53
1.4183562755584718,0.7163316674530507,5.199691638350488e-06,1955.1755785942075,127000000.00000001,0.0005899999999999999,13.66
1.438928197324276,0.7114921510219575,2.982469558715821e-06,1303.1478524208067,151999999.99999997,0.00044600000000000005,8.39
1.4432613909244538,0.6938035726547241,9.024416506290437e-06,1643.534258008003,163000000.0,0.0007749999999999999,14.95
1.7033034145832062,0.7507356786634773,8.02151554822922e-06,1435.728698968887,192000000.0,0.00142,14.7
1.5257741153240205,0.6273863643407822,3.3290291428565983e-06,2247.438721358776,90800000.00000003,0.00023700000000000004,10.48
1.6526875376701355,0.8902663081884385,3.0988851487636574e-06,731.1806380748748,269000000.0,0.00139,5.6
1.5243192024528982,0.7510643276385963,8.158317118883133e-06,810.5349093675612,280000000.0,0.00142,11.94
1.25566286444664,0.6017620950937271,7.666742742061617e-06,2592.686593532562,88600000.00000001,0.0002119999999999999,13.739999999999998
1.326148420572281,0.6955884262919426,9.63589307665825e-06,1837.1991366147993,156000000.0,0.0006689999999999999,15.27
1.6235284835100174,0.7961578756570816,7.915035516023637e-06,855.7414561510085,279000000.0,0.00191,12.42
1.635226544737816,0.8333251833915711,5.943996474146844e-06,839.2507880926131,271000000.0,0.00194,10.85
1.449908995628357,0.8089727863669396,6.927207604050638e-06,1720.3186284750698,452000000.0,0.00111,3.6600000000000006
1.6233127713203432,0.6212429434061051,8.657479703426362e-06,1620.9581419825552,150999999.99999997,0.0005840000000000001,13.8
1.2012379825115205,0.6846953585743905,8.692610263824464e-06,1432.127311825752,443000000.0,0.00044800000000000005,2.3000000000000003
1.5484152361750605,0.907571303844452,4.133000314235688e-06,1885.6650516390798,384000000.0,0.00116,1.17
1.4287928134202958,0.677958968281746,8.488343030214311e-06,2160.037972033024,129000000.0,0.00058,15.41
1.5312639981508256,0.8656905502080918,4.0505076050758365e-06,814.3606334924697,255000000.0,0.00142,8.16
1.4642571352422238,0.7084488809108734,6.206512834876777e-06,1720.9753761999307,147000000.0,0.000695,13.79
1.624624201655388,0.8434842288494111,6.970496676862241e-06,739.3654733896254,311000000.0,0.00225,10.97
1.4111399173736574,0.6207921713590623,4.640584528446198e-06,1022.1369117498397,187999999.99999997,0.0002980000000000001,6.789999999999999
1.5822406232357027,0.7176146842539312,7.936217576265337e-06,512.737140059471,397000000.0,0.00133,8.43
1.537178009748459,0.7639749471098185,3.992365837097169e-06,1729.8987712711094,134999999.99999997,0.000773,12.36
1.4544128492474557,0.833896878361702,4.902906745672227e-06,729.2167395353316,287000000.0,0.0014,8.61
1.5399273231625559,0.6618249446153641,7.608999431133271e-06,2567.048549652099,109000000.00000001,0.0005459999999999999,15.83
1.462234152853489,0.8634628504514695,4.090909898281098e-06,727.7417480945586,279000000.0,0.00135,7.43
1.5939799368381502,0.6376274406909943,9.490974664688112e-06,2888.777285814285,101000000.0,0.0004939999999999999,16.58
1.5751697659492494,0.754210981540382,6.05490928888321e-06,1231.7380234599111,195000000.0,0.0011,12.47
1.4921073591336609,0.7651974342763425,5.094684749841691e-06,1109.4753742218015,203000000.0,0.000984,11.0
1.4068660944700242,0.6047258645296097,6.480707585811616e-06,2610.20179092884,88900000.00000003,0.00026100000000000006,13.76
1.5841859489679337,0.767705785855651,3.929739654064179e-06,1945.3621581196783,124000000.00000003,0.000785,12.88
1.5410383880138399,0.6652317970991135,7.624016880989076e-06,2496.376514434814,111999999.99999999,0.000565,15.78
1.5622301146388056,0.8141170531511307,5.610126703977586e-06,899.9004513025283,251999999.99999997,0.00152,10.67
1.4566678270697595,0.8059890523552895,3.949902623891831e-06,1263.0480453372,177000000.0,0.0009419999999999999,10.51
1.4288564756512643,0.7200574368238449,4.12677937746048e-06,1966.8444730341432,119000000.0,0.00053,12.78
1.585596138238907,0.6259005278348924,5.035987749695778e-06,2914.9626493453975,83500000.0,0.00033600000000000004,14.3
1.3852497965097428,0.6050370454788209,8.531782984733583e-06,1952.2879570722578,120000000.0,0.000343,13.61
1.3539246261119844,0.6151875525712968,9.465037405490877e-06,715.015560388565,278000000.0,0.00048399999999999995,8.56
1.6427569717168808,0.6894959494471551,9.340104430913927e-06,2325.023703277111,132999999.99999997,0.000833,16.47
1.7446683347225191,0.6661270290613175,1.0000853240489961e-05,2824.4051635265346,114999999.99999997,0.0007439999999999999,17.12
1.4332628086209298,0.6801657557487488,3.134445875883103e-06,2240.8812791109085,95200000.00000001,0.00031400000000000004,11.32
1.4738184571266175,0.8231076702475548,3.1479147672653202e-06,647.4710553884505,306000000.0,0.0009530000000000001,4.23
1.6689022064208985,0.829729861021042,4.0051097869873055e-06,1472.2491353750227,160000000.00000003,0.00122,11.7
1.3971164613962175,0.7350941754877568,7.4109491705894484e-06,612.1510565280913,336000000.0,0.00111,9.3
1.4067178130149842,0.5983086168766022,3.0238279402256016e-06,1383.1290528178213,130000000.0,0.00015699999999999989,5.21
1.435623523592949,0.6892208755016328,4.44559070467949e-06,1811.693820171058,125000000.00000001,0.00047299999999999995,12.33
1.4915816478431225,0.6289692521095277,5.057122141122819e-06,2657.819345593452,87899999.99999999,0.00030799999999999995,13.65
1.6607924401760104,0.7807201623916626,7.75490052998066e-06,1079.8488110303877,235000000.00000003,0.0017,13.4
1.394095775485039,0.792363502085209,2.968521475791932e-06,1414.1045436263082,149000000.0,0.0006830000000000001,9.74
1.7753366410732272,0.9214566171169282,9.963965713977816e-06,390.05222916603077,457000000.0,0.00449,10.92
1.319116008281708,0.7942268282175065,2.9993482828140264e-06,1128.3875927329061,180000000.00000003,0.000646,8.16
1.5204067245125772,0.7112608015537263,5.35234533250332e-06,2230.0833761692047,115999999.99999997,0.000624,14.46
1.6340253353118899,0.6894536375999452,7.154342100024224e-06,2179.3888434767723,128000000.0,0.00076,15.52
1.5246806725859643,0.8238369941711426,7.921013101935387e-06,607.4212044477462,358000000.0,0.00216,10.71
1.3028906643390656,0.8164666905999184,9.652321815490724e-06,796.2450683116912,538000000.0,0.00158,6.08
1.51565982028842,0.7549546301364899,4.1667996942996985e-06,526.9219279289244,361000000.0,0.000921,4.72
1.414366739988327,0.793427623808384,6.949909433722497e-06,621.3233172893523,339000000.0,0.0014999999999999998,9.63
1.2742357313632966,0.6644442915916443,8.41778838634491e-06,2117.88959056139,125000000.00000001,0.0004520000000000001,15.04
1.2449568450450899,0.5994879126548768,2.9690021276474005e-06,1577.0419985055921,113999999.99999999,0.00011200000000000001,5.26
1.5178543008863927,0.774530303478241,4.257009536027909e-06,514.9939954280852,369000000.0,0.0010399999999999997,4.89
1.3998462706804278,0.6239108473062516,6.82561904937029e-06,2352.63779014349,102000000.0,0.00033899999999999995,14.1
1.503542826510966,0.7795356608927251,5.84936459362507e-06,697.5310593843459,300000000.0,0.00124,9.0
1.589141258597374,0.6497981876134873,8.090186804533006e-06,1824.5098711922763,141000000.00000003,0.0006299999999999998,14.509999999999998
1.7341769099235536,0.796054856479168,8.006957471370698e-06,1001.4468729496001,251000000.0,0.00201,13.33
1.8004725337028504,0.7494689681567253,5.97762155532837e-06,2320.1183900237083,128000000.0,0.0010699999999999998,15.5
1.4406406179070474,0.6473128348588945,4.14025765657425e-06,2530.812874436378,87899999.99999999,0.00028300000000000005,12.66
1.5061687661334873,0.825183865427971,7.422725141048432e-06,486.56898736953724,434000000.0,0.00196,7.959999999999999
1.4553216129541398,0.7884196400642396,7.985715121030808e-06,1811.71740591526,479000000.0,0.0010399999999999997,3.62
1.3891770243644717,0.6051331669092179,6.118186406791211e-06,1201.7641142010687,166000000.0,0.00030799999999999995,9.16
1.4349493190646172,0.7212135069072247,5.214730262756349e-06,1410.384580492973,163000000.0,0.0006909999999999999,12.15
1.76488333940506,0.8495133608579636,3.0463165640830998e-06,2040.1186421513555,119000000.0,0.00109,12.02
1.7651493251323702,0.7557883383706213,5.033249557018281e-06,2352.695904672146,119000000.0,0.0009639999999999999,14.91
1.4530140772461893,0.789343585073948,9.039253503084184e-06,1526.8676467239854,507000000.00000006,0.00117,4.25
1.2572010755538943,0.6010242462158204,7.726440683007242e-06,1866.83396063745,115999999.99999997,0.00023700000000000004,12.13
1.4268222302198412,0.6477681845426561,7.054266013205052e-06,621.171548962593,323000000.0,0.000539,6.42
1.5966429322957993,0.7135064095258713,2.9517846107482915e-06,1288.4860783815382,153999999.99999997,0.000558,8.65
1.3181050121784212,0.7093766301870347,8.907999455928803e-06,696.5645700693129,303000000.0,0.00102,10.99
1.664251971244812,0.7789935909211636,4.058548092842103e-06,2014.9636566638944,124000000.00000003,0.0009000000000000002,13.31
1.5286951638758184,0.8437218368053437,4.04007387161255e-06,1138.0866095423696,196000000.00000003,0.00122,10.16
1.5267683744430542,0.7474460039287806,9.914055526256563e-06,909.3686491250991,274000000.0,0.0015900000000000003,13.59
1.4122536778450014,0.5978452384471894,3.0333817303180702e-06,1471.108730882406,123000000.00000003,0.000156,5.69
1.697742658853531,0.8726766139268876,4.067086547613144e-06,1276.2604206800459,184000000.0,0.0015600000000000002,10.91
1.6185434103012086,0.6931407362222672,9.194178193807604e-06,1982.7601239085195,148000000.0,0.0009109999999999999,16.03
1.562683890759945,0.7930714175105096,6.1233446784317504e-06,485.77043414115894,388000000.0,0.00157,7.53
1.2872551381587984,0.7739975295960904,4.147185593843461e-06,778.0650556087493,308000000.0,0.000661,4.62
1.6511629164218904,0.6084378004074097,8.29951360821724e-06,1310.7034116983411,173000000.0,0.0005809999999999999,12.33
1.4511412113904953,0.6944087371230127,9.325355052948e-06,1701.7747946083543,161000000.00000003,0.000787,15.2
1.2549226284027102,0.6000576674938203,6.801551096141339e-06,1681.9944204762576,123000000.00000003,0.00022099999999999987,10.87
1.6305485218763354,0.7967693611979485,8.930633276700975e-06,810.0603818893431,301000000.0,0.00214,12.77
1.4306963548064233,0.722810896486044,5.176294282078744e-06,1508.1942752003667,155000000.0,0.0006760000000000002,12.49
1.581489408016205,0.8835687875747682,7.69325786828995e-06,542.8344309329985,399000000.0,0.0028,9.84
1.6059157311916352,0.7165500909090042,7.031335957348348e-06,1724.2350680753586,156000000.0,0.000947,14.669999999999998
1.3149884641170504,0.7824704512953758,9.703704416751863e-06,489.1035258769988,419000000.0,0.00171,10.46
1.764265197515488,0.7980227708816529,5.695022098720075e-06,1634.669994935393,165000000.0,0.00142,13.95
1.4135531187057497,0.6030059605836868,6.4954447597265255e-06,2138.033613562584,103999999.99999999,0.000279,12.84
1.5478668138384821,0.6582523494958878,2.997297585010529e-06,1799.8033873736856,112999999.99999999,0.0003240000000000001,9.46
1.2520464777946474,0.6022123843431473,8.436217129230501e-06,2877.4763941764827,84300000.00000001,0.00021999999999999998,14.64
1.6495151281356812,0.8317125499248506,5.9446773454546935e-06,910.214141011238,255000000.0,0.0019,11.3
1.3938675463199617,0.6003775835037232,3.0046992897987373e-06,1000.3689229488372,176000000.0,0.00016400000000000008,2.8300000000000005
1.225984114408493,0.6733070433139802,8.65705454349518e-06,1248.7025856971738,186000000.0,0.0005710000000000001,13.05
1.5273712903261185,0.8643099188804627,2.9321846961975103e-06,2564.0318840742107,170999999.99999997,0.00077,6.82
1.3989713430404664,0.9016339480876924,5.238474860787392e-06,1136.1471489071844,522999999.99999994,0.00146,1.1000000000000003
1.5840987145900727,0.7009584546089173,9.982505023479464e-06,1429.9577400088308,193000000.0,0.00113,15.17
1.4408102542161942,0.7081471771001816,4.37936818599701e-06,2114.4394502043724,112999999.99999999,0.0005059999999999999,13.27
1.5386421650648119,0.6220436185598374,6.554784532636405e-06,899.1879522800444,220000000.0,0.000495,8.800000000000002
1.3749745756387712,0.754819611646235,4.127662032842637e-06,1208.6969912052152,179000000.00000003,0.0007030000000000001,10.25
1.7243923366069795,0.6922605380415917,9.252793520689011e-06,2430.472552776336,130999999.99999999,0.0009019999999999999,16.73
1.7148768424987795,0.9126388907432557,8.076543927192688e-06,465.76786041259754,427000000.0,0.00353,9.74
1.3871512413024905,0.7688228778541089,2.9672280550003057e-06,1421.6615185141561,146000000.0,0.000595,9.52
1.3767233401536942,0.6589535772800447,8.94454923272133e-06,700.2993971109389,293000000.0,0.0007550000000000001,10.13
1.5349432200193407,0.6084313362836838,3.9030918478965765e-06,1505.3731501102445,130999999.99999999,0.000266,8.3
1.5176953598856928,0.7689328819513321,3.964720010757447e-06,1634.2637240886686,141000000.00000003,0.0007879999999999999,12.04
1.4445081979036332,0.8421004503965378,2.8900492191314703e-06,727.2885292768477,265000000.0,0.000956,5.32
1.704775232076645,0.6532373607158661,1.0135952711105348e-05,2762.833714485168,112999999.99999999,0.0006710000000000002,16.98
1.242382711172104,0.5991971433162689,9.663886040449144e-06,1670.1914854347704,131999999.99999999,0.0002869999999999999,12.67
1.561988438665867,0.759710330888629,5.045735761523247e-06,1334.6978574991224,175000000.0,0.0009809999999999999,12.12
1.5958819001913072,0.8659587889909744,3.526454389095307e-06,1358.4606647491453,168000000.0,0.00122,10.29
1.6263592422008515,0.736948012188077,9.596829891204835e-06,1295.2846959233282,212000000.0,0.0014099999999999998,14.93
1.4340752363204958,0.673357665538788,4.476013839244843e-06,626.3993978500365,317000000.0,0.000501,4.09
1.299275439977646,0.6034629553556443,9.752659142017366e-06,1289.3506065011022,166000000.0,0.00036099999999999994,11.69
1.417458486557007,0.8079811200499535,3.4509198665618905e-06,680.3838461637496,310000000.0,0.0008619999999999999,4.2
1.3970449894666672,0.7695255674421788,7.642717346549035e-06,603.0728965997695,344000000.0,0.00142,9.95
1.5812131494283677,0.8574039638042451,6.954403288662435e-06,633.5667073726653,350000000.0,0.00235,10.06
1.366749554872513,0.6508848220109941,7.136430725455285e-06,2334.4060704112053,109000000.00000001,0.000413,14.72
1.5695378199219705,0.6442658543586731,4.5226725339889534e-06,1020.5358564853667,194000000.0,0.000453,8.04
1.4266312882304193,0.7951551049947739,4.7524111866951e-06,730.5997908115386,283000000.0,0.00106,8.06
1.3745673000812533,0.7922205269336701,2.9936805963516243e-06,2252.801574766636,103999999.99999999,0.000585,12.2
1.380501624941826,0.7414906807243825,4.20611071586609e-06,1419.5513650774953,156000000.0,0.0006400000000000002,11.32
1.372485825419426,0.6255116879940034,4.668822407722474e-06,835.380584001541,229000000.0,0.00030799999999999995,5.29
1.4890514977276326,0.6501831829547883,6.9570635110139855e-06,2565.8293366432185,102999999.99999999,0.0004579999999999999,15.27
1.3466838598251345,0.6667594313621522,7.656960517168047e-06,2220.3395068645477,119000000.0,0.00047000000000000004,14.97
1.5010720526799561,0.7035234779119492,8.17186027765274e-06,918.8551753759383,247000000.0,0.00103,12.01
1.503586082160473,0.6547979950904846,7.2898725718259825e-06,801.7567098140715,251000000.0,0.00067,9.38
1.6781078875064852,0.9039943277835847,3.003473043441773e-06,2175.8648678660393,217000000.00000003,0.0010500000000000002,4.8500000000000005
1.4658844627439978,0.8647448301315308,4.094569653272629e-06,504.7051906585692,371000000.0,0.0014099999999999998,5.03
1.5889017373323442,0.7849788285791874,3.00263461470604e-06,2638.552218675613,93099999.99999999,0.0006710000000000002,13.23
1.7523564934730531,0.8425760328769685,3.808303505182267e-06,1703.4525815397499,144000000.00000003,0.00128,12.2
1.3515669286251069,0.7518961247988046,2.998082399368287e-06,2635.0967884063716,89100000.0,0.0004430000000000001,12.98
1.3927934110164644,0.6058178722858429,4.928370967507363e-06,1206.6112011671064,160000000.00000003,0.000257,7.76
1.5829484403133394,0.7568297976627947,9.074196726083757e-06,681.7881315946578,330000000.0,0.00183,11.9
1.3497158825397493,0.8253970116376877,3.799166321754456e-06,787.5415235757827,276000000.0,0.0008889999999999999,5.71
1.5810577511787416,0.7367648899555207,5.735985517501832e-06,1328.4431695938108,179000000.00000003,0.0009580000000000001,12.52
1.4936392458155752,0.7153320014476777,3.6641313135623936e-06,1210.8666002750394,169999999.99999997,0.0005620000000000001,9.11
1.552521063387394,0.7090895265340805,7.077320091426374e-06,1611.0447347164152,162000000.00000003,0.00087,14.23
1.403277924656868,0.7170141711831094,4.288939714431764e-06,1918.9683087170122,122000000.00000004,0.000523,12.78
1.2467416763305665,0.5992717981338501,4.951232075691224e-06,1582.8604362905023,122000000.00000004,0.00017199999999999995,8.59
1.2976198375225068,0.6642354726791383,8.061980634927751e-06,1827.1920848637817,137000000.0,0.0004720000000000001,14.13
1.5268670976161958,0.7402412518858911,6.470260683447124e-06,740.689069032669,290000000.0,0.0010699999999999998,9.42
1.4243524789810182,0.6810845822095871,8.687120735645296e-06,1892.2329526394603,143000000.00000003,0.000622,14.989999999999998
1.4821116283535958,0.7277401305735112,5.334973856806756e-06,1207.5584307312963,186000000.0,0.0008020000000000001,11.43
1.5708172380924226,0.80387322306633,5.888561502099038e-06,725.6512641906737,296000000.0,0.00161,9.78
1.2982048094272616,0.6558073729276658,8.146848022937775e-06,1724.3405776098368,141000000.00000003,0.00045399999999999987,13.7
1.4875579856336119,0.6324074149131775,6.171959541738034e-06,1577.7203924953935,140000000.0,0.0004300000000000001,12.08
1.5631005987524988,0.756922740675509,4.885465800762178e-06,475.0585854053496,377000000.0,0.00113,5.79
1.610727068781853,0.6444946289062501,6.008271351456643e-06,2551.009908318519,100000000.0,0.00047000000000000004,14.85
1.3295668780803682,0.6699469864368439,8.668339222669603e-06,915.8076643943785,241000000.0,0.0007089999999999999,11.53
1.4138189703226092,0.6257046729326249,6.551522452384234e-06,1877.7753897011278,121000000.0,0.00036099999999999994,12.89
1.3756446897983552,0.6574507892131806,7.920395597815514e-06,1924.3682287633417,130999999.99999999,0.0004850000000000001,14.3
1.3830941855907442,0.6407304972410203,7.84215459227562e-06,508.98852944374073,368000000.0,0.0005479999999999999,5.95
1.3776369631290437,0.8552429616451264,3.5889084637165077e-06,844.5688635110854,249000000.0,0.00102,6.86
1.593063497543335,0.8487993746995927,4.2401212155818945e-06,1730.9727538377044,311000000.0,0.0009549999999999999,2.81
1.5791026353836062,0.6283043771982194,4.499065726995469e-06,1579.6669684350488,130999999.99999999,0.00035800000000000003,10.31
1.4532486364245416,0.6866422891616822,9.190685123205186e-06,2151.194468140602,134999999.99999997,0.000655,15.72
1.543625955283642,0.6408057510852815,6.127442710101605e-06,1413.843512535095,156000000.0,0.0005129999999999999,11.78
1.4675622045993806,0.7326644204556942,4.735171765089036e-06,1533.2139022648332,150999999.99999997,0.0007089999999999999,12.35
1.5770121395587922,0.7484001560602338,4.974497169256211e-06,1438.963312655687,163000000.0,0.000912,12.43
1.6672962963581086,0.9028960168361665,3.2482854723930365e-06,874.6329993009566,225999999.99999997,0.00154,7.799999999999999
1.756346619129181,0.7570974340662361,5.047752037644387e-06,2251.6112700104713,123000000.00000003,0.000982,14.74
1.2763155341148378,0.876876774430275,8.747779041528703e-06,660.8749479055404,680000000.0,0.00177,2.81
1.4941674454137683,0.6982731744647027,6.441549818962813e-06,1234.5789670944212,186999999.99999997,0.00076,12.15
1.4701091073453427,0.7850047297775746,5.011658608913422e-06,950.538545846939,232000000.0,0.0010800000000000002,10.06
1.540773367881775,0.6521629303693772,7.121680721640588e-06,893.3376818895339,231000000.0,0.0006689999999999999,9.97
1.5106308214366437,0.64907765686512,4.126580774784089e-06,2257.2763189673424,97799999.99999999,0.00032500000000000004,12.24
1.5972524642944337,0.6749262750148773,8.538372546434403e-06,2483.0877333879466,119000000.0,0.000666,16.22
1.2082268357276917,0.819369873404503,9.879438996315004e-06,872.2591698169707,814000000.0,0.0013800000000000002,0.3500000000000004
1.472283808887005,0.7643853809684515,5.1005812883377085e-06,950.4673928022384,230000000.0,0.000976,9.95
1.2728088319301607,0.6786097437143327,8.118940383195878e-06,1161.7993861436842,197000000.00000003,0.0006029999999999999,12.25
1.6789823770523074,0.79360039383173,3.083812206983567e-06,2487.7790659666057,98700000.0,0.0007719999999999999,13.06
1.5766409039497378,0.6460132241249085,6.436752244830133e-06,2661.6036444902415,98899999.99999997,0.0004690000000000002,15.24
1.6296961694955827,0.6907516747713089,9.307556122541429e-06,2272.8185653686523,134999999.99999997,0.0008369999999999999,16.39
1.5685227602720262,0.6802723109722139,6.451026212424041e-06,2129.1550546884537,123000000.00000003,0.000627,14.77
1.4401448920369149,0.6435382157564163,5.17588633298874e-06,2246.0470274090767,102000000.0,0.000343,13.15
1.4233367800712586,0.7132145807147027,3.00994348526001e-06,1697.1458327025173,122000000.00000004,0.0004210000000000001,10.050000000000002
1.4829541437327862,0.6043639272451401,3.918314576148988e-06,2067.0764446258545,97500000.00000001,0.00021500000000000005,9.98
1.327746480703354,0.6013403713703156,7.683599770069124e-06,2233.875274658203,102000000.0,0.0002599999999999999,13.35
1.6230262219905855,0.6624073773622513,2.964779734611512e-06,2176.477938890457,97100000.00000001,0.00034799999999999995,10.82
1.294931834936142,0.6543076425790787,7.868555083870888e-06,2202.7945816516876,116999999.99999997,0.000413,14.77
1.5323874033987523,0.6192919850349426,6.66372485458851e-06,2886.340051889419,88299999.99999999,0.0003490000000000001,15.05
1.5872851073741914,0.7316414661705495,8.772456884384157e-06,1133.5888803005216,223000000.0,0.0012899999999999997,13.84
1.4253982767462732,0.8507048785686494,7.282539501786233e-06,750.4216879606246,457000000.0,0.00184,6.85
1.4859021820127964,0.8481890738010407,3.9360651075840005e-06,917.5205528736113,229000000.0,0.00121,8.67
1.542072017490864,0.7316660843789579,7.380668208003045e-06,910.2526605129241,249000000.0,0.00114,11.64
1.5848967611789704,0.672037571668625,3.865027517080308e-06,2265.4266580939293,99699999.99999999,0.000422,12.61
1.4457859486341478,0.7406296323984862,4.0128678083419805e-06,1702.455046586692,133999999.99999997,0.000626,12.14
1.4498015373945237,0.6457064867019654,4.16515600681305e-06,2441.4654374122615,90500000.00000001,0.00028599999999999996,12.47
1.4816178090870382,0.6815860435366631,6.931376904249192e-06,1372.484967112541,173000000.0,0.000692,12.8
1.397270303964615,0.6484889835119249,8.693202108144761e-06,918.8524186611174,232000000.0,0.000609,10.68
1.2952047228813173,0.6825363054871559,8.567484527826311e-06,1599.5498485863206,159000000.00000003,0.000587,14.2
1.3091845214366915,0.6039228469133378,7.660166740417481e-06,1303.8268238306043,158000000.0,0.00030599999999999996,10.500000000000002
1.5001857614144685,0.695971991121769,6.540575575083495e-06,1125.2335384488104,200000000.0,0.000779,11.69
1.3530308514833451,0.6992452785372735,4.697464585304261e-06,735.6662601232528,270000000.0,0.000587,6.7
1.7147796392440797,0.718045585602522,5.043972849845887e-06,2776.0637104511256,98899999.99999997,0.0006909999999999999,15.4
1.3065226972103121,0.6029359370470048,8.921461671590807e-06,1199.3520632386205,173000000.0,0.000341,10.71
1.373091807961464,0.8384843409061432,3.7448743581771856e-06,868.2399541139602,245000000.00000003,0.0009660000000000002,7.109999999999999
1.5335496112704279,0.6468916654586793,9.990130782127382e-06,2767.4061357975,107000000.00000001,0.00053,16.78
1.4604617625474932,0.8135684117674828,3.914803355932237e-06,1512.2876800596712,330000000.0,0.0007749999999999999,2.29
1.5082442650571466,0.6451427221298218,7.058078631758691e-06,2371.6639652848244,109000000.00000001,0.0004690000000000002,14.95
1.547292333841324,0.789025166630745,6.131687216460706e-06,773.4195441007613,282000000.0,0.00145,10.17
1.3826082140207292,0.717696925252676,8.106816649436951e-06,725.1839637756347,300000000.0,0.00106,10.57
1.548522685468197,0.6833164840936662,8.669364154338837e-06,1268.0094242095945,196000000.00000003,0.0009329999999999999,13.79
1.7034653127193453,0.9042977929115297,5.958437934517862e-06,700.6315439939498,311000000.0,0.0026099999999999995,9.99
1.717718803882599,0.7798817083239556,3.972818493843079e-06,2257.3000118136406,113999999.99999999,0.0009019999999999999,13.75
1.3357020914554598,0.6868485644459725,3.852700591087342e-06,830.069065093994,232000000.0,0.00041799999999999997,5.86
1.37101568877697,0.7051080018281938,7.568539455533029e-06,640.5056565999984,404000000.0,0.0008470000000000002,6.06
1.7812245368957522,0.9074446499347688,4.840478956699372e-06,929.6492040157317,247000000.0,0.00232,10.45
1.3335063993930818,0.6205184608697891,8.619021087884904e-06,638.5741680860518,312000000.0,0.00045900000000000004,6.89
1.3674341529607774,0.8366455525159836,4.006593465805054e-06,734.0038865804671,275000000.0,0.00106,7.06
1.2607787311077119,0.6014018207788467,6.7553809285163886e-06,2507.5893402099605,88299999.99999999,0.00019599999999999997,12.99
1.5532520189881327,0.6577448755502702,2.9809237122535713e-06,1611.0263131558893,124000000.00000003,0.000332,8.74
1.4938748974353075,0.6035036623477936,2.9578436613082892e-06,2053.8755990564823,93000000.0,0.00017100000000000006,8.26
1.6185172945261004,0.665691339969635,5.737880013883115e-06,2571.0291713476176,101000000.0,0.0005250000000000001,15.01
1.460421408712864,0.8316002190113069,2.9177726507186896e-06,1016.1442607641219,196000000.00000003,0.0009000000000000002,7.79
1.6532278060913088,0.7086844369769097,6.884633667767049e-06,2042.7034161984918,137000000.0,0.0008780000000000001,15.29
1.4064487606287004,0.9307897925376893,7.993890374898911e-06,199.13601875305164,655000000.0,0.00242,3.3199999999999994
1.3896494150161744,0.6533994555473328,8.253881931304933e-06,1523.2717543840406,156000000.0,0.0005259999999999999,13.27
1.5491544663906098,0.701804941892624,4.525246024131776e-06,2569.5544779300685,97700000.0,0.000523,14.39
1.6156129181385042,0.6910604730248452,9.082907497882844e-06,1689.3074447289107,164000000.0,0.00098,15.5
1.3710057735443117,0.608412891626358,8.606712937355043e-06,2755.1330178976054,91900000.00000001,0.0002980000000000001,15.09
1.2867286562919618,0.8321132987737656,3.235725313425065e-06,1981.972876936197,201000000.0,0.0005719999999999999,5.28
1.25085586309433,0.6013862818479538,8.559328883886339e-06,2685.883671045303,88700000.0,0.00022600000000000005,14.37
1.606824678182602,0.7741398096084595,9.819863200187685e-06,730.3284406661986,330000000.0,0.00212,12.61
1.4402553588151934,0.6142071157693864,5.586312219500543e-06,1012.3301595449446,193000000.0,0.00034600000000000017,7.959999999999999
1.7182635962963106,0.8950111359357835,3.0804639160633093e-06,731.3117682933806,269000000.0,0.00151,5.65
1.390334925055504,0.6070030957460404,7.394989505410196e-06,1112.5491112470625,183000000.0,0.00036200000000000007,9.730000000000002
1.710147911310196,0.6924741938710214,8.984264343976976e-06,1893.8391860574482,153999999.99999997,0.00103,16.0
1.5856495052576067,0.6086980551481247,2.9274682998657234e-06,2250.0700056552887,87499999.99999997,0.00019399999999999995,9.14
1.3417883634567263,0.5975781261920929,2.996211528778077e-06,1951.478339731693,94700000.00000001,0.00012799999999999994,7.18
1.3280442774295809,0.6962356746196747,9.867333412170411e-06,1288.597613573074,198000000.00000003,0.000829,14.44
1.246042138338089,0.6700551241636277,8.47927886247635e-06,1533.2703962922094,159000000.00000003,0.000512,13.67
1.2980120301246645,0.7184028290212155,4.285451650619508e-06,764.6365016698836,271000000.0,0.000565,6.06
1.2494251906871796,0.646471604704857,8.912568777799607e-06,610.9275966882705,323000000.0,0.0005660000000000001,8.51
1.4632174618542195,0.8126187086105348,3.2593385875225073e-06,648.1962203979491,311000000.0,0.000912,4.109999999999999
1.4261841863393785,0.8319596797227861,8.531191974878313e-06,1523.5721990466116,744000000.0,0.0014,0.010000000000000368
1.5631174162030221,0.629533526301384,6.785346724092962e-06,1801.914365030825,130999999.99999999,0.00048399999999999995,13.32
1.5929188013076783,0.6227739304304123,6.17794455960393e-06,1305.3369447588918,164000000.0,0.0004850000000000001,11.02
1.481961726397276,0.6021100580692291,3.9779840409755715e-06,1881.4628869295118,106000000.00000003,0.00021999999999999998,9.4
1.2937793612480164,0.7000835672020913,8.531716644763948e-06,1133.6379796266554,211000000.0,0.000789,13.14
1.5653828859329224,0.8748155415058136,4.165948539972306e-06,577.9657810926436,339000000.0,0.00158,5.82
1.3326765060424806,0.6025549113750458,6.662377506494523e-06,2604.059904813766,87300000.0,0.00022600000000000005,13.47
1.4799895204603672,0.817766198515892,3.841607004404069e-06,1286.7529988288877,175000000.0,0.0009750000000000001,10.31
1.6245707005262375,0.6377399414777757,7.445597723126413e-06,2088.275469839573,123000000.00000003,0.0005560000000000001,14.71
1.5131321758031846,0.8463185280561448,8.931360721588136e-06,630.6116580963134,383000000.0,0.00259,11.12
1.2621308505535127,0.7340106178075075,9.933060050010682e-06,572.1532851457595,361000000.0,0.00128,11.22
1.6645940959453585,0.6976618677377702,2.976592421531678e-06,1906.6405966877935,111999999.99999999,0.00048199999999999995,10.74
1.53911761790514,0.692153960466385,8.320263832807542e-06,1893.041396513581,146000000.0,0.000785,15.33
1.403923970460892,0.7365233290940524,4.224578678607941e-06,1612.3544257134197,141000000.00000003,0.0006159999999999999,12.05
1.5640251427888872,0.6878050938248635,8.370478183031083e-06,1016.6912078857421,228000000.0,0.0009949999999999998,12.56
1.3297533094882967,0.6442572623491288,8.778554528951647e-06,1023.2364684343337,210000000.0,0.000517,10.96
1.4800054393708708,0.6501183271408082,5.59693704545498e-06,2082.85453915596,112999999.99999999,0.00041999999999999996,13.419999999999998
1.550610387325287,0.7635064534842969,6.813677802681924e-06,943.1626200675963,245000000.00000003,0.0012899999999999997,11.64
1.3080835640430453,0.6026127487421036,4.956941902637483e-06,1034.638464450836,184000000.0,0.0002190000000000001,5.99
1.5088367147371173,0.6995857492089272,8.704173862934114e-06,984.7213625907897,237000000.0,0.00106,12.78
1.3060421705245973,0.6022002965211869,9.335526347160341e-06,2154.9963131546974,111000000.0,0.00030599999999999996,14.12
1.4752917543053627,0.7126564264297486,5.9180573374032985e-06,1450.944274663925,165000000.0,0.0007349999999999999,12.8
1.5367070317268372,0.788755188882351,4.033212900161744e-06,1508.2710348069666,152999999.99999997,0.000917,11.8
1.4015242964029313,0.6574092864990235,3.5119213461875923e-06,2508.7861269712444,85800000.0,0.00025900000000000006,11.94
1.5869399785995484,0.6462517261505127,7.249822527170182e-06,2774.88562464714,99400000.00000001,0.0004939999999999999,15.8
1.6006046175956727,0.65388822555542,1.009308707714081e-05,2575.750902295112,116999999.99999997,0.000626,16.63
1.707437163591385,0.8453198790550233,4.066000699996949e-06,1426.5173971652982,166000000.0,0.00137,11.6
1.5279612667858602,0.7456781711429358,9.531194835901262e-06,1037.2650921344755,246000000.0,0.00143,13.89
1.49277012180537,0.8246844425797463,4.025810778141022e-06,1205.1312178373335,186000000.0,0.0010800000000000002,10.44
1.5983159601688386,0.88293816447258,3.076059609651566e-06,741.4317429065703,268000000.0,0.00128,5.56
1.5831753194332123,0.7299033343791962,5.884991608560087e-06,1352.2135391831396,177000000.0,0.000934,12.68
1.693126451969147,0.7232478171586991,4.973888114094735e-06,2707.531407475471,101000000.0,0.0007020000000000001,15.26
1.6039938390254975,0.7245109230279924,6.226779460906983e-06,1696.6548999771474,152999999.99999997,0.0009090000000000001,14.09
1.4191136419773103,0.7122668713331223,5.4177220165729535e-06,1222.2492620348928,181000000.00000003,0.0006800000000000002,11.32
1.3203063011169436,0.7782309941947461,3.399449855089188e-06,571.3180005550383,352000000.0,0.0006249999999999999,2.27
1.4141340851783755,0.7505081330426038,7.451832741498949e-06,598.3527302742003,344000000.0,0.00127,9.52
1.4841229096055033,0.7348851721733809,9.138271749019623e-06,893.112227320671,264000000.00000003,0.00133,12.99
1.7181040227413178,0.8889655619859697,2.996163129806519e-06,1586.247246712446,143000000.00000003,0.00126,10.58
1.4092216461896898,0.659884348511696,3.5894502401351937e-06,525.1349806785582,350000000.0,0.00035800000000000003,1.0800000000000005
1.5149486213922503,0.6078669726848602,4.792010203003884e-06,1975.6076224148271,106000000.00000003,0.000266,11.07
1.3019384801387788,0.6777268007397652,8.397784590721132e-06,2020.4758197069166,132999999.99999997,0.0005129999999999999,14.989999999999998
1.5357659339904786,0.8127819702029229,3.235345840454102e-06,537.9210710525512,359000000.0,0.0009750000000000001,2.92
1.2343092441558838,0.6023153454065323,7.74518819153309e-06,1099.541291594505,179000000.00000003,0.00027000000000000006,9.16
1.4373862490057947,0.7236560471355916,3.0437532961368568e-06,767.0837938785552,252999999.99999997,0.0005250000000000001,4.28
1.473856868594885,0.6527944386005402,4.844847589731218e-06,2156.4982756972313,106000000.00000003,0.00037300000000000007,12.92
1.636965411901474,0.6337624669075013,4.438988626003266e-06,1290.7130196690557,158000000.0,0.00042800000000000005,9.37
1.5020765936002136,0.7220007307827473,4.947325214743615e-06,2220.2549800276756,114999999.99999997,0.000622,14.189999999999998
1.601232746243477,0.8021228313446046,5.054921656847001e-06,1243.9972832798956,191000000.0,0.00126,11.91
1.3116282463073732,0.8009194403886796,4.213604420423508e-06,2111.660085618496,290000000.0,0.0005409999999999999,2.3100000000000005
1.4899597093462946,0.80946753770113,2.9382416605949407e-06,1059.7247183322904,186000000.0,0.0008319999999999998,7.98
1.4708082854747773,0.9648922741413117,9.624752134084702e-06,65.00008702278126,805000000.0,0.00359,3.24
1.5824300497770312,0.7838527388870716,6.044918343424798e-06,1211.9838148355482,202000000.0,0.0013,12.61
1.5262044824659826,0.6302337884902954,3.2809554040431983e-06,2423.948898911476,84900000.0,0.0002320000000000001,10.950000000000001
1.5193212121725084,0.695505228638649,7.458256766200067e-06,1468.5442224144933,171999999.99999997,0.0008170000000000001,13.79
1.493961711600423,0.6567315191030503,5.795821405947209e-06,898.5095769166945,221000000.0,0.000565,8.98
1.6100037932395936,0.6651029258966447,4.814628794789315e-06,2741.7150437831874,91500000.0,0.00045600000000000013,14.56
1.4678748562932016,0.6151609271764755,5.621840402483941e-06,1774.0898504853246,121000000.0,0.00032199999999999986,11.71
1.5946363270282746,0.8030476659536362,6.02907007932663e-06,1140.3945386409757,214000000.00000003,0.0014700000000000002,12.38
1.50532415304333,0.6815101236104966,8.466668218374254e-06,1957.9848386347292,140000000.0,0.000679,15.21
1.2229235529899598,0.8717892765998841,9.323900789022446e-06,437.59259581565846,645000000.0,0.00181,4.12
1.3252961218357087,0.601462608575821,8.57533872127533e-06,2517.8733766078944,95399999.99999999,0.00027000000000000006,14.37
1.5361753508448601,0.7092290416359902,2.9553636312484746e-06,1398.124389350414,144000000.00000003,0.000493,9.0
1.6294070184230807,0.6645157903432847,4.376683086156846e-06,2884.2978477478023,85900000.0,0.0004319999999999999,14.42
1.2266135573387147,0.6881055146455766,9.427712410688401e-06,1613.0431480705736,166000000.0,0.000602,14.56
1.4102744311094286,0.6023781895637512,7.317661300301553e-06,1855.4807286709545,120000000.0,0.00031400000000000004,12.66
1.6440643876791001,0.790133571624756,7.886967971920968e-06,938.2213950157164,260999999.99999997,0.00184,12.84
1.3370070040225983,0.5996425688266754,6.7261135280132305e-06,2047.981761395931,106000000.00000003,0.000244,12.31
1.4719413220882418,0.6636119037866594,4.490326374769211e-06,916.4162278175353,213000000.0,0.0004720000000000001,7.55
1.4272337391972543,0.8163257852196694,3.9634647667407995e-06,1061.6603046655653,204000000.0,0.000984,9.4
1.6685099244117738,0.8271276265382768,3.908910989761353e-06,1549.3617504835127,152999999.99999997,0.00117,11.84
1.5124717287719252,0.6515531033277512,4.932971686124803e-06,2184.3705251812935,106000000.00000003,0.00039399999999999993,13.14
1.4499067828059198,0.8645916044712068,4.107049703598023e-06,503.1323730945586,372000000.0,0.0014,5.06
1.7805510699748994,0.8592041462659836,7.1105127632617965e-06,951.1690884828566,267000000.0,0.0025,12.23
1.4475281596183778,0.789482156932354,8.240587025880815e-06,2063.587673008442,567000000.0,0.0009739999999999999,1.2399999999999995
1.515538063645363,0.8468777418136597,4.045148253440858e-06,1051.5131354331968,207999999.99999997,0.00124,9.700000000000001
1.5491704970598221,0.6586887001991273,2.9803241491317754e-06,1508.7057948112486,130999999.99999999,0.00033600000000000004,8.33
1.4433395951986314,0.7138710290193558,8.85962760448456e-06,907.944545149803,254000000.00000003,0.00112,12.62
1.4480252578854562,0.8357569813728333,8.86095628142357e-06,551.3752549886702,419000000.0,0.00237,10.2
1.4431663557887078,0.796637660264969,8.342173755168916e-06,544.9015200138091,405000000.0,0.00178,9.32
1.6913393676280977,0.6086717873811722,2.955003142356873e-06,2613.6432141065593,77800000.0,0.00021399999999999992,10.37
1.4945462303236128,0.7236053220927716,4.174466758966446e-06,2312.5146254897118,106000000.00000003,0.0005560000000000001,13.7
1.493945074081421,0.6779601931571961,7.737894028425217e-06,515.8041715621947,382000000.0,0.000943,7.54
1.3718497753143313,0.6379110217094422,8.62021166086197e-06,821.0284560918807,247000000.0,0.000505,9.01
1.4800994709134103,0.7954762369394303,5.150304451584817e-06,621.936947107315,324000000.0,0.00123,7.639999999999999
1.5455961361527444,0.6500241279602051,3.0608193576335914e-06,2527.0405709743495,83200000.00000003,0.00026100000000000006,11.38
1.3785548329353334,0.7878585889935494,2.9796549081802375e-06,2396.263062953949,98899999.99999997,0.000567,12.55
1.457408031821251,0.7951904252171517,2.9890768527984626e-06,2248.6384510993958,105000000.00000003,0.000657,12.44
1.536885201931,0.7112720221281053,6.3495490457862624e-06,1241.6729256510732,188999999.99999997,0.0008499999999999998,12.3
1.4817673288285733,0.8299714207649231,5.062304064631463e-06,721.4474976062774,291000000.0,0.00146,8.76
1.3784382283687593,0.6573997557163239,8.46584439277649e-06,1022.1953988075255,214000000.00000003,0.0006100000000000001,11.31
1.57447409927845,0.8823090612888337,7.526728585362435e-06,861.478105187416,515000000.0,0.00224,5.1
1.5778441876173022,0.6560599923133851,7.818113863468171e-06,2679.8761188983913,106000000.00000003,0.0005459999999999999,16.04
1.3894740343093874,0.7216877952218056,4.213603585958482e-06,1723.9579623565076,131999999.99999999,0.0005409999999999999,12.21
1.5534741058945658,0.86630557179451,3.0152919888496404e-06,739.3940091133117,268000000.0,0.00115,5.42
1.311004936695099,0.600442636013031,2.982042312622071e-06,1190.4751062393186,148000000.0,0.00013699999999999991,3.7
1.4663032203912736,0.7211487628519536,4.387612909078599e-06,2209.9234834313393,111000000.0,0.0005549999999999999,13.64
1.7679089069366456,0.9057489037513734,3.0004017949104313e-06,1118.5539811849592,186000000.0,0.00151,8.69
1.5950566381216051,0.6442195862531662,4.224347323179246e-06,2513.590186834335,90800000.00000003,0.0003530000000000001,13.07
1.7538301169872286,0.6062311202287675,2.976275742053986e-06,2521.074444055557,81600000.0,0.000246,10.41
1.390923571586609,0.6046415269374847,4.843701347708703e-06,1210.5323299765585,159000000.00000003,0.0002489999999999999,7.59
1.455028232932091,0.7598811384290457,7.717769339680672e-06,720.2478796243666,304000000.0,0.00137,10.87
1.6279688358306885,0.6620838046073915,5.808643743395806e-06,2658.0427885055537,98700000.0,0.000517,15.16
1.5639019757509234,0.7233994737267495,5.08982576429844e-06,2348.7797304987907,111999999.99999999,0.0006710000000000002,14.65
1.5538885295391085,0.7312009982764721,4.12717866897583e-06,2570.53929567337,98500000.00000001,0.000592,14.29
1.5086159868165852,0.653250727057457,4.031444042921067e-06,2540.5868440866466,88900000.00000003,0.000321,12.87
1.644731166958809,0.8910862416028977,4.319902330636979e-06,809.472233057022,263000000.00000003,0.00186,8.74
1.4906510146334768,0.783575689047575,7.029622226953508e-06,724.659964442253,302000000.0,0.00149,10.55
1.5551492884755136,0.7040092214941979,7.069447487592698e-06,1759.7674911376087,150999999.99999997,0.000822,14.59
1.5745501756668092,0.6975323304533959,9.026171803474428e-06,1233.0712676048277,205999999.99999997,0.0010800000000000002,14.04
1.4089006662368775,0.6042578279972077,5.616958260536195e-06,2703.6046534776683,83300000.00000001,0.0002320000000000001,13.24
1.4024390280246737,0.8594965964555741,8.901711136102677e-06,711.028754711151,555000000.0,0.00188,5.49
1.3621256232261658,0.6865976750850679,3.3654660582542426e-06,640.620321035385,302000000.0,0.0004080000000000001,2.74
1.321349984407425,0.6025296539068222,7.636842608451844e-06,1495.2043928205965,141000000.00000003,0.00029499999999999996,11.28
1.6392785221338273,0.7293296433985234,5.008836030960084e-06,2533.9407026767726,107000000.00000001,0.000719,15.02
1.68567311167717,0.7349122278392316,7.497950181365014e-06,1668.2465113699434,167000000.0,0.00118,14.96
1.3265788793563844,0.6901805922389032,9.001940816640855e-06,807.2541207075118,269000000.0,0.0008669999999999999,11.52
1.5807780772447588,0.7032585203647614,7.932329699397088e-06,1535.39552539587,171999999.99999997,0.0009639999999999999,14.56
1.7154274463653565,0.7190053448081017,5.933162353932858e-06,2547.9519665241237,112999999.99999999,0.0008049999999999999,15.66
1.4785336531698705,0.7226089373230935,5.221475243568421e-06,2058.403968811035,124000000.00000003,0.000646,14.04
1.3933800280094149,0.6957258179783822,8.72048556804657e-06,1229.5181602239606,200000000.0,0.000863,13.73
1.3664425134658815,0.6610606133937836,8.872957974672319e-06,803.6745637655257,264000000.00000003,0.0007309999999999999,10.89
1.480072094500065,0.7387599281966687,6.985360011458398e-06,733.2296222448348,294000000.0,0.00111,9.96
1.4866981454193593,0.7085443049669267,6.029375649988652e-06,1340.974263846874,175000000.0,0.000752,12.42
1.4926431080326439,0.6935791701078415,3.7669549286365517e-06,918.1433469057082,213000000.0,0.0005289999999999998,7.1
1.491575927473605,0.8054876178503038,6.056840293109418e-06,600.3915071487426,341000000.0,0.00157,8.81
1.6484906852245331,0.6877795368433,8.345113366842271e-06,2423.530474305153,124000000.00000003,0.00077,16.31
1.4944771952927114,0.6699742823839189,7.808883011341096e-06,1321.3790133595464,181000000.00000003,0.000721,13.04
1.4799111530184748,0.8282574534416199,3.957747638225556e-06,1169.3061813712118,189999999.99999997,0.0010699999999999998,10.08
1.5197853706777098,0.6926418364048005,8.06182959675789e-06,1646.729728206992,160000000.00000003,0.000813,14.68
1.508152231760323,0.8125576660037042,5.803637109696866e-06,2092.7033126354218,440000000.0,0.0009809999999999999,1.8800000000000001
1.4457097381353379,0.6429349154233933,9.370922476053239e-06,2697.3194181919093,105000000.00000003,0.000453,16.2
1.4074689835309984,0.8180674195289612,2.933239042758942e-06,1122.546151280403,181000000.00000003,0.0008,8.34
1.3695427805185318,0.6613077968358995,8.202271521091462e-06,1778.5419169813392,141000000.00000003,0.0005159999999999999,14.14
1.321390324831009,0.7985929414629936,2.975038647651673e-06,851.6516089439391,233999999.99999997,0.0006830000000000001,6.03
1.5844448626041414,0.8562354236841202,2.984352111816407e-06,913.6059433221816,216000000.00000003,0.00111,7.18
1.48177302852273,0.633848261833191,5.0066642314195644e-06,2478.920847177505,92599999.99999999,0.00031600000000000004,13.33
1.437941984832287,0.6341633141040802,5.397295460104943e-06,905.4018855094909,214000000.00000003,0.00040699999999999997,7.639999999999999
1.4734376169741155,0.7335546277463437,4.060631752014161e-06,1996.2523803114889,119000000.0,0.0005939999999999999,12.93
1.794408828020096,0.8463098913431168,5.871564909815789e-06,1198.8393887877462,214000000.00000003,0.00204,12.64
1.741701740026474,0.7128235146403313,6.915630444884301e-06,2359.709918498993,126000000.00000001,0.0009090000000000001,15.91
1.5420634120702745,0.7152318120002747,5.883098103106023e-06,2053.1071834266186,129000000.0,0.000723,14.56
1.734604722261429,0.8289147645235062,3.004897058010102e-06,2179.2231425642967,111000000.0,0.0009520000000000003,12.28
1.554079520702362,0.8406951248645783,3.057198405265809e-06,638.7337595224379,305000000.0,0.0010800000000000002,4.26
1.263583266735077,0.5995551466941834,6.7738325670361526e-06,1966.325335204601,108000000.00000001,0.0002119999999999999,11.72
1.5298295371234418,0.6647467732429505,7.5962451547384276e-06,2424.4062900543213,113999999.99999999,0.000561,15.630000000000003
1.237753611803055,0.6485862940549851,9.107227563858034e-06,2881.7516863346095,96999999.99999997,0.00033899999999999995,16.0
1.601564481854439,0.7342732664197684,2.952108800411225e-06,2105.2421554923058,106000000.00000003,0.0005499999999999999,11.63
1.746654671430588,0.8609046489000322,4.037954956293107e-06,1467.378970235586,165000000.0,0.00149,11.7
1.417956840991974,0.7280057832598686,7.509293794631959e-06,727.946639060974,298000000.0,0.0010699999999999998,10.22
1.6538551568984987,0.8418756902217865,3.642707884311677e-06,526.3401120901107,355000000.0,0.0013,3.97
1.2643959224224093,0.6596692711114884,9.43278929591179e-06,509.81226563453663,386000000.0,0.000738,8.3
1.3330567181110384,0.602429947257042,5.737333282828332e-06,2700.367525219917,81799999.99999997,0.00020100000000000014,12.94
1.541253671050072,0.6362554371356964,5.996161751449109e-06,2736.9049489498134,92900000.0,0.000396,14.84
1.3411696314811707,0.6674633949995041,8.26329240202904e-06,1115.4210120439527,201000000.0,0.0006079999999999998,11.88
1.778378087282181,0.8104249835014344,8.01389354467392e-06,1039.979040622711,251000000.0,0.0022,13.44
1.3022826433181764,0.6041909068822862,7.743067398667336e-06,1203.5817205905912,168999999.99999997,0.00031100000000000013,10.050000000000002
1.4508440136909486,0.7457627188414336,4.654800474643708e-06,705.6934684514998,299000000.0,0.0008120000000000001,6.54
1.3863317191600801,0.7381409190595151,8.280904829502106e-06,559.6730411052703,367000000.0,0.0013199999999999998,9.74
1.7332264780998232,0.9111757636070252,7.483838751912118e-06,581.1029225587844,352000000.0,0.00328,10.75
1.5070667585358024,0.7007821217179299,6.056119889020921e-06,2029.5511856675146,128000000.0,0.000648,14.43
1.5305628910660745,0.6909843787550927,8.239578992128373e-06,1842.625757679343,148000000.0,0.000776,15.16
1.5608961313962937,0.7579439286142589,9.392891228199007e-06,828.5615891218184,291000000.0,0.00171,12.92
1.5361083045601847,0.6924389138817788,8.256413489580156e-06,1801.024220883846,150999999.99999997,0.0008030000000000002,15.14
1.3855021208524705,0.6938143953680993,3.8125010728836066e-06,831.7481279373168,233999999.99999997,0.00047600000000000013,6.1
1.5071898384019733,0.7118211194872857,2.9745104312896733e-06,1818.7310425564644,115999999.99999997,0.0004470000000000002,10.500000000000002
1.5828919976949694,0.747175364010036,4.951468646526338e-06,588.2480293512343,341000000.0,0.0010399999999999997,6.46
1.391282057762146,0.7274116203188897,9.558700054883958e-06,924.1047799587249,260000000.0,0.0011999999999999997,13.14
1.7622978508472444,0.7526107097044588,4.137592166662217e-06,2762.0116174221034,97100000.00000001,0.0007800000000000001,14.81
1.632284465432167,0.6627521932125092,2.966729879379273e-06,2624.5110034942622,82699999.99999999,0.0003290000000000001,11.95
1.5380110904574396,0.8730820924043656,7.154874175786973e-06,496.1450695991515,405000000.0,0.00245,8.92
1.6473572552204134,0.7557667812332511,4.064921736717225e-06,2496.8524575233455,103999999.99999999,0.000745,14.26
1.4895380146801473,0.7233554564416409,3.917043685913087e-06,2102.580212056637,111999999.99999999,0.0005470000000000001,12.93
1.493277693539858,0.684859585762024,8.666225939989091e-06,2071.558900177479,136000000.0,0.0006710000000000002,15.49
1.373543778061867,0.6344444990158081,7.619797512888909e-06,1806.8069983273742,130000000.0,0.0004049999999999999,13.36
1.5759720951318743,0.756816877797246,6.158007834106685e-06,1225.588537752628,197000000.00000003,0.00113,12.55
1.609872168302536,0.6500523805618287,4.047328501939774e-06,2068.908579647541,106000000.00000003,0.0003860000000000001,11.97
1.6209232270717622,0.9071213901042939,4.1009533107280736e-06,1791.3839099928734,412000000.0,0.0011999999999999997,0.03999999999999956
1.3409282863140108,0.7297140643000604,2.900662779808045e-06,746.7524260282515,258000000.0,0.000492,4.14
1.5593712553381922,0.7839749246835709,4.0350775122642525e-06,1598.1302149593828,146000000.0,0.0008990000000000001,12.11
1.5298426464200021,0.7332277726382018,3.8715490698814396e-06,2493.6557859182353,99000000.00000001,0.0005719999999999999,13.88
1.3910881251096727,0.6536658257246019,8.05921792984009e-06,1827.114622108638,136000000.0,0.0004939999999999999,14.08
1.7986720740795137,0.7829396143555641,3.132278144359589e-06,2878.4119635820384,88499999.99999997,0.000787,13.88
1.6412259578704835,0.6341084003448487,4.385838210582734e-06,1386.8214115500448,148000000.0,0.0004210000000000001,9.8
1.5555233135819437,0.7669627256691457,8.088389366865159e-06,863.8190776109694,271000000.0,0.0015600000000000002,12.4
1.3410731971263887,0.8808249592781068,5.076981887221337e-06,477.6570498943328,390000000.0,0.00169,6.67
1.6458773374557496,0.7402860302478076,5.114919066429139e-06,1720.4555072821674,144000000.00000003,0.0008979999999999999,13.44
1.3276098489761354,0.6498518496751786,9.679137766361238e-06,2777.964055538177,103999999.99999999,0.0004159999999999999,16.41
1.3766318768262864,0.6645483881235124,4.6977399587631236e-06,633.4111392498015,301000000.0,0.0004379999999999999,4.57
1.5224070623517039,0.7575994363054633,6.424330241978169e-06,823.3715146780013,268000000.0,0.00119,10.4
1.4362247675657274,0.7785947911441327,3.860077679157258e-06,1253.718167543411,175000000.0,0.000789,10.050000000000002
1.3525110572576524,0.6361246705055238,7.4821853637695325e-06,2171.1843758821487,112999999.99999999,0.00038,14.24
1.2171026945114136,0.5997170627117158,6.05184080451727e-06,636.328637599945,293000000.0,0.00023099999999999998,3.24
1.61399422287941,0.6243168979883195,7.446356147527695e-06,2087.853282690048,120000000.0,0.000499,14.43
1.5157902471721174,0.7466238722205163,8.978400141000749e-06,722.3346382379531,311000000.0,0.00157,12.03
1.5929318010807039,0.7222471542656422,5.880776569247247e-06,2053.444415330887,130999999.99999999,0.000801,14.68
1.4182764798402787,0.7467904932796956,3.97765401005745e-06,1512.8601454198358,147000000.0,0.000649,11.48
1.3966744959354402,0.7960579633712769,4.022918105125428e-06,1072.5451558828352,201000000.0,0.000886,9.540000000000001
1.3801671266555788,0.6068739026784897,8.208079397678377e-06,2242.8058385849,107000000.00000001,0.00032500000000000004,14.15
1.6089367479085923,0.8815102905035019,4.684355348348618e-06,1226.378187537193,428000000.0,0.00149,2.7700000000000005
1.5379759848117829,0.8450595796108247,3.1143757402896885e-06,642.9788023233413,305000000.0,0.00109,4.36
1.792012292146683,0.8015691071748734,6.934130743145943e-06,1409.07696634531,196000000.00000003,0.00177,14.11
1.7166534841060639,0.8960332274436952,3.0345441401004797e-06,805.013358592987,241000000.0,0.00148,6.57
1.3458852767944338,0.6714829355478288,8.408963292837144e-06,2236.004985868931,123000000.00000003,0.0005039999999999999,15.4
1.3142424702644349,0.8008600562810898,2.9760187268257147e-06,944.1677778959273,212000000.0,0.00067,6.84
1.5924639344215394,0.6342144817113877,4.836217135190965e-06,2495.7797229290004,93300000.00000001,0.0003600000000000001,13.5
1.4102848649024964,0.6039702057838441,6.12319264933467e-06,2871.211796998977,81400000.00000001,0.00023900000000000006,13.899999999999999
1.628368753194809,0.8344677597284318,3.011817485094071e-06,1404.6636894345281,152999999.99999997,0.00102,10.0
1.52916476726532,0.6699920028448105,6.165217638015748e-06,529.6145677566527,370000000.0,0.000721,5.66
1.324881148338318,0.9354423880577089,8.925123304128648e-06,330.6332528591155,884000000.0,0.00242,0.86
1.474754020571709,0.6122783124446869,3.7370178699493413e-06,2504.1351765394206,82100000.0,0.00020499999999999994,11.16
1.5407151505351069,0.7968622863292695,2.9623405933380133e-06,2461.014345288276,98400000.00000003,0.0006890000000000002,12.83
1.7314743161201478,0.8678076535463334,5.983587354421617e-06,952.0770907402037,254000000.00000003,0.00226,11.53
1.7517966270446779,0.6073463827371598,2.9763091206550604e-06,2610.6367558240886,79100000.00000001,0.00024299999999999986,10.63
1.5863196998834612,0.7303712837398053,5.170444369316102e-06,1606.9026589393613,149999999.99999997,0.0008269999999999999,13.05
1.1892385125160219,0.8161801010370255,3.7385284602642067e-06,2607.0785820484157,333000000.0,0.0005109999999999998,0.2400000000000002
1.540871348977089,0.7163631968200207,8.911706149578097e-06,1010.9581351280211,237000000.0,0.0011999999999999997,13.27
1.5080345934256913,0.6943018957972528,8.976743102073671e-06,1633.8209640234707,165000000.0,0.000866,15.11
1.6219865977764132,0.8685647428035737,3.000684261322022e-06,1110.392019152641,184000000.0,0.00118,8.62
1.6581514656543732,0.7271129988133908,5.920944325625897e-06,2168.6339676380157,128000000.0,0.000866,15.03
1.512482685595751,0.8712598353624345,4.199176937341691e-06,632.9417526721953,320000000.0,0.0014999999999999998,6.38
1.3601784199476243,0.7976398319005967,2.986834645271302e-06,1273.7160846590994,163000000.0,0.000686,9.06
1.2412947535514833,0.5984636127948761,9.665253311395646e-06,2045.3556925058363,112999999.99999999,0.000268,13.62
1.5608427286148072,0.6306907922029495,5.0334929078817375e-06,2727.013781666755,88000000.00000001,0.0003439999999999999,14.01
1.3522151648998262,0.6164073765277863,8.701174378395082e-06,2633.187800645828,97200000.0,0.0003259999999999999,15.18
1.6753526508808136,0.8189870104193688,3.0069189667701727e-06,1852.7151383459566,124000000.00000003,0.0009300000000000003,11.52
1.7763779997825624,0.6029878735542298,3.092136830091477e-06,917.0329123735427,204000000.0,0.000301,3.5799999999999996
1.4444787740707399,0.7294055856764318,4.703175246715547e-06,747.3869174718856,277000000.0,0.0007489999999999998,7.09
1.6469081103801728,0.7382426418364049,5.1399141103029255e-06,1813.9953138306735,139000000.0,0.000879,13.7
1.7628866136074068,0.9021197676658631,3.8091408908367165e-06,776.0405838489531,254000000.00000003,0.00202,8.51
1.5215431720018389,0.6443796604871751,7.0531157553195965e-06,2374.9255686998367,109000000.00000001,0.0004740000000000001,14.97
1.5639756605029107,0.7132311075925828,6.9595547020435346e-06,1454.70679923892,174000000.0,0.0009090000000000001,13.67
1.491495269536972,0.7580638479441405,3.6923406124114998e-06,1507.6653771102426,146000000.0,0.000688,10.87
1.2719834983348848,0.8723344445228577,8.4020514190197e-06,610.7040792703627,489000000.00000006,0.00207,7.54
1.570102044939995,0.737791695445776,2.970042288303376e-06,1346.7092365026472,150999999.99999997,0.00062,9.02
1.5648960471153261,0.7345222502946854,5.893367655575276e-06,1253.483101725578,187999999.99999997,0.000957,12.26
1.5733334720134737,0.6308397799730302,8.5477531850338e-06,1424.9319881200788,167000000.0,0.000611,13.2
1.5639188870787621,0.6341456204652787,6.261139314621688e-06,2162.4104976654053,111999999.99999999,0.0004449999999999999,13.97
1.5621322184801103,0.7088389188051224,9.89430207014084e-06,1344.7024598717687,203000000.0,0.00117,14.88
1.4151984572410585,0.9144539773464204,8.182663887739183e-06,401.5681445598601,617000000.0,0.00235,4.35
1.5477549746632577,0.6468396395444871,4.65847796201706e-06,2240.831658244133,102000000.0,0.00037499999999999985,12.94
1.22324059009552,0.5991963744163513,9.910715997219088e-06,997.1368610858916,201000000.0,0.0003290000000000001,9.91
1.4172799140214922,0.6659568250179292,2.996642947196961e-06,1222.941271960735,157000000.0,0.00030799999999999995,6.66
1.3405895411968232,0.6201418876647949,9.014071434736253e-06,1408.9571610093114,159000000.00000003,0.0004099999999999999,12.39
1.5901615530252458,0.7254496492445469,5.8184758275747304e-06,1869.9059654027221,140000000.0,0.0008340000000000001,14.23
1.5171567678451539,0.7764718048274518,6.161066226661206e-06,730.7023108005523,292000000.0,0.0013,9.65
1.7678930640220645,0.9044528961181642,2.9885244369506843e-06,997.3509162664412,201000000.0,0.00154,8.1
1.5796193003654482,0.6363412857055665,7.453086525201799e-06,1009.7930133342742,210000000.0,0.000636,10.7
1.7992788255214693,0.7937118843197823,4.0433841943740855e-06,2291.142411530018,115999999.99999997,0.0010399999999999997,13.95
1.7221125841140748,0.8653575897216798,4.0635221302509316e-06,1368.9191937446592,174000000.0,0.00152,11.33
1.5064147671684625,0.6786946892738343,6.327645551413299e-06,895.5256193876265,231000000.0,0.000708,9.82
1.6079373210668566,0.8573222637176514,5.672132201492787e-06,740.3996884822844,300000000.0,0.0021,9.84
1.220886254310608,0.6003050565719605,9.7804451584816e-06,716.0989493131636,271000000.0,0.0003530000000000001,7.76
1.6317772954702379,0.7142891585826875,8.824312001466752e-06,1439.8440085351465,188999999.99999997,0.00118,14.88
1.5073111267760397,0.7193470045924187,3.9175136983394625e-06,2302.605502307415,103999999.99999999,0.0005310000000000001,13.37
1.4107810646295549,0.6003482222557068,6.879304982721807e-06,803.3295273780822,236000000.00000003,0.000352,7.15
1.6365445464849473,0.7306129351258278,3.957363784313203e-06,2770.8281874656673,92400000.00000001,0.000605,14.5
1.5939928025007248,0.8992418736219407,5.179277807474137e-06,638.4632289409636,420000000.0,0.00199,5.3
1.4220493823289873,0.6000987589359283,2.998432040214539e-06,2501.945078372955,76800000.0,0.0001420000000000001,9.2
1.3707596361637118,0.6918286219239236,9.017717629671098e-06,498.93680214881886,397000000.0,0.0011,9.01
1.530075191706419,0.754488311894238,5.998895511031152e-06,743.9434081315993,288000000.0,0.0011,9.13
1.4862013891339303,0.667057541012764,6.337642977014185e-06,1710.0833281874654,140000000.0,0.0005570000000000002,13.28
1.565586291253567,0.7988911092281342,3.001772612333298e-06,1418.292850255966,149999999.99999997,0.0008369999999999999,9.92
1.5085000092163683,0.6099134087562561,4.747686445713044e-06,2070.8040446043015,102000000.0,0.0002630000000000001,11.34
1.3738165140151979,0.8508928120136262,2.8795274496078495e-06,817.2194212675093,241000000.0,0.0009109999999999999,6.17
1.52728837877512,0.7074015632271767,5.6181715726852425e-06,832.7833116054534,250000000.0,0.0007990000000000001,9.0
1.489754270017147,0.6270468324422837,6.4934150017797955e-06,2806.4970225095744,90399999.99999997,0.000354,14.92
1.5031864749267698,0.7085056096315384,4.0592359006404884e-06,529.5931100845336,364000000.0,0.0006540000000000001,3.18
1.385462746024132,0.6313144773244859,7.974533289670945e-06,1506.3698329031465,149999999.99999997,0.00042899999999999997,12.5
1.5365923359990121,0.6228586971759796,9.003513157367707e-06,2872.5113272666927,96100000.00000001,0.0004119999999999999,16.05
1.3489236474037172,0.8033659413456917,3.119899898767472e-06,1211.7488980293272,173000000.0,0.0007049999999999998,8.75
1.515353757888079,0.8083600357174874,5.9701734855771076e-06,569.8515027761458,354000000.0,0.00163,8.45
1.4390654459595682,0.6203063607215882,6.701702244579793e-06,1682.422819547355,131999999.99999999,0.000374,12.35
1.5775038778781891,0.6825229883193971,8.476249545812608e-06,2342.5410613417625,125000000.00000001,0.0006980000000000002,16.05
1.3965620309114457,0.7737657241523267,4.064113140106202e-06,1221.8195497989652,179000000.00000003,0.0007900000000000001,10.4
1.6342852234840395,0.8374688923358918,5.31822843849659e-06,932.6479136943816,245000000.00000003,0.00175,10.71
1.4213787496089936,0.6111526608467103,3.90636107325554e-06,1220.1104611158369,156000000.0,0.00023999999999999995,6.52
1.633181118965149,0.66436904668808,2.97876787185669e-06,2874.7757077217098,76300000.0,0.00031899999999999995,12.5
1.4895385153591634,0.7119284927845002,5.56678792834282e-06,924.9341040849685,228000000.0,0.000778,9.72
1.526638973504305,0.7301824897527696,6.05381040275097e-06,850.9013354778289,256000000.0,0.0009580000000000001,9.83
1.4575688391923907,0.9547420978546144,8.152019619941713e-06,-188.9919936656953,780000000.0,0.0025799999999999994,0.68
1.5932098209857941,0.8268017023801805,4.0187766551971445e-06,1358.0562844872472,169999999.99999997,0.00116,11.23
1.7229995369911195,0.7678544461727143,9.83933335542679e-06,1132.4240565299986,242999999.99999997,0.00197,14.75
1.536277534067631,0.7503141534514726,2.972158074378968e-06,1346.4147150516508,161000000.00000003,0.000605,8.12
1.3019716680049898,0.6038582593202592,7.839171797037126e-06,1101.9567698240278,182000000.0,0.00031699999999999995,9.55
1.5104845248162748,0.6583499908447267,7.804574564099313e-06,904.1580110788344,236000000.00000003,0.0007309999999999999,10.64
1.4195034831762314,0.5996963202953339,2.9847301244735723e-06,2326.3640254735947,82000000.0,0.0001440000000000001,8.72
1.2302800297737122,0.6715860128402711,8.427751272916796e-06,1323.9686861634252,177000000.0,0.0005369999999999999,13.02
1.3215125620365145,0.6014338821172714,8.757490545511247e-06,1485.717363655567,145000000.0,0.00032199999999999986,11.88
1.5039565516635778,0.7156971998512746,5.028963327407838e-06,485.8349561691283,363000000.0,0.00086,5.84
1.4289116844534875,0.8563763201236726,4.242616683244706e-06,2434.261173009872,341000000.0,0.0008740000000000001,1.6299999999999997
1.3956243485212327,0.6982248544692994,5.3585614711046225e-06,1525.3025777637956,149999999.99999997,0.0005679999999999999,12.33
1.5804732978343965,0.8314791530370713,7.866102278232576e-06,693.2124793529509,334000000.0,0.00227,11.24
1.3521487176418305,0.6915166094899178,8.268377006053926e-06,1322.1190795302389,185000000.0,0.0007200000000000002,13.51
1.4726918041706087,0.8277745664119721,5.1372897177934655e-06,677.7711510658263,305000000.0,0.00146,8.44
1.4737635791301729,0.7372214421629907,5.294809907674791e-06,1033.6463451385496,211000000.0,0.0008520000000000001,10.46
1.40415418446064,0.7191804952919484,2.956055402755738e-06,2649.816751480102,85400000.0,0.0003710000000000001,12.61
1.453454375267029,0.8678266793489456,6.759872697293759e-06,839.2913192510604,464000000.0,0.00164,4.97
1.5299906574189663,0.6636703848838806,7.63647721707821e-06,2513.495862483978,111000000.0,0.0005509999999999998,15.77
1.4728302486240865,0.6095530986785889,5.521438509225846e-06,1492.4313984811304,138000000.0,0.0003179999999999998,10.37
1.2400633513927461,0.601902124285698,5.872861824929715e-06,1020.0584977865218,186999999.99999997,0.00021700000000000007,6.77
1.5965751081705095,0.6828576117753983,7.972200229763985e-06,1196.0845366120336,201000000.0,0.000912,13.0
1.377834239602089,0.7014740958809853,8.865456759929659e-06,1116.268143057823,217000000.00000003,0.0009300000000000003,13.44
1.7514317929744723,0.8137152537703515,5.9929765462875375e-06,1341.8262004852293,192000000.0,0.00166,13.34
1.3391544699668885,0.5999841392040253,6.686815597116948e-06,2144.892580807209,102000000.0,0.00024100000000000008,12.53
1.4248685628175737,0.6183544009923936,4.651812672615052e-06,1120.831102132797,173000000.0,0.0002929999999999999,7.41
1.3616289317607881,0.6348509877920151,4.4817827045917516e-06,839.4420444965361,228000000.0,0.00031699999999999995,5.330000000000001
1.4181782484054566,0.7577618954703212,2.966315150260926e-06,2744.149968028068,87300000.0,0.000488,13.27
1.458904176950455,0.7328230999410154,3.845665633678437e-06,1705.7869043201206,130999999.99999999,0.000583,11.83
1.4618298009037973,0.7492555316537619,3.804915994405747e-06,1546.422980725765,143000000.00000003,0.0006540000000000001,11.3
1.3649346560239792,0.7757322818040848,9.159801363945008e-06,1873.7593684345482,608000000.0,0.000987,1.64
1.4164896100759508,0.9314584136009217,6.671884905546905e-06,723.7284183502196,651000000.0,0.00175,0.06000000000000029
1.580326098203659,0.705833749473095,7.932035759091378e-06,1444.9400939047334,180000000.00000003,0.00099,14.27
1.4654470257461072,0.8090101003646851,4.008794158697129e-06,1251.717574894428,179000000.00000003,0.0009779999999999997,10.61
1.607428139448166,0.8206965118646622,5.983923748135567e-06,840.8373147249221,270000000.0,0.00178,10.790000000000001
1.7867616891860965,0.6490627616643906,2.972992539405823e-06,1365.3426170349119,145000000.0,0.0004210000000000001,7.76
1.5197507724165917,0.8969847410917283,3.299386024475098e-06,657.0012420415877,361000000.0,0.00134,3.1
1.5489076137542725,0.8102975428104401,6.025071270763875e-06,2289.683774113655,480000000.0,0.000947,0.5899999999999996
1.5691806167364122,0.8306102871894837,4.002268433570863e-06,1309.1991394758222,175000000.0,0.00116,10.97
1.469730940461159,0.6108126014471055,6.305437907576562e-06,1494.5647232234476,142000000.00000003,0.0003569999999999999,11.22
1.3644502222537995,0.7952565729618073,2.9996153116226202e-06,2047.9005500674245,111999999.99999999,0.000602,11.69
1.7865564823150637,0.7527529388666153,6.008261546492577e-06,2158.6237028241158,134999999.99999997,0.00111,15.23
1.3454676926136018,0.6134163737297058,8.030531942844392e-06,517.5963342189788,361000000.0,0.0004229999999999999,4.89
1.2647580027580263,0.6903177693486214,9.292350918054582e-06,1784.8977744579313,155000000.0,0.0005989999999999999,14.91
1.2201290130615234,0.65117407143116,8.968735158443452e-06,1693.8576446846125,144000000.00000003,0.0004269999999999999,13.99
1.6344987452030184,0.8031754910945893,2.9851849079132085e-06,1801.3838231563566,125000000.00000001,0.0008459999999999997,11.29
1.4944917390123011,0.7312466494739056,9.243571430444718e-06,993.0899292230605,246000000.0,0.00128,13.45
1.251645773649216,0.6881378889083863,8.714494526386261e-06,1210.5241343379018,196000000.00000003,0.0006760000000000002,13.35
1.216020941734314,0.600918871164322,3.928481280803681e-06,1403.6094695329664,131999999.99999999,0.0001459999999999999,6.31
1.723219621181488,0.9017420411109925,6.01081344485283e-06,589.2183184623717,347000000.0,0.00272,9.15
1.2678660929203034,0.6042639434337617,4.034001678228379e-06,1210.606351494789,152999999.99999997,0.000176,5.71
1.6128669351339342,0.8412331223487854,5.892251506447793e-06,618.369087576866,339000000.0,0.00209,9.1
1.6015743792057038,0.850573155283928,3.070262789726258e-06,2380.6274980306625,122000000.00000004,0.000872,10.74
1.3217908859252931,0.7188131220638753,2.979102492332459e-06,1037.4510586261747,187999999.99999997,0.0004139999999999999,6.49
1.5836196899414063,0.8572069913148881,8.993637681007387e-06,648.0133831501006,380000000.0,0.00284,11.3
1.5117403015494348,0.6957245483994484,8.996827632188799e-06,1745.410111150704,158000000.0,0.0008449999999999999,15.34
1.4011085718870164,0.7182880349457265,5.80560076236725e-06,534.1524183750151,374000000.0,0.0008179999999999999,5.88
1.7076141536235812,0.8861016422510148,3.8981238603591925e-06,1301.226310431957,181000000.00000003,0.0015900000000000003,10.78
1.535243658721447,0.7291595332324505,2.937153100967408e-06,2927.5549501180644,80100000.0,0.0004449999999999999,13.38
1.4382753923535347,0.6358019649982453,6.575484506785871e-06,2654.266014695167,95300000.0,0.000369,14.82
1.5816430002450945,0.8300292849540711,5.01506468653679e-06,1022.6451903581618,223999999.99999997,0.0014700000000000002,10.8
1.5636371791362764,0.8046581491827965,8.584505528211595e-06,1874.5796866714952,609000000.0,0.00121,1.3499999999999999
1.3066437363624575,0.6030988812446595,3.927414625883103e-06,2419.3752110004425,82300000.00000003,0.00015399999999999998,10.28
1.554424050450325,0.7826545402407646,3.959554672241211e-06,1644.214132800698,142000000.00000003,0.0008689999999999999,12.13
1.6204192847013474,0.7245458632707596,7.01350573450327e-06,538.4524464607238,378000000.0,0.00121,7.82
1.3976964443922044,0.8382800817489625,8.485387563705445e-06,1325.119651854038,735000000.0,0.00149,0.6199999999999998
1.5251750707626344,0.624568372964859,4.5176841020584115e-06,1409.9964797496793,143000000.00000003,0.0003310000000000001,9.250000000000002
1.3384960234165193,0.6690233498811723,8.184083312749864e-06,1214.3246382474897,187999999.99999997,0.0005930000000000001,12.32
1.4756935961544515,0.636766728758812,3.402785003185273e-06,2601.6459912061687,80899999.99999997,0.0002320000000000001,11.65
1.6004771590232851,0.6842860400676728,3.701143383979798e-06,2924.649968743324,83000000.0,0.00043099999999999996,14.04
1.4978580297902229,0.6504041522741318,4.119976818561555e-06,2433.364868164062,91900000.00000001,0.00031600000000000004,12.649999999999999
1.7560027778148652,0.7846009030938149,4.94576507806778e-06,1828.4618966281412,144000000.00000003,0.00117,13.81
1.389944672584534,0.9205980062484742,6.545001734048129e-06,752.8123557567595,570000000.0,0.00174,2.0699999999999994
1.4138726234436036,0.6022246062755585,6.1400467567145835e-06,2222.474656999111,99100000.0,0.00026100000000000006,12.7
1.5015492277219893,0.7862716667354107,2.9732674956321724e-06,1207.2387635707853,167000000.0,0.0007550000000000001,8.72
1.5419605493545534,0.607979366183281,3.902777463197709e-06,1600.8878890424965,124000000.00000003,0.0002630000000000001,8.7
1.4772462643682958,0.8166075423359872,4.918463990092278e-06,2610.705524682998,405000000.0,0.000739,0.5000000000000002
1.5047890735790135,0.6979986414313317,1.0028619647026064e-05,1331.3436433672903,201000000.0,0.0010500000000000002,14.75
1.4734730646014216,0.6519553005695343,8.171851933002473e-06,627.2866129875182,326000000.0,0.0007810000000000002,8.54
1.447095648944378,0.6928046733140946,9.305329352617265e-06,1593.0087789893148,168000000.0,0.000807,14.989999999999998
1.4558470174670222,0.768562786281109,7.343296691775323e-06,704.7253400087355,307000000.0,0.0013800000000000002,10.51
1.5448008880019188,0.8109558373689653,3.7799233496189125e-06,534.7035378217696,370000000.0,0.0010699999999999998,3.65
1.423084580898285,0.8638698846101761,3.5828898847103127e-06,791.8632328510283,260000000.0,0.00112,6.68
1.7675419092178346,0.6967406406998635,9.582018554210664e-06,2534.189105033874,130999999.99999999,0.0009589999999999999,17.01
1.7901399850845339,0.7007801011204721,9.852734446525576e-06,2190.6386986374855,148000000.0,0.00112,16.84
1.5571433678269389,0.741694162040949,6.9207607358694084e-06,1046.590983867645,223999999.99999997,0.00113,12.11
1.558987341821194,0.7318385973572732,5.667594380676747e-06,744.4151788949965,285000000.0,0.000947,8.42
1.559713277220726,0.7082667365670204,7.24135458469391e-06,1583.0256342887876,165000000.0,0.0008929999999999999,14.26
1.6305047750473023,0.8078628525137902,3.0096420347690587e-06,2031.841233372688,114999999.99999997,0.0008319999999999998,11.99
1.5464998930692675,0.8345753431320191,8.67414376139641e-06,665.0288701057433,360000000.0,0.00245,11.38
1.488765212148428,0.6644202232360841,5.942803919315339e-06,993.0331557989119,206999999.99999997,0.000589,9.8
1.4794378995895388,0.7378485269844532,5.236014544963838e-06,926.7182946205138,231000000.0,0.0008589999999999998,9.64
1.5466733381152153,0.6499082028865815,7.82290254533291e-06,1000.725358724594,217000000.00000003,0.0007110000000000002,11.21
1.3591587066650392,0.8283615499734879,4.216047108173371e-06,742.5090968608855,273000000.0,0.0010699999999999998,7.67
1.2603513300418856,0.8810667246580125,8.449660986661913e-06,599.7496396303176,498000000.0,0.00215,7.51
1.398932433128357,0.6270867168903351,6.786757700145245e-06,1981.0285717248914,116999999.99999997,0.00036099999999999994,13.3
1.520389334857464,0.7016807645559312,7.058208703994752e-06,1455.967493355274,171999999.99999997,0.0008149999999999999,13.54
1.5797150105237963,0.733770202472806,6.9961110502481475e-06,1148.2405588030813,208999999.99999997,0.00109,12.61
1.6360410869121553,0.7136077880859376,9.811602413654328e-06,1437.732923775911,195000000.0,0.00125,15.29
1.4569783732295039,0.7378337904810907,9.408348232507707e-06,812.9565715789794,286000000.0,0.00139,12.69
1.428529353439808,0.739442852139473,4.798655360937119e-06,1238.2981479167936,179000000.00000003,0.0007550000000000001,11.14
1.371188896894455,0.6492829084396363,4.380546659231186e-06,918.1881248950957,208999999.99999997,0.00034999999999999994,6.46
1.5908865272998811,0.75472234133631,9.866693377494813e-06,920.2718287706374,275000000.0,0.00176,13.7
1.5040582498535515,0.601720091700554,2.9716123342514046e-06,1865.5208144336937,101000000.0,0.0001750000000000001,7.63
1.4251027822494509,0.8548518598079682,5.928375810384751e-06,1354.0707081556318,484000000.0,0.00131,2.58
1.5946570694446565,0.8888721942901612,6.271244999021292e-06,502.7303397655486,396000000.0,0.00241,8.01
1.458356273174286,0.6037629246711731,3.970756947994233e-06,1505.8760084211824,129000000.0,0.00023099999999999998,7.959999999999999
1.5687976866960527,0.7372679483145476,8.713833004236223e-06,1021.8862742185592,239000000.0,0.00134,13.39
1.7670045375823977,0.9051576912403108,3.0226048231124884e-06,1342.3214405775068,164000000.0,0.00145,9.68
1.3999158561229708,0.8499927520751954,4.201908767223359e-06,693.4547722339629,291000000.0,0.00123,7.16
1.5137351319193841,0.8222440749406815,5.008296862244607e-06,918.6311364173888,242000000.0,0.00137,10.15
1.511907655745745,0.6280153691768647,5.322332233190538e-06,1501.9499622285364,141000000.00000003,0.000387,10.950000000000001
1.4778195463120938,0.6127053201198578,5.36577469110489e-06,1873.520055785775,113999999.99999999,0.00029999999999999987,11.65
1.5380008846521378,0.6182832598686219,6.04873899370432e-06,2910.5759710073467,85300000.0,0.00032700000000000003,14.71
1.570446315407753,0.7621006809175015,8.968609154224397e-06,924.3940114974974,267000000.0,0.00164,13.22
1.3979934632778168,0.9506767630577089,5.488807380199433e-06,783.1031382083892,543000000.0,0.00187,1.8800000000000001
1.6596276998519899,0.8867879837751389,3.0242720842361455e-06,899.9999165534972,218000000.00000003,0.00133,7.3
1.5406952664256097,0.8141248673200608,7.768128886818887e-06,633.9153200387954,342000000.0,0.00205,10.88
1.4915983138605953,0.652104127407074,5.93935225903988e-06,1808.5270719602702,129000000.0,0.00047600000000000013,13.05
1.420297095179558,0.5988734722137452,2.987797617912293e-06,2043.76370832324,91900000.00000001,0.0001479999999999999,7.89
1.5721075862646103,0.7581373404711486,7.089466303586961e-06,1056.4571171998975,227000000.00000003,0.00128,12.47
1.3608389854431153,0.7088803321123124,3.245392173528672e-06,1399.2400765419004,144000000.00000003,0.00041899999999999983,9.16
1.4681356362998488,0.6778817117214203,3.878616988658906e-06,917.0646518468856,211000000.0,0.0004669999999999999,6.89
1.543790338933468,0.7343277297914029,4.8460776954889304e-06,2047.7086231112478,124000000.00000003,0.0007150000000000001,13.88
1.5831342458724977,0.6326721847057343,5.994041323661805e-06,2312.935024499893,105000000.00000003,0.0004269999999999999,14.12
1.3836316823959351,0.6506384521722794,7.058616340160371e-06,2391.06248319149,107000000.00000001,0.0004159999999999999,14.82
1.4774332992732526,0.656815141439438,3.4955115914344792e-06,1789.237644523382,114999999.99999997,0.0003259999999999999,10.08
1.395397174358368,0.7885388106107712,2.986070275306702e-06,1842.560080811381,121000000.0,0.00062,11.1
1.5991816431283952,0.8460528910160066,2.9982918500900274e-06,1208.1625610589979,171999999.99999997,0.00106,9.090000000000002
1.460146924853325,0.6488997727632523,8.56453511118889e-06,817.1660751104354,260000000.0,0.0007160000000000001,10.31
1.381386932730675,0.6076623916625977,8.107874125242234e-06,2443.3742761611934,99900000.00000001,0.0003149999999999999,14.49
1.2449284493923187,0.9073841214179994,9.183798074722292e-06,348.9043116569518,802000000.0,0.00222,2.35
1.6691764175891877,0.6797896876931191,7.4676456451416025e-06,2720.6788510084148,109000000.00000001,0.000675,16.33
1.7883474290370942,0.7007446959614755,9.156929343938829e-06,2571.19770348072,129000000.0,0.000972,16.97
1.4783918604254724,0.8343720495700837,3.046193897724152e-06,2032.3238074779508,130999999.99999999,0.0007709999999999998,10.2
1.5210736647248269,0.7216078385710717,5.841855868697168e-06,1760.1262854877857,145000000.0,0.0007680000000000001,13.85
1.4718035459518435,0.7854617290198803,9.17801544070244e-06,1953.555356711149,619000000.0,0.00109,1.4700000000000004
1.4264613255858423,0.6652729511260987,7.682625636458398e-06,2387.5129520893097,113999999.99999999,0.000502,15.42
1.5261119462549688,0.7762180276215077,2.978377759456635e-06,2708.4052115678783,90299999.99999999,0.0006029999999999999,13.32
1.272694104909897,0.5986704289913178,2.997875034809113e-06,2580.3059637546535,72699999.99999999,0.00010300000000000004,8.65
1.5998354673385622,0.7980965673923494,9.762318909168244e-06,740.3052896261214,332000000.0,0.00232,12.69
1.5656252279877665,0.8254015535116196,5.624419003725053e-06,1807.7979441732166,410000000.0,0.00106,2.8300000000000005
1.3542766749858857,0.6368678122758866,7.5027992576360715e-06,2076.7600759863853,116999999.99999997,0.000387,14.04
1.3579892903566362,0.8638984948396683,6.340303707867862e-06,507.8642368316649,436000000.0,0.00184,7.14
1.2394749999046326,0.8495671302080156,9.696943998336794e-06,489.30662870407093,601000000.0,0.00172,5.2
1.570853215456009,0.7650293949991466,8.017597943544389e-06,924.2820292711257,258000000.0,0.00152,12.649999999999999
1.4049860268831253,0.6043020755052567,3.8008058369159705e-06,2749.379605054855,74000000.0,0.00016900000000000004,11.270000000000001
1.370789855718613,0.6235392183065415,3.4703643620014196e-06,834.4427049160003,221000000.0,0.000246,3.2699999999999996
1.3606680124998094,0.8852358251810075,3.29024362564087e-06,1665.2508471161125,223999999.99999997,0.0008149999999999999,4.92
1.4475961625576022,0.8098716259002686,2.8476533889770514e-06,807.0048987865447,236000000.00000003,0.0008139999999999999,5.98
1.3109044790267945,0.6025828421115875,8.951469242572786e-06,1106.5699458122251,185000000.0,0.00034799999999999995,10.23
1.3770507752895356,0.6029316276311875,3.937528967857361e-06,1976.1402830481527,100000000.0,0.00018800000000000012,9.35
1.7614196062088014,0.7075650438666344,7.886417016386987e-06,2148.764908313751,140000000.0,0.00102,16.06
1.672358500957489,0.8467709183692933,5.235251739621163e-06,973.8380014896392,238000000.0,0.00185,10.92
1.4569254577159882,0.613619801402092,5.365616664290429e-06,2716.1316126585,84800000.00000001,0.000266,13.52
1.5589856743812562,0.6391674131155015,5.10964410007e-06,1407.9032763838766,150999999.99999997,0.00044899999999999996,10.78
1.4929952239617708,0.7816579543054104,5.126863807439805e-06,1038.9007925987241,217000000.00000003,0.00109,10.74
1.410002687573433,0.8551424592733384,4.035440713167191e-06,730.5162698030471,276000000.0,0.00122,7.33
1.2582713305950166,0.6680616796016694,8.474308371543885e-06,1919.237833470106,134999999.99999997,0.00047000000000000004,14.66
1.6704121112823487,0.8213705867528917,3.0082964599132544e-06,1739.5864678546784,130000000.0,0.000954,11.19
1.6204292804002762,0.7958795472979546,9.848229587078096e-06,800.1173585653304,314000000.0,0.00229,13.17
1.6168151289224626,0.6392517685890199,6.53869928047061e-06,2273.318499326706,111000000.0,0.0005000000000000001,14.6
1.5231670886278155,0.7338866818696261,5.121784836053849e-06,469.404637813568,372000000.0,0.0009779999999999997,6.0
1.6009891390800477,0.8641808331012727,5.81956558674574e-06,703.1312137842177,315000000.0,0.00219,9.65
1.6312486320734025,0.852773854136467,2.9359948635101324e-06,1408.1074967980383,150999999.99999997,0.0010500000000000002,9.84
1.686104089021683,0.8853678435087204,4.060134410858155e-06,463.0160629749297,374000000.0,0.00188,5.250000000000001
1.7981881678104403,0.7477727831806988,6.95809417963028e-06,2098.074845969677,145000000.0,0.00121,15.630000000000003
1.3837565034627917,0.6501218765974045,7.155631139874459e-06,2198.414459824562,113999999.99999999,0.0004269999999999999,14.46
1.485965330153704,0.7290289834141732,5.407316029071808e-06,1157.084137201309,193000000.0,0.0008239999999999998,11.24
1.5191812612116338,0.6544013053178788,4.518819808959962e-06,2065.2968734502792,109000000.00000001,0.0003860000000000001,12.49
1.342019784450531,0.6024355888366699,5.651832848787308e-06,2887.871518731117,77600000.00000001,0.0001970000000000001,13.25
1.5108549982309343,0.7150709979236126,5.163142383098603e-06,774.1858363151549,265000000.0,0.000785,8.06
1.4099752306938174,0.924191164970398,4.658986151218415e-06,1154.560513794422,500000000.0,0.00151,0.4599999999999997
1.5053436571732164,0.8268319308757782,7.867115318775179e-06,506.50271773338307,434000000.0,0.00209,8.43
1.669938611984253,0.6050659239292145,8.221568524837494e-06,1413.5951846837995,163000000.0,0.0005679999999999999,12.69
1.4438545659184456,0.7812049068510533,4.715493619441987e-06,1042.6002293825147,211000000.0,0.0009769999999999998,10.3
1.5248715564608575,0.7172833152115345,7.282451361417771e-06,924.3602603673934,242999999.99999997,0.00102,11.48
1.4465877234935762,0.6704193681478501,8.598588585853579e-06,2341.6913598775864,121000000.0,0.000558,15.74
1.5744420289993288,0.6277950793504715,4.544522583484651e-06,1304.9557730555532,155000000.0,0.00037499999999999985,9.1
1.4339381486177445,0.688583292067051,4.475773513317109e-06,1705.5590329691765,130999999.99999999,0.00048100000000000004,12.04
1.7315684616565705,0.8333250850439072,5.777021899819375e-06,1114.5034730434415,219000000.0,0.00187,12.28
1.289075392484665,0.724592699110508,9.375960767269136e-06,674.4569838047026,314000000.0,0.00114,11.47
1.4996576031669975,0.6803288206458092,6.607336819171906e-06,1015.1199549436568,212000000.0,0.0007200000000000002,10.86
1.6906657576560975,0.8693203479051591,6.605748258531094e-06,1081.2355130910871,465999999.99999994,0.00194,4.69
1.7484635889530182,0.7876773834228517,7.897281229496004e-06,1141.2116438150404,229000000.0,0.00187,13.82
1.3046364963054657,0.7697375603020192,3.034198254346848e-06,1828.6819308996198,119000000.0,0.000501,10.89
1.5915606111288072,0.8634010881185532,2.893230617046357e-06,2663.7137234210963,148000000.0,0.000838,8.48
1.4257193595170976,0.6226830124855042,4.433896094560624e-06,2714.960381388664,81199999.99999999,0.00023500000000000002,12.68
1.7628516733646395,0.8949625700712205,3.007192879915238e-06,1897.4586036056278,130999999.99999999,0.00124,10.92
1.5742448955774309,0.7057546824216844,6.937332846224309e-06,1841.283544898033,146000000.0,0.0008269999999999999,14.76
1.44296502918005,0.6184066951274872,4.419785290956498e-06,2904.6715348958965,77099999.99999997,0.0002300000000000001,13.0
1.5339116200804712,0.6958887577056886,9.02273777127266e-06,2014.4325233995912,144000000.00000003,0.0008030000000000002,15.8
1.5985380917787553,0.6700506627559663,3.877456456422807e-06,1864.3004745244978,115999999.99999997,0.0004470000000000002,11.61
1.5328191697597504,0.6587747544050218,5.525968194007875e-06,2183.4674775600433,111000000.0,0.0004669999999999999,13.85
1.5003197349607946,0.8069520324468613,2.9896960258483893e-06,1058.633506298065,186000000.0,0.000811,7.73
1.424177160859108,0.7820110492408276,2.975455045700074e-06,1741.4190784329546,126000000.00000001,0.0006299999999999998,10.78
1.316832607984543,0.7702914319932461,6.738049559295179e-06,2611.2793684005733,413000000.0,0.000648,2.3600000000000008
1.6515491902828219,0.881358101963997,3.0019758045673377e-06,1185.9238445758817,175000000.0,0.00125,9.05
1.5258428782224656,0.7424839597195387,6.923117734491826e-06,902.2853076457976,250000000.0,0.00114,11.29
1.7242542743682863,0.6697434157133103,8.835261642932893e-06,2822.284579277038,111000000.0,0.0007060000000000002,16.81
1.5992428243160248,0.6369148224592209,5.803126052021981e-06,612.4791800975798,311000000.0,0.0006079999999999998,6.33
1.5030787562951446,0.6533201605081559,4.01717907190323e-06,2636.2230181694026,86399999.99999999,0.00031699999999999995,13.05
1.6646698772907258,0.8151750773191453,9.893102526664735e-06,829.7792375087737,313000000.0,0.00252,13.33
1.507350746355951,0.6498924314975739,8.232908904552462e-06,1212.3117521405218,189999999.99999997,0.000675,12.5
1.4955359506420793,0.8231125965714455,3.1317171752452857e-06,584.2440128326415,360000000.0,0.0009610000000000002,2.64
1.4493691608309747,0.7768808841705322,4.581622481346131e-06,677.5933057069777,306000000.0,0.0009580000000000001,6.81
1.345677262544632,0.6860251665115357,8.240268051624299e-06,1038.193881511688,221000000.0,0.0007550000000000001,12.15
1.4881600432097912,0.6348049610853196,4.530188143253327e-06,524.8336791992186,350000000.0,0.0003860000000000001,2.22
1.3156008124351504,0.6546598970890046,8.09593376517296e-06,1666.9979989528654,144000000.00000003,0.00046199999999999995,13.48
1.4358726605772973,0.7494467327836901,4.379893690347672e-06,636.9443535804747,333000000.0,0.0007900000000000001,5.170000000000001
1.764878708124161,0.7597993958741427,7.06502252817154e-06,1783.4352650679646,163000000.0,0.00133,15.04
1.615534383058548,0.6733234852552414,8.681581139564516e-06,2529.8144221305843,118000000.00000001,0.0006720000000000001,16.33
1.2252128183841706,0.8380084633827211,9.000975966453553e-06,731.9335192441939,684000000.0,0.00157,2.84
1.4352006375789643,0.8993244051933289,8.143161147832872e-06,569.5254653692244,582000000.0,0.00234,5.02
1.3493189334869387,0.729979781806469,3.08063018321991e-06,2676.395878195762,86700000.00000001,0.00039000000000000016,12.99
1.6249153286218645,0.7951729908585549,6.986930735409261e-06,1110.9292060136793,225999999.99999997,0.00163,13.04
1.4971593825146556,0.6015111029148102,2.9844560027122503e-06,1763.5446293279526,106000000.00000003,0.000176,7.28
1.477407203614712,0.8689554154872895,8.800490319728853e-06,502.2025406360625,441000000.0,0.00271,9.8
1.601503747701645,0.6451619356870651,6.028851032257081e-06,2745.0326383113857,95099999.99999997,0.00045600000000000013,15.14
1.4652253188192845,0.6648271590471269,7.658706426620485e-06,712.7728611230849,283000000.0,0.0007399999999999999,9.07
1.5938272655010224,0.8711925029754639,4.007909208536149e-06,1082.5030058622358,205999999.99999997,0.0014399999999999999,9.79
1.3287099480628968,0.77133282199502,9.428701460361481e-06,1798.5992664471266,575000000.0,0.000997,2.6100000000000003
1.6374768108129503,0.6829034820199014,6.4611501768231404e-06,2395.882412791252,113999999.99999999,0.000661,15.439999999999998
1.6629333972930909,0.7592559110373259,6.085897929966451e-06,1546.468000859022,167000000.0,0.00116,13.81
1.6082805991172793,0.5989962995052338,3.062433004379273e-06,723.2410013675689,248000000.0,0.0002300000000000001,1.0500000000000003
1.3652726769447328,0.6693298101425171,8.404211014509202e-06,1636.1619923263786,152999999.99999997,0.000567,14.04
1.5672762438654901,0.6564527481794358,7.874924659729004e-06,2121.648594737053,126000000.00000001,0.0005930000000000001,15.13
1.6310835331678393,0.7962973013520241,5.039236947894097e-06,1338.1445705890653,180000000.00000003,0.00123,12.3
1.4067247152328493,0.6048833727836609,8.301908105611803e-06,1785.9330535866318,128000000.0,0.0003530000000000001,13.08
1.6331562995910647,0.7451429804787041,8.069231510162354e-06,1318.1146904826162,201000000.0,0.00133,14.3
1.4487923204898836,0.6980327412486077,8.927716195583344e-06,1086.9599431753156,222000000.0,0.0009949999999999998,13.35
1.4029879689216616,0.6295865267515183,8.984450846910478e-06,2868.3209717273708,94800000.0,0.000363,15.86
1.2594699919223786,0.7773653134703636,3.085587531328202e-06,1654.0523078292606,129000000.0,0.0005180000000000001,10.56
1.5669946610927583,0.7624929372221232,8.027835994958878e-06,909.2488437891005,260000000.0,0.0014999999999999998,12.56
1.3711633265018464,0.7471345569938422,2.9918606281280523e-06,2716.400653123855,86899999.99999999,0.0004379999999999999,13.14
1.4904197081923487,0.8557533502578736,4.020267218351365e-06,834.2197835445403,248000000.0,0.0013,8.28
1.5462111577391626,0.8084400549530983,5.900454819202424e-06,524.106130003929,370000000.0,0.00167,7.98
1.5119812399148942,0.6485787302255631,5.810900136828424e-06,2051.6452491283417,115999999.99999997,0.00044800000000000005,13.55
1.603319737315178,0.7290712550282479,8.216008067131043e-06,1298.915773630142,200000000.0,0.0011999999999999997,14.16
1.4848257623612882,0.800866685807705,5.049819946289063e-06,584.1299444437026,340000000.0,0.00128,7.1899999999999995
1.56672423183918,0.7322189457714559,5.124948292970658e-06,2076.4346718788147,125000000.00000001,0.000748,14.189999999999998
1.6411740392446519,0.7517648801207543,6.8285233527421965e-06,1493.0925257503984,176000000.0,0.0011999999999999997,14.13
1.241621607542038,0.6005823612213135,5.822566896677018e-06,1301.1403679847715,149000000.0,0.00020699999999999996,8.43
1.4957036063075067,0.7198765955865384,2.966268420219422e-06,2379.729852080345,93900000.0,0.0004300000000000001,12.13
1.6328791826963427,0.7906115323305131,9.735385090112688e-06,853.5792231559752,297000000.0,0.00219,13.44
1.5147964887320997,0.71601936891675,6.062601387500764e-06,1879.2536314576862,139000000.0,0.000741,14.26
1.5332545503973962,0.7366487424820662,4.794474378228189e-06,1523.5669836401937,152999999.99999997,0.0007879999999999999,12.47
1.5006640138104559,0.6081367760896683,4.83697670698166e-06,1591.7942598462103,127000000.00000001,0.00028100000000000005,9.8
1.6292739272117616,0.7444225324317814,9.875332593917848e-06,1177.5837391614912,230000000.0,0.00157,14.79
1.2908689677715304,0.6570137143135072,8.213722676038743e-06,1621.9653859734533,148000000.0,0.000464,13.43
1.2955762445926668,0.6010705590248109,5.998297773301602e-06,738.08054625988,257000000.0,0.0002689999999999999,4.8
1.4367748126387598,0.6424192875623703,4.095326513051987e-06,2830.2204906940456,80299999.99999999,0.000266,13.11
1.6634360611438752,0.8967998653650284,7.0222232863307006e-06,625.5308091640471,355000000.0,0.00283,10.16
1.4697054617106915,0.673574236035347,4.560796737670899e-06,1887.4224852770565,120000000.0,0.00044199999999999996,12.43
1.4367528766393662,0.6179852396249772,6.94452901184559e-06,2731.654897332191,91199999.99999999,0.000321,14.72
1.5172445476055147,0.7323678866028787,2.92244440317154e-06,2846.6491699218745,82199999.99999999,0.0004500000000000001,13.22
1.4734385155141354,0.7317918464541436,4.784561350941659e-06,1851.798716932535,131999999.99999999,0.0006680000000000001,13.27
1.1963001251220704,0.7688028596341611,9.231384277343751e-06,1593.1699909269807,614000000.0,0.00091,1.7399999999999998
1.2465451419353486,0.6001694083213807,4.935283675789834e-06,1311.4323392510412,145000000.0,0.00017800000000000002,7.28
1.4721354089677334,0.6163656681776047,4.662867039442063e-06,2337.0333686470985,92300000.00000001,0.00025299999999999997,12.04
1.2333906769752503,0.6917413026094438,9.643272250890733e-06,1707.7889544889329,164000000.0,0.000618,14.86
1.4148718357086183,0.6024798631668091,6.510484609752895e-06,2041.8875217437742,108000000.00000001,0.00028300000000000005,12.62
1.4374430134892464,0.8084302112460137,9.69755107164383e-06,523.5357135534285,425000000.0,0.00233,10.76
1.6246601521968842,0.8244043037295342,8.927005231380465e-06,750.5699545145034,330000000.0,0.00246,12.25
1.4039017081260683,0.7766835227608682,8.160298973321916e-06,2183.2946613430977,543000000.0,0.000857,1.36
1.2682027459144594,0.604276031255722,3.9693216681480415e-06,743.8960969448088,248000000.0,0.000187,1.8699999999999997
1.661161744594574,0.8501665502786637,3.014334231615067e-06,1518.5944661498067,145000000.0,0.00109,10.47
1.3841884911060334,0.6911584451794625,9.260880529880525e-06,1999.3835054337976,143000000.00000003,0.0006429999999999999,15.43
1.4599114447832109,0.6156228661537171,6.841679267585279e-06,1494.2316636443136,145000000.0,0.000387,11.71
1.5529355362057686,0.6629241406917573,7.776731491088869e-06,1736.4639434963462,147000000.0,0.0006599999999999999,14.28
1.439088410139084,0.6484868109226227,3.62803339958191e-06,2333.0714479088783,91199999.99999999,0.0002649999999999999,11.52
1.7685726284980776,0.8026936009526253,9.690809428691865e-06,1009.9175125360488,271000000.0,0.00241,14.11
1.4102984905242921,0.6880374982953072,5.188306719064714e-06,1781.858095899224,130999999.99999999,0.000508,12.86
1.2408970892429352,0.6008830547332764,6.8073905780911456e-06,1392.1380341053007,144000000.00000003,0.00023099999999999998,9.79
1.3251346170902254,0.6007871747016907,8.755490750074387e-06,1580.9631273150442,138000000.0,0.00031600000000000004,12.21
1.5195337660610677,0.7571012813597918,6.222382351756097e-06,843.7165915966033,261999999.99999997,0.00115,10.33
1.5629719421267512,0.8645888775587083,2.9948613643646248e-06,830.5537998676299,238000000.0,0.00114,6.45
1.573304969072342,0.7261222735047341,4.93343523144722e-06,2414.418265223503,109000000.00000001,0.0006680000000000001,14.68
1.4342872560024262,0.6958912521600724,1.0058422565460207e-05,1915.3289608657358,153999999.99999997,0.000773,15.85
1.3674800097942355,0.659789514541626,6.371826367452742e-06,712.5852555036544,272000000.0,0.0005250000000000001,7.44
1.3608693391084672,0.8067715108394623,9.341197162866594e-06,522.0455229282378,419000000.0,0.00196,10.3
1.3929897755384446,0.7867014974355698,2.973144412040711e-06,2440.0416314601894,97500000.00000001,0.0005689999999999998,12.64
1.4038611352443697,0.6056206226348877,8.466130822896959e-06,1498.8527372479437,147000000.0,0.00037300000000000007,12.21
1.2352825462818147,0.602927577495575,4.871757835149766e-06,504.1690468788146,342000000.0,0.00019900000000000012,0.5300000000000004
1.4431351527571679,0.614131709933281,5.5506389439105996e-06,1115.785792469978,178000000.00000003,0.0003400000000000001,8.55
1.7258246898651124,0.8959152013063432,6.791611261665822e-06,718.8028395175933,315000000.0,0.00278,10.78
1.38746455013752,0.8341668158769608,8.914519131183626e-06,990.6620085239409,567000000.0,0.00145,3.97
1.4574804425239565,0.6616124331951142,8.14552789926529e-06,820.7762539386748,259000000.0,0.000754,10.3
1.4050936192274095,0.6068210631608963,9.210009664297105e-06,813.8065338134764,245000000.00000003,0.00043700000000000005,8.74
1.6666900992393494,0.8972929358482362,5.539489135146142e-06,832.4316442012786,277000000.0,0.00232,10.33
1.2883146464824677,0.8513769239187241,8.893688797950745e-06,742.9246902465819,557000000.0,0.00151,4.67
1.4893121860921383,0.6464145720005036,6.976485736668111e-06,2661.798626184463,99600000.0,0.00043999999999999996,15.35
1.1148233056068422,0.8486307173967362,2.7237148880958563e-06,2241.3635551929474,275000000.0,0.000521,0.9000000000000005
1.53682848662138,0.6378280520439149,6.181054193526507e-06,2735.072627663612,93900000.0,0.00040600000000000006,14.97
1.3912075996398927,0.6049257159233093,7.170265674591066e-06,509.6338987350463,356000000.0,0.000376,3.9499999999999997
1.4352889761328698,0.7285848252475262,7.147273764014245e-06,616.4414733648299,331000000.0,0.00103,8.87
1.5495996281504631,0.6189708799123764,8.159695863723756e-06,1293.4170961380003,170999999.99999997,0.0005189999999999999,11.95
1.5699172586202623,0.6553421527147294,4.5718127191066746e-06,2221.44778072834,103999999.99999999,0.0004119999999999999,13.05
1.6182832807302476,0.8712194681167603,5.068298026919366e-06,630.8324187994002,330000000.0,0.002,8.01
1.7492179512977601,0.7107092902064324,6.982040978968145e-06,2440.8748298883434,123000000.00000003,0.0008920000000000001,16.05
1.4218971222639085,0.6014640122652054,6.082658953964711e-06,2043.3915704488752,106000000.00000003,0.000268,12.25
1.326531529426575,0.603160947561264,4.81282489001751e-06,2783.10577571392,76499999.99999999,0.0001750000000000001,12.24
1.2217171490192413,0.6748484641313554,9.102176755666734e-06,1426.687493920326,171999999.99999997,0.0005620000000000001,13.83
1.6095518767833712,0.6170049905776978,7.605369612574578e-06,1003.3285915851592,207999999.99999997,0.000573,10.31
1.566930001974106,0.6801987066864968,4.242289155721665e-06,2621.2530881166454,92400000.00000001,0.00044899999999999996,13.97
1.2423722863197328,0.6010904788970948,5.799191758036614e-06,1211.327642202377,159000000.00000003,0.00021000000000000012,7.94
1.3234651386737826,0.6480794191360474,8.928271323442461e-06,2451.621770858764,111000000.0,0.00041999999999999996,15.66
1.5554663568735123,0.6511825114488602,6.521908383816482e-06,1991.1067672073839,124000000.00000003,0.0005259999999999999,14.01
1.3558074563741684,0.6073928743600846,3.752204298973084e-06,627.7873665094374,287000000.0,0.00021700000000000007,0.7999999999999997
1.6651742041110993,0.6412036657333374,5.270824983716012e-06,496.12510204315174,360000000.0,0.0006320000000000001,4.159999999999999
1.4225557297468188,0.9198041081428528,1.0265571832656861e-05,201.62153244018543,675000000.0,0.0031500000000000005,5.79
1.5707975059747696,0.7901939705014229,2.979182600975037e-06,1725.523648317903,128000000.0,0.0007640000000000001,10.94
1.4767410680651667,0.6622236728668214,7.738063111901284e-06,605.8584451675414,331000000.0,0.0008030000000000002,8.24
1.5484368816018106,0.7997732564806939,3.0125958323478704e-06,2189.4733905792236,108000000.00000001,0.0007349999999999999,12.37
1.7247128427028657,0.6092756062746049,2.933519005775452e-06,1669.5843935012815,116999999.99999997,0.00027000000000000006,7.87
1.2437214732170105,0.601492702960968,3.90236920118332e-06,2416.741356253624,81100000.0,0.0001310000000000001,9.9
1.1872960925102234,0.6585854709148408,9.473858118057253e-06,989.2417788505553,219000000.0,0.0005440000000000001,12.01
1.7845284998416902,0.7004665508866311,9.818973660469056e-06,2501.7883926630016,134999999.99999997,0.00102,17.11
1.6704380929470064,0.660187241435051,8.96973901987076e-06,2703.156873583793,111999999.99999999,0.000648,16.57
1.2415253520011902,0.6006855189800263,9.42258483171463e-06,2590.3579145669933,93499999.99999999,0.0002449999999999999,14.64
1.310818237066269,0.6893368497490884,4.7650456130504614e-06,724.0439504384993,268000000.0,0.0005159999999999999,6.47
1.2185302197933199,0.7603063635528088,9.216548323631288e-06,1615.9856524318454,672000000.0,0.0008709999999999999,0.3500000000000004
1.6095737457275392,0.6921092569828035,7.139308273792268e-06,2049.1758100688457,133999999.99999997,0.0007709999999999998,15.25
1.4207644790410996,0.715697879344225,2.9322998523712166e-06,2831.6635936498637,80799999.99999999,0.000363,12.96
1.3620615631341935,0.7317992180585862,9.483666211366654e-06,703.561708331108,314000000.0,0.0013,11.86
1.7072427928447724,0.9140275955200197,9.425850927829744e-06,387.67147064208973,515000000.0,0.00393,8.78
1.4358550965785981,0.7326749838888645,5.034898772835732e-06,1177.9392808675764,186999999.99999997,0.0007590000000000001,10.98
1.479113182425499,0.6090898543596268,5.50096344947815e-06,1585.5012387037275,130999999.99999999,0.0003129999999999999,10.73
1.6110412627458575,0.6923179104924203,9.056790828704835e-06,1597.372882068157,170999999.99999997,0.00101,15.279999999999998
1.690435838699341,0.6665059179067613,2.9905780553817755e-06,2868.923723697662,77200000.00000001,0.00035600000000000003,12.649999999999999
1.4895986571907998,0.7329461295157672,5.496835038065911e-06,1006.4745247364043,217000000.00000003,0.0008689999999999999,10.46
1.79156631231308,0.7495988027192653,8.943435639142992e-06,1623.0819579213855,186999999.99999997,0.00157,15.599999999999998
1.5428807213902476,0.7598342679440976,4.039133429527283e-06,1767.2263081185517,132999999.99999997,0.000763,12.52
1.5532374054193498,0.6153085112571717,7.002285152673723e-06,2912.551343441009,88399999.99999999,0.000354,15.22
1.2543814301490785,0.7573479976505042,3.0429826676845558e-06,1789.4348753616212,119000000.0,0.00044600000000000005,10.77
1.6301185727119447,0.9018318951129914,3.744483411312104e-06,1492.0437075197694,342000000.0,0.00134,2.6100000000000003
1.4840420722961427,0.7680799160152675,3.817921966314317e-06,1538.94492611289,146000000.0,0.0007439999999999999,11.36
1.28137743473053,0.6025414913892746,3.925066649913789e-06,1877.3574773222206,102999999.99999999,0.00016299999999999995,8.67
1.4470744818449022,0.7385614916682244,3.900680243968964e-06,1041.8225377798078,199000000.00000003,0.000664,8.69
1.693707346916199,0.6079676270484925,6.497801680117847e-06,521.2581455707549,362000000.0,0.000545,4.86
1.359839728474617,0.7179184712469578,9.310603588819505e-06,931.6160827875136,252999999.99999997,0.00109,12.98
1.4537713542580606,0.7591969046741724,4.948640018701554e-06,931.0806840658187,231000000.0,0.00091,9.570000000000002
1.4190210074186327,0.598263305425644,2.998033165931702e-06,1858.901225030422,99799999.99999999,0.00014999999999999993,7.25
1.2869415163993836,0.7722306534647942,3.0055272877216346e-06,1421.6091781854627,146000000.0,0.000532,9.410000000000002
1.5059949757531286,0.7168344698846341,6.116170156747104e-06,1764.3316644243894,146000000.0,0.000756,14.0
1.7018989562988283,0.6277558028697968,5.794489026069642e-06,542.3656404018401,362000000.0,0.0006159999999999999,4.38
1.5524779289960862,0.634046146273613,6.040087416768075e-06,2813.2277280092235,91000000.0,0.000391,14.95
1.4129661798477173,0.6012582242488862,6.187886949628592e-06,807.0469945669173,232999999.99999997,0.0003310000000000001,6.57
1.5236759394407273,0.6597885042428971,7.255372345447542e-06,1428.5613521933553,166000000.0,0.0006429999999999999,12.92
1.5764987021684649,0.7648819919675589,7.93585228919983e-06,530.0348550081252,408000000.0,0.00165,8.51
1.5221009865403177,0.717708981782198,4.964174628257753e-06,2312.525913119316,111000000.0,0.0006119999999999999,14.379999999999999
1.6661299109458925,0.7068556934595108,9.839088857173921e-06,1528.641853481531,186000000.0,0.00122,15.55
1.284466052055359,0.658709540963173,8.226254880428316e-06,1528.4343920648096,155000000.0,0.0004740000000000001,13.14
1.4013779908418658,0.7369535062462093,9.130222499370576e-06,516.0471349954604,398000000.0,0.0014700000000000002,10.01
1.7634630024433138,0.6412973284721375,9.325392812490465e-06,2935.478717088699,103999999.99999999,0.0006150000000000001,16.88
1.4013071984052659,0.7153567247092725,4.9003920853137974e-06,1965.406101197004,124000000.00000003,0.0005549999999999999,13.419999999999998
1.424102032184601,0.6449104517698289,7.208688929677011e-06,2094.8033332824707,118000000.00000001,0.0004409999999999998,14.24
1.5268881529569627,0.7079966917634011,4.4489477574825295e-06,2493.927583098411,100000000.0,0.00053,14.219999999999999
1.5941874057054521,0.7311625845730305,7.210017919540406e-06,1412.9292145371435,182000000.0,0.0010800000000000002,13.94
1.3667745620012284,0.6835746064782143,3.1923258304595952e-06,931.6082596778868,205000000.0,0.00036999999999999994,5.59
1.2813635051250458,0.7196738831698896,9.729049414396287e-06,924.7191548347472,256000000.0,0.0010399999999999997,13.129999999999999
1.4903231754899027,0.8399693459272385,6.405302770435811e-06,1670.7920953631399,510000000.0,0.00121,1.9
1.3879028499126436,0.6371872276067735,6.922279983758928e-06,643.8919454813002,308000000.0,0.00046800000000000005,6.14
1.393829181790352,0.7277442410588265,4.780534744262696e-06,1431.1158582568166,158000000.0,0.0006469999999999999,11.86
1.358773621916771,0.6372252702713014,7.5111082345247276e-06,1987.5514805316923,121000000.0,0.00039399999999999993,13.83
1.4124152362346651,0.7180845692753792,2.973137736320496e-06,2559.4306290149684,87800000.0,0.000376,12.42
1.7439454436302186,0.605352982878685,2.9537097215652473e-06,1975.803144276142,101000000.0,0.00026100000000000006,8.88
1.4471855610609057,0.9281684696674348,7.719813361763956e-06,361.7166280746459,645000000.0,0.00211,2.11
1.7859951853752138,0.7001697644591333,9.858675003051759e-06,2096.4341908693314,151999999.99999997,0.00114,16.72
1.4419244527816775,0.6500267744064332,8.322993993759156e-06,503.3481419086455,384000000.0,0.000791,7.48
1.640528815984726,0.6625893652439118,6.548725299537182e-06,2765.206947922706,100000000.0,0.000554,15.77
1.4326262131333352,0.7136545255780221,3.0165107250213627e-06,1996.8597330152986,107000000.00000001,0.0004049999999999999,11.0
1.3536025285720827,0.728165227174759,3.2846777439117436e-06,534.6454232931136,350000000.0,0.00051,1.6499999999999992
1.3648231118917467,0.8046149387955667,3.280799567699433e-06,682.7874034643172,303000000.0,0.000791,4.14
1.3716663300991059,0.6882756203413011,8.627083271741869e-06,840.3940051794051,261999999.99999997,0.000873,11.4
1.539452375471592,0.6340269327163697,5.775144040584565e-06,2738.760888576507,91500000.0,0.0003789999999999999,14.65
1.4444517999887467,0.7747185990214348,8.279914945364e-06,2070.085659623146,465999999.99999994,0.0009050000000000001,3.5500000000000003
1.5203090451657773,0.7459867184981704,5.893980100750924e-06,1047.809451818466,217000000.00000003,0.00101,11.26
1.5060227589681745,0.8506434559822084,4.056447744369507e-06,931.1345517635344,228000000.0,0.00128,9.02
1.3923742443323137,0.8067638352513314,4.523514717817307e-06,744.7681874036788,276000000.0,0.0010500000000000002,8.0
1.617235377430916,0.6928243830800057,9.191284060478213e-06,2171.3037714362144,139000000.0,0.000855,16.24
1.4674825228750707,0.6281640440225602,6.306860527023674e-06,2763.6485099792476,90600000.0,0.0003439999999999999,14.72
1.5615239471197129,0.6875988855957985,7.196291387081148e-06,1920.3794486820696,139000000.0,0.000726,14.84
1.561783602833748,0.9055667459964754,8.255182653665543e-06,776.9406884908675,508000000.00000006,0.00271,6.5
1.4959379388950766,0.6266776889562607,5.069456994533539e-06,2749.99226629734,85800000.0,0.0003039999999999999,13.8
1.4990144189447165,0.7852753467857838,2.9737427234649665e-06,1513.8446837663648,141000000.00000003,0.000726,10.17
1.430607555806637,0.7144853778183461,5.100593701004983e-06,2041.2908792495725,122000000.00000004,0.000576,13.78
1.541722793877125,0.6485608220100404,2.9638793468475348e-06,633.7954401969909,291000000.0,0.0003349999999999999,1.7099999999999997
1.5317453965544703,0.7041978791356087,6.372927522286773e-06,837.088257074356,255000000.0,0.000855,9.700000000000001
1.262485420703888,0.601764464378357,6.72066541016102e-06,2597.2847193479533,85800000.0,0.00019399999999999995,13.16
1.5573857098817827,0.758218207396567,5.3877676427364355e-06,634.1465115547179,323000000.0,0.0011,7.55
1.7638832688331605,0.8132357105612755,6.98022909462452e-06,1141.9328227639196,224999999.99999997,0.00195,13.28
1.5143741056323052,0.8470351517200471,4.067859470844269e-06,1033.0224335193632,211000000.0,0.00125,9.64
1.4047621428966524,0.6006498992443086,6.369840119034053e-06,624.0713894367217,300000000.0,0.0003439999999999999,4.58
1.3404561817646028,0.648674601316452,8.417762935161591e-06,623.3907788991927,320000000.0,0.000595,8.04
1.5979634642601015,0.7991771042346955,8.762779802083971e-06,731.7301183938979,323000000.0,0.00216,12.14
1.3189612984657288,0.6100620657205582,3.801735848188401e-06,1206.8601623177526,153999999.99999997,0.00020100000000000014,5.84
1.2857158541679383,0.68851348310709,8.971324920654299e-06,1668.2786792516706,159000000.00000003,0.0006100000000000001,14.59
1.4176032811403276,0.6813132137060166,8.601841539144518e-06,1605.7238839566705,160000000.00000003,0.000667,14.379999999999999
1.5865498960018158,0.7134875759482384,8.557755291461947e-06,995.4335838556289,237000000.0,0.00119,12.93
1.2307395815849305,0.650240045785904,9.507356256246568e-06,2528.3988863229747,110000000.0,0.00038299999999999993,15.89
1.5214534141123297,0.7550226559862495,7.439818114042283e-06,798.3032166957854,279000000.0,0.00133,11.19
1.1703953862190248,0.8682315319776536,2.739083647727967e-06,2173.191860318184,272000000.0,0.0006010000000000002,0.8199999999999995
1.5805230528116228,0.7919346079230309,6.265204776078463e-06,490.31707644462574,389000000.0,0.00163,7.719999999999999
1.461496952176094,0.7068345040082932,6.178217533975841e-06,1759.3991705216465,144000000.00000003,0.000679,13.85
1.3283611357212068,0.6019129693508148,7.64318047463894e-06,2424.4465231895447,95399999.99999999,0.00025299999999999997,13.72
1.7177589118480683,0.8962280452251435,5.78103755414486e-06,868.6179220676421,271000000.0,0.00242,10.83
1.2841197252273562,0.7449968744069339,4.0949651896953586e-06,783.704325556755,285000000.0,0.0005970000000000001,5.31
1.6025423079729082,0.640064361691475,5.727063834667207e-06,2638.455510139465,95600000.00000001,0.000433,14.71
1.4965649770572782,0.683026845753193,6.690864369273186e-06,1092.4418568611143,202000000.0,0.00073,11.43
1.4013500958681109,0.6265928149223329,5.69486813992262e-06,807.7692538499831,235000000.00000003,0.00038299999999999993,6.85
1.3900582015514376,0.7270012110471726,4.895662963390351e-06,1232.682906091213,178000000.00000003,0.000675,11.01
1.627805131673813,0.6665366291999818,5.464519128203393e-06,2695.9549933671947,96399999.99999999,0.000508,15.03
1.5772173106670382,0.654718154668808,4.015085607767106e-06,2540.8757776021953,90000000.00000001,0.00036200000000000007,13.05
1.5732783436775208,0.6066854596138,2.9628880023956304e-06,1672.4653933197258,112999999.99999999,0.00020600000000000007,7.27
1.4763747029006482,0.6533792316913606,4.756083354353905e-06,1786.4677305333314,123000000.00000003,0.00039699999999999984,11.92
1.661765491962433,0.7320975556969643,7.1251632571220405e-06,1687.8803418949244,162000000.00000003,0.0011,14.77
1.6635521650314333,0.830797103047371,5.042045861482621e-06,1116.854354739189,210000000.0,0.00157,11.38
1.4403731212019921,0.6399860411882401,7.505107387900354e-06,1887.6481167972086,128000000.0,0.00045700000000000005,13.81
1.5037652995437385,0.6906481906771661,8.996204286813738e-06,1423.3967959880827,182000000.0,0.000913,14.57
1.5770553678274155,0.7558016622439028,5.151037633419037e-06,1360.1093292236326,173000000.0,0.000983,12.31
1.5217826239764691,0.643282699584961,7.213657334446908e-06,503.5138428211211,370000000.0,0.0006370000000000001,6.14
1.4823683358728887,0.6486526072025299,8.35075017809868e-06,1220.1862707734106,187999999.99999997,0.0006410000000000001,12.46
1.3869716942310335,0.7574966931715609,8.990586668252946e-06,2003.2719448208807,486999999.99999994,0.00086,3.54
1.4097317665815354,0.6450735211372376,8.565250664949418e-06,813.2835030555724,251000000.0,0.0005769999999999999,9.410000000000002
1.2570114612579346,0.6666979372501374,9.307266980409623e-06,610.480710864067,332000000.0,0.0007120000000000001,9.43
1.4850069724023343,0.8039299786090851,4.967661127448083e-06,963.7300968170165,231000000.0,0.0011999999999999997,10.27
1.4453125387430192,0.6147954046726227,8.124465376138688e-06,2774.943366646766,93199999.99999997,0.000341,15.3
1.2363785326480867,0.69723619222641,9.850936174392702e-06,1417.3437207937238,186999999.99999997,0.000708,14.509999999999998
1.3995675802230836,0.846640294790268,4.655445307493211e-06,531.5994769334792,366000000.0,0.0014099999999999998,6.23
1.6833771765232088,0.6782623663544656,6.36471419595182e-06,2790.4075682163234,101000000.0,0.000617,15.919999999999998
1.5058233926072717,0.8808114230632783,7.331722766160966e-06,779.6205133199691,509000000.00000006,0.00204,5.04
1.5549851149320604,0.79052002876997,7.995241165161135e-06,693.4512704610823,319000000.0,0.00187,11.46
1.4301984116435051,0.6187283366918565,7.613116472959519e-06,1114.131689071655,186999999.99999997,0.0004269999999999999,10.25
1.5103222489356996,0.7308155871927738,6.494737368077041e-06,973.7889021635054,231000000.0,0.000989,11.24
1.5382840856909754,0.651303067803383,4.489423692226411e-06,1786.155011039227,122000000.00000004,0.00040400000000000006,11.7
1.507185090892017,0.827123647928238,7.925567507743836e-06,583.6322456598281,369000000.0,0.00216,10.44
1.6939542889595034,0.6985102862119675,7.918439194560051e-06,2014.3982879817484,143000000.00000003,0.0009459999999999999,15.78
1.7948614776134493,0.7965770646929742,4.052577912807465e-06,2218.442514538765,119000000.0,0.00106,13.81
1.4883999723941088,0.5996772050857544,3.0283922553062444e-06,811.6189688444136,218000000.00000003,0.00019500000000000008,1.62
1.725654011964798,0.8386993288993836,4.98135793209076e-06,1217.9779931902883,198000000.00000003,0.00167,11.89
1.3123032689094545,0.7197932727634907,9.561161935329438e-06,912.8487408161162,258000000.0,0.0010699999999999998,12.99
1.721015900373459,0.6935400724411012,8.263528972864152e-06,2548.0851829051967,122000000.00000004,0.000835,16.56
1.4336757659912112,0.6930349186062813,8.961696237325669e-06,1528.5959579050539,170999999.99999997,0.0007950000000000001,14.69
1.5441540196537973,0.8636310696601869,2.981163620948792e-06,823.0300545692443,240000000.0,0.00112,6.38
1.3897191345691682,0.6036306649446488,3.918057560920716e-06,2242.0806363224983,89399999.99999997,0.00018299999999999995,10.16
1.5792697101831437,0.7109918341040612,7.434098273515702e-06,1395.4112976789472,182000000.0,0.000967,13.78
1.4012468665838242,0.7203475579619408,5.161157608032227e-06,1535.4442335665224,151999999.99999997,0.0006379999999999999,12.5
1.3744727790355684,0.9176459133625031,4.944739624857903e-06,1025.0264704227445,507000000.00000006,0.0015600000000000002,1.4900000000000002
1.5959185391664505,0.6747802287340164,7.43911173939705e-06,2402.5838375091553,116999999.99999997,0.0006449999999999998,15.79
1.6005915731191636,0.7535529596731068,7.071307092905046e-06,1334.4605192542074,192000000.0,0.00123,13.75
1.6090965628623963,0.7466284029185772,8.589457035064698e-06,1143.8237801194189,224999999.99999997,0.0014099999999999998,13.91
1.7310867190361023,0.9004384696483613,3.069231808185578e-06,1933.2009851932523,137000000.0,0.00121,10.33
1.6989530503749848,0.7221490435302258,5.88541254401207e-06,2462.9688560962672,115999999.99999997,0.0008189999999999998,15.51
1.7873991072177888,0.6999930694699288,9.080470651388169e-06,2394.284188747406,134999999.99999997,0.00101,16.79
1.2184543669223786,0.6023925840854645,2.9319877624511724e-06,870.5956041812896,191000000.0,0.00011899999999999997,1.1000000000000003
1.3797357916831972,0.705463519692421,3.044417947530747e-06,2274.2716148495674,95500000.00000003,0.00034600000000000017,11.63
1.4896107606589795,0.8299822300672531,8.192940533161165e-06,551.9647449254988,410000000.0,0.00217,9.47
1.6132629990577698,0.6618109881877899,3.06473383307457e-06,618.9952343702315,296000000.0,0.00043700000000000005,2.22
1.3248974561691285,0.7758189797401429,7.2020567059516915e-06,2214.126653969288,491000000.00000006,0.000778,1.72
1.4009297847747804,0.6387552917003633,7.119166582822801e-06,2579.1771262884135,99400000.00000001,0.00038099999999999994,14.98
1.510043540596962,0.7219268649816514,6.776474118232728e-06,623.9511370658873,327000000.0,0.00098,8.33
1.4321144834160806,0.6659787744283677,7.706516891717911e-06,2340.703785419464,115999999.99999997,0.0005109999999999998,15.36
1.6289274752140046,0.8921832919120789,4.035966634750367e-06,835.5161100625991,251999999.99999997,0.00172,8.48
1.6396420598030093,0.8911486119031907,7.3591298311948784e-06,558.7490946054457,387000000.0,0.0029,9.87
1.5345752164721491,0.8432774305343629,9.920523047447207e-06,673.4633743762969,379000000.0,0.00278,12.0
1.4691177293658257,0.84518720805645,9.219624996185305e-06,567.3963129520415,417000000.0,0.0026099999999999995,10.64
1.542613707482815,0.7408062748610974,8.641839742660523e-06,912.7606004476546,258000000.0,0.0013800000000000002,12.87
1.4379355385899546,0.6961718112230302,1.0086770176887514e-05,1847.1224065870044,158000000.0,0.0007929999999999999,15.78
1.521504056453705,0.9517107903957368,7.946863681077958e-06,332.2823643684386,646000000.0,0.00287,3.24
1.5500708609819414,0.6469021707773209,3.101497024297715e-06,2348.8911539316177,88700000.0,0.0002669999999999999,10.94
1.4015667468309403,0.6248612523078919,6.652827367186547e-06,2144.1842541098595,109000000.00000001,0.0003439999999999999,13.57
1.3272145092487337,0.6073357701301575,3.7884534597396856e-06,1493.8398376107214,127000000.00000001,0.00019399999999999995,7.34
1.5162172190845014,0.738983627781272,4.5255305767059334e-06,589.665576815605,340000000.0,0.000873,5.58
1.6642416894435883,0.726531283557415,6.030447259545327e-06,2141.172356903553,130000000.0,0.0008830000000000001,15.05
1.483911041915417,0.6766848474740983,8.081399470567705e-06,1245.6373795866964,192000000.0,0.0007839999999999999,13.07
1.6348938703536988,0.8773178905248643,2.951860129833222e-06,1583.1971280276773,143000000.00000003,0.0011,10.19
1.6449551045894624,0.7336146913468838,5.870891496539117e-06,1653.3254012465475,153999999.99999997,0.0009620000000000001,13.81
1.5005064882338048,0.6303881049156189,4.410114884376527e-06,1225.978463888168,162000000.00000003,0.00034200000000000013,8.29
1.444426265358925,0.6446654319763184,8.371933281421662e-06,621.1844384670256,325000000.0,0.0007020000000000001,8.37
1.4626258425414564,0.7780601017177106,3.494024574756623e-06,1408.246375620365,155000000.0,0.0007219999999999999,10.07
1.7310227394104005,0.7768338449299336,3.1281898915767674e-06,2760.5916112661357,90600000.0,0.00073,13.61
1.5962672978639605,0.6404327005147935,5.737357430160046e-06,2738.5226190090175,93199999.99999997,0.00042600000000000005,14.86
1.5523589596152307,0.8262834638357163,7.117414727807046e-06,615.7355308532714,347000000.0,0.00206,10.17
1.523268060386181,0.6484031438827516,9.94601345062256e-06,2833.574295043945,105000000.00000003,0.000521,16.87
1.3335979163646698,0.6008245289325714,5.819764032959939e-06,2421.468675136566,89399999.99999997,0.0002080000000000001,12.4
1.5428750842809678,0.6389400959014894,7.227573812007905e-06,2267.5235867500305,112999999.99999999,0.00048199999999999995,14.8
1.5814886569976807,0.8011269763112069,5.140339896082879e-06,1200.554400682449,197000000.00000003,0.00126,11.78
1.6963701725006104,0.7514504045248033,5.030624434351922e-06,1942.5653032958505,133999999.99999997,0.00095,14.04
1.6735431075096132,0.609707397222519,2.9322443604469306e-06,2344.683438539505,85800000.0,0.00021999999999999998,9.700000000000001
1.5070005280897023,0.6236649781465531,5.2520584911108025e-06,1496.523257344961,140000000.0,0.000365,10.68
1.5206213727593423,0.7759867250919342,2.9860277175903328e-06,1579.3538764119146,136000000.0,0.000699,10.27
1.3809079080820086,0.7278293162584305,8.470708072185517e-06,715.6654745340346,307000000.0,0.00118,10.98
1.5854236990213395,0.8891225695610048,3.598101973533631e-06,1001.1452734470366,214000000.00000003,0.0014099999999999998,8.64
1.630031302571297,0.6860052108764649,7.285521984100343e-06,2223.1014743447304,126000000.00000001,0.0007399999999999999,15.62
1.3023523449897767,0.6039203256368637,9.748260259628297e-06,1200.029172003269,176000000.0,0.000369,11.28
1.4524137139320374,0.645948413014412,8.131006121635438e-06,1866.3599267601965,133999999.99999997,0.0005059999999999999,14.21
1.7251256167888642,0.7442459112033248,6.075970586389304e-06,1934.6476458013055,143000000.00000003,0.00106,14.77
1.5967507481575014,0.678661197423935,8.494032829999926e-06,2441.8549537658687,121000000.0,0.0006850000000000001,16.19
1.2534585177898407,0.6003052711486817,8.683901160955431e-06,2150.967411696911,106000000.00000003,0.000246,13.37
1.5077626699581743,0.8705604046583176,4.88563832640648e-06,1634.8077841103075,454000000.00000006,0.0011999999999999997,0.5099999999999996
1.2985636711120607,0.6013431429862977,7.082176052033902e-06,621.5294748544692,300000000.0,0.00031400000000000004,4.8
1.58688260614872,0.8061144500970842,6.95961019396782e-06,935.2962970733641,257000000.0,0.00174,12.15
1.6791327416896822,0.8268861740827561,5.016504868865014e-06,1186.5356117486951,200000000.0,0.00153,11.7
1.4461685210466386,0.7844115190207959,6.674846500158311e-06,605.9484481811522,339000000.0,0.00143,9.23
1.2291911959648134,0.6974812656641007,9.78165137767792e-06,1300.0357449054716,196000000.00000003,0.000729,14.25
1.5100221768021584,0.7105278924107552,3.6424569189548497e-06,1581.4468190073965,133999999.99999997,0.0005239999999999999,10.82
1.6142846167087557,0.9048660635948182,3.0191664099693304e-06,2414.8653000593185,272000000.0,0.0009369999999999999,1.9300000000000002
1.4409727782011033,0.8326881051063538,4.953349843621255e-06,658.8425040245055,311000000.0,0.0014,7.959999999999999
1.3732174873352052,0.7018765524029732,3.315068125724793e-06,540.0450080633162,348000000.0,0.0004500000000000001,1.4700000000000004
1.3097190678119661,0.6020826905965806,6.756698757410051e-06,1391.5299549698827,146000000.0,0.0002709999999999999,10.17
1.5442633599042894,0.7713122271001339,6.2466753497719775e-06,1026.1723697185514,228000000.0,0.00124,11.67
1.3591150581836702,0.7731475554406644,2.9843696355819707e-06,2503.9801299571986,94300000.00000001,0.0005069999999999999,12.74
1.7262695252895357,0.824933172762394,8.027099370956423e-06,841.2043303251265,292000000.0,0.00238,12.41
1.547333747148514,0.7350300941616298,4.781399458646775e-06,1636.1064389348028,145000000.0,0.0007719999999999999,12.809999999999999
1.4637477032840254,0.6805764243006707,2.918930888175965e-06,858.409360051155,225999999.99999997,0.0003710000000000001,4.080000000000001
1.5023971226066353,0.7674163050949574,5.347035318613053e-06,742.3363178968428,285000000.0,0.00106,8.54
1.5732920229434968,0.7872436992824078,2.9875844120979316e-06,1724.1859757341442,128000000.0,0.0007499999999999999,10.790000000000001
1.6008578181266786,0.6754708573222161,7.393704012036325e-06,2243.900813162327,123000000.00000003,0.00067,15.53
1.6697237849235536,0.607341080904007,2.924843907356263e-06,1979.2137220501897,99500000.00000001,0.00022899999999999996,8.61
1.4933007694780829,0.7408442895859481,3.008952766656876e-06,2890.750423073768,83200000.00000003,0.00047600000000000013,13.579999999999998
1.4673616603016855,0.660854807496071,5.569460511207582e-06,1884.838446974754,124000000.00000003,0.000464,13.09
1.40782345533371,0.6513915002346039,8.944381296634675e-06,2464.6420329809184,112999999.99999999,0.000477,15.84
1.395650151371956,0.6265597522258759,6.8156585618853575e-06,2070.155546069145,112999999.99999999,0.0003550000000000001,13.52
1.5529669716954233,0.7416503671556712,9.89013683795929e-06,1088.8711661100385,241000000.0,0.0014700000000000002,14.349999999999998
1.263496667146683,0.6841058626770974,8.80399924516678e-06,1021.8906700611113,223999999.99999997,0.0007160000000000001,12.48
1.4483265414834023,0.6754609510302544,8.552654832601548e-06,1960.2887630462644,138000000.0,0.000605,15.04
1.5987012326717378,0.8396899938583374,2.9597871303558357e-06,1155.558295547962,176000000.0,0.00103,8.770000000000001
1.6616220831871034,0.8880859583616257,3.055645048618317e-06,815.3724968433379,240000000.0,0.00136,6.52
1.520482523739338,0.8486808389425279,9.010734617710115e-06,907.7474772930144,531000000.0,0.00216,6.41
1.3922128915786744,0.6064800202846528,7.81153953075409e-06,1013.031780719757,199000000.00000003,0.0003770000000000001,9.36
1.5270840972661974,0.8234203174710274,6.985020279884339e-06,604.9611717462539,354000000.0,0.00196,9.8
1.7025578856468202,0.7902854830026628,5.690518595278264e-06,1514.4601948559282,170999999.99999997,0.00133,13.55
1.7333212673664093,0.878213730454445,8.945634871721268e-06,578.1410932540892,379000000.0,0.00339,11.53
1.4910038078203798,0.7039156749844552,6.179886098951102e-06,1107.447102665901,201000000.0,0.0007810000000000002,11.39
1.544384913146496,0.6099877774715424,3.847763687372208e-06,1794.6263980120418,111999999.99999999,0.0002559999999999999,9.4
1.5828020632267,0.7122996345162392,7.091516792774201e-06,1251.533396542072,194000000.0,0.0009580000000000001,12.93
1.4317693054676057,0.6884623780846596,5.492321938276292e-06,1921.312056481838,126000000.00000001,0.000527,13.49
1.4100007832050325,0.7417140729725361,3.926022529602052e-06,1497.32119590044,147000000.0,0.000617,11.28
1.591704770922661,0.7343954388052226,7.236424982547761e-06,1322.5048705935476,191000000.0,0.00111,13.63
1.5236580960452557,0.7612175345420839,6.4867560230195535e-06,608.56956243515,334000000.0,0.00127,8.71
1.4553734600543977,0.694752073287964,9.173994153738022e-06,1876.271517947316,149999999.99999997,0.000739,15.4
1.411463624238968,0.8104875147342683,3.950379729270936e-06,1028.4896492958067,208999999.99999997,0.000943,9.1
1.5109977252781392,0.7179150916635991,2.9691081047058112e-06,2197.8805512189865,100000000.0,0.0004409999999999998,11.67
1.3878075063228608,0.6303701430559159,8.825699090957644e-06,920.6857830286025,224999999.99999997,0.0004889999999999999,9.78
1.7423679113388062,0.7441959830000997,8.261610120534899e-06,1584.555611014366,182000000.0,0.0014,15.19
1.5545248344540596,0.7893817305564881,6.953922949731351e-06,948.2875019311904,251000000.0,0.00153,12.05
1.65541450381279,0.7602591276168824,7.077328331768513e-06,1441.7665936052797,184000000.0,0.00131,14.18
1.7204893290996552,0.908319389820099,9.92863029241562e-06,427.20499634742725,462000000.0,0.00414,10.72
1.1919657826423646,0.6600538641214372,9.414245188236237e-06,1804.0752196684477,142000000.00000003,0.0004470000000000002,14.65
1.3567082673311235,0.6132517039775849,7.80375908315182e-06,640.2350515127181,307000000.0,0.000413,6.13
1.4588445425033572,0.8375939100980759,6.350467491894961e-06,1741.2325112381948,523999999.99999994,0.00114,1.4200000000000004
1.4563170209527017,0.7094785004854203,2.976787686347962e-06,1206.9495692849157,162000000.00000003,0.000453,7.87
1.519736096262932,0.6471348702907563,4.146549314260484e-06,2169.9178144335747,101000000.0,0.0003290000000000001,12.02
1.335688179731369,0.756532109901309,3.0036234557628637e-06,2551.0764420032497,91500000.0,0.00044899999999999996,12.8
1.5188593916594983,0.6029963225126267,3.0331501662731176e-06,2759.508371353149,71399999.99999997,0.00016000000000000004,10.17
1.49248273819685,0.6513955235481262,3.4976069331169137e-06,1511.635176837444,132999999.99999997,0.00033899999999999995,8.98
1.6959325432777406,0.6750557139515877,6.436949243769051e-06,2859.40970480442,99000000.00000001,0.000607,16.02
1.6008391946554186,0.7155974842607976,8.77556484937668e-06,1314.2779022455213,200000000.0,0.00117,14.4
1.5809008687734605,0.7593201588839293,6.1010685563087475e-06,1250.4731044173238,194000000.0,0.00114,12.649999999999999
1.4143885016441347,0.6043902218341828,5.551102176308633e-06,2807.134568691253,81000000.00000001,0.0002300000000000001,13.4
1.4326699644327165,0.5990240156650544,4.931077867746354e-06,2065.067730844021,100000000.0,0.00022099999999999987,10.9
1.404693478345871,0.6030676603317261,7.294300138950349e-06,2044.2295558750627,111000000.0,0.0003039999999999999,13.129999999999999
1.5444191336631776,0.8025055557489396,2.991266489028931e-06,2110.25732755661,111000000.0,0.0007460000000000001,12.15
1.3323407828807832,0.826670801639557,8.888874143362047e-06,1226.7473265528677,730000000.0,0.00139,0.86
1.3074547469615938,0.6024602651596069,9.267584204673769e-06,2253.0688643455505,107000000.00000001,0.000301,14.3
1.3603757858276369,0.608052483201027,2.9672071933746345e-06,690.9531652927398,245000000.00000003,0.00016900000000000004,0.16000000000000014
1.55859342366457,0.7700854048132897,2.8812664747238163e-06,632.9660415649413,288000000.0,0.0008059999999999999,4.159999999999999
1.341436153650284,0.6061447709798813,3.984103173017502e-06,1307.0265874266622,144000000.00000003,0.00020400000000000005,6.66
1.522530759125948,0.6955251440405846,1.0100457489490511e-05,1760.8769279904661,163000000.0,0.00091,15.87
1.4289248630404474,0.7313727200031281,4.558955907821656e-06,826.9813209772109,247000000.0,0.00073,7.97
1.4149202942848207,0.7673610381782056,3.931876927614213e-06,955.5301368236541,219000000.0,0.0007569999999999999,8.14
1.5366360023617747,0.7016216307878494,3.694836705923081e-06,1964.1510695219038,112999999.99999999,0.000492,12.04
1.5318532817065718,0.8071697875857354,5.508140787482262e-06,799.9960631132125,272000000.0,0.0014399999999999999,9.84
1.236175310611725,0.6015603572130204,7.803410276770593e-06,898.2017934322356,212000000.0,0.00028100000000000005,7.94
1.193246841430664,0.6587293982505799,9.417708843946459e-06,1892.9310254752634,137000000.0,0.00043700000000000005,14.85
1.3741561442613603,0.7396944645792246,7.939852610230447e-06,605.2623987197875,344000000.0,0.00123,9.83
1.4287855401635172,0.7144548922777176,3.0184329152107243e-06,2095.599949359894,102999999.99999999,0.0003990000000000001,11.28
1.4232916295528413,0.7211643397808075,5.167537927627564e-06,1928.146809339523,129000000.0,0.000611,13.62
1.4328308209776879,0.7598697971552612,3.838590413331986e-06,1250.1744851469991,173000000.0,0.0007110000000000002,9.95
1.2686487436294558,0.6049233376979828,4.0507798492908486e-06,1026.7488211393354,180000000.00000003,0.00018000000000000004,4.45
1.4800275519490242,0.666382670402527,5.8931845426559455e-06,1095.5781042575834,192000000.0,0.000576,10.35
1.6030180156230929,0.6463005244731904,6.391792286187412e-06,512.7753615379332,376000000.0,0.0006760000000000002,5.4
1.5329918503761293,0.7179003439843655,6.215536296367647e-06,1752.669354144018,148000000.0,0.0007969999999999999,14.09
1.4923730643466115,0.8787782371044159,3.2648270726203924e-06,612.5614345073699,359000000.0,0.00122,3.0599999999999996
1.5692619457840922,0.7271546669304372,4.144713491201402e-06,2633.543640375137,96500000.00000003,0.000583,14.4
1.5590000286698342,0.8060840651392938,5.825626514852048e-06,890.6864672899245,255000000.0,0.0014999999999999998,10.78
1.4631225496530533,0.8635218232870102,4.0596326887607585e-06,729.4334769248961,278000000.0,0.00134,7.39
1.2283504486083985,0.600619912147522,3.899766087532044e-06,2054.330363869667,93800000.00000001,0.00013600000000000003,8.88
1.7531850636005404,0.8696349263191224,7.1502603143453605e-06,856.171354651451,288000000.0,0.0026,11.71
1.4822237826883795,0.675480379164219,5.93116730451584e-06,796.5016663074492,248000000.0,0.000664,8.75
1.5751157104969027,0.6760017648339273,3.845101535320283e-06,1391.6154503822324,148000000.0,0.0004830000000000001,9.87
1.2177579045295717,0.5990826845169068,7.093689113855363e-06,620.1190799474715,297000000.0,0.0002649999999999999,4.34
1.3861343979835512,0.8474403977394105,3.088206917047501e-06,1220.4674556851385,196000000.00000003,0.0007879999999999999,6.88
1.4649811863899231,0.6140837162733078,5.3994038403034215e-06,2050.34888535738,106000000.00000003,0.0002909999999999999,12.16
1.5565013363957407,0.6742839485406876,3.0312400758266454e-06,751.786708831787,257000000.0,0.00042899999999999997,3.3500000000000005
1.6023227244615557,0.7506065750727431,9.492354243993761e-06,1145.0022384524343,232000000.0,0.00153,14.42
1.2620212733745577,0.7768374994397164,8.93786433339119e-06,1696.2171737104652,634000000.0,0.000957,1.1899999999999997
1.425289110839367,0.8439172446727753,8.67412081360817e-06,851.9917279481887,574000000.0,0.00161,4.130000000000001
1.3937795609235766,0.7492850138805808,7.714089244604112e-06,610.1072877645491,341000000.0,0.00128,9.83
1.5377863839268686,0.6746208161115647,4.1755008697509775e-06,1411.3282710313795,149000000.0,0.000488,10.46
1.4658785529434681,0.8330444276332856,4.055900752544404e-06,1024.5178937911985,211000000.0,0.00113,9.53
1.563479094207287,0.724300615489483,2.951598525047303e-06,2295.9892377257347,97600000.00000001,0.00048399999999999995,12.03
1.4913594357669355,0.6299658000469208,7.664437323808671e-06,1702.8850940987465,138000000.0,0.0004740000000000001,13.31
1.7468163371086123,0.7083886787295343,7.903087854385378e-06,2040.9219823777673,145000000.0,0.0010399999999999997,15.89
1.550825509428978,0.7596343394368887,5.801415190100671e-06,1157.2577729821203,203000000.0,0.00109,11.9
1.3834991455078127,0.7061218231916429,5.122112467885018e-06,1221.614435315132,177000000.0,0.0005999999999999997,10.86
1.780309921503067,0.5805533587932588,5.586532622575761e-06,505.6168437004088,354000000.0,0.0004470000000000002,3.24
1.3956194937229158,0.6604166150093079,3.380350828170777e-06,633.7996870279311,296000000.0,0.0003510000000000001,2.43
1.729615992307663,0.7672268684953452,5.008646190166474e-06,1863.4250313043592,140000000.0,0.00106,13.899999999999999
1.4974898792803288,0.6114333271980286,4.735027194023133e-06,2160.3688150644302,98500000.00000001,0.00025900000000000006,11.59
1.5007611326873305,0.6791163638234139,7.659722074866295e-06,917.9886728525161,238000000.0,0.0008300000000000001,11.14
1.5216451562941076,0.7088908419013024,4.766130104660989e-06,533.2295894622802,372000000.0,0.000792,4.79
1.2200610280036928,0.6009469449520112,5.992302507162095e-06,752.0227432250975,255000000.0,0.00022699999999999993,4.34
1.7807104825973512,0.8511383593082429,7.789977163076403e-06,934.6073418855666,279000000.0,0.0026099999999999995,12.55
1.581120228767395,0.7028300419449807,7.417099073529245e-06,1135.871775448322,207999999.99999997,0.000957,12.55
1.4508150324225426,0.6877463713288308,8.332856953144074e-06,1319.5954188704488,186999999.99999997,0.000813,13.67
1.6870413243770601,0.9223323047161103,8.498570233583452e-06,497.1976876258849,505999999.99999994,0.00347,7.75
1.620708829164505,0.6648224383592606,6.647677518427373e-06,2475.6142795085902,109000000.00000001,0.0005840000000000001,15.45
1.6367199450731278,0.7120911017060281,6.868545547127725e-06,1946.6105960309503,142000000.00000003,0.000897,15.09
1.4248829126358034,0.7778273530304433,2.956060409545899e-06,2610.565528273582,92199999.99999999,0.000554,13.04
1.56419375538826,0.8833017557859422,4.147565692663193e-06,620.6848770380019,320000000.0,0.00165,6.46
1.528117047250271,0.6319051623344422,3.5968519449234014e-06,1697.1413530409334,119000000.0,0.00029699999999999996,9.36
1.5965014189481737,0.8913224995136262,9.888960242271425e-06,467.9879844188689,499000000.0,0.00344,9.69
1.3880579173564913,0.6064707666635514,4.914606362581254e-06,1114.5062297582624,171999999.99999997,0.0002599999999999999,7.2
1.406742998957634,0.8262573301792145,4.031850844621659e-06,924.2072999477385,228000000.0,0.0010500000000000002,8.81
1.475706434994936,0.7517379680648447,8.5358245074749e-06,709.9990844726561,312000000.0,0.00149,11.54
1.372719043493271,0.7743188828229904,8.535571664571763e-06,2125.557094812393,596000000.0,0.000844,0.5600000000000005
1.365892517566681,0.9510520398616792,9.570616424083711e-06,65.2891695499419,835000000.0,0.00319,2.9099999999999997
1.4810597196221353,0.6808869838714601,5.718932703137399e-06,727.6495099067687,269000000.0,0.0006850000000000001,8.04
1.5314841762185099,0.8157141879200936,4.934146821498871e-06,1058.1624060869215,216000000.00000003,0.0012899999999999997,10.86
1.7047612667083742,0.7171122439205647,4.066308200359345e-06,2924.4035780429836,88100000.00000001,0.000589,14.79
1.4775573916733267,0.8175464361906052,4.703755617141725e-06,969.0279066562651,228000000.0,0.00122,10.08
1.5630302891135217,0.8821014940738678,4.074425458908082e-06,727.847322821617,282000000.0,0.0016,7.46
1.5952052235603333,0.7792018041014672,8.81073045730591e-06,830.885276198387,291000000.0,0.00189,12.75
1.453611521422863,0.7379902705550194,4.0424886047840124e-06,1793.385103344917,129000000.0,0.0006150000000000001,12.42
1.254003131389618,0.7132666155695916,4.0333451628685e-06,753.1763911247252,269000000.0,0.0004830000000000001,5.4
1.5115621335804463,0.7772629648447037,7.935056105256083e-06,710.3950083255767,311000000.0,0.00164,11.32
1.278722280263901,0.7265754953026772,9.577294230461122e-06,684.5643669366835,312000000.0,0.00115,11.71
1.5137949451804162,0.7255314186215401,9.330154061317445e-06,1085.9577655792234,232000000.0,0.00124,13.81
1.5684773325920107,0.9075976073741914,9.222939908504487e-06,561.3722205162047,544000000.0,0.00308,7.06
1.2607658743858339,0.5999873042106629,5.865744829177858e-06,2333.4031850099564,90800000.00000003,0.00018000000000000004,11.86
1.4215716004371644,0.7341052193194628,7.952785566449167e-06,744.9099719524382,297000000.0,0.00118,10.86
1.3709260493516924,0.6352646112442017,8.0745587348938e-06,504.93720173835743,369000000.0,0.000545,6.1
1.5033135076984765,0.6628954231739045,7.941453427076341e-06,2200.867973268032,123000000.00000003,0.0005620000000000001,15.26
1.6952140510082245,0.7425195118412377,6.158339116722346e-06,1795.424695126712,149999999.99999997,0.00106,14.48
1.2609572052955629,0.7756164282560349,3.080664604902268e-06,1809.1754959896205,120000000.0,0.000502,11.06
1.4478943392634394,0.785055535286665,3.929463654756547e-06,1354.235142469406,165000000.0,0.0008359999999999999,10.89
1.3548668146133425,0.7919399723410607,4.1064313650131234e-06,839.3062204122542,246000000.0,0.000866,7.959999999999999
1.5905249744653702,0.7023805305361749,8.472694307565691e-06,1333.3820104598997,193000000.0,0.0010500000000000002,14.17
1.4423868075013162,0.6198747217655183,5.621148839592934e-06,2141.205996274948,103999999.99999999,0.0003039999999999999,12.72
1.4698089793324471,0.7532743351534009,4.040428936481477e-06,1588.848318904638,143000000.00000003,0.0007110000000000002,11.93
1.308244299888611,0.7179482437670232,9.391327232122423e-06,869.6507215499877,264000000.00000003,0.0010500000000000002,12.649999999999999
1.5810225605964663,0.8279553204774858,8.693550497293473e-06,1286.563381552696,643000000.0,0.00157,2.1200000000000006
1.3542300313711169,0.6832794159650804,9.386021286249162e-06,494.2106008529662,396000000.0,0.00102,8.99
1.3295480489730835,0.6524215668439866,7.512896075844765e-06,2129.4224560260773,118000000.00000001,0.00041799999999999997,14.42
1.4607268854975701,0.7761313073337078,4.693244904279709e-06,1145.160153508186,195000000.0,0.0009530000000000001,10.86
1.5075092235580088,0.7445901246741414,9.6219602227211e-06,636.6936415433883,344000000.0,0.00167,11.77
1.406118777394295,0.6040337473154068,6.525582168251277e-06,2511.427357792854,91500000.0,0.00026399999999999997,13.6
1.4250013232231142,0.598431408405304,5.012255564332009e-06,1766.8462097644804,113999999.99999999,0.0002300000000000001,10.04
1.709165918827057,0.8896635174751283,3.007898628711701e-06,1495.6333599984644,149000000.0,0.00128,10.32
1.5700084626674653,0.8875869423151017,4.459385454654695e-06,1460.9927795827386,432000000.0,0.0012899999999999997,1.1899999999999997
1.597513872385025,0.8155150964856148,3.0125449299812324e-06,1397.1445634961126,152999999.99999997,0.000926,9.91
1.4029254108667375,0.6045012384653092,3.886443436145783e-06,2673.1055527925487,76300000.0,0.00017399999999999997,11.24
1.6668848276138306,0.7314866088330746,6.143245391547681e-06,1893.2435400784013,143000000.00000003,0.0009620000000000001,14.63
1.2469948768615724,0.600640368461609,6.790587425231935e-06,1490.4383495450018,136000000.0,0.00022800000000000007,10.180000000000001
1.4371525123715403,0.6951171711087227,6.177162718027831e-06,1534.4524867832658,156000000.0,0.0006400000000000002,12.99
1.3479712665081025,0.7222139418125153,8.80561873316765e-06,710.8351886272429,306000000.0,0.00114,11.17
1.4330299481749535,0.766404851898551,8.194313436746599e-06,1699.5923751965163,409000000.0,0.00103,5.73
1.4913501016795636,0.6626473635435105,8.10928374528885e-06,1110.8147650957105,205000000.0,0.000745,12.26
1.5287848189473154,0.7117348551750183,3.987806528806687e-06,2557.540118694305,95600000.00000001,0.000508,13.94
1.438120570778847,0.7198597803711891,5.274548992514611e-06,1315.5291900038717,171999999.99999997,0.0007070000000000001,11.78
1.6185796737670899,0.6934708222746849,9.252418220043184e-06,2073.3065456151962,144000000.00000003,0.0008899999999999998,16.16
1.4680030569434168,0.7073945716023445,4.265223801136018e-06,2194.854348897934,109000000.00000001,0.0005039999999999999,13.35
1.2672215580940247,0.7260455712676049,9.942440688610079e-06,915.0468856096267,260999999.99999997,0.0010800000000000002,13.25
1.410727456212044,0.6035588264465332,6.4924754202365885e-06,2328.3967673778534,96999999.99999997,0.0002709999999999999,13.24
1.556714352965355,0.7472858145833016,3.850986182689667e-06,2416.729435324669,102999999.99999999,0.0006410000000000001,13.8
1.4151884347200394,0.6317702651023865,3.6401588022708898e-06,742.619216442108,254000000.00000003,0.0002980000000000001,3.1699999999999995
1.579828879237175,0.7470536772161723,4.793980687856675e-06,1527.756221592426,153999999.99999997,0.0008709999999999999,12.58
1.3830284982919694,0.6052761465311051,6.672073520720006e-06,1204.189948737621,168000000.0,0.0003259999999999999,9.65
1.6793407380580903,0.8818073272705079,5.988243773579598e-06,855.1213443279265,276000000.0,0.00234,10.91
1.699136942625046,0.663840687274933,2.99239468574524e-06,2614.1896396875377,83800000.00000001,0.00036800000000000016,12.11
1.5527006506919863,0.759604237228632,4.025777608156205e-06,1821.7596476897595,130000000.0,0.00076,12.649999999999999
1.6238300621509554,0.6228995472192764,7.453430324792863e-06,1595.9689691662786,148000000.0,0.0005549999999999999,13.14
1.540701399743557,0.7341237880289555,4.128196090459824e-06,2495.9200173616405,101000000.0,0.0006010000000000002,14.16
1.700155180692673,0.6640004038810731,2.9890230298042304e-06,2153.9880633354187,98299999.99999999,0.00039000000000000016,10.99
1.4805788666009905,0.6680623590946199,6.367022573947908e-06,1510.7784718275068,153999999.99999997,0.00058,12.69
1.2534311413764956,0.5995541095733643,4.9083886593580255e-06,1972.396571189165,101000000.0,0.00016400000000000008,9.9
1.3984306991100313,0.7020628318190575,5.294530048966408e-06,1143.573962152004,186999999.99999997,0.0006150000000000001,10.56
1.5883091926574708,0.791351616382599,3.001238346099854e-06,1555.8953322470186,139000000.0,0.0008080000000000001,10.44
1.3665368288755417,0.6928783491253854,9.38726130127907e-06,1963.8802781701086,146000000.0,0.000649,15.41
1.5705496519804003,0.7406124204397202,7.462513372302056e-06,940.7916218042373,245000000.00000003,0.00123,11.99
1.5107711255550387,0.7511888053268195,5.846082694828511e-06,951.0657489299773,235000000.00000003,0.0010399999999999997,10.65
1.4043754398822785,0.6979435980319978,8.297691345214844e-06,822.9732811450957,268000000.0,0.0009440000000000002,11.22
1.732185995578766,0.9051096975803377,5.3713446408510215e-06,823.357582092285,274000000.0,0.0024299999999999994,10.29
1.6248547464609147,0.6139774024486542,8.313527196645737e-06,1210.9152898192403,184000000.0,0.000595,11.93
1.2236363232135774,0.8610076189041138,3.1460382640361792e-06,2336.744174361229,292000000.0,0.0007070000000000001,1.43
1.5271769352257254,0.823085555434227,3.143988817930222e-06,550.6573915481566,357000000.0,0.000999,2.849999999999999
1.5644994109869004,0.7582887282595039,8.516116529703141e-06,929.052636027336,260000000.0,0.00153,12.98
1.5914915800094607,0.608531454205513,7.039231039583684e-06,1111.9283288717268,186999999.99999997,0.0004799999999999999,10.23
1.4548975467681886,0.8053870707750321,2.845200896263123e-06,709.5887064933776,265000000.0,0.0008300000000000001,5.04
1.7791153550148011,0.7493926622439177,9.846712946891785e-06,1463.3518010377882,204000000.0,0.00171,15.67
1.3293021976947785,0.6484906733036042,9.754824578762055e-06,2612.2063696384425,109000000.00000001,0.0004300000000000001,16.22
1.760391265153885,0.9050491511821748,3.011275082826615e-06,1227.8963178396223,174000000.0,0.0014700000000000002,9.22
1.402281501889229,0.699879875779152,3.3536404371261605e-06,2387.8866732120514,93499999.99999999,0.00035899999999999994,12.32
1.44614444822073,0.8838523149490357,7.565538927912713e-06,918.9046472311019,475000000.0,0.00204,6.27
1.2616664886474611,0.6009139001369477,7.646824896335603e-06,2155.3237289190292,102999999.99999999,0.00022699999999999993,12.83
1.5305281631648542,0.6435666918754578,4.2121816575527194e-06,2069.4626048207283,105000000.00000003,0.0003330000000000001,11.78
1.4716276802122594,0.7073112040758134,5.0382250547409064e-06,2197.905845940113,113999999.99999999,0.000558,14.05
1.7892698585987092,0.8438551962375641,5.756528533995153e-06,1214.7350907325742,210000000.0,0.00198,12.64
1.592546170949936,0.7490950867999345,5.0602422058582315e-06,1450.1544944941995,163000000.0,0.0009360000000000001,12.56
1.4344755023717881,0.800167116522789,4.331097930669785e-06,666.0852134227752,316000000.0,0.00101,6.15
1.6581709027290346,0.8559866487979889,3.077867060899735e-06,2452.930316329002,119000000.0,0.000923,10.96
1.3775579363107682,0.6051693946123123,3.7805590033531195e-06,2238.7357726693153,89000000.00000001,0.0001789999999999999,9.98
1.4106544196605684,0.6458336591720581,7.31935839354992e-06,2032.7972732484338,121000000.0,0.0004430000000000001,14.13
1.582720533013344,0.7801866061985493,6.947679534554482e-06,1154.9135968089101,217000000.00000003,0.00143,13.08
1.397106859087944,0.796030966937542,2.891963481903077e-06,1002.6954412460326,194000000.0,0.0007070000000000001,7.44
1.396914651989937,0.7551917580887676,4.031120479106904e-06,1045.515790581703,201000000.0,0.0007179999999999999,9.11
1.5999520003795624,0.7755883120000363,7.83023801445961e-06,1007.0915073156356,246000000.0,0.0016,13.01
1.6611714005470277,0.6239647597074509,5.473551586270333e-06,595.3425467014312,315000000.0,0.0005769999999999999,5.59
1.3979779154062273,0.7593147888779641,7.98019513487816e-06,577.853500843048,357000000.0,0.00142,9.9
1.515404523164034,0.6699417382478715,6.6953345984220515e-06,1835.1891748607156,136000000.0,0.0005939999999999999,13.95
1.5903665632009507,0.7776301793754101,4.962916985154153e-06,1353.3957973122594,175000000.0,0.0010800000000000002,12.22
1.547539293766022,0.734669453278184,4.812018692493439e-06,2157.9445078969,119000000.0,0.0007030000000000001,14.1
1.2373341143131258,0.5997208178043366,2.9564784765243535e-06,1386.7078647017477,128000000.0,0.00011400000000000003,4.33
1.4800426930189134,0.6585419654846192,3.409493893384934e-06,1291.9055595993993,152999999.99999997,0.00035899999999999994,8.0
1.3750358730554582,0.6988745212554932,8.942544639110567e-06,501.57266855239857,398000000.0,0.00116,9.15
1.4984717208892109,0.7280846245586873,9.698391169309617e-06,1148.4840065240858,228000000.0,0.00125,14.189999999999998
1.711670905351639,0.6942684978246689,9.955989062786103e-06,2232.4603721499443,143000000.00000003,0.0009909999999999997,16.77
1.3561555176973343,0.7681728065013886,4.2355813086032875e-06,778.8293361663817,271000000.0,0.0007680000000000001,6.78
1.4264951661229135,0.6204172611236572,6.078697070479394e-06,2246.266447007656,102000000.0,0.0003149999999999999,13.33
1.4286326676607133,0.598221641778946,5.0076979249715815e-06,1864.1968090087173,109000000.00000001,0.00022699999999999993,10.35
1.400790622830391,0.6546863615512849,8.301653176546098e-06,1424.6327355504034,165000000.0,0.0005530000000000001,13.03
1.4963156556710602,0.6548585146665574,5.644429996609689e-06,1497.718274593353,148000000.0,0.000499,11.91
1.672110539674759,0.7036425009369851,8.813311457633974e-06,1629.531059414148,171999999.99999997,0.00112,15.4
1.336299991607666,0.7324712052941323,8.695385277271272e-06,610.6464117765425,346000000.0,0.00125,10.4
1.6714214265346528,0.6078233242034913,2.9243695139884952e-06,2070.9519386291504,95700000.00000001,0.00022699999999999993,8.9
1.24175643324852,0.5985417902469635,9.6639903485775e-06,1955.3706161677835,116999999.99999997,0.00027200000000000005,13.41
1.6670343339443208,0.7233280643820763,6.8847872093319905e-06,1859.4330102205274,149000000.0,0.001,14.989999999999998
1.603145492076874,0.8233903750777245,6.8733931109309205e-06,504.6606361865996,398000000.0,0.00208,8.54
1.388865825533867,0.6288573861122132,8.758264929056169e-06,932.760789990425,222000000.0,0.0004799999999999999,9.78
1.4029443919658662,0.6489074259996415,5.95641764253378e-06,1946.8570984899995,119000000.0,0.0004,13.16
1.3158939778804781,0.8191133156418801,3.022841393947602e-06,1034.9764972925184,198000000.00000003,0.0007280000000000002,7.59
1.579672408103943,0.7810083612799645,6.917511954903604e-06,1146.5467438101766,218000000.00000003,0.00143,13.02
1.7569672465324404,0.762087542563677,6.036747209727765e-06,1873.4854105859993,149000000.0,0.00119,14.669999999999998
1.5438940465450288,0.8140819653868676,8.94287008047104e-06,629.8066228628157,368000000.0,0.00235,11.36
1.446347312629223,0.7567361030727625,4.801701575517655e-06,1137.5500187277792,194000000.0,0.00086,10.76
1.2986371457576753,0.6028831243515015,3.929872125387192e-06,2241.3856834173203,88200000.0,0.00015699999999999989,9.8
1.767961782217026,0.7578519338741899,6.0458111688494695e-06,1969.4470725953577,144000000.00000003,0.00116,14.88
1.432206764817238,0.7413561455905439,3.82472974061966e-06,1244.892135262489,170999999.99999997,0.0006379999999999999,9.83
1.4037815809249878,0.6996770069003105,4.136986553668977e-06,833.2121670246123,237000000.0,0.0005470000000000001,6.94
1.363350793719292,0.6844121977686882,8.47019758820534e-06,924.0421205759047,242999999.99999997,0.0008080000000000001,11.7
1.606953638792038,0.7351231288164854,7.623411163687707e-06,532.0644676685332,393000000.0,0.0014399999999999999,8.38
1.6142390459775926,0.7389139350503684,4.856821224093438e-06,1839.4745439290998,134999999.99999997,0.00082,13.5
1.560995163023472,0.7048473179340363,2.9522686004638675e-06,1189.9386271834371,163000000.0,0.000508,8.01
1.4438632741570474,0.7669156473129989,4.814736440777779e-06,846.6997295618056,250000000.0,0.000926,8.82
1.5031077498570087,0.6630707949399949,6.3884370066225534e-06,1808.7912602350114,133999999.99999997,0.0005459999999999999,13.55
1.5000032326206567,0.7040154933929444,6.812535054981709e-06,728.1152456998824,287000000.0,0.000872,9.07
1.2631229281425478,0.6024129331111908,4.800554186105729e-06,2771.904721856117,75300000.00000001,0.00014999999999999993,11.9
1.5492023661732675,0.6215915679931641,4.528724491596223e-06,1695.1512610539792,122000000.00000004,0.00031699999999999995,10.4
1.5629265904426577,0.81725851893425,7.448163598775865e-06,532.6736271381377,406000000.0,0.00205,8.76
1.4095694214105607,0.9039972960948945,7.425435483455659e-06,486.412078142166,444000000.0,0.00251,8.41
1.4448502242565155,0.7477910906542093,2.9955080747604376e-06,2129.5702382922173,105000000.00000003,0.0004979999999999999,11.7
1.5653814554214478,0.7818197764456273,8.80502000451088e-06,606.145292520523,361000000.0,0.00206,11.2
1.5866373896598818,0.6561975896358491,7.852197378873827e-06,2018.0403552949426,130999999.99999999,0.00062,14.95
1.6323355615139008,0.7416857901960612,8.64466440677643e-06,1250.5708932876585,212000000.0,0.0013800000000000002,14.34
1.4084458261728288,0.615308976173401,3.565417021512986e-06,1602.098999544978,121000000.0,0.00022300000000000013,8.03
1.3603430539369585,0.7250545173883439,7.946584030985833e-06,657.5186848640441,322000000.0,0.00109,10.0
1.4750740326941014,0.8144171208143235,4.2248131632804875e-06,664.0795916318892,314000000.0,0.00109,5.99
1.449907372891903,0.6995722353458406,3.8081891834735876e-06,836.1959010362624,236000000.00000003,0.000539,6.31
1.3189680576324465,0.688844507932663,9.07362261414528e-06,586.6039842367171,339000000.0,0.0009310000000000001,9.9
1.6392022758722307,0.6888490676879884,8.221215963363649e-06,2356.2569096684456,126000000.00000001,0.0007749999999999999,16.19
1.5188709273934367,0.7245667532086373,6.641902290284635e-06,733.3642542362212,291000000.0,0.00098,9.24
1.4341790288686753,0.7655709475278855,4.784974098205567e-06,945.1798647642134,227000000.00000003,0.000903,9.55
1.7800270199775698,0.7519058383069933,5.0583699792623525e-06,2513.619467616081,112999999.99999999,0.0009300000000000003,15.2
1.4632405020296575,0.7144171915948392,3.9384176731109625e-06,1032.2244763374326,197000000.00000003,0.000592,8.56
1.404705584049225,0.7175679221749306,3.024622350931168e-06,1889.10093344748,111999999.99999999,0.0004099999999999999,10.71
1.5117386855185033,0.7172536857426167,3.9402877092361456e-06,2387.895315885544,101000000.0,0.000523,13.57
1.361412486433983,0.6607729464769364,7.763657405972482e-06,2028.5363048315046,126000000.00000001,0.000475,14.509999999999998
1.4566594898700715,0.65353342294693,8.32770809531212e-06,1118.743523955345,201000000.0,0.000658,12.02
1.2494251906871796,0.671760106086731,8.339135050773622e-06,1491.413705050945,162000000.00000003,0.0005189999999999999,13.47
1.5660070002079012,0.7846162274479866,4.398673117160798e-06,1427.1518141031263,163000000.0,0.0009949999999999998,11.96
1.4484369277954103,0.7559209529310466,3.8075353801250466e-06,1435.1832047104833,152999999.99999997,0.0006840000000000003,10.86
1.6388859540224077,0.6347031354904176,4.3689288198947915e-06,1476.982060819864,140000000.0,0.0004139999999999999,10.2
1.7025603532791138,0.8958523839712144,2.993034720420838e-06,1201.1225819587705,174000000.0,0.00136,9.14
1.5255021706223488,0.6927514985203743,7.310064122080804e-06,1354.1827276349065,181000000.00000003,0.0008120000000000001,13.22
1.7904948234558107,0.6155084878206254,3.3227099478244787e-06,498.5229969024657,346000000.0,0.00039000000000000016,0.6
1.4827001318335535,0.6579916387796403,4.844013750553132e-06,2088.534787297249,110000000.0,0.0004,12.91
1.4421470269560814,0.6120546966791154,3.6055602133274085e-06,1883.585901930928,105000000.00000003,0.00021599999999999994,9.11
1.3320370852947236,0.7117035225033761,8.71871754527092e-06,698.3706653118132,305000000.0,0.0010399999999999997,10.84
1.381707161664963,0.6050558120012284,3.782760322093964e-06,2324.614964425564,85999999.99999999,0.00017699999999999988,10.22
1.6066860347986223,0.7089068099856377,7.6257706135511405e-06,1215.7878205180166,201000000.0,0.00102,13.15
1.4222227782011034,0.601367050409317,6.475606866180898e-06,1772.7595097385345,121000000.0,0.00029499999999999996,11.86
1.4922865457832815,0.6680134803056718,5.411256581544877e-06,2093.6657041311264,114999999.99999997,0.000475,13.64
1.292220550775528,0.6028770536184311,4.998524025082589e-06,860.9973937273024,223999999.99999997,0.0002249999999999999,4.45
1.724861776828766,0.7305306985974312,6.776479437947274e-06,1984.1812476515768,144000000.00000003,0.0010500000000000002,15.24
1.5444558799266817,0.8671575397253037,4.076505154371263e-06,833.9062631130217,251000000.0,0.00145,8.36
1.8232161998748782,0.5873841941356659,5.4479799270629895e-06,489.124834537506,355000000.0,0.0005129999999999999,3.44
1.4648352943360807,0.6123137176036835,5.337454617023469e-06,2819.49433684349,82500000.0,0.0002630000000000001,13.68
1.4503410056233408,0.8400432497262955,9.021714925765993e-06,552.48986184597,422000000.0,0.00247,10.340000000000002
1.5434590682387352,0.6839531913399697,5.587640374898912e-06,2291.3836613297462,111000000.0,0.0005509999999999998,14.5
1.418601179122925,0.5980985641479493,3.0093820989131934e-06,1755.9347238857297,105000000.00000003,0.00015199999999999995,6.9
1.2911730945110322,0.6993418827652932,8.644325196743012e-06,1033.1993103027341,227000000.00000003,0.000813,12.68
1.7096647381782533,0.8871162772178651,4.774784654378891e-06,1056.492209434509,225999999.99999997,0.002,10.82
1.6251710057258608,0.6657604694366456,6.523046124726535e-06,2491.58564209938,108000000.00000001,0.000582,15.42
1.8269840598106386,0.5965756952762604,3.1252377629280094e-06,717.5317704677581,257000000.0,0.00031100000000000013,1.77
1.3199307739734651,0.696658793091774,8.95130902528763e-06,656.7010581493377,312000000.0,0.0009520000000000003,10.55
1.710525280237198,0.7429876467213036,5.0816494673490535e-06,2465.3461128473277,112999999.99999999,0.000848,15.07
1.3713971972465517,0.7197920612990857,1.0214006900787354e-05,497.61164188385,528000000.00000006,0.00137,6.51
1.6907339930534364,0.6354224681854249,9.47025239467621e-06,2826.682955026626,105000000.00000003,0.0005620000000000001,16.64
1.6336180329322816,0.8838706254959108,4.933676809072495e-06,830.727994441986,269000000.0,0.00202,9.62
1.5963408350944521,0.6437195956707001,5.7032086178660405e-06,2357.599690556526,103999999.99999999,0.0004520000000000001,14.219999999999999
1.4079782098531723,0.6048236936330795,8.410012006759645e-06,1593.2704433798788,140000000.0,0.0003659999999999999,12.52
1.6080473721027375,0.843758136034012,6.499094136059286e-06,503.2241642475127,387000000.0,0.00219,8.55
1.6626386404037476,0.7926231935620308,7.375538855791093e-06,1075.1725286245344,233999999.99999997,0.00174,13.18
1.281712692975998,0.7319289140403271,9.882350027561189e-06,468.93614530563343,415000000.0,0.00134,10.21
1.4598337948322297,0.7937624081969262,2.977054297924042e-06,2333.905540406704,102000000.0,0.0006469999999999999,12.61
1.5445080131292344,0.7723156459629537,5.235514909029008e-06,472.27847576141346,381000000.0,0.00126,6.42
1.58890278339386,0.7852776914834977,2.999142169952393e-06,1514.1417570412157,141000000.00000003,0.000789,10.19
1.5979828476905824,0.6724408060312271,7.498354271054269e-06,2549.2768287658687,111999999.99999999,0.000622,15.99
1.5412246942520142,0.6200365662574768,8.014727383852006e-06,1404.4230356812475,160000000.00000003,0.0005039999999999999,12.37
1.8012968301773074,0.7872559569776059,4.000355631113053e-06,2432.8306615352626,110000000.0,0.000987,14.18
1.3981891483068467,0.7279772490262986,4.759153664112092e-06,1635.1815331727264,143000000.00000003,0.000622,12.55
1.5964603543281557,0.6532410264015198,4.012903690338135e-06,2266.8957263231277,98500000.00000001,0.000376,12.44
1.2590916216373444,0.6011709094047547,7.651753246784211e-06,1787.8157035447655,120000000.0,0.00023999999999999995,11.87
1.634292393922806,0.6632045388221741,7.531742051243783e-06,2753.02018225193,105000000.00000003,0.000591,16.19
1.4788932524621488,0.7214372009038926,5.68040206283331e-06,1779.271258972585,142000000.00000003,0.0007129999999999999,13.72
1.5406335934996607,0.6343179523944855,6.626238469034434e-06,2357.8894063830376,106000000.00000003,0.00043700000000000005,14.57
1.3999215871095658,0.7295905463397504,4.030963391065598e-06,1599.70117919147,139000000.0,0.0005679999999999999,11.69
1.7561231732368472,0.7085149884223939,8.793958753347398e-06,1847.7850798517463,161000000.00000003,0.00117,15.93
1.3867344439029694,0.7238731138408184,4.948705628514291e-06,1222.129866480827,179000000.00000003,0.000664,10.96
1.2885784685611725,0.6283971905708313,8.756721794605256e-06,1975.3209613263605,124000000.00000003,0.00037300000000000007,14.18
1.3684068381786347,0.7816995844244957,2.8675328493118294e-06,943.1112855672835,204000000.0,0.000639,6.86
1.5626959696412088,0.7581312585622073,9.434853971004488e-06,938.0691051483153,267000000.0,0.00164,13.5
1.4995731764473021,0.7578625570982696,3.003679364919663e-06,1083.6614221334455,179000000.00000003,0.000642,7.67
1.6265288114547731,0.7275513745844365,2.9604263305664068e-06,1619.7113152593372,130999999.99999999,0.000592,10.050000000000002
1.488372665271163,0.7893520563840867,2.969370126724244e-06,1852.5329157710073,121000000.0,0.0006850000000000001,11.19
1.4717387638986112,0.7855360887944699,2.9474370479583748e-06,2596.7664569616313,93300000.00000001,0.000602,13.02
1.2647450029850007,0.6622880995273591,8.258126437664034e-06,1328.6740258336065,173000000.0,0.000495,12.45
1.6384381324052812,0.6691765308380128,9.865433752536775e-06,2541.0281419754024,122000000.00000004,0.00071,16.65
1.6104102283716204,0.7172619245946408,8.088375180959702e-06,1489.2321936786173,180000000.00000003,0.0011,14.669999999999998
1.3701723486185076,0.6334450006484986,9.089841067790987e-06,878.1668096780776,236000000.00000003,0.0005379999999999998,10.25
1.740168607234955,0.7397163189947605,8.0088250041008e-06,1688.1280131638048,171999999.99999997,0.00131,15.29
1.627642384171486,0.8096497401595116,6.054911270737649e-06,1139.3265351653097,215000000.00000003,0.00157,12.47
1.4423772677779199,0.6931650191545488,6.2172324769198905e-06,1631.8349465727804,149000000.0,0.000627,13.3
1.2272488296031954,0.5998774766921997,9.803349137306215e-06,1373.6284077167509,153999999.99999997,0.00030300000000000005,11.72
1.3440851032733918,0.7055297881364823,8.876474410295488e-06,810.518443584442,272000000.0,0.00098,11.72
1.531672851741314,0.7223470464348793,7.108864016830922e-06,558.237537741661,387000000.0,0.0010500000000000002,7.1
1.460153715312481,0.6910827755928041,9.49076521396637e-06,2121.686816215515,139000000.0,0.000699,15.84
1.447740398347378,0.7865072943270207,4.2751635313034065e-06,1241.8685778975484,180000000.00000003,0.0009180000000000001,10.94
1.752323251962662,0.6081182062625885,2.978601813316346e-06,2693.7177330255504,76899999.99999999,0.00024100000000000008,10.83
1.6559256434440615,0.8829011589288712,3.0131711959838872e-06,1217.1901315450666,171999999.99999997,0.00126,9.22
1.7672878324985506,0.8586839944124223,5.936880938708783e-06,1051.0807037353513,236000000.00000003,0.00218,12.02
1.285208058357239,0.713785569369793,9.376804620027544e-06,834.8230570554732,269000000.0,0.000996,12.35
1.4095406055450441,0.6990127667784691,3.361026495695115e-06,2224.185310304165,98899999.99999997,0.00036800000000000016,11.92
1.6226497739553454,0.8980501592159272,3.2533715367317206e-06,825.7502615451812,239000000.0,0.00145,7.1899999999999995
1.5332619354128838,0.673372033238411,4.208564460277558e-06,1684.973516501486,129000000.0,0.000464,11.55
1.4498493388295175,0.6406010001897813,8.76500114798546e-06,816.876322031021,255000000.0,0.000644,10.050000000000002
1.4154114782810212,0.6640972316265107,8.758485853672029e-06,513.095587491989,388000000.0,0.000926,8.24
1.4811596252024175,0.7038429826498033,6.2575772702693945e-06,1350.4475280642507,175000000.0,0.0007420000000000001,12.56
1.6417636066675187,0.8873958349227906,4.998789384961129e-06,743.6578273773192,293000000.0,0.00211,9.05
1.714224797487259,0.7967124983668328,4.062434613704682e-06,1912.2977294027803,130999999.99999999,0.00103,13.11
1.3012457907199861,0.6062623053789139,9.209021240472795e-06,2609.8159998655315,95399999.99999999,0.00028399999999999996,14.92
1.4431145891547204,0.6684017837047578,3.385259568691254e-06,2069.460444152355,102000000.0,0.00031400000000000004,10.97
1.6451990604400637,0.723413845896721,6.75187622755766e-06,1819.3665910512207,149999999.99999997,0.000976,14.8
1.4162514209747317,0.6030437350273132,5.680445298552514e-06,2418.2288646698,90900000.00000001,0.00024100000000000008,12.72
1.6959665894508362,0.8955731391906739,9.873265206813814e-06,488.5238707065581,443000000.0,0.00385,11.13
1.4849864624440672,0.6093504041433335,5.327006489038468e-06,2911.7317050695415,80299999.99999999,0.0002599999999999999,13.82
1.4032988995313647,0.6981810137629509,5.42687025666237e-06,1786.5455425344405,133999999.99999997,0.0005509999999999998,13.18
1.4505943760275841,0.7352781929075719,3.8290090858936315e-06,1610.4299221187828,137000000.0,0.0005930000000000001,11.5
1.6742262303829194,0.9111560761928559,2.985879600048066e-06,2555.8162033557887,275000000.0,0.000986,1.6499999999999992
1.5116449378430845,0.8168621644377709,3.952619224786759e-06,1320.9496363997457,171999999.99999997,0.00103,10.88
1.5565499916672707,0.693145126104355,7.3097723722457895e-06,1241.235315799713,193000000.0,0.0008579999999999999,12.8
1.6112125843763352,0.6394132107496262,5.010176911950112e-06,2523.130133748054,94700000.00000001,0.00039799999999999997,13.899999999999999
1.3757436454296113,0.707081973552704,3.0246265232563024e-06,2365.311451256275,92500000.0,0.00034200000000000013,11.85
1.4003964006900789,0.6803974628448487,8.36336562037468e-06,1438.9694221317766,171999999.99999997,0.0006779999999999999,13.77
1.564202843606472,0.7308599688112737,5.154692694544793e-06,2144.9860855937004,122000000.00000004,0.0007340000000000001,14.349999999999998
1.5857781887054445,0.7575845148414374,7.090312607586385e-06,1239.3207028508184,203000000.0,0.00126,13.39
1.371844956278801,0.616989415884018,8.898947179317475e-06,2915.4541641473766,90299999.99999999,0.000312,15.55
1.3644932985305787,0.7941518291831017,2.988790631294251e-06,2228.445515036583,105000000.00000003,0.000592,12.26
1.6165124595165254,0.6691506922245026,6.493217390030623e-06,2323.6327171325684,113999999.99999999,0.000602,15.14
1.4743442818522454,0.6125949203968049,5.698657341301442e-06,1673.207266256213,127000000.00000001,0.00032700000000000003,11.4
1.5753583878278734,0.69696663916111,5.4990917444229135e-06,2396.7391550540924,109000000.00000001,0.0006029999999999999,14.829999999999998
1.503721257671714,0.7359830282628537,7.394919931888581e-06,824.9578922986983,270000000.0,0.00116,11.1
1.4242083370685579,0.8934192001819612,3.1255377531051642e-06,2105.4122895002365,263000000.00000003,0.0008369999999999999,2.58
1.5888964891433717,0.8507725149393083,2.9953687191009526e-06,1109.8190695047376,184000000.0,0.0010800000000000002,8.56
1.5740052044391633,0.7061924681067467,4.980000466108323e-06,815.3716772794722,379000000.0,0.0007879999999999999,4.26
1.473059805482626,0.7049816831946374,2.9799699187278755e-06,1411.1965075135229,142000000.00000003,0.00043999999999999996,8.86
1.496343455091119,0.7177762091159822,5.544171631336213e-06,918.6273366212844,231000000.0,0.000809,9.71
1.5743990868330002,0.6338318377733231,6.466531798243524e-06,1114.150911569595,188999999.99999997,0.0005459999999999999,10.45
1.644324016571045,0.6872507393360139,5.267341613769532e-06,2719.460010528564,97299999.99999999,0.0005660000000000001,15.17
1.6481516540050507,0.8756926864385606,7.979651480913163e-06,656.6040515899657,366000000.0,0.00286,10.83
1.670216113328934,0.7518357397522778,8.533227235078813e-06,1243.0196925997732,215000000.00000003,0.00151,14.36
1.6109837919473649,0.7183564268052579,7.073876045644284e-06,1702.4780269712207,158000000.0,0.0009700000000000002,14.66
1.4302794367074967,0.819067369401455,4.027940958738328e-06,1051.0386824607847,205999999.99999997,0.00102,9.55
1.4735147550702097,0.8262257069349289,3.9714814722538004e-06,1160.799257457256,191000000.0,0.00106,10.06
1.3882067263126374,0.6302738517522812,4.522561132907868e-06,928.8331419229506,205999999.99999997,0.000312,6.14
1.4249886542558672,0.7118646070361138,4.404433846473695e-06,875.4833340644835,229000000.0,0.0006299999999999998,8.06
1.405351021885872,0.7236648134887219,9.309543818235398e-06,884.1047734022139,264000000.00000003,0.00119,12.84
1.6289201885461808,0.7608585666865111,4.038591235876084e-06,2319.758675992489,110000000.0,0.000769,13.899999999999999
1.6466912090778352,0.8254280626773834,5.677085168659688e-06,1021.8617618083953,231000000.0,0.00171,11.59
1.3218902349472048,0.6779920935630799,8.43699985742569e-06,1741.2170442985368,148000000.0,0.000558,14.41
1.3482987821102144,0.7127116173505784,2.9849879741668706e-06,1128.8037076592443,173000000.0,0.0004080000000000001,7.14
1.30141037106514,0.6277376800775528,8.976801097393037e-06,1596.3685810565946,146000000.0,0.00040299999999999993,13.21
1.3182380855083466,0.6032257944345475,3.9340578019619e-06,2670.5893427133556,75199999.99999997,0.00014999999999999993,10.9
1.6933537960052492,0.896962469816208,3.973364442586899e-06,1147.6786732673643,201000000.0,0.00172,10.22
1.250159025192261,0.7593513630330563,3.029105097055436e-06,1701.9512522965667,124000000.00000003,0.000453,10.44
1.675990229845047,0.7296533547341825,7.083784691989423e-06,1762.3827275820074,157000000.0,0.0010800000000000002,14.92
1.425302003324032,0.6930555626749993,8.306885480880739e-06,917.3126071691512,245000000.00000003,0.0009140000000000001,11.86
1.5791284918785096,0.6021696746349335,3.051300823688508e-06,1197.4120065569875,152999999.99999997,0.00021700000000000007,4.94
1.5264631882309916,0.6323837757110596,3.240144222974778e-06,2514.7147029638286,82199999.99999999,0.0002300000000000001,11.16
1.585490307211876,0.6244800299406053,5.38894882798195e-06,1208.9168578386304,170999999.99999997,0.00043999999999999996,9.700000000000001
1.554562394320965,0.684801609814167,8.862271398305894e-06,1155.8458879590032,211000000.0,0.000993,13.5
1.485756428539753,0.8561920076608659,1.0010732471942904e-05,552.5689125061034,445000000.0,0.0029400000000000003,10.81
1.2289405882358553,0.5999599993228912,8.983168482780458e-06,900.2254456281661,216000000.00000003,0.00030899999999999987,8.67
1.624413934350014,0.6381824523210526,4.323297768831254e-06,1658.6446501314638,127000000.00000001,0.0004009999999999999,10.9
1.695548290014267,0.8240477755665779,4.056494891643525e-06,1553.462792187929,153999999.99999997,0.00121,12.08
1.5456204280257226,0.7077288508415223,4.005522429943086e-06,2644.29922401905,93099999.99999999,0.000501,14.1
1.7945832788944247,0.8386768251657487,3.057078450918198e-06,2269.7063460946083,110000000.0,0.0010399999999999997,12.54
1.402714079618454,0.6053747266530991,8.25172108411789e-06,1878.9161667227743,123000000.00000003,0.00034700000000000003,13.32
1.4706046722829342,0.6715386718511582,6.25352654233575e-06,1618.5102351009843,146000000.0,0.0005679999999999999,13.0
1.4647011168301107,0.6142426908016205,6.988837435841561e-06,1306.491747498512,162000000.00000003,0.000402,10.94
1.5437901064753534,0.7892664715647698,5.977487362921239e-06,812.6076608896254,271000000.0,0.0014,10.27
1.7414320886135102,0.8603320240974427,4.947241455316545e-06,1164.2271205782888,208999999.99999997,0.00187,11.62
1.5421620771288873,0.6967855766415597,7.319840818643571e-06,1025.6739258766172,221000000.0,0.000906,11.86
1.4819717690348626,0.8326326102018357,4.999847277998925e-06,734.2469990253447,287000000.0,0.00146,8.800000000000002
1.4289055913686755,0.6219493389129639,6.9156908914446845e-06,1698.8373426720498,131999999.99999999,0.00038,12.54
1.5739137411117554,0.8602237790822983,1.0052919268608095e-05,550.7090240716933,444000000.0,0.00323,10.94
1.4706931717693807,0.7851157620549203,5.092628940939904e-06,874.3731230497359,249000000.0,0.0011,9.59
1.2523429155349732,0.6868380948901177,8.732307851314547e-06,1112.7915531396864,208999999.99999997,0.000695,12.94
1.336280804872513,0.6426593989133835,7.508641242980958e-06,645.677551627159,311000000.0,0.0004799999999999999,6.52
1.64815873503685,0.834424102306366,5.053376644849778e-06,1059.6350133419035,219000000.0,0.0016,11.09
1.3470466017723084,0.6555210292339325,5.126493617892266e-06,806.7980706691741,236000000.00000003,0.0004159999999999999,6.88
1.4475188076496126,0.6870094612240792,8.061038941144945e-06,510.9080225229262,388000000.0,0.00102,8.02
1.5587224692106247,0.6671188205480576,5.50896430015564e-06,617.3148304224013,312000000.0,0.0006909999999999999,6.5
1.6100690960884096,0.6473272293806077,4.598493278026581e-06,2693.832397460937,89399999.99999997,0.00039500000000000006,13.99
1.6131371408700945,0.7407741140574218,4.795865640044213e-06,1958.5709199309347,129000000.0,0.0008049999999999999,13.75
1.5992147505283356,0.6198033303022386,7.038071237504484e-06,1595.640882849693,144000000.00000003,0.0005030000000000001,12.77
1.5464838042855265,0.7705790922045709,7.1425430774688735e-06,830.2719444036483,272000000.0,0.00143,11.32
1.526486297696829,0.7655114874243737,4.0527763068676e-06,1642.8698059171436,141000000.00000003,0.000794,12.2
1.4421814933419228,0.7164142146706581,4.154323190450669e-06,2053.62443998456,114999999.99999997,0.000521,12.99
1.3584509253501893,0.6348969519138337,8.531777977943421e-06,2608.8977158069606,102000000.0,0.00038,15.52
1.3718738079071047,0.652855333685875,3.110700756311417e-06,931.954115629196,200000000.0,0.0002799999999999999,4.41
1.446660862863064,0.6958089798688889,9.480842590332032e-06,1893.4008218348024,150999999.99999997,0.0007489999999999998,15.54
1.292484247684479,0.6318669945001603,8.830278843641282e-06,617.2699034214019,318000000.0,0.000514,7.77
1.5696712374687196,0.68853719830513,3.2044533193111425e-06,514.2710655927657,355000000.0,0.0005069999999999999,1.0500000000000003
1.7101615190505983,0.7729814685881139,7.041240587830544e-06,1463.382739573717,185000000.0,0.0014399999999999999,14.27
1.6928739488124849,0.8934415787458421,9.028458029031755e-06,490.5334413051604,432000000.0,0.00357,10.56
1.4258549049496652,0.5994594275951386,5.764886431396008e-06,1853.5045739263294,112999999.99999999,0.0002599999999999999,11.34
1.4660098403692248,0.6817873030900956,6.546263862401248e-06,1538.9119200408456,156000000.0,0.0006320000000000001,13.1
1.5461246073246004,0.8310851186513901,5.596414357423783e-06,1987.3878285288808,459000000.0,0.0010800000000000002,1.1600000000000006
1.3502479255199433,0.6658010959625245,8.85502699017525e-06,604.8547774553298,332000000.0,0.000782,9.2
1.54377838075161,0.7458095049485565,2.852440714836121e-06,574.8185068368911,304000000.0,0.000708,3.4299999999999997
1.4724208384752275,0.6359314531087876,8.250496089458467e-06,917.9226607084273,225999999.99999997,0.0005660000000000001,9.96
1.42975772023201,0.7548022700473667,4.525194287300111e-06,692.2263205051421,312000000.0,0.0008099999999999998,5.94
1.4010982275009156,0.8370843708515168,7.210079461336137e-06,1024.6398597955701,505999999.99999994,0.00137,3.89
1.5059181919321418,0.634571260213852,3.6162993609905248e-06,1117.8080290555952,173000000.0,0.000323,6.64
1.2270766317844393,0.7616628080606461,8.616591125726701e-06,1886.865861713886,585000000.0,0.000745,0.9599999999999999
1.454113268852234,0.6878039807081223,8.255442798137666e-06,1539.9094037711618,166000000.0,0.000745,14.25
1.4706805855035783,0.7217901952564717,4.456920444965363e-06,583.1604003906249,338000000.0,0.0007399999999999999,5.04
1.7307240843772889,0.7144176162779332,6.897524014115334e-06,2259.873814880848,130000000.0,0.000928,15.75
1.5086206058040263,0.6777630150318147,8.65402063727379e-06,2279.364161193371,126000000.00000001,0.0006310000000000003,15.8
1.2632086873054507,0.7080316454172135,9.574451833963395e-06,1001.0613054037093,237000000.0,0.000912,13.33
1.32774333357811,0.600122594833374,4.94784289598465e-06,2245.257005095482,91900000.00000001,0.0001860000000000001,11.05
1.6169719487428666,0.7283495977520943,2.9625433683395393e-06,1515.5217349529264,138000000.0,0.0006010000000000002,9.65
1.611935842037201,0.6916323468089104,8.213962584733964e-06,2139.5138949155807,134999999.99999997,0.000807,15.88
1.6483968615531923,0.7367450550198555,7.12468145787716e-06,1604.4177412986753,168000000.0,0.00113,14.57
1.6312670409679415,0.7674643356353045,5.108217895030976e-06,1465.02972766757,165000000.0,0.00106,12.76
1.7137477576732636,0.8019166812300683,8.030526727437975e-06,907.8616946935653,269000000.0,0.00209,12.88
1.5635946929454805,0.6366677194833756,8.31348776817322e-06,1921.6551743447778,132999999.99999997,0.0005479999999999999,14.53
1.473116920888424,0.610401463508606,8.284066826105119e-06,2861.3628745079036,91000000.0,0.00033600000000000004,15.42
1.7334895491600038,0.9013776183128358,4.510821461677552e-06,1055.8983981609342,223999999.99999997,0.00204,10.55
1.572075328230858,0.8350378185510636,6.9831444025039685e-06,601.3708114624022,354000000.0,0.00216,9.92
1.5045282734557988,0.621764686703682,7.748548790812494e-06,1009.580299258232,205000000.0,0.000501,10.020000000000001
1.3932944118976593,0.8484890609979631,4.094575077295304e-06,705.2368223667144,285000000.0,0.00118,7.09
1.3268838107585907,0.6435873091220856,8.13189733028412e-06,2458.8244706392284,107000000.00000001,0.00039300000000000007,15.25
1.3017301797866823,0.6038389027118684,9.831062138080598e-06,1100.0193208456037,188999999.99999997,0.0003770000000000001,10.81
1.4721211150288582,0.611620232462883,3.597548723220826e-06,2240.2787879109383,89900000.00000001,0.00020699999999999996,10.24
1.2592231750488283,0.688746213912964,4.442270159721375e-06,732.9792082309722,263000000.00000003,0.00042899999999999997,5.66
1.4043391942977907,0.6246592372655869,7.723852902650834e-06,915.4370725154876,220000000.0,0.00044600000000000005,9.08
1.4735483787953856,0.7893454313278199,2.9505712985992437e-06,2541.5995270013805,95200000.00000001,0.00062,12.94
1.7904012680053714,0.7013526633381845,8.194568157196046e-06,2791.910350322723,116999999.99999997,0.0008839999999999999,16.88
1.6799156785011293,0.630838841199875,8.412489742040636e-06,2861.407577991485,99799999.99999999,0.0005159999999999999,16.27
1.4748568788170815,0.7103131860494615,6.281369302421809e-06,1647.0214650034902,152999999.99999997,0.0007269999999999998,13.67
1.5426407843828203,0.644926992058754,3.1171603500843056e-06,2085.9834104776382,98400000.00000003,0.0002760000000000001,10.17
1.6014144122600558,0.7403165291994811,4.8451166003942494e-06,2250.778444111347,116999999.99999997,0.0007619999999999999,14.42
1.3337155401706697,0.6759850099682808,8.34283173084259e-06,2151.4643281698227,127000000.00000001,0.000514,15.24
1.7423080623149874,0.8369789958000183,6.833811983466149e-06,954.3574154376983,257000000.0,0.00221,12.29
1.4559236750006677,0.6146781295537949,5.374955475330354e-06,2615.366086363792,87200000.0,0.00027000000000000006,13.36
1.4013054549694062,0.6045934885740281,8.599828809499742e-06,1585.122190415859,141000000.00000003,0.00036800000000000016,12.57
1.4691405080258848,0.8110379397869111,8.075572401285174e-06,583.0479711294173,374000000.0,0.00194,10.17
1.4611435890197755,0.7613096427172423,8.285041481256487e-06,686.7972314357756,319000000.0,0.00151,11.19
1.4533004075288773,0.7976117491722108,2.989696860313416e-06,2168.379306793213,108000000.00000001,0.000667,12.25
1.308177387714386,0.6686167627573014,9.486597478389741e-06,506.3112378120421,390000000.0,0.000848,8.56
1.5291034765541556,0.656458067893982,7.78853552043438e-06,1229.8531383275983,187999999.99999997,0.0006999999999999999,12.48
1.6022909402847292,0.7299583218991758,6.239503487944604e-06,1428.9269894361494,173000000.0,0.000976,13.28
1.4313417613506318,0.6333387762308121,3.3173257708549507e-06,1409.0153872966764,137000000.0,0.00026199999999999997,7.43
1.364998707175255,0.7482235066127033,4.18731564283371e-06,796.398177742958,265000000.0,0.0006869999999999999,6.55
1.4736339971423151,0.6136887520551682,3.701720833778382e-06,2594.436734914779,79600000.00000001,0.00020299999999999992,11.36
1.597918286919594,0.6739615470170975,7.431647136807443e-06,2486.121758818626,113999999.99999999,0.000633,15.9
1.3569423705339434,0.7087957441806794,2.994902670383454e-06,1220.3429564833639,161000000.00000003,0.000402,7.719999999999999
1.6072876185178757,0.7252892799675466,8.203151881694795e-06,1375.6978064775465,192000000.0,0.00117,14.41
1.4137158662080767,0.5996913850307465,4.97235019505024e-06,1583.2823626697061,125000000.00000001,0.00023500000000000002,9.36
1.4232387006282807,0.6199661850929261,7.740862220525743e-06,1103.5409122705457,188999999.99999997,0.00043099999999999996,10.26
1.3870107471942903,0.7551889356225729,3.979856997728349e-06,1242.6900044083593,174000000.0,0.0006890000000000002,10.22
1.4079333275556565,0.7436988003551961,3.986545443534852e-06,1508.4704868495462,147000000.0,0.0006310000000000003,11.44
1.3804580479860307,0.6904643744230271,9.025326281785967e-06,1656.381834298372,161000000.00000003,0.0006900000000000001,14.78
1.6458726882934571,0.7398712288588286,8.076225578784944e-06,1403.6288410425184,192000000.0,0.0012899999999999997,14.57
1.567701753973961,0.8059365347027779,6.814091384410859e-06,723.1527119874953,305000000.0,0.0018,10.71
1.522972393780947,0.6249204218387604,6.296304713934661e-06,1483.008425682783,147000000.0,0.0004379999999999999,11.74
1.5839983463287355,0.8180439099669458,5.704264372587205e-06,591.3690030574797,342000000.0,0.00178,8.54
1.4899440541863442,0.7314008720219136,7.914266243577004e-06,827.2128850221633,272000000.0,0.00119,11.51
1.577914121747017,0.8925306200981141,7.126908019185067e-06,509.3087553977965,407000000.0,0.00272,9.0
1.245778959989548,0.6958809480071069,9.90494066476822e-06,1626.390779390931,173000000.0,0.00067,14.88
1.382516884803772,0.6074828982353211,8.150233864784241e-06,2532.389342784881,97200000.0,0.00031,14.64
1.5848261296749115,0.6372266113758088,4.796276718378068e-06,2412.0344519615173,95899999.99999999,0.000365,13.33
1.5487103506922724,0.8626499980688096,4.0551086366176614e-06,945.6783086061477,227000000.00000003,0.00139,9.1
1.4771510124206544,0.7518556023482234,4.000523984432221e-06,1640.8788710832594,139000000.0,0.000697,12.03
1.4105924338102342,0.6029045909643174,7.5193653702735915e-06,1582.634963095188,137000000.0,0.00033600000000000004,11.94
1.3870066970586779,0.6017162114381791,2.9933735132217413e-06,903.0396044254302,194000000.0,0.00016499999999999997,2.05
1.3519167691469194,0.8168849498033525,4.1403158605098735e-06,731.1767637729644,278000000.0,0.000984,7.16
1.5087156174704435,0.8187958225607873,8.82967782020569e-06,579.4526934623717,389000000.0,0.00234,10.83
1.5139428801834585,0.6936292380094529,8.500818490982058e-06,1831.5155729651449,149999999.99999997,0.000785,15.24
1.7250983476638795,0.7922898307442666,6.882131941616536e-06,1325.0707387924192,199000000.00000003,0.00162,13.83
1.6773035109043122,0.7259058125317097,6.795195758342744e-06,1876.8220040947197,148000000.0,0.00101,14.989999999999998
1.4555852562189104,0.9743211865425111,5.339409351348877e-06,748.4482526779174,558000000.0,0.00207,1.3499999999999999
1.4677461974322796,0.6351664155721665,5.440133661031724e-06,910.1022332906722,214000000.00000003,0.0004319999999999999,7.879999999999999
1.2687353432178499,0.6049679249525071,4.007333219051362e-06,937.1531307697295,197000000.00000003,0.00018200000000000006,3.7
1.6272037893533708,0.7132094487547875,7.79616315662861e-06,1642.305191606283,166000000.0,0.0010399999999999997,14.94
1.5442679822444918,0.7251224867999554,7.534927830100061e-06,569.6114450693129,397000000.0,0.00112,7.31
1.3430103778839113,0.6033303737640381,6.546733718365432e-06,2893.199130892753,80500000.00000001,0.00021799999999999996,13.92
1.2571255624294282,0.6014001578092576,7.694203525781633e-06,2415.6576693058014,93800000.00000001,0.00021799999999999996,13.41
1.3860487282276155,0.7910486206412316,2.994712412357331e-06,1951.0477334260938,115999999.99999997,0.000611,11.41
1.5777483701705934,0.6310727298259736,6.280359234660865e-06,2259.5188692212105,108000000.00000001,0.00043700000000000005,14.17
1.5443946316838266,0.6364383548498155,5.0282436013221746e-06,1498.1838054955003,142000000.00000003,0.00041700000000000005,10.96
1.5670194044709207,0.7603614795953036,1.002736419439316e-05,581.8664580583571,378000000.0,0.00207,11.68
1.6333842873573305,0.86665258705616,4.08579108119011e-06,1161.2784042954443,196000000.00000003,0.0014700000000000002,10.35
1.528452640771866,0.8872457206249238,8.13964930176735e-06,604.7786325216292,622000000.0,0.00191,2.76
1.3543411374092102,0.8543322443962098,5.277624726295472e-06,466.20863676071156,392000000.0,0.00158,6.85
1.6032064944505693,0.7881237208843231,7.395762011408807e-06,1031.0541391372678,241000000.0,0.00164,12.9
1.3521453559398653,0.7715594463050366,4.11142584681511e-06,802.9966354370116,268000000.0,0.000738,6.33
1.4360698118805886,0.6171453595161438,6.1435508839786066e-06,2526.6728103160854,93099999.99999999,0.00030300000000000005,13.87
1.5251086346805096,0.6897317782044411,9.179815590381623e-06,1315.9976080060003,195000000.0,0.000982,14.32
1.4373494625091554,0.8037535473704339,7.5294533222913755e-06,1686.7340141907332,491000000.00000006,0.00109,3.24
1.733301651477814,0.6887153148651124,8.39679679274559e-06,2761.106744408607,114999999.99999997,0.000789,16.78
1.591151922941208,0.7284734174609185,7.170248985290529e-06,1360.1587638258932,186000000.0,0.00106,13.67
1.4701661668717863,0.6380298882722856,5.151796475052834e-06,1688.831585459411,128000000.0,0.00037499999999999985,11.63
1.3443919479846955,0.7404690619558096,9.970691084861757e-06,799.8483180999755,295000000.0,0.00133,12.79
1.2378914952278137,0.602036538720131,5.871617063879968e-06,934.9085688591002,204000000.0,0.00021999999999999998,6.07
1.6211768299341203,0.6624985992908479,2.9585792422294623e-06,1802.181454375386,113999999.99999999,0.000365,9.65
1.4253277122974397,0.6485600709915161,4.847657129168511e-06,914.9906337261199,212000000.0,0.0004119999999999999,7.37
1.5202410064637661,0.6679010599851609,7.10859401524067e-06,522.9343026876448,377000000.0,0.000822,6.709999999999999
1.4972599597647787,0.7751177005469799,6.74748980998993e-06,720.9959924221038,299000000.0,0.0013800000000000002,10.180000000000001
1.66805659532547,0.895806822180748,6.258235506713391e-06,507.00294971466053,397000000.0,0.00262,8.06
1.4982468084432186,0.6213162928819657,6.554616127163173e-06,899.6500372886657,219000000.0,0.00046199999999999995,8.6
1.7350361108779908,0.9137436747550965,7.851213023066522e-06,602.1447032690047,347000000.0,0.00346,11.23
1.789963585138321,0.8455100655555726,4.828965321183205e-06,1451.9666992127893,176000000.0,0.0016800000000000003,12.68
1.3993157923221589,0.8436253935098649,3.839464098215103e-06,825.9240090847014,250000000.0,0.0010699999999999998,7.52
1.5742498755455019,0.6867459207773209,7.853257462382318e-06,1284.3093946576116,191000000.0,0.000886,13.31
1.5729155212640764,0.7147918291389943,7.12283530831337e-06,1144.5033848285673,206999999.99999997,0.000984,12.49
1.575660440325737,0.6608007967472077,4.4438708722591406e-06,2248.8180473446846,102999999.99999999,0.0004229999999999999,13.09
1.6761565268039704,0.8511981099843979,2.977537035942078e-06,2286.4733561873436,111999999.99999999,0.0009400000000000001,11.71
1.4688055716454984,0.7808416195213795,4.01603001356125e-06,1409.7257256507871,160000000.00000003,0.0008449999999999999,11.33
1.5528237953782082,0.6577719479799271,3.937945365905762e-06,2738.177433609962,85200000.00000001,0.0003530000000000001,13.4
1.710666847229004,0.8666429489850999,4.951890468597413e-06,1069.7517842054365,223000000.0,0.00192,11.13
1.6729383945465088,0.8047184452414513,4.0394970476627355e-06,1328.4284919500349,304000000.0,0.0009050000000000001,3.21
1.2344273328781128,0.7964685201644898,3.939601361751557e-06,2425.2095371484756,328000000.0,0.00047900000000000004,0.5800000000000003
1.4591370686888696,0.8850755095481874,3.3052105903625494e-06,649.9053090810775,362000000.0,0.00121,2.95
1.476729939132929,0.7026507496833801,6.225721515715123e-06,1857.779651880264,138000000.0,0.0006649999999999999,14.11
1.3969247460365297,0.6069097459316254,8.516746968030931e-06,1403.6312252283094,155000000.0,0.00038,11.86
1.6003718107938767,0.7280802793800831,7.894039228558542e-06,1241.9505342841146,203000000.0,0.00116,13.7
1.4609125435352326,0.6563198983669282,8.270949453115464e-06,822.7247297763823,258000000.0,0.0007340000000000001,10.27
1.4340796664357187,0.6806850939989091,5.265134766697885e-06,1907.5574465095995,124000000.00000003,0.0004910000000000001,13.18
1.6064628303050996,0.6647557944059372,2.9633181691169746e-06,1986.7986924946306,105000000.00000003,0.00035600000000000003,10.28
1.6007196575403215,0.8122702449560166,6.411191876977683e-06,760.0061148405074,293000000.0,0.00183,10.65
1.390464073419571,0.6772648438811303,8.643209725618364e-06,818.6625987291335,266000000.0,0.0008340000000000001,11.06
1.5796025991439822,0.8213770732283593,3.889175474643708e-06,1438.1915442645548,161000000.00000003,0.0010800000000000002,11.34
1.3969956636428835,0.6148977041244508,3.918998003005982e-06,936.4270716905593,201000000.0,0.0002489999999999999,4.56
1.4548924684524538,0.8838163197040558,4.445043712854386e-06,514.5940482616423,372000000.0,0.0016,5.67
1.6609941065311433,0.7848227441310883,9.765319645404818e-06,933.8092356920241,278000000.0,0.00213,13.899999999999999
1.5636207774281503,0.8079921439290048,5.920185171067715e-06,958.070859313011,242999999.99999997,0.00151,11.28
1.5724006086587907,0.789384712278843,2.9812804460525518e-06,1707.2151573374865,129000000.0,0.000765,10.88
1.451365900039673,0.9103631794452668,5.0595029741525655e-06,528.1640142202376,407000000.0,0.00189,5.8
1.4745687983930111,0.7931361973285675,3.427046030759812e-06,1487.4270297586916,149000000.0,0.0007709999999999998,10.42
1.4179338097572327,0.6230173945426941,6.930781930685045e-06,1786.6035290062425,127000000.00000001,0.00037300000000000007,12.809999999999999
1.6976411283016206,0.6909509494900704,9.758592188358308e-06,2372.1918016672134,134999999.99999997,0.000908,16.77
1.5149805173277857,0.7625890240073204,6.42865781672299e-06,720.3917503356932,296000000.0,0.00123,9.64
1.5378400281071665,0.663769805431366,3.975181698799134e-06,1013.4465545415877,193000000.0,0.0004579999999999999,7.58
1.7835652470588685,0.8400434553623201,3.865059852600098e-06,1794.7363173589108,140000000.0,0.0013,12.56
1.596343830227852,0.6700310558080674,3.0042616128921513e-06,932.5345158576964,205999999.99999997,0.00041500000000000006,5.14
1.3128465235233309,0.6815508842468262,4.874485179781915e-06,715.5882120132445,269000000.0,0.0004889999999999999,6.34
1.693174481391907,0.6089448094367982,2.9617727398872383e-06,2697.1591562032695,75600000.00000003,0.0002119999999999999,10.57
1.5203456349670887,0.6788277357816697,6.751829132437707e-06,816.8654441833495,252999999.99999997,0.0007590000000000001,9.55
1.46834449544549,0.8163663178682328,4.021137773990632e-06,1206.6404446959493,185000000.0,0.00102,10.41
1.556689962744713,0.745744295977056,7.5093131959438335e-06,877.0264238119124,259000000.0,0.00128,11.7
1.2605634570121766,0.8388563722372055,9.19027227163315e-06,520.7171589136123,445000000.0,0.00198,9.6
1.2887742161750795,0.6788951888680459,8.482779443264009e-06,1017.6447331905364,223000000.0,0.000688,12.08
1.47597743421793,0.634133130311966,4.396947026252747e-06,1123.744800686836,175000000.0,0.00034700000000000003,7.74
1.5192435689270498,0.6414302140474321,8.434643954038621e-06,1321.445509791374,177000000.0,0.0006249999999999999,12.85
1.5392944112420084,0.7708263762295247,3.761273056268693e-06,1767.178526613861,130999999.99999999,0.000754,12.05
1.4239061504602433,0.6232772201299668,5.964404046535493e-06,2068.983420729637,109000000.00000001,0.00032500000000000004,12.91
1.2792240858078003,0.703847461938858,9.646238148212434e-06,1091.9589102268217,222000000.0,0.000882,13.76
1.4178106606006624,0.6028901517391205,7.382692933082582e-06,1686.6784142330287,130000000.0,0.00032999999999999994,12.24
1.4830056600272656,0.8384092926979065,4.235463440418244e-06,649.3920385837554,315000000.0,0.00125,6.27
1.644083046913147,0.8728194773197174,7.885659947991373e-06,688.0279183387755,356000000.0,0.00277,10.91
1.3667212128639223,0.8389548808336259,4.091234922409059e-06,723.6061543226241,278000000.0,0.0011,7.26
1.5525798708200456,0.7567921835929156,5.214434027671815e-06,641.0582661628722,320000000.0,0.00106,7.36
1.6548772215843202,0.7369340367615224,9.589179933071138e-06,1346.3794365525243,206999999.99999997,0.00143,15.119999999999997
1.5164663694798948,0.6243924111127854,6.561681620776654e-06,1493.9560852944849,147000000.0,0.0004430000000000001,11.94
1.3566744893789293,0.6797207817435266,4.845213606953622e-06,807.713896036148,239000000.0,0.0005039999999999999,7.36
1.594578105211258,0.8435412257909776,8.499805241823197e-06,1004.4178664684295,630000000.0,0.00167,2.3600000000000008
1.4998454248532653,0.6827756211161614,8.656138092279436e-06,2154.106378555298,131999999.99999999,0.000657,15.62
1.331962287425995,0.6030153661966324,6.645520374178887e-06,2698.152989149093,84999999.99999999,0.00022300000000000013,13.63
1.6761273086071016,0.8963132768869401,7.125524684786798e-06,517.1996653079985,408000000.0,0.00296,9.06
1.4336187914013865,0.6449606984853745,3.6315936446189887e-06,935.2194815874099,204000000.0,0.000323,5.4
1.5355616927146913,0.7924459889531136,4.240343183279038e-06,650.1702517271041,333000000.0,0.00103,5.16
1.3105256974697115,0.6520914316177369,8.916636794805528e-06,705.5458724498748,287000000.0,0.0006339999999999999,9.72
1.4504465058445932,0.6702582299709321,5.898115396499635e-06,777.1677821874617,250000000.0,0.00062,8.46
1.2577582061290742,0.7119120240211487,9.703805178403855e-06,570.9031522274016,349000000.0,0.00106,10.7
1.5497195675969124,0.6888897880911827,8.269781202077866e-06,2055.5043518543243,137000000.0,0.0007420000000000001,15.56
1.6623860478401185,0.8230293452739716,3.006657779216767e-06,1635.0960843265054,136000000.0,0.0009700000000000002,10.85
1.6096598893404008,0.7034054383635522,8.632555067539217e-06,1184.2634454369543,210000000.0,0.00111,13.7
1.6616987586021426,0.8541735649108887,3.723241478204728e-06,573.8482922315596,334000000.0,0.00139,4.71
1.2991424918174745,0.6276557922363282,8.864283293485643e-06,1784.714159555733,133999999.99999997,0.0003879999999999999,13.73
1.2207314550876618,0.6520504564046861,8.960151225328447e-06,1509.5613636076448,157000000.0,0.00044600000000000005,13.45
1.2231387019157411,0.598539036512375,9.914720594882967e-06,807.4675053358077,242000000.0,0.0003439999999999999,8.59
1.2241244137287142,0.6014972001314164,4.96549965441227e-06,644.2552357912062,289000000.0,0.00019599999999999997,1.9
1.4517551556229593,0.6142516046762467,5.753216542303563e-06,2701.025858521461,86899999.99999999,0.00028100000000000005,13.83
1.5867566138505937,0.6968442276120187,8.161889255046845e-06,1342.75908768177,188999999.99999997,0.000979,13.93
1.741803252696991,0.9044207632541658,3.4641590714454657e-06,855.9529036283492,363000000.0,0.00173,3.23
1.451111698150635,0.6321849256753922,4.535805970430375e-06,1115.8069521188734,176000000.0,0.0003380000000000001,7.76
1.3226910531520846,0.8810633182525636,6.680031239986421e-06,597.270980477333,454000000.00000006,0.00194,6.9
1.7549236357212068,0.895907673239708,5.023615032434464e-06,464.21843767166126,387000000.0,0.00245,6.86
1.395804736018181,0.7022810429334642,5.4704829454422e-06,1562.5711828470228,149000000.0,0.0005859999999999998,12.6
1.2934686899185182,0.7007196754217149,8.830083578824998e-06,1107.3389202356336,216000000.00000003,0.0008239999999999998,13.29
1.594296133518219,0.736098973453045,7.4082860797643675e-06,1126.818574965,215000000.00000003,0.00117,12.87
1.639520671963692,0.6169898986816407,7.669857904314995e-06,1419.5736050605772,162000000.00000003,0.0005719999999999999,12.58
1.243917167186737,0.6894396409392357,9.081810384988786e-06,1181.7443668842313,201000000.0,0.0007020000000000001,13.5
1.5301520682871343,0.7384640593081714,4.094735085964204e-06,2352.0792946219444,106000000.00000003,0.00062,13.85
1.3301937639713288,0.5982235014438629,9.228850007057191e-06,812.0312839746474,241000000.0,0.0003710000000000001,8.35
1.551490978896618,0.8971183240413667,3.0090136826038364e-06,1763.7662165798245,161000000.00000003,0.0010500000000000002,8.65
1.4923057347536088,0.8284556955099106,4.296540021896363e-06,640.6920701265334,321000000.0,0.00122,6.17
1.5717909872531892,0.8957481175661088,8.288668900728227e-06,434.9789321422576,478000000.0,0.0029999999999999996,8.82
1.373839831352234,0.6338434427976609,8.276767760515215e-06,1220.0799137353895,178000000.00000003,0.00045600000000000013,11.37
1.6574488878250124,0.60919249355793,8.047759890556337e-06,1801.2096425518391,134999999.99999997,0.000523,13.85
1.4290552273392678,0.6917517274618149,3.4240302741527565e-06,1668.7095928937194,124000000.00000003,0.0004,10.31
1.3134930968284608,0.5996564626693726,7.237693995237352e-06,496.8242645263671,353000000.0,0.0003200000000000001,3.51
1.5301611810922624,0.8820476263761521,4.50699919462204e-06,533.174157142639,362000000.0,0.0017,5.98
1.6162700146436693,0.6162486702203751,7.1057146415114415e-06,1500.3296658396719,150999999.99999997,0.0005129999999999999,12.46
1.5103554211556913,0.6339017540216446,4.297432482242585e-06,2085.436798632145,102999999.99999999,0.000301,11.57
1.7188971161842348,0.8456911325454712,9.746512472629548e-06,670.3208684921264,365000000.0,0.00316,12.29
1.5649833977222445,0.7029072046279908,5.693490594625474e-06,739.4815534353255,279000000.0,0.0008210000000000001,8.15
1.38831641972065,0.6811789602041245,8.396713554859162e-06,1450.6483189761636,170999999.99999997,0.0006689999999999999,13.82
1.3671963572502137,0.6058624058961869,3.7517868578434e-06,2063.728488981724,95700000.00000001,0.00018299999999999995,9.44
1.1149331331253052,0.8035911172628404,1.0141029596328736e-05,793.048322200775,841000000.0,0.00118,0.030000000000000145
1.615800538659096,0.7214789763092996,9.124692082405092e-06,1325.2501860260961,203000000.0,0.00125,14.66
1.506078044883907,0.6240142822265625,7.731174394488336e-06,2794.387817382812,94499999.99999999,0.0003879999999999999,15.49
1.3317898213863375,0.5986794769763947,4.995934367179871e-06,1961.6175554692743,102999999.99999999,0.00019300000000000006,10.28
1.4786960273981096,0.6446657001972199,7.529971629381181e-06,627.2550225257872,317000000.0,0.0006190000000000001,7.37
1.4901989087462426,0.7753912188112736,6.953160040080548e-06,672.1103489398955,413000000.0,0.00131,6.82
1.4337345734238627,0.638933801651001,8.864279538393022e-06,808.7789565324782,256000000.0,0.000627,10.020000000000001
1.5247553765773774,0.6176687121391297,7.707498535513879e-06,1106.8736314773557,189999999.99999997,0.00049,10.56
1.535082770884037,0.6991443559527398,3.651377350091935e-06,2550.8544892072673,92300000.00000001,0.000453,13.37
1.4488887548446656,0.6125748306512833,6.661953363567592e-06,905.8669507503508,216000000.00000003,0.0004009999999999999,8.27
1.5416497215628626,0.8034495815634728,3.97454771399498e-06,532.4245542287825,365000000.0,0.0011,4.37
1.580477973818779,0.6304252803325654,4.411447733640671e-06,1683.7277654558418,124000000.00000003,0.0003530000000000001,10.64
1.6102507799863817,0.7187041036784649,6.839242264628412e-06,1758.7644107406957,152999999.99999997,0.000938,14.65
1.589141419529915,0.8514562994241716,6.6108788885176195e-06,566.3351267576217,367000000.0,0.00227,9.27
1.5034899691119792,0.8361859112977982,8.380577087402344e-06,1540.4745303094385,727000000.0,0.00149,0.3200000000000003
1.3970662862062455,0.6283420711755753,8.29682391881943e-06,2654.6354144811626,99100000.0,0.00037199999999999993,15.42
1.4124481916427614,0.6039020329713822,7.324680611491204e-06,1968.048710376024,114999999.99999997,0.0003149999999999999,13.02
1.400293180346489,0.8349281698465348,3.0794940590858464e-06,2047.4340692162511,147000000.0,0.0007049999999999998,8.9
1.6393684655427934,0.6674319237470627,8.815664023160936e-06,2615.0819957256313,114999999.99999997,0.0006599999999999999,16.45
1.635911509394646,0.8405077546834946,4.0347487330436715e-06,1329.5723423361776,174000000.0,0.00128,11.13
1.5662805542349816,0.6293366521596909,5.008399084210397e-06,2827.2972553968425,85700000.00000001,0.0003400000000000001,14.16
1.6087904065847398,0.6492346644401551,5.662700816988946e-06,2509.199261665344,100000000.0,0.0004669999999999999,14.6
1.68199599981308,0.5898306012153626,6.180140506476165e-06,516.7177617549895,358000000.0,0.000444,3.67
1.316972190141678,0.706463858485222,8.751708120107652e-06,983.8916659355162,237000000.0,0.000908,12.68
1.599262771010399,0.7139364525675774,2.952914893627167e-06,1505.1070898771284,137000000.0,0.0005409999999999999,9.55
1.4567640602588654,0.7390181254595519,9.490357160568238e-06,923.971265554428,263000000.00000003,0.00134,13.27
1.3347757995128633,0.6055966258049011,4.014403223991395e-06,633.414939045906,288000000.0,0.00022300000000000013,1.1800000000000004
1.6090747833251955,0.8598339647054672,4.749573171138764e-06,879.219353199005,251000000.0,0.00172,9.69
1.3329722285270693,0.7993782788515091,9.672748684883119e-06,499.98286366462696,420000000.0,0.0019,10.57
1.6762664794921875,0.8466060876846314,3.0054010748863225e-06,1622.2359165549276,138000000.0,0.0010699999999999998,10.82
1.4338404625654222,0.6180778115987778,6.124280974268914e-06,2431.514889001846,95800000.0,0.0003070000000000001,13.7
1.4650434069335463,0.6107521176338196,4.764530017971993e-06,1405.4334461688993,141000000.00000003,0.0002799999999999999,8.91
1.4040028989315034,0.6956666931509973,8.95540124177933e-06,1210.884407162666,204000000.0,0.0009019999999999999,13.83
1.589182010293007,0.8888476610183716,5.205652534961702e-06,500.3357231616973,386000000.0,0.00205,6.73
1.3760383218526842,0.7086210250854493,4.9765452593565e-06,1418.590798974037,157000000.0,0.000576,11.71
1.376266345381737,0.8317366898059846,3.953085482120515e-06,838.5976701974868,246000000.0,0.00103,7.959999999999999
1.4754127487540247,0.749935853574425,3.823201626539231e-06,1621.844472363591,138000000.0,0.0006599999999999999,11.62
1.39252966940403,0.8413110047578812,6.0260425359010705e-06,1312.3770728707311,452000000.0,0.00126,3.5600000000000005
1.4940497864037754,0.7018448665738106,4.0228834748268135e-06,2087.213985621929,111000000.0,0.00049,12.79
1.3491808891296388,0.796644651889801,4.179136216640473e-06,754.1218698024749,274000000.0,0.000888,7.09
1.2840660989284516,0.7541021855548025,2.955257654190064e-06,933.8198155164717,208999999.99999997,0.0005149999999999999,6.41
1.3053407907485963,0.6549779981374741,9.535990297794344e-06,2290.337450802326,121000000.0,0.00046199999999999995,15.73
1.5542071402072908,0.6878477275371552,8.34496107697487e-06,2147.970639169216,132999999.99999997,0.0007269999999999998,15.73
1.3342550039291383,0.6011495053768159,7.5935499370098125e-06,2152.4070873856544,105000000.00000003,0.00026399999999999997,13.15
1.4444280803203584,0.7178058587014676,3.92417085170746e-06,1130.0836428999899,183000000.0,0.0005809999999999999,9.16
1.680638784170151,0.8968588203191759,7.999083042144776e-06,494.1793084144591,429000000.0,0.00324,9.62
1.3421893715858462,0.6894134894013405,8.147288829088212e-06,1238.2385805249212,193000000.0,0.000714,13.05
1.497168479114771,0.72896191701293,5.192113131284715e-06,1321.271277964115,173000000.0,0.0007929999999999999,11.9
1.4235721170902254,0.6207504898309708,6.103835616260768e-06,2145.258627831936,106000000.00000003,0.0003200000000000001,13.129999999999999
1.5314869880676272,0.6378314495086671,5.8005571514368065e-06,2253.6259070038795,106000000.00000003,0.0004080000000000001,13.83
1.4676608249545098,0.7721586786210538,3.8139336407184606e-06,1447.3129734396932,153999999.99999997,0.0007590000000000001,10.96
1.3621036469936372,0.7849228374660016,2.853521347045899e-06,911.6231203079222,211000000.0,0.000648,6.629999999999999
1.4870701700448992,0.7975066334009171,6.221050754189493e-06,2306.309185922146,414000000.0,0.0008839999999999999,2.87
1.3599770396947861,0.7684152066707611,3.0235371291637427e-06,2191.359244287014,103999999.99999999,0.0005059999999999999,11.92
1.5267327301204205,0.7485846235882492,8.980180054903032e-06,802.7731180191039,289000000.0,0.00154,12.55
1.3954902648925782,0.6077847987413407,8.171600967645646e-06,2718.0633246898647,92199999.99999999,0.00030200000000000013,14.92
1.4169294476509096,0.810776250064373,7.4576506316661846e-06,1755.3214660147203,534000000.0,0.00106,2.0699999999999994
1.4472648203372958,0.6170270562171937,5.711177133023739e-06,2413.8820469379425,94400000.0,0.00029200000000000005,13.32
1.6139210879802706,0.6379030644893647,6.599015168845655e-06,2357.101619243622,108000000.00000001,0.0004910000000000001,14.78
1.7274155080318452,0.8073468312621117,3.1036516129970555e-06,2326.893277466297,105000000.00000003,0.0008679999999999997,12.77
1.5306741490960123,0.760254292935133,8.429826378822327e-06,756.9375932216643,299000000.0,0.0016,11.98
1.5792735368013384,0.8721126079559327,8.294741094112397e-06,781.2600135803222,658000000.0,0.00179,1.69
1.4923750603571535,0.7821453653275967,6.3132302723824986e-06,584.0552896261214,343000000.0,0.0014,8.66
1.4411783292889597,0.8116105780005456,3.958600252866745e-06,1167.3236936330793,188999999.99999997,0.000963,9.99
1.413659504055977,0.6028559178113938,7.261059850454331e-06,1584.2759720981119,136000000.0,0.00032999999999999994,11.8
1.4566438972949982,0.6323331356048585,5.841478794813157e-06,2540.0958508253093,94700000.00000001,0.0003439999999999999,14.12
1.550342644751072,0.6114751160144807,6.5736153833568106e-06,1111.0395491123197,185000000.0,0.00044199999999999996,9.8
1.4185246378183367,0.653092458844185,3.5774187147617348e-06,2418.5318052768707,88499999.99999997,0.00026199999999999997,11.74
1.457921513915062,0.7208277069032193,9.380659639835359e-06,1032.785356044769,239000000.0,0.00118,13.54
1.5772653043270113,0.7907288745045663,2.986896395683289e-06,1677.16365493834,130999999.99999999,0.000779,10.83
1.5394071444869042,0.6252452194690705,4.4615675806999214e-06,1881.87981210649,111999999.99999999,0.00030899999999999987,11.02
1.308086371421814,0.7859107218682767,3.026377439498902e-06,2170.0714454054832,106000000.00000003,0.00053,11.97
1.6565802454948426,0.834677928686142,4.016730338335038e-06,1407.3195978999136,166000000.0,0.00125,11.45
1.5511019468307496,0.6317705154418946,4.5168702900409705e-06,1115.1446700096128,178000000.00000003,0.0003879999999999999,8.08
1.3244113326072695,0.6001722693443299,8.696472376585008e-06,2236.7617040872574,105000000.00000003,0.0002819999999999999,13.87
1.6766890347003938,0.7828329518437386,7.902067825198174e-06,1042.4308776855466,242000000.0,0.00178,13.36
1.6553021371364596,0.6727712452411653,3.0170176625251778e-06,897.8697955608367,208999999.99999997,0.0004690000000000002,5.32
1.6073061078786852,0.6074168264865876,2.9544669985771185e-06,2525.4012942314143,78899999.99999999,0.000189,9.860000000000001
1.3999838054180147,0.6021846234798431,4.916170150041581e-06,1391.3324400782583,140000000.0,0.00024199999999999997,8.55
1.4216774135828019,0.774830386787653,2.9874529838562017e-06,2404.9467146396637,97700000.0,0.0005499999999999999,12.48
1.6988408982753755,0.6980170503258706,6.172351609915496e-06,2660.6230735778804,107000000.00000001,0.0007049999999999998,15.82
1.573305916786194,0.7617004662752153,7.2168683558702476e-06,1041.4122343063352,231000000.0,0.00133,12.54
1.7202404379844667,0.8913253068923951,3.1292490363121037e-06,648.2032984495162,308000000.0,0.00155,4.55
1.3568454623222352,0.6921916320919991,3.076675027608872e-06,2811.531528830528,79500000.00000001,0.00028599999999999996,12.66
1.4802235387265683,0.6500178337097169,7.119644209742547e-06,2392.033591866493,109000000.00000001,0.0004690000000000002,15.04
1.466795586794615,0.6608833909034729,3.4510932266712195e-06,1886.6706471890209,110000000.0,0.00032199999999999986,10.4
1.279083913564682,0.6695009618997575,4.199746876955033e-06,735.9363436698912,260000000.0,0.000363,4.75
1.3403575837612154,0.5993666768074036,6.701959103345872e-06,1956.5218985080717,110000000.0,0.00024800000000000007,12.07
1.4195714414119722,0.620098775625229,6.906754970550538e-06,2639.38720524311,93599999.99999999,0.00032500000000000004,14.58
1.4507695466279984,0.6821814268827439,7.75342644751072e-06,821.9344466924666,260999999.99999997,0.000831,10.48
1.5732812494039536,0.85862595140934,2.9976868629455574e-06,2513.155966997146,133999999.99999997,0.000855,9.72
1.6560168385505678,0.7918272972106934,5.484444588422776e-06,1391.0480886697767,179000000.00000003,0.0012899999999999997,12.93
1.4762360304594042,0.7306638479232789,9.908083677291872e-06,1130.4849311709402,232999999.99999997,0.00127,14.26
1.5545384377241136,0.7559293270111085,5.810623303055764e-06,1176.1910766363142,200000000.0,0.0010699999999999998,11.98
1.5347252413630488,0.6706787556409837,7.71189919114113e-06,1016.749620437622,219000000.0,0.0008059999999999999,11.71
1.517134163528681,0.6903294011950494,8.158873081207277e-06,1436.7471933364866,177000000.0,0.000855,14.11
1.5713013947010042,0.6401841402053834,6.20055738836527e-06,619.1424578428267,313000000.0,0.0006159999999999999,6.66
1.5969616502523423,0.8007158741354943,4.923902720212937e-06,1265.5369862914083,186999999.99999997,0.00122,11.87
1.3281863629817965,0.6951661929488183,3.18496584892273e-06,820.4032033681868,232999999.99999997,0.000391,4.78
1.2326587200164796,0.6018691062927246,8.845543086528779e-06,1381.1083808541296,150999999.99999997,0.0002799999999999999,11.18
1.6852390944957734,0.8942561388015748,8.951122730970384e-06,476.7901003360747,447000000.0,0.00352,10.14
1.5619003504514695,0.6311762273311615,5.065801307559014e-06,2624.515920877456,90399999.99999997,0.00034799999999999995,13.85
1.6813511967658998,0.8447725027799607,7.40354809165001e-06,798.2947975397109,302000000.0,0.00239,11.62
1.3204630672931672,0.611047500371933,3.7624769806861885e-06,1023.2344567775725,180000000.00000003,0.00020600000000000007,4.57
1.5257030367851259,0.6222782135009766,4.5514619946479806e-06,1962.7145975828169,108000000.00000001,0.0002959999999999998,11.25
1.3273084044456482,0.6470840871334077,8.453147798776627e-06,622.6694136857985,320000000.0,0.0005780000000000001,7.959999999999999
1.5723505318164828,0.6414285778999329,4.719606697559357e-06,2331.469088792801,98600000.0,0.00036999999999999994,13.14
1.240310150384903,0.6688505798578263,9.269251674413683e-06,708.5424959659575,293000000.0,0.000688,10.33
1.5249559186398984,0.7169383317232133,6.1111814379692085e-06,1855.383191257715,141000000.00000003,0.0007619999999999999,14.26
1.4973066953010858,0.7560216112062336,6.856106385588647e-06,727.3298799991607,296000000.0,0.00124,10.08
1.5940670460462572,0.6108282923698426,6.670330896973611e-06,1009.7296833992003,201000000.0,0.00048399999999999995,9.45
1.539703604578972,0.8619912564754487,4.032037347555161e-06,901.0032862424849,235000000.00000003,0.0013800000000000002,8.770000000000001
1.328912776708603,0.6018073350191117,7.600640386343004e-06,1590.5254818499086,133999999.99999997,0.00029,11.61
1.6027433305978775,0.7457168580964209,7.766458809375764e-06,1269.713409245014,203000000.0,0.00127,13.91
1.5068031689152124,0.6406268656253815,4.441347241401673e-06,1014.4464969635009,193000000.0,0.00039500000000000006,7.47
1.3988462895154954,0.6977027624845505,5.384781196713449e-06,1424.0822121500967,158000000.0,0.00058,11.97
1.6574510157108309,0.8278059929609299,6.642311517149211e-06,880.0589591264724,267000000.0,0.00202,11.75
1.5093296321108938,0.6038251250982285,2.9796419739723213e-06,2514.386877417564,77800000.0,0.00016400000000000008,9.55
1.3127802193164826,0.6196863859891892,8.72787892818451e-06,486.9041144847869,370000000.0,0.0005129999999999999,6.41
1.533003267645836,0.7109915614128114,4.219476968050004e-06,2558.8273555040355,96999999.99999997,0.000523,14.17
1.6937118709087373,0.818018925189972,3.023988991975785e-06,2056.5181337296963,114999999.99999997,0.0009090000000000001,12.07
1.4966112004593015,0.6640007436275482,6.53086480125785e-06,1306.23984336853,171999999.99999997,0.0006060000000000001,11.97
1.2226026356220245,0.5999748408794403,9.861351549625398e-06,1093.2275950908659,186000000.0,0.00032199999999999986,10.44
1.4324582219123843,0.6229718953371048,4.524723023176194e-06,2706.548526883125,82000000.0,0.00024199999999999997,12.8
1.5439194962382319,0.6404675513505936,6.1038538962602625e-06,2090.6504914164543,114999999.99999997,0.0004520000000000001,13.77
1.6655659675598147,0.7523473385721445,4.071294128894807e-06,2588.447213172912,101000000.0,0.0007330000000000001,14.42
1.5215950503945352,0.7268458396196366,7.013391986489297e-06,934.8979890346526,241000000.0,0.0010399999999999997,11.42
1.2494232952594757,0.6896383434534074,9.117093235254289e-06,1284.988850355148,189999999.99999997,0.0006830000000000001,13.84
1.261685621738434,0.5997174203395844,6.754249028861524e-06,1784.5143396407364,116999999.99999997,0.00021799999999999996,11.18
1.3963322639465334,0.6069294422864915,7.5364862978458415e-06,722.8669077157973,268000000.0,0.00039399999999999993,6.89
1.651987534761429,0.7327390842139722,5.820858746767045e-06,1765.3763382695613,147000000.0,0.000941,14.08
1.4736421152949335,0.641513067483902,4.755736842751503e-06,1873.2070196419952,115999999.99999997,0.0003490000000000001,11.81
1.6451289474964144,0.7635436937212945,5.103776246309281e-06,1521.1751237511633,160000000.00000003,0.0010399999999999997,12.94
1.6615584075450898,0.8751239687204362,2.998813390731812e-06,1368.025682866573,157000000.0,0.0011999999999999997,9.85
1.3241964340209962,0.6489328891038896,9.761454403400422e-06,2682.2443604469295,107000000.00000001,0.0004229999999999999,16.32
1.3569941729307176,0.7063491001725197,3.010975509881974e-06,1311.9381964206693,150999999.99999997,0.000396,8.24
1.5874979048967364,0.7939551785588265,3.0033562183380133e-06,1621.8283046036956,134999999.99999997,0.0008080000000000001,10.7
1.5386646643280983,0.7703088931739331,8.111102044582368e-06,782.7443927526473,291000000.0,0.00162,11.97
1.3098851501941682,0.7651522044092417,8.029389768838884e-06,2302.77269333601,449000000.0,0.000704,3.1199999999999997
1.7328895926475527,0.7869923047721387,7.721739307045938e-06,1149.3292003870008,225999999.99999997,0.00181,13.739999999999998
1.5985504299402238,0.6974392801523209,7.971657097339631e-06,1714.774972759187,158000000.0,0.000916,15.06
1.3039160192012789,0.628745698928833,9.208883970975878e-06,1105.809837579727,194000000.0,0.0004500000000000001,11.34
1.6727510511875154,0.7853258773684503,4.545215606689454e-06,1613.5604325681923,150999999.99999997,0.0010699999999999998,12.79
1.5720867544412613,0.7233567483723164,2.9593431949615484e-06,2003.9094910025594,109000000.00000001,0.0005039999999999999,11.25
1.5823446929454805,0.6758223071694375,4.272125661373139e-06,2711.898863315582,90100000.0,0.0004430000000000001,14.13
1.6516804933547975,0.7829377256333828,3.993104130029679e-06,1960.9587006270883,126000000.00000001,0.000903,13.1
1.4555614203214646,0.6594790309667588,3.2249824106693275e-06,2422.4322587251663,87600000.00000001,0.00027000000000000006,11.52
1.6860411822795869,0.7700577847659589,4.841846853494645e-06,1679.5639945194123,148000000.0,0.0010399999999999997,13.24
1.6659770965576173,0.6052819132804871,2.995568156242371e-06,1394.9266001582143,134999999.99999997,0.000244,6.33
1.73991676568985,0.6068197309970856,2.9481605291366585e-06,1574.7432336211202,123000000.00000003,0.0002740000000000001,7.48
1.4267959713935854,0.6233284860849381,8.497302889823915e-06,2739.6977990865703,96600000.00000001,0.00036700000000000003,15.55
1.6100283801555635,0.6700696170330048,7.476586624979974e-06,2636.1389756202693,109000000.00000001,0.000611,16.08
1.296261888742447,0.788831426203251,3.032709360122681e-06,2095.3371301293373,109000000.00000001,0.000539,11.85
1.5076026158407332,0.7456700200214983,5.061657667160035e-06,733.7637543678283,284000000.0,0.00091,7.84
1.595503315329552,0.6805521368980408,8.39717209339142e-06,1231.769688427448,199000000.00000003,0.000938,13.44
1.7063088834285738,0.8970174193382264,2.9958310127258306e-06,985.4539036750792,201000000.0,0.00142,8.04
1.4512470602989198,0.6642938017845155,7.721887215971947e-06,2286.896288394928,118000000.00000001,0.000521,15.27
1.4709208846092225,0.7916753634810448,5.126332566142083e-06,842.5302356481551,257000000.0,0.00115,9.46
1.786671191453934,0.8960714310407639,3.01254951953888e-06,1727.966686710715,137000000.0,0.00134,10.99
1.4967787737026812,0.6165305256843567,3.8086216449737554e-06,1224.339112639427,158000000.0,0.000277,6.88
1.6370041608810426,0.738856364786625,9.760537743568422e-06,1291.7869836091993,214000000.00000003,0.00146,15.05
1.4478123217821122,0.7222535267472268,7.1565023213624965e-06,733.1966161727904,292000000.0,0.000993,9.82
1.6535442352294922,0.685576768219471,9.33226400613785e-06,2431.3807040452953,128000000.0,0.0007990000000000001,16.56
1.7063689827919009,0.8924838960170747,3.008619189262391e-06,1403.8084372878072,156000000.0,0.00131,9.99
1.424022200703621,0.643843138217926,6.161904055625201e-06,2165.482223033905,110000000.0,0.00039300000000000007,13.78
1.4634361356496812,0.6311603397130967,6.669986419379712e-06,2744.252413511276,92900000.0,0.0003640000000000001,14.96
1.4923902517184617,0.6291993141174317,8.378164857625962e-06,2750.314280390739,98500000.00000001,0.00041500000000000006,15.77
1.3753669023513795,0.7086891978979112,4.9455389380455025e-06,1517.6645033061502,149000000.0,0.0005640000000000002,12.07
1.5023918844759465,0.6975118339061738,7.166641175746919e-06,1560.1721890270708,163000000.0,0.000773,13.89
1.5227019757032396,0.6779972165822984,7.189911380410196e-06,911.262959241867,236000000.00000003,0.0007900000000000001,10.64
1.491430498659611,0.6136938571929932,3.5519902706146246e-06,2850.266277790069,72900000.00000001,0.00019300000000000006,11.7
1.479278849065304,0.6556615948677064,7.904817909002305e-06,2123.0717301368713,124000000.00000003,0.000527,14.93
1.507457602210343,0.6466052770614624,4.897290796041489e-06,2256.2242969870567,102000000.0,0.00036800000000000016,13.129999999999999
1.4468631505966187,0.6838027685880662,8.267637670040132e-06,1235.4503497481344,195000000.0,0.0008049999999999999,13.24
1.7393896579742434,0.7643200434744358,5.009055078029633e-06,1965.7787978649137,134999999.99999997,0.0010399999999999997,14.14
1.7393083512783052,0.6866067096590996,8.375543594360353e-06,2815.4201358556743,112999999.99999999,0.0007749999999999999,16.82
1.5923661410808565,0.7788490198552609,8.97506082057953e-06,703.5050839185714,329000000.0,0.00203,12.04
1.5532701641321183,0.7894039303064347,5.98569229245186e-06,1062.5942349433897,223000000.0,0.00133,11.79
1.1884297370910646,0.7626457069069148,6.918493233621122e-06,2492.28286743164,435000000.0,0.000549,1.7599999999999996
1.6338354885578157,0.8914957433938981,4.022750586271287e-06,721.7034995555877,281000000.0,0.00177,7.6
1.3223443150520326,0.6948904350399971,8.202227503061295e-06,1128.6267563700674,208999999.99999997,0.000761,12.73
1.6384507209062578,0.7434705941006542,6.139698002487422e-06,1530.3087346255777,166000000.0,0.00106,13.7
1.6789526939392092,0.7800545409321785,5.001712307333947e-06,1557.7765479683874,159000000.00000003,0.00113,13.04
1.2372235715389253,0.6677682548761369,9.21754738688469e-06,811.2860023975371,263000000.00000003,0.000666,11.08
1.4924776107072832,0.626718807220459,3.3622623383998876e-06,1886.5888398140667,106000000.00000003,0.00024699999999999993,9.35
1.6757833242416382,0.8308350294828416,4.032005846500397e-06,1464.3435664474962,161000000.00000003,0.00124,11.71
1.3019469916820527,0.7980540633201599,3.6346888840198524e-06,621.3902980089186,347000000.0,0.000686,2.89
1.3533787876367571,0.7848085105419159,2.894242405891419e-06,1010.7700079679488,193000000.0,0.000636,7.35
1.457368688285351,0.6641775906085968,7.69507282972336e-06,2312.8833919763565,116999999.99999997,0.0005220000000000001,15.32
1.5084753071889283,0.7199331633746625,6.41173160634935e-06,930.113524198532,237000000.0,0.0009220000000000002,10.73
1.5420243591070177,0.8604056954383851,3.991851389408112e-06,979.8456281423568,220000000.0,0.00134,9.19
1.6508028209209444,0.7547944905236365,6.58244300633669e-06,504.899501800537,388000000.0,0.0014700000000000002,7.639999999999999
1.4983607646077872,0.6262925505638123,5.180830329656602e-06,1589.1507193446157,132999999.99999997,0.00035899999999999994,11.03
1.6177769780158997,0.7409396957606078,5.867051288485528e-06,1443.978540599346,169999999.99999997,0.00101,13.16
1.5498702898621561,0.7933904975652696,6.132557068020106e-06,940.3591901063918,246000000.0,0.00142,11.26
1.543862767517567,0.8167654484510423,5.028396725654603e-06,1052.9928952455518,218000000.00000003,0.00133,10.94
1.5999474674463274,0.7239568479359151,7.769687458872797e-06,1449.6639668941496,182000000.0,0.0011,14.39
1.4908624380826951,0.6463553130626679,8.046186715364457e-06,514.7370994091033,380000000.0,0.000807,7.37
1.7227894842624665,0.6928497567772866,9.139981359243394e-06,2271.545708179474,137000000.0,0.000941,16.55
1.3825588703155518,0.7544332852587105,1.000049775838852e-05,544.3278998136519,383000000.0,0.00165,11.24
1.471078433096409,0.8409014225006104,4.280884623527528e-06,902.6180505752562,236000000.00000003,0.00126,9.18
1.3947322189807894,0.6765310630202294,8.400847911834718e-06,2205.501303076744,126000000.00000001,0.000549,15.42
1.3445210158824923,0.6050163298845291,3.9764678180217746e-06,1403.1724184751508,134999999.99999997,0.00020100000000000014,7.14
1.4228904515504839,0.8727095425128938,7.826036378741266e-06,718.1914448738097,537000000.0,0.00175,4.52
1.2306079030036927,0.6682562291622163,9.162214219570161e-06,906.668186187744,240000000.0,0.0006449999999999998,11.71
1.5086143450811507,0.7164584174752237,2.9687843322753914e-06,1702.5380227714775,123000000.00000003,0.0004720000000000001,10.19
1.4937305912375451,0.6480189800262451,6.956202916800977e-06,2456.97009563446,106000000.00000003,0.0004610000000000001,15.07
1.4150285571813586,0.6409852176904679,6.517515342682601e-06,2361.6975843906403,103999999.99999999,0.0003860000000000001,14.349999999999998
1.5969804525375368,0.6743693500757219,7.4123362600803385e-06,2315.4292926192284,120000000.0,0.0006540000000000001,15.64
1.527181897312403,0.7957362547516823,6.8960175439715395e-06,728.1150966882705,303000000.0,0.00164,10.64
1.3472664892673494,0.7132008612155915,4.475693613290788e-06,760.5702728033065,269000000.0,0.0006029999999999999,6.53
1.5021260585635903,0.646899738907814,3.1330218613147743e-06,1795.9441216662524,111999999.99999999,0.0002850000000000001,9.250000000000002
1.4317295461893083,0.6948661118745805,4.331639707088471e-06,1754.432586720213,128000000.0,0.0004850000000000001,12.13
1.6699112713336945,0.6149447768926621,8.909061312675478e-06,2917.3016846179958,95700000.00000001,0.000453,16.2
1.3632965594530106,0.7948726952075958,2.99864274263382e-06,2147.6604342460632,108000000.00000001,0.0005930000000000001,11.95
1.5462133079767229,0.6696759402751923,8.62940350174904e-06,2438.022747635841,119000000.0,0.000614,16.04
1.7964867174625399,0.6977878510951997,8.23079812526703e-06,2917.3339456319804,112999999.99999999,0.000853,17.01
1.7908230900764468,0.603048974275589,5.9313365966081625e-06,511.080577969551,357000000.0,0.0005899999999999999,4.52
1.7255362451076508,0.8284245014190674,2.988017916679383e-06,2198.4427347779274,110000000.0,0.0009360000000000001,12.28
1.7402722120285035,0.7410214059054853,6.402222251519562e-06,1986.3058552145956,143000000.00000003,0.0010800000000000002,15.07
1.5069536486640573,0.7289409488439561,4.7264584898948675e-06,2207.2300985455513,114999999.99999997,0.000636,14.04
1.3922079473733904,0.6717179954051972,8.036746621131898e-06,2136.624336242676,126000000.00000001,0.000527,15.09
1.5736645996570588,0.8052959114313126,5.9097345918416985e-06,1066.587448120117,223999999.99999997,0.00146,11.87
1.5957342535257342,0.6709413439035417,3.8731608390808116e-06,1572.060018777847,132999999.99999997,0.00046800000000000005,10.65
1.67205970287323,0.678543283045292,7.442822292447091e-06,2744.8316961526866,108000000.00000001,0.0006680000000000001,16.34
1.4111652642488481,0.7152917616069318,5.303218707442285e-06,1324.695751070976,169999999.99999997,0.0006649999999999999,11.75
1.5834816187620164,0.7258411198854448,6.300889134407044e-06,637.6222819089888,325000000.0,0.00102,8.02
1.6149080604314805,0.69358069896698,8.272549122571946e-06,1239.2521202564237,200000000.0,0.00101,13.56
1.473055109381676,0.8338506996631623,4.033942431211472e-06,1049.996271729469,206999999.99999997,0.00113,9.63
1.5289632596075535,0.6464199274778367,8.258607923984528e-06,1314.6182820200918,179000000.00000003,0.0006590000000000001,12.89
1.4120068252086642,0.7887035295367242,2.925074219703675e-06,1104.6026945114133,179000000.00000003,0.000695,8.08
1.3390450894832613,0.739700485020876,9.959453761577607e-06,696.3445544242858,324000000.0,0.0013800000000000002,12.16
1.6257685750722886,0.6421503603458405,8.100786179304124e-06,2790.8946126699443,102000000.0,0.0005239999999999999,16.16
1.393999367952347,0.6367156147956848,3.569130182266236e-06,634.6801966428756,292000000.0,0.00030300000000000005,2.05
1.533315034210682,0.7847589790821076,3.6221694052219397e-06,1682.323903776705,136000000.0,0.0007879999999999999,11.52
1.44961596429348,0.7717499993741513,2.9592806100845343e-06,2689.9226307868953,89900000.00000001,0.0005470000000000001,13.22
1.382202208042145,0.6251797646284104,5.570090740919114e-06,721.2330698966979,261999999.99999997,0.00036700000000000003,5.63
1.5281745180487634,0.6774602741003037,4.161685883998871e-06,1319.774195551872,158000000.0,0.0004969999999999999,10.020000000000001
1.6567661404609682,0.8866294562816621,4.079677999019624e-06,600.6564497947692,320000000.0,0.00182,6.54
1.3511960148811342,0.8143228232860565,4.071826934814454e-06,823.2217580080031,250000000.0,0.0009580000000000001,7.99
1.4782967425882818,0.6355255007743836,4.2960585355758675e-06,2257.62377679348,96200000.0,0.0002850000000000001,11.98
1.651438093185425,0.7764471843838693,3.942880183458329e-06,2121.558256447315,118000000.00000001,0.000851,13.4
1.3928819864988329,0.6834619939327241,3.2018038928508765e-06,2347.9296937584877,91900000.00000001,0.00030300000000000005,11.69
1.4802754975855352,0.7277473948895932,3.8630679845809945e-06,1914.301227778196,120000000.0,0.0005640000000000002,12.42
1.5931876838207246,0.7213917508721353,4.9790760874748235e-06,2499.3032515048976,106000000.00000003,0.000657,14.85
1.5905774831771853,0.6528118818998337,4.054588556289674e-06,1115.5499815940855,178000000.00000003,0.0004500000000000001,8.2
1.5451224446296694,0.8371246039867402,5.009348914027215e-06,832.6834738254546,263000000.00000003,0.0015600000000000002,9.64
1.410530135035515,0.6053688615560532,6.455087423324586e-06,2807.7445477247234,84300000.00000001,0.0002540000000000001,14.07
1.3820062905550003,0.6076676666736603,8.085878878831865e-06,2348.765015602112,102999999.99999999,0.0003200000000000001,14.32
1.3320569336414338,0.6958330795168878,4.054554969072342e-06,817.7221119403838,239000000.0,0.0004720000000000001,6.3
1.4755921840667725,0.8550200074911118,2.9092844724655156e-06,818.0193156003951,240000000.0,0.00102,6.28
1.4679138712584974,0.6823120281100273,6.549510426819326e-06,1337.506204843521,173000000.0,0.000661,12.39
1.4446389690041543,0.81101433634758,6.852942250669003e-06,1667.693044990301,442000000.0,0.00113,3.9799999999999995
1.4048418223857881,0.7968257993459702,4.241415053606034e-06,715.5777066946029,313000000.0,0.000906,5.5
1.3630211949348452,0.6792306125164033,8.52991482615471e-06,1817.6529156044123,145000000.0,0.00058,14.68
1.0955690503120423,0.8055351331830025,9.396674275398256e-06,759.5673501491545,695000000.0,0.00127,2.86
1.543431517481804,0.6621046900749207,5.813859775662423e-06,2189.64222073555,112999999.99999999,0.0005000000000000001,14.15
1.5133151896297934,0.7406074818223716,4.775908157229424e-06,1427.0755574107168,161000000.00000003,0.000804,12.11
1.414182758331299,0.6454539030790329,5.620974957942963e-06,2173.6363619565964,107000000.00000001,0.000365,13.39
1.4906965032219888,0.6496183633804322,3.094583690166474e-06,1706.1961274594066,116999999.99999997,0.00028900000000000014,8.9
1.3511924922466279,0.6867199659347535,8.79518896341324e-06,1939.142059534788,142000000.00000003,0.0005930000000000001,15.09
1.200645536184311,0.658538755774498,9.450311183929445e-06,722.0253646373748,290000000.0,0.000595,10.07
1.531303681433201,0.6541242063045503,4.903378427028657e-06,1350.6342768669126,157000000.0,0.00047600000000000013,10.58
1.7895154774188997,0.7418162908405066,5.797671988606454e-06,2481.332972645759,119000000.0,0.0009679999999999999,15.62
1.441436541080475,0.6191696226596832,4.64933055639267e-06,1217.8729772567747,161000000.00000003,0.00029699999999999996,8.04
1.5899847775697709,0.8742587506771088,4.0335838198661815e-06,1013.0735784769057,217000000.00000003,0.00148,9.45
1.605860871076584,0.6959739893674851,9.98966681957245e-06,1512.4434158205984,184000000.0,0.0011,15.42
1.7133490741252901,0.7462327374145389,6.098918948322536e-06,1839.125884696841,148000000.0,0.0010800000000000002,14.57
1.5407400012016297,0.8594260632991791,4.84775559604168e-06,1626.7282254993913,431000000.0,0.00116,1.3499999999999999
1.2926652610301972,0.7224808461964131,2.9611852765083317e-06,857.6295822858809,228000000.0,0.00042800000000000005,4.94
1.5542851835489275,0.683325693011284,8.798957824707033e-06,1223.6866280436514,202000000.0,0.0009620000000000001,13.71
1.7484697580337525,0.7355243772268296,7.044890277087689e-06,1950.215559452772,149000000.0,0.00113,15.34
1.389730516076088,0.8316052794456482,5.001494929194451e-06,480.79940676689137,381000000.0,0.0014099999999999998,6.52
1.322561287879944,0.6096472799777986,3.7303529977798467e-06,1404.96189892292,133999999.99999997,0.0001970000000000001,6.88
1.556599420309067,0.7082042142748833,7.3847008645534526e-06,1024.9312520027158,223999999.99999997,0.000985,12.05
1.2963948905467988,0.7016930177807809,4.408205211162568e-06,702.6624977588652,286000000.0,0.000517,5.44
1.587132740020752,0.632042607665062,8.423530966043474e-06,1431.0936927795408,167000000.0,0.000627,13.23
1.5279481127858163,0.7110915049910546,2.959450840950013e-06,1502.6679188013075,136000000.0,0.0004850000000000001,9.43
1.694930899143219,0.7484579998534173,5.032976269721986e-06,2225.8844152092934,122000000.00000004,0.0008960000000000001,14.63
1.3875105500221254,0.6477979749441147,7.4920536428689965e-06,802.4866431951522,246000000.0,0.0005259999999999999,8.7
1.5763807207345963,0.8514992326498032,4.989771530032158e-06,736.4118397235869,291000000.0,0.00177,8.930000000000001
1.3130145192146303,0.6032965153455735,7.667217552661896e-06,1398.899473249912,149000000.0,0.00029999999999999987,10.91
1.6329041272401812,0.7283045411109925,7.327173054218294e-06,535.5359911918639,391000000.0,0.00133,7.959999999999999
1.4199241429567337,0.8455526500940324,3.933882147073746e-06,831.9732844829558,247000000.0,0.00114,8.02
1.4097215026617052,0.6029885083436967,7.248166948556901e-06,1954.7467604279516,114999999.99999997,0.00030899999999999987,12.9
1.5480298921465876,0.6449152708053589,8.144470006227494e-06,2017.8564749658105,129000000.0,0.000552,14.78
1.4513416707515718,0.709924502670765,6.049236334860326e-06,1718.5788969509301,146000000.0,0.000679,13.67
1.448901638388634,0.7665660671889782,8.825001060962678e-06,2072.6786106824875,502000000.0,0.000908,3.07
1.375895091891289,0.7284935519099236,9.553547441959382e-06,809.6848726272582,284000000.0,0.00124,12.56
1.3228137195110323,0.7103724360466004,9.234450310468676e-06,1013.37331533432,236000000.00000003,0.0009769999999999998,13.25
1.287443143129349,0.7939086064696312,3.0392352938652044e-06,1872.0006123185156,119000000.0,0.0005640000000000002,11.270000000000001
1.4787101045250894,0.6099797040224075,7.0394712090492255e-06,2873.2793331146236,87000000.00000003,0.0003070000000000001,14.86
1.486582012474537,0.8728296250104904,7.683095753192902e-06,1003.0003935098647,474000000.0,0.00195,6.1
1.4404362469911576,0.6439632028341294,8.356257647275926e-06,623.0770349502562,323000000.0,0.0006840000000000003,8.3
1.6921946167945863,0.7224383734166623,6.830287568271161e-06,1974.0759320557115,143000000.00000003,0.000989,15.21
1.5430631428956987,0.7078683614730835,4.218036681413652e-06,2602.9398590326305,95500000.00000003,0.0005159999999999999,14.23
1.5305118553340435,0.6930009707808495,8.218242138624193e-06,1704.2252952232955,157000000.0,0.000823,14.93
1.728633373975754,0.6918446436524391,9.220510780811312e-06,2505.585059523582,128000000.0,0.0008839999999999999,16.79
1.5269826360046865,0.6952221438288689,9.266679227352144e-06,2077.443666756153,142000000.00000003,0.0007879999999999999,15.93
1.4593096017837526,0.6151209890842438,7.124582260847093e-06,1116.1019206047056,185000000.0,0.00041799999999999997,9.99
1.2499069333076478,0.6005618155002594,8.661968499422074e-06,2500.2410560846324,93700000.00000001,0.0002320000000000001,14.07
1.3762577623128893,0.6332115948200226,5.6160232424736036e-06,719.5899933576583,263000000.00000003,0.000391,5.95
1.5741006910800934,0.7848129115998745,6.988919734954835e-06,1093.0788069963453,227000000.00000003,0.00148,12.84
1.6960515797138216,0.7464817447587848,5.070626810193062e-06,2307.1717768907547,119000000.0,0.000879,14.8
1.4262576475739481,0.6386395007371903,6.5092591717839255e-06,2558.678790926933,97899999.99999999,0.00037499999999999985,14.669999999999998
1.725526911020279,0.908867383003235,7.169132888317109e-06,499.0209937095641,413000000.0,0.00319,8.99
1.4985270665958526,0.6953516274690629,9.84126514196396e-06,2092.460013926029,144000000.00000003,0.0007879999999999999,16.11
1.5842681586742402,0.6956971719861031,8.065238177776338e-06,1344.6272090077398,187999999.99999997,0.0009589999999999999,13.85
1.4763514682650567,0.7997887685894967,6.198658745735885e-06,618.8485324382781,333000000.0,0.00151,9.07
1.478677971661091,0.9346087753772736,4.507317543029786e-06,1147.0824405550954,489000000.00000006,0.00161,0.6900000000000005
1.2361592531204224,0.9232439517974854,1.0028954684734346e-05,219.82285380363453,707000000.0,0.00275,5.49
1.4179667741060258,0.6517471432685853,7.95854400098324e-06,498.16611409187306,377000000.0,0.0007060000000000002,7.12
1.3172025561332703,0.5994173884391785,2.9933860301971443e-06,1385.462313890457,129000000.0,0.000134,4.78
1.257982349395752,0.6006348252296448,4.876662716269494e-06,2333.7395414710045,87499999.99999997,0.00015800000000000002,10.91
1.6908414959907534,0.755799019150436,8.967271506786348e-06,1227.3807749152181,221000000.0,0.00163,14.57
1.422759997844696,0.7933548822999001,2.831272423267365e-06,808.5958957672118,233999999.99999997,0.0007340000000000001,5.91
1.2586932778358462,0.5987818837165833,5.900857135653497e-06,1872.932372614741,109000000.00000001,0.00019100000000000003,10.64
1.492276872508228,0.8080783948302269,4.071961075067521e-06,525.2383202314376,368000000.0,0.00112,4.69
1.5240664042532446,0.8191733837127686,6.769226111471654e-06,623.0303943157195,345000000.0,0.00188,9.78
1.5772191882133486,0.7388969253748656,6.254163291305305e-06,1242.2284409403799,193000000.0,0.00103,12.54
1.3978530943393708,0.6762954577803613,5.4310761690139776e-06,704.0670812129973,272000000.0,0.0005930000000000001,7.37
1.2153180599212647,0.6002355873584748,3.91481712460518e-06,1585.7592336833475,118000000.00000001,0.00014299999999999998,7.18
1.5391782805323602,0.7447431916370989,9.91819489002228e-06,1000.6415396928786,256000000.0,0.00153,14.02
1.4528525188565256,0.6916701525449753,1.008184975385666e-05,1488.7063689529894,181000000.00000003,0.0008809999999999998,15.13
1.3943708539009096,0.8251209855079652,2.8993643522262577e-06,1023.7471312284468,195000000.0,0.0008149999999999999,7.719999999999999
1.492742543667555,0.6735106766223908,7.797872662544252e-06,920.0659692287444,237000000.0,0.0008059999999999999,11.14
1.429893520474434,0.6225224643945695,4.4559422433376316e-06,2615.7984435558315,83599999.99999999,0.00023799999999999993,12.5
1.4878122031688692,0.8299179285764695,7.64476627111435e-06,1431.0456737875936,585000000.0,0.00131,1.8699999999999997
1.168576204776764,0.7545361759141088,8.826322436332705e-06,1781.9900922477243,577000000.0,0.0006959999999999999,1.2399999999999995
1.4495499283075335,0.6438690215349198,5.040677443146706e-06,1792.094215750694,122000000.00000004,0.000369,11.93
1.342541974782944,0.7236725002527238,3.8312049806118014e-06,788.361757993698,265000000.0,0.0005509999999999998,5.4
1.7228638708591462,0.7826698444783688,4.704917401075364e-06,1763.6131234467027,144000000.00000003,0.0011,13.4
1.3747826546430588,0.6506844431161881,8.65599185228348e-06,956.8370431661605,223999999.99999997,0.000587,10.81
1.2871284306049349,0.6546822041273118,8.81722864508629e-06,903.2842069864272,235000000.00000003,0.0005970000000000001,11.15
1.3270263791084291,0.6005109429359436,6.722589321434499e-06,1582.9581692814825,130999999.99999999,0.0002630000000000001,10.91
1.5606785774230958,0.8607150167226792,4.044102877378465e-06,1062.3407661914823,207999999.99999997,0.00136,9.76
1.3045417070388796,0.7841048553586006,3.0267229080200203e-06,2192.0096054673195,105000000.00000003,0.0005220000000000001,12.03
1.5583633303642275,0.6826498925685883,4.3706536591053015e-06,478.68016362190235,359000000.0,0.0006599999999999999,3.7899999999999996
1.499868353828788,0.6249179720878602,7.0122029781341564e-06,1499.7751377522943,148000000.0,0.00045099999999999996,12.2
1.4237294018268587,0.8365492701530457,4.729333221912385e-06,652.8727263212203,313000000.0,0.00134,7.51
1.351431316137314,0.6034415602684021,4.016797721385956e-06,1491.00187420845,128000000.0,0.00019900000000000012,7.59
1.4941946469247342,0.6477076292037964,4.864869013428689e-06,1683.8807212188838,129000000.0,0.00040299999999999993,11.63
1.4045816123485566,0.6059916973114015,9.192514061927797e-06,816.2274509668349,244000000.00000003,0.000433,8.73
1.5479655772447587,0.734658419340849,4.812835946679116e-06,1956.4879052340982,128000000.0,0.0007280000000000002,13.65
1.29157252907753,0.8512423574924469,8.698482602834703e-06,555.2666187286376,458000000.0,0.00197,8.49
1.39947270154953,0.7022404968738557,5.01471108198166e-06,1917.3538424074648,125000000.00000001,0.0005239999999999999,13.25
1.5956175953149796,0.7242158845067025,6.846137709915639e-06,1556.9100081920622,167000000.0,0.000984,14.11
1.5742103576660158,0.8935226172208787,3.2332774102687843e-06,778.0712395906447,254000000.00000003,0.00136,6.54
1.510889457911253,0.7818265311419964,2.977418124675751e-06,1629.9167107790706,132999999.99999997,0.0007060000000000002,10.51
1.3911858379840851,0.6452475786209108,3.210298329591752e-06,1123.5480308532713,168000000.0,0.00027200000000000005,5.81
1.4073925942182541,0.6038312137126923,4.833139628171922e-06,2423.5341250896454,87399999.99999999,0.000211,11.82
1.3153960168361665,0.6337573260068894,4.627647817134858e-06,637.9873603582381,295000000.0,0.00031899999999999995,3.2699999999999996
1.4588252618908883,0.7843549735844136,4.9635643213987355e-06,894.3898528814315,242999999.99999997,0.00106,9.58
1.3118217051029206,0.7424580099061132,3.073969900608063e-06,2345.3331291675568,96300000.0,0.000411,12.28
1.7516540944576264,0.6101318299770355,2.9841555953025823e-06,2852.2435128688808,72900000.00000001,0.00023700000000000004,11.2
1.3781406462192536,0.7646379891783,8.889946430921556e-06,2086.62099391222,542000000.0,0.000826,2.03
1.3960845082998277,0.6032514095306397,5.728481590747834e-06,1391.8746933341024,144000000.00000003,0.0002799999999999999,9.64
1.1871329784393312,0.6604830086231233,9.518877714872362e-06,1507.5935162603853,162000000.00000003,0.0004780000000000001,13.91
1.3951698035001756,0.6988426432013513,9.926957190036776e-06,1208.6075097322462,211000000.0,0.0009639999999999999,14.28
1.2603073060512544,0.6004734814167023,5.859704449772836e-06,2422.4584102630615,88000000.00000001,0.00017800000000000002,12.07
1.4092302024364474,0.6015929281711578,6.790719479322434e-06,903.156355023384,213000000.0,0.00034500000000000004,7.9
1.7776067197322847,0.8952852755784989,3.834100782871247e-06,1399.7460827231405,173000000.0,0.00169,11.19
1.5263828828930857,0.6935065135359765,1.007295310497284e-05,1414.4112840294836,191000000.0,0.00102,15.04
1.477408240735531,0.8570556610822678,6.099392846226693e-06,1553.340397775173,535000000.0,0.00126,1.1500000000000001
1.5936888724565508,0.7516838667914272,7.714716032147409e-06,1147.6547941565511,218000000.00000003,0.0013199999999999998,13.39
1.7361979186534884,0.8323946088552475,3.949014127254487e-06,1658.965369686484,147000000.0,0.00125,12.28
1.655570411682129,0.6860732451081276,7.1639271825551995e-06,2452.274069190025,116999999.99999997,0.0007179999999999999,15.94
1.5616029962897302,0.7685268145054579,3.0050649940967567e-06,2785.9439998865123,88100000.00000001,0.000596,13.49
1.3438018620014192,0.8362378478050233,3.136417508125306e-06,2034.2231281101701,169999999.99999997,0.000639,7.22
1.440223664045334,0.641041249036789,8.244165420532228e-06,2641.288518905639,102999999.99999999,0.0004319999999999999,15.71
1.6253070384263995,0.8441405206918717,2.988282442092896e-06,2195.408560335636,114999999.99999997,0.0008889999999999999,11.47
1.406140986084938,0.6412009656429292,6.322830010205508e-06,795.884609222412,242000000.0,0.0004720000000000001,7.87
1.3663886904716493,0.6342934727668763,8.120036244392396e-06,2566.962122917175,102000000.0,0.000378,15.29
1.4765661321580412,0.8285361796617509,4.0470333099365245e-06,1120.458200573921,197000000.00000003,0.0011,10.03
1.501649294793606,0.7129801332950593,3.6315114498138435e-06,1490.613158792257,141000000.00000003,0.0005330000000000002,10.45
1.3972538709640505,0.6908897772431374,8.347009271383286e-06,515.8084928989409,390000000.0,0.0010500000000000002,8.41
1.5243704169988634,0.7946577340364457,4.919037476181985e-06,1159.055486321449,199000000.00000003,0.00114,11.3
1.52699935734272,0.7188675351440907,5.860420994460584e-06,1957.4962854385374,133999999.99999997,0.0007370000000000001,14.34
1.5847227841615679,0.6673134237527848,3.79118299484253e-06,2934.8306655883785,81799999.99999997,0.0003860000000000001,13.89
1.4197192132472993,0.8136816367506982,4.602572560310365e-06,851.1348366737365,250000000.0,0.00113,9.090000000000002
1.5352085396647455,0.8035452380776406,5.576283514499665e-06,826.101928949356,266000000.0,0.00142,10.07
1.326592379808426,0.7833002239465714,3.0131513774394995e-06,1729.805629700422,126000000.00000001,0.000567,10.68
1.6310788393020632,0.6599794775247575,4.88210541009903e-06,2832.3710262775417,89299999.99999999,0.0004500000000000001,14.71
1.7068290352821351,0.6947127521038056,9.99410617351532e-06,2055.1744028925896,150999999.99999997,0.0010399999999999997,16.59
1.6480583131313324,0.7880745559930802,5.944401919841767e-06,1367.1763911843298,185000000.0,0.00134,13.23
1.6308027863502503,0.8034192323684693,2.971646964550019e-06,1855.0378568470476,122000000.00000004,0.0008319999999999998,11.39
1.3836666047573092,0.6330931663513184,7.831482514739037e-06,1601.7188709229229,143000000.00000003,0.000424,12.809999999999999
1.521791821718216,0.822795581817627,4.9970517158508305e-06,949.4139552116393,236000000.00000003,0.00137,10.33
1.4953160321339967,0.706163290143013,6.1533385589718826e-06,1133.8919326663015,198000000.00000003,0.0007900000000000001,11.54
1.694168132543564,0.6719675213098527,6.693696908652783e-06,2864.129871129989,99799999.99999999,0.0006079999999999998,16.12
1.6063882291316987,0.7405029695481062,4.827165588736535e-06,2053.4072555601597,125000000.00000001,0.0007900000000000001,13.99
1.5262426726520062,0.6236471235752106,8.289677351713182e-06,1114.1959130764005,193000000.0,0.000539,11.1
1.3725777983665468,0.6132759332656861,9.55835208296776e-06,907.130941748619,224999999.99999997,0.00045900000000000004,10.04
1.3236494064331057,0.6015145182609558,4.906116098165513e-06,2425.504058599472,85999999.99999999,0.00018200000000000006,11.49
1.66547868847847,0.7599875371903182,8.016206890344621e-06,1237.4074310064314,213000000.0,0.00151,14.09
1.3574150830507279,0.8139171928167344,3.974366426467896e-06,849.2198884487151,244000000.00000003,0.000932,7.879999999999999
1.565210893750191,0.8255614668130875,2.9788980484008796e-06,1214.7418335080145,169999999.99999997,0.0009520000000000003,9.04
1.4988387205637992,0.6837605997920037,4.158405601978303e-06,1021.4825272560118,196000000.00000003,0.0005250000000000001,8.4
1.5693102434277535,0.7447562472894789,8.045748412609101e-06,896.5499997138976,258000000.0,0.00136,12.32
1.5803372472524644,0.8616592705249787,8.00197070837021e-06,670.8749681711196,360000000.0,0.00259,10.86
1.4356447488069535,0.6730563998222352,5.861370563507081e-06,685.7400685548781,280000000.0,0.0006370000000000001,7.63
1.5721576005220415,0.7549939652904869,4.025789499282838e-06,2029.048606753349,120000000.0,0.0007330000000000001,13.16
1.3314055860042573,0.6066325932741166,4.003546416759492e-06,843.6265885829924,221000000.0,0.00021700000000000007,3.3
1.4565776690840722,0.8207132086157799,2.9109200239181522e-06,1030.7877063751218,192000000.0,0.000851,7.83
1.528265279531479,0.711783367395401,6.1138175651431095e-06,1969.778176397085,133999999.99999997,0.000726,14.49
1.5029652927070858,0.7196740999817849,5.165458753705026e-06,2178.543873131275,118000000.00000001,0.000635,14.26
1.62584026157856,0.8919076591730118,4.015666604042054e-06,825.3903239965438,254000000.00000003,0.00171,8.37
1.4632330119609833,0.6892154172062874,4.27012649178505e-06,1326.562978327274,159000000.00000003,0.00051,10.32
1.2228794932365419,0.6002364277839661,6.957193218171598e-06,723.9315211772918,259000000.0,0.0002599999999999999,5.41
1.7959939777851106,0.8352407813072206,3.0539882183074956e-06,2319.3504586815834,108000000.00000001,0.00102,12.64
1.5395364940166474,0.8190119102597238,6.9065795242786416e-06,627.9624551534652,341000000.0,0.00193,10.04
1.535540995001793,0.7456827035173774,6.910801187157632e-06,938.9370977878569,242999999.99999997,0.00116,11.54
1.7917200386524201,0.7421253556385637,6.737100251019002e-06,2163.8755425810814,139000000.0,0.00113,15.62
1.2598294615745547,0.6026527494192124,3.92439365386963e-06,2825.789853930473,70200000.0,0.00012599999999999992,10.91
1.3760503828525545,0.7146462924778462,4.480427742004396e-06,1708.160272799432,133999999.99999997,0.0005330000000000002,12.34
1.5504720434546473,0.7604506552219391,6.885734848678113e-06,931.8382591009139,247000000.0,0.00128,11.61
1.7684310615062715,0.7044399440288545,8.866995304822924e-06,1931.694272905588,156000000.0,0.00114,16.11
1.2218597352504732,0.6496488958597184,8.872719734907152e-06,1981.0908585786817,128000000.0,0.000402,14.65
1.2977194190025332,0.6735986530780793,9.665434807538988e-06,505.3001195192336,393000000.0,0.000891,8.81
1.5873459577560427,0.7202491611242295,7.686147809028626e-06,525.7207453250884,391000000.0,0.0012899999999999997,8.27
1.54887712597847,0.7907450124621392,6.126182667911054e-06,986.8359118700026,237000000.0,0.0013800000000000002,11.5
1.436731204390526,0.6465106666088105,4.151545256376267e-06,2625.4765242338176,85400000.0,0.000279,12.85
1.4750132516026497,0.8123684003949166,5.0313828587532055e-06,838.8038277626036,258000000.0,0.00128,9.55
1.6578567981719972,0.8782009720802308,3.0306786894798286e-06,1323.2447504997251,162000000.00000003,0.00123,9.71
1.4220893114805222,0.8190882995724679,4.038676977157594e-06,1019.6135491132735,211000000.0,0.00102,9.39
1.5839383721351625,0.6006211996078492,3.0621146559715275e-06,1107.4382364749906,165000000.0,0.0002190000000000001,4.33
1.7778874933719637,0.8459524244070054,3.043037325143815e-06,2137.556776404381,114999999.99999997,0.0010699999999999998,12.23
1.4595402270555498,0.6143273413181305,6.170964259654285e-06,1679.9341253936288,129000000.0,0.00034600000000000017,11.87
1.37569474875927,0.6515448600053788,3.106614381074906e-06,834.8927944898604,223000000.0,0.00028399999999999996,3.5600000000000005
1.3294313728809357,0.6675707995891572,7.719135254621507e-06,2174.3365302681923,121000000.0,0.0004669999999999999,14.89
1.302152591943741,0.687011405825615,4.193345904350282e-06,641.7133957147597,302000000.0,0.00042800000000000005,4.03
1.5762389928102494,0.7618097998201848,7.115280896425248e-06,1142.111338675022,216000000.00000003,0.0013,12.98
1.4784817077219488,0.726356090605259,7.337900102138521e-06,548.9494204521178,363000000.0,0.00113,8.51
1.43351469039917,0.8220567807555199,8.53150698542595e-06,558.3868473768233,420000000.0,0.00204,9.39
1.2189619839191437,0.8952443897724153,9.23566383123398e-06,536.2633168697356,502999999.99999994,0.00233,8.44
1.574062889814377,0.8652283877134324,8.00764298439026e-06,656.014859676361,366000000.0,0.00262,10.74
1.61773738861084,0.8646849185228348,2.989512443542481e-06,1084.280490875244,186999999.99999997,0.00116,8.45
1.477771780639887,0.7573175344616175,1.0017640173435212e-05,557.3628395795821,379000000.0,0.00185,11.5
1.5220102027058602,0.7492096369620413,8.9147607088089e-06,700.7246762514113,318000000.0,0.00161,11.86
1.29657940864563,0.6763373404741287,9.17341983318329e-06,691.6150003671645,296000000.0,0.000789,10.57
1.5294814869761468,0.862483236193657,4.07284164428711e-06,842.9000079631804,248000000.0,0.0014,8.43
1.5017843004316094,0.8523948669433594,2.920213460922242e-06,824.6843814849852,238000000.0,0.00103,6.32
1.6946795582771303,0.7496320337522776,5.052062571048738e-06,2033.972658216953,130000000.0,0.0009310000000000001,14.26
1.2629286825656891,0.6856474980711937,9.331025868654252e-06,796.1245179176329,271000000.0,0.0007969999999999999,11.53
1.6974227786064149,0.9074092626571656,2.9282677173614506e-06,2137.1971368789673,168999999.99999997,0.00116,7.83
1.5670496731996537,0.6614185363054276,7.665583252906801e-06,2218.1433737277985,122000000.00000004,0.0005970000000000001,15.32
1.542805002629757,0.6898431211709977,8.236318111419678e-06,1952.6996389031408,142000000.00000003,0.0007590000000000001,15.37
1.5013338061049581,0.8415710717439652,5.095586702227593e-06,608.0547273159026,336000000.0,0.00162,7.65
1.5013813192024827,0.8440495848655701,6.2569632083177576e-06,1657.2220735251901,502999999.99999994,0.00124,1.9099999999999993
1.370065587759018,0.7361256904900074,4.09311455488205e-06,1228.0854508280752,174000000.0,0.000613,10.1
1.6956625521183015,0.6651202708482743,2.991771340370179e-06,2788.635298609733,79200000.0,0.0003600000000000001,12.48
1.5075235376134517,0.6807269364595414,8.522067099809649e-06,2156.2508791685104,130999999.99999999,0.000651,15.58
1.4763330392539502,0.6463491171598436,7.372055381536485e-06,791.4847433567046,250000000.0,0.0006029999999999999,9.01
1.4293208956718446,0.6461729139089585,9.118886083364488e-06,2543.7093079090114,110000000.0,0.0004690000000000002,15.97
1.297525978088379,0.6757821097970009,9.096711426973344e-06,806.485816836357,266000000.0,0.0007619999999999999,11.31
1.4110941946506501,0.6437374949455262,6.589096639305354e-06,1888.5441981256006,124000000.00000003,0.00041899999999999983,13.33
1.3799079895019533,0.6009780943393708,6.075461719185115e-06,625.7672905921935,298000000.0,0.000321,4.15
1.4679551415145398,0.6602209568023683,4.797896623611451e-06,1794.686887413263,124000000.00000003,0.00041899999999999983,12.14
1.6741367876529696,0.8199065208435059,3.023752838373185e-06,1839.8655317723749,125000000.00000001,0.000938,11.51
1.369602093100548,0.7315639637410641,9.224749445915224e-06,697.6355910301207,315000000.0,0.0012899999999999997,11.62
1.484654163569212,0.6296562105417253,5.374057278037072e-06,2620.822444558143,90399999.99999997,0.0003240000000000001,13.88
1.4092224776744844,0.6953943550586701,5.410585671663285e-06,1831.700915470719,130999999.99999999,0.0005400000000000001,13.259999999999998
1.6724020421504975,0.723405010253191,4.016051501035691e-06,2849.554523825645,90199999.99999999,0.0005970000000000001,14.65
1.4029187858104708,0.6439450711011887,8.648968368768693e-06,798.4899282455443,255000000.0,0.00057,9.28
1.5153970040380955,0.7473562829196454,9.930197834968568e-06,635.3989541530608,348000000.0,0.00176,12.0
1.4123493522405626,0.6014269530773163,6.183855466544629e-06,2120.723567903042,102999999.99999999,0.00026399999999999997,12.48
1.5705184847116471,0.7822629489004612,9.0279638171196e-06,603.2511144876479,367000000.0,0.00213,11.270000000000001
1.4603797495365145,0.6372315913438797,5.011190056800843e-06,2345.1468273997307,96899999.99999999,0.0003200000000000001,13.08
1.4713912054896356,0.6566244363784791,7.891800984740258e-06,2563.5242760181422,108000000.00000001,0.000495,15.75
1.3324296176433565,0.6934060245752335,8.985584259033204e-06,1289.8964732885358,192000000.0,0.000776,14.02
1.5407117977738383,0.6260403156280518,3.6933978796005257e-06,1498.8270327448843,132999999.99999997,0.00030500000000000004,8.61
1.5858992010354998,0.6559247732162476,7.901094108819962e-06,1921.9054020941255,136000000.0,0.000633,14.75
1.334070074558258,0.6044319391250611,7.530309692025185e-06,2893.4012651443477,83400000.0,0.00023700000000000004,14.47
1.5911354005336762,0.7327751252800226,6.294347293674947e-06,1330.1786333322523,183000000.0,0.001,12.93
1.3691111326217653,0.6163358062505723,8.833438962697984e-06,2816.9358819723125,92500000.0,0.00031699999999999995,15.43
1.4931131433695557,0.7151795871555806,3.648475289344788e-06,1304.961025714874,159000000.00000003,0.000552,9.6
1.524058035761118,0.7454864976927639,6.422215081751348e-06,753.9970725774764,286000000.0,0.0011,9.6
1.5751091837882998,0.660417652130127,2.9735341072082525e-06,2534.602984786033,84200000.00000003,0.0002959999999999998,11.57
1.613677078485489,0.6455950856208802,6.968126587569715e-06,2280.979335308075,113999999.99999999,0.0005409999999999999,14.98
1.3245628952980042,0.6890253424644471,9.07395848631859e-06,688.6866986751555,299000000.0,0.0008979999999999999,10.790000000000001
1.3287535071372987,0.7826780006289483,8.829069495201113e-06,1787.417411804199,652000000.0,0.001,0.73
1.3959089756011964,0.7476658085826785,4.0630550384521494e-06,1426.4615178108213,155000000.0,0.0006590000000000001,11.24
1.5824088960886002,0.6377597898244859,8.436701744794847e-06,1870.3983742743728,137000000.0,0.0005750000000000001,14.53
1.6781606733798982,0.7302069447934628,8.95974922180176e-06,1426.8656745553014,195000000.0,0.00134,15.04
1.5283437609672548,0.7730671517550946,5.941084191203118e-06,609.935775399208,331000000.0,0.00126,8.25
1.4147712528705598,0.6017259567975999,6.545963793992997e-06,1582.2601430118082,132999999.99999997,0.00030500000000000004,11.25
1.4363580241799356,0.7175078853964806,4.039722979068757e-06,844.2086279392241,238000000.0,0.000617,7.09
1.3199552357196809,0.6109668284654618,3.7844955921173103e-06,1114.2121553421018,166000000.0,0.00020400000000000005,5.24
1.4480323120951655,0.8175838306546211,4.957796603441239e-06,622.6337999105452,324000000.0,0.00131,7.53
1.5927833855152131,0.674417468905449,7.46493248641491e-06,2402.7096033096313,116999999.99999997,0.000642,15.79
1.7309482991695406,0.7410721991211177,7.102091655135156e-06,1817.6139770075677,157000000.0,0.00118,15.1
1.3773835480213166,0.8434917569160462,7.193841919302941e-06,955.4519802331923,465999999.99999994,0.0014399999999999999,5.13
1.3834515541791916,0.6096182316541672,9.079647660255434e-06,728.7238836288451,273000000.0,0.000444,7.9
1.5704278439283372,0.6432064890861512,4.5963929295539865e-06,1589.0864580869672,133999999.99999997,0.00041700000000000005,11.06
1.4675650857388975,0.8159652203321458,6.986463956534863e-06,631.1470568180083,346000000.0,0.00177,9.84
1.5419229850172997,0.7121871024370194,6.993473514914514e-06,541.6935980319976,380000000.0,0.00101,7.13
1.6021328240633013,0.6696825563907624,5.7083511129021654e-06,2474.4079560041423,103999999.99999999,0.0005330000000000002,14.85
1.4038706213235856,0.6881513491272927,8.813434332609178e-06,1658.108180388808,159000000.00000003,0.000686,14.69
1.3813573837280275,0.7951603397727013,2.987820148468018e-06,1603.4559831023214,134999999.99999997,0.000661,10.51
1.3902084589004517,0.7589965973049403,9.25313648581505e-06,487.741857767105,419000000.0,0.00161,9.91
1.5113834649324418,0.7263338394463063,5.1574572771787656e-06,1608.029158785939,149000000.0,0.0007420000000000001,12.93
1.3755775541067126,0.6563733458518982,7.840662360191346e-06,2475.6330549716945,109000000.00000001,0.00044600000000000005,15.439999999999998
1.39107803106308,0.604697620868683,6.607493724673987e-06,1302.4764433503149,157000000.0,0.000321,10.11
1.2197392344474793,0.6010681092739105,8.922221869230272e-06,720.4655855894088,267000000.0,0.000323,7.09
1.5024026636034251,0.7198164202272893,5.062362998723984e-06,2208.1907019019127,115999999.99999997,0.000624,14.24
1.3102103590965273,0.6508887112140657,7.751188933849335e-06,2120.0920566916466,119000000.0,0.000411,14.47
1.3766597807407381,0.76380357965827,4.352642983198167e-06,764.712944626808,274000000.0,0.0007900000000000001,6.98
1.1831037282943726,0.8026348248124123,5.173053845763207e-06,2232.272394001484,423000000.0,0.000589,0.06000000000000029
1.6515485107898713,0.8853530734777452,3.011797666549683e-06,991.2545531988143,201000000.0,0.0013,7.97
1.700648295879364,0.8039725720882417,6.9721426591277135e-06,1120.525702834129,224999999.99999997,0.00179,13.17
1.5835072517395021,0.8507612228393555,2.9769762754440312e-06,1007.533699274063,198000000.00000003,0.0010800000000000002,7.9
1.5015129681676627,0.7643053863197565,3.826696157455445e-06,1633.1041716039178,139000000.0,0.0007309999999999999,11.72
1.4437701076269152,0.6373485982418061,5.814254581928254e-06,1686.9243532419202,130999999.99999999,0.00039500000000000006,12.16
1.6195347726345064,0.6929966390132904,5.203179493546487e-06,2637.9085630178447,99600000.0,0.000574,15.03
1.4452816531062127,0.6187226325273514,5.655402429401875e-06,2326.224662363529,97200000.0,0.0002959999999999998,13.129999999999999
1.5005182480439545,0.6630898028612138,4.957693547010422e-06,1201.2069970369337,174000000.0,0.000502,9.97
1.4351237788796427,0.6215709686279297,5.863666698336602e-06,627.6680082082747,302000000.0,0.0003990000000000001,4.88
1.7553343176841738,0.7102530419826508,9.76993089914322e-06,1736.1632660031316,173000000.0,0.00127,16.1
1.476229539513588,0.8389212012290955,8.378502398729325e-06,544.5489585399627,419000000.0,0.00227,9.53
1.700582563877106,0.6633476972579957,2.9930263757705696e-06,2521.127492189407,86399999.99999999,0.00037199999999999993,11.9
1.5766667604446412,0.854264384508133,6.838662154972554e-06,549.4693964719771,376000000.0,0.00231,9.29
1.4040339410305025,0.7413216356188059,7.571902975440027e-06,668.6534285545348,319000000.0,0.00118,10.020000000000001
1.4301527827978135,0.6899164974689485,4.653307616710664e-06,1120.17984688282,185000000.0,0.0005379999999999998,9.58
1.530242170393467,0.8413551270961762,4.976499259471894e-06,738.5348826646804,288000000.0,0.0016,8.86
1.5639620259404183,0.6286939322948456,5.398176342248918e-06,1009.023219347,198000000.00000003,0.0004579999999999999,8.62
1.4285627067089082,0.6436458528041841,6.622803784906865e-06,797.9370206594466,242999999.99999997,0.0005129999999999999,8.3
1.4979753113351764,0.7211804486811162,3.927607387304307e-06,2201.193004846573,108000000.00000001,0.000539,13.16
1.4465411826968195,0.6923430785536767,5.309328138828278e-06,912.7850383520125,222000000.0,0.0006410000000000001,9.15
1.4590628251433373,0.8083544477820397,8.281471222639086e-06,552.1010905504226,415000000.0,0.00189,9.06
1.3491078078746797,0.7620142042636872,2.8691817522048954e-06,826.2595832347869,232000000.0,0.0005899999999999999,5.71
1.3461775302886965,0.88380506336689,4.991842254996301e-06,487.90085315704334,387000000.0,0.0016800000000000003,6.55
1.6732997953891755,0.7045387655496598,5.12730023264885e-06,2748.221486806869,98100000.0,0.000627,15.29
1.4624913319945336,0.6831877157092096,6.5226178094744695e-06,1438.9577992260454,164000000.0,0.000646,12.76
1.3972164183855058,0.8075723737478256,8.633969277143479e-06,531.9653004407882,424000000.0,0.00182,9.19
1.648800390958786,0.6156546145677567,7.6285925656557095e-06,1811.0047532245515,133999999.99999997,0.000527,13.77
1.5986192554235459,0.7153228841722012,2.955714941024781e-06,1609.9644377827642,130000000.0,0.0005330000000000002,9.94
1.4050856530666354,0.6042726695537568,7.34251479804516e-06,2152.199625968933,107000000.00000001,0.00030500000000000004,13.45
1.3910841017961504,0.7531085612252355,3.974018663167954e-06,1330.998085439205,164000000.0,0.000675,10.68
1.3980764240026475,0.613312590122223,3.9205461442470555e-06,844.3580120801925,223000000.0,0.00025299999999999997,3.73
1.7019574105739594,0.7449409034103156,5.078745111823083e-06,2386.3722681999207,115999999.99999997,0.000864,14.94
1.4718326278030873,0.6146906554698944,3.6900946497917183e-06,2770.8787769079204,75400000.0,0.00019900000000000012,11.74
1.5268373094499113,0.629745376110077,4.3631449341773996e-06,1989.8576773703096,107000000.00000001,0.00030500000000000004,11.31
1.5102350391447545,0.7174274079501629,6.3889564089477075e-06,1027.8119444847105,218000000.00000003,0.0008960000000000001,11.32
1.352077004313469,0.7115582585334779,3.2179781198501592e-06,1305.4629340767858,152999999.99999997,0.0004249999999999999,8.7
1.6748432993888855,0.7825295694172383,5.97405505180359e-06,1466.1142155528066,176000000.0,0.00131,13.579999999999998
1.6325837373733523,0.6449858576059342,4.0717858374118815e-06,1781.7000318318603,119000000.0,0.00040299999999999993,11.14
1.2825969994068147,0.7971708968281747,1.0020149827003481e-05,815.7778084278106,532000000.0,0.00148,6.3
1.7818568944931032,0.7027951017022134,9.786604762077333e-06,1922.114800661802,161000000.00000003,0.0011999999999999997,16.44
1.3120475113391878,0.6023091226816177,5.8351011350750935e-06,914.3885523080825,205999999.99999997,0.0002599999999999999,6.5
1.481463608890772,0.7288715712726117,4.123310297727586e-06,2162.1816903352737,111999999.99999999,0.000574,13.35
1.5626228570938112,0.7180157303810121,6.471600703895093e-06,1532.137721776962,165000000.0,0.0008780000000000001,13.65
1.4102456778287888,0.7484216821845622,9.054678380489351e-06,602.3883372545241,356000000.0,0.00151,10.9
1.6843600094318392,0.8374417036771775,8.970729738473894e-06,765.4540538787841,331000000.0,0.00269,12.33
1.5133541397750379,0.7318103782832623,5.089367642998696e-06,746.291160583496,278000000.0,0.0008520000000000001,7.83
1.594635906815529,0.6083771020174027,2.9438254833221443e-06,2435.6743991374965,81500000.0,0.0001899999999999999,9.64
1.6042917609214784,0.6939783990383149,9.131935864686968e-06,2054.79546636343,144000000.00000003,0.000875,16.07
1.5383047297596932,0.7628868687897922,4.03537791967392e-06,1718.3744623325763,136000000.0,0.000778,12.39
1.5223450005054475,0.698273304104805,7.0446957424283036e-06,1744.522098568268,149999999.99999997,0.0007590000000000001,14.39
1.4120557576417925,0.6497767746448517,9.916212618350983e-06,2441.825300455093,116999999.99999997,0.000505,16.18
1.5508666321635247,0.8125374600291253,5.9841600060462965e-06,606.7593693733214,341000000.0,0.00174,8.930000000000001
1.6215899884700777,0.8026450172066689,2.96821939945221e-06,1871.8157075345514,121000000.0,0.0008170000000000001,11.38
1.438955229520798,0.6166803807020188,6.136179663240911e-06,2627.4337917566295,90500000.00000001,0.000299,14.029999999999998
1.4545326903462412,0.7996036067605019,5.135738343000413e-06,730.756103992462,286000000.0,0.00119,8.63
1.6693452179431916,0.730164109915495,6.51585415750742e-06,511.4641338586806,384000000.0,0.00127,7.36
1.4814837589859964,0.8054774835705758,5.030962809920312e-06,901.322841644287,244000000.00000003,0.00123,9.94
1.523642583936453,0.6602394193410874,4.7864598631858835e-06,2156.157001852989,108000000.00000001,0.000422,13.14
1.753275364637375,0.7650402043014766,7.032167345285417e-06,1686.2771585583685,168999999.99999997,0.00137,14.81
1.6484901666641236,0.8770645022392274,3.938639432191849e-06,1206.791467964649,189999999.99999997,0.00149,10.33
1.4691654212772847,0.6311987042427064,6.876046083867551e-06,1596.831243485212,141000000.00000003,0.00044199999999999996,12.52
1.6528440713882449,0.8865945518016816,4.075860321521759e-06,601.1729240417479,320000000.0,0.00181,6.52
1.4581679329276087,0.8301118701696396,3.973667562007905e-06,1052.1508306264875,205999999.99999997,0.0010800000000000002,9.47
1.4637466549873352,0.8270568698644639,5.074315249919892e-06,591.6804373264312,339000000.0,0.00145,7.44
1.529897414892912,0.7430192990228535,5.240097895264626e-06,1262.64314353466,182000000.0,0.000903,11.81
1.5641153499484064,0.7168515868484975,6.363648479804397e-06,1419.474437832832,173000000.0,0.000877,13.15
1.4400959551334382,0.801212002336979,4.965775236487389e-06,736.4370226860045,283000000.0,0.00115,8.47
1.583808669447899,0.6267414182424546,5.922297358512879e-06,2919.48053240776,87000000.00000003,0.000369,14.93
1.5846931368112565,0.876488757133484,4.047649145126343e-06,923.1844842433928,232999999.99999997,0.00152,8.94
1.5090428257361055,0.649875158071518,8.212302207946778e-06,1114.2112612724302,202000000.0,0.0006930000000000001,12.05
1.275209140777588,0.7292454198002816,4.052695989608765e-06,660.7962697744368,328000000.0,0.0005330000000000002,3.51
1.431603866815567,0.7609515197575093,3.87415573000908e-06,1150.5757570266721,186000000.0,0.000726,9.410000000000002
1.5052191926166416,0.6486350923776627,8.076994746923447e-06,2648.8492190837856,105000000.00000003,0.00048700000000000013,15.88
1.5605671092867852,0.6629649549722673,7.708008497953416e-06,2227.3490503430367,122000000.00000004,0.000598,15.36
1.6697891414165498,0.8098031714558602,4.015776544809342e-06,1646.7756051570175,146000000.0,0.00109,12.32
1.5712232977151872,0.7813799187541008,3.732667803764344e-06,1863.1162140518425,127000000.00000001,0.000804,12.36
1.3593302965164187,0.8153733104467392,6.8097813725471504e-06,1785.9404273331163,539000000.0,0.0009909999999999997,1.28
1.4098154067993165,0.8469464778900148,9.835984647274018e-06,529.6400487422942,449000000.0,0.00266,10.61
1.6106998890638353,0.8445599734783173,4.046950072050095e-06,1267.0679315924642,181000000.00000003,0.0012899999999999997,10.85
1.5119710341095927,0.6278387904167176,4.406142413616181e-06,2077.3052722215652,102999999.99999999,0.00029200000000000005,11.51
1.6125177204608918,0.6708783030509949,5.418634295463563e-06,2611.7168664932246,98700000.0,0.0005159999999999999,14.9
1.4712732531130315,0.6315310299396516,5.900442719459535e-06,1593.6740413308141,137000000.0,0.000402,11.85
1.4030365794897082,0.7501921498216689,3.971854269504548e-06,1420.7702055573461,155000000.0,0.0006620000000000002,11.1
1.2993878602981568,0.7643767140805722,7.568870633840562e-06,2308.5964396595955,493000000.0,0.0007280000000000002,1.7300000000000004
1.6464827299118043,0.6325094640254975,6.771255686879159e-06,2932.615533471107,91900000.00000001,0.00044800000000000005,15.630000000000003
1.4108242303133012,0.6934778809547425,8.79748958349228e-06,1326.2147754430769,188999999.99999997,0.0008390000000000001,14.09
1.5024801889434458,0.6272602647542954,7.819017589092256e-06,1597.768936306238,145000000.0,0.00048399999999999995,13.03
1.52697468996048,0.6464708089828491,1.005832076072693e-05,2677.4733066558833,110000000.0,0.000539,16.68
1.4172965526580812,0.7891776278614998,3.7205052673816687e-06,1472.6278111338613,252999999.99999997,0.000605,4.1
1.5492167785763742,0.6544220566749573,7.293154105544091e-06,1628.585850819945,149999999.99999997,0.0006150000000000001,13.55
1.483253348618746,0.6833613708615304,6.510774038732053e-06,1117.1584874391554,197000000.00000003,0.0007020000000000001,11.39
1.6627198219299317,0.7856469713151456,8.872015863656999e-06,929.5448213815688,270000000.0,0.00199,13.419999999999998
1.7349659621715547,0.8238658949732781,8.987541496753694e-06,849.8107939958571,302000000.0,0.00257,12.98
1.5082860784605148,0.6040084183216096,4.85633420944214e-06,1780.9463846497235,114999999.99999997,0.0002649999999999999,10.37
1.5815270304679871,0.6459684669971467,7.464711874723435e-06,1715.025479905307,144000000.00000003,0.000602,13.82
1.3989877223968508,0.7889039620757103,8.79203760623932e-06,1876.8596574664114,667000000.0,0.0010500000000000002,0.34
1.557051269710064,0.6362054765224457,4.337187230587007e-06,1869.0369855612514,113999999.99999999,0.000343,11.25
1.4993827510625126,0.7200816996395588,2.9751813411712653e-06,2095.606617629528,103999999.99999999,0.0004470000000000002,11.41
1.3596268057823182,0.7273786447942258,4.267420113086701e-06,1327.0175755023954,163000000.0,0.000582,10.74
1.6594303250312807,0.7814333617687226,5.873856455087663e-06,1439.3532015383241,177000000.0,0.00128,13.4
1.350864037871361,0.7087645098567009,4.044140219688416e-06,563.9159977436065,355000000.0,0.0005180000000000001,2.42
1.425260737538338,0.8453619092702866,9.084779411554338e-06,544.2085415124892,433000000.0,0.00247,10.15
1.6186634838581087,0.7779392234981061,3.0290468931198127e-06,2722.0596671104427,90699999.99999999,0.0006620000000000002,13.41
1.3099046587944032,0.6019694209098816,4.960860967636109e-06,1119.7295337915418,169999999.99999997,0.00021599999999999994,6.62
1.5459473401308061,0.69148368537426,8.346142470836641e-06,1990.9675531089304,141000000.00000003,0.0007680000000000001,15.51
1.607534542679787,0.635620003938675,4.72938558459282e-06,1221.6088101267812,168000000.0,0.00044600000000000005,9.38
1.529266342520714,0.6443359673023225,4.202198326587678e-06,1022.0845341682433,191000000.0,0.00040299999999999993,7.36
1.3458297550678255,0.839907717704773,2.90529489517212e-06,933.8140785694121,215000000.00000003,0.000831,7.02
1.4729439608752728,0.9019828319549561,8.402309268712999e-06,510.4925036430358,493000000.0,0.0027899999999999995,8.39
1.5534900158643723,0.7426920119673014,2.933861553668976e-06,2588.3928984403606,90000000.00000001,0.0005159999999999999,12.78
1.7021306455135348,0.8401372432708741,3.0237069427967077e-06,1808.237351477146,128000000.0,0.0010399999999999997,11.42
1.3610514521598818,0.7011258959770204,8.679038107395174e-06,1126.3237074017522,214000000.00000003,0.0008889999999999999,13.33
1.4398430317640305,0.6413758367300034,4.9720365405082714e-06,2154.44053709507,103999999.99999999,0.0003290000000000001,12.67
1.42448548078537,0.7394700463861228,8.637677848339081e-06,717.1254158020018,309000000.0,0.00134,11.42
1.38391350209713,0.7208490528166295,3.081304848194123e-06,2833.6771875619884,82799999.99999997,0.00038099999999999994,13.27
1.269047409296036,0.671989130973816,4.235038280487061e-06,633.0081373453139,298000000.0,0.00036999999999999994,3.67
1.2941229522228241,0.68881543725729,8.989990234375002e-06,1786.3960419781504,151999999.99999997,0.000596,14.829999999999998
1.5959392726421358,0.6555681735277177,8.977165549993516e-06,2596.774578094482,112999999.99999999,0.000592,16.3
1.5644121855497362,0.8149100393056871,5.7999111711978924e-06,564.0459358692168,354000000.0,0.00174,8.33
1.4727048933506013,0.7314753413200379,4.7859608530998234e-06,1740.574948606081,138000000.0,0.0006810000000000001,12.99
1.3952133983373642,0.7922485426068306,2.969186961650849e-06,1514.2303258180616,141000000.00000003,0.0006720000000000001,10.15
1.3578959584236145,0.8468594312667848,3.45475047826767e-06,986.3207042217254,218000000.00000003,0.0009180000000000001,7.58
1.5511837631464005,0.7398067630827427,9.585134446620943e-06,1143.1506946682928,230000000.0,0.0013800000000000002,14.31
1.768281698226929,0.8134472966194154,9.960461795330048e-06,939.6666586399077,291000000.0,0.00263,13.89
1.5380557537078858,0.7947777092456818,7.342604607343674e-06,545.4153865575789,398000000.0,0.00177,8.55
1.2621856749057772,0.7611522160470486,2.9527450799942022e-06,1032.4932187795637,191000000.0,0.0005059999999999999,7.13
1.4708433933556082,0.8248122811317444,2.8868840932846074e-06,901.6073048114775,215000000.00000003,0.0008799999999999999,6.869999999999999
1.3221414506435396,0.7081991091370583,9.028945147991181e-06,1033.0201238393781,231000000.0,0.0009419999999999999,13.2
1.3563551098108293,0.6628794729709626,8.936461806297303e-06,501.7574429512023,386000000.0,0.0008099999999999998,8.06
1.5870847821235659,0.6807526990771294,8.47766834497452e-06,2391.343593597412,123000000.00000003,0.000692,16.12
1.416588056087494,0.8666733473539353,3.0556974112987526e-06,2316.842742264271,199000000.00000003,0.0007020000000000001,5.04
1.7108352899551393,0.743726914934814,9.691699385643006e-06,1388.0717307329176,205999999.99999997,0.0015600000000000002,15.39
1.3338206470012666,0.6004190325737,8.62582740187645e-06,1686.592658050358,130999999.99999999,0.00031,12.5
1.2148868322372437,0.6004585146903992,8.013246417045595e-06,622.9172945022582,301000000.0,0.0002980000000000001,5.27
1.2461408615112306,0.6015356183052063,8.703623116016389e-06,1585.7333056628702,134999999.99999997,0.00027000000000000006,11.87
1.6440124511718752,0.8707869797945024,7.015896372497083e-06,759.8199993371962,316000000.0,0.00249,10.94
1.5320256918668749,0.7737655431032181,6.086274482309819e-06,952.8034478425978,240000000.0,0.00124,11.110000000000001
1.5998681724071504,0.7131210520863533,2.9513164758682255e-06,1397.1561118960378,145000000.0,0.0005499999999999999,9.12
1.4158145606517794,0.7350009676069021,4.2074247896671305e-06,1722.059749998152,133999999.99999997,0.000604,12.36
1.3325553238391878,0.6083195149898529,4.008124500513078e-06,1028.9725214242933,181000000.00000003,0.000211,4.88
1.4290259778499605,0.6225168228149415,4.385860741138459e-06,2814.207330346107,78999999.99999997,0.000233,12.84
1.2237802863121034,0.6510443598031999,9.482460200786592e-06,2354.4887378811836,115999999.99999997,0.00039699999999999984,15.66
1.3935332715511324,0.6041491448879243,3.903995990753174e-06,2416.857808828354,83500000.0,0.0001789999999999999,10.63
1.5621556654572488,0.7604869488626719,6.805073268711568e-06,1052.5110661983488,225999999.99999997,0.00125,12.22
1.4657675050199033,0.7222055688500405,5.367859601974488e-06,1225.707449018955,183000000.0,0.0007619999999999999,11.48
1.3852806597948075,0.8224616467952729,2.94927203655243e-06,1117.0226633548734,183000000.0,0.000798,8.29
1.2604916810989382,0.7790299437940121,3.0708250105381016e-06,1488.9175370335577,141000000.00000003,0.000536,9.9
1.586269408464432,0.8840616524219513,4.176046818494797e-06,478.74021530151356,373000000.0,0.0017,5.21
1.6294623255729677,0.792185264825821,9.768988370895387e-06,837.0574861764907,302000000.0,0.00222,13.36
1.3136515438556673,0.6508942991495134,7.792540431022646e-06,2028.1933359801767,123000000.00000003,0.00041799999999999997,14.27
1.5943515837192537,0.6507472157478333,4.973733425140381e-06,2453.6285847425456,97899999.99999999,0.0004249999999999999,13.91
1.488845544308424,0.6812773883342743,6.936261236667634e-06,1289.385214447975,181000000.00000003,0.0007089999999999999,12.49
1.3935104548931123,0.6496608406305314,7.183804973959924e-06,2177.8257116675377,114999999.99999997,0.000433,14.44
1.5028102861717345,0.6483193874359131,6.031402826309205e-06,1705.4258119314907,134999999.99999997,0.00048399999999999995,12.78
1.540051831305027,0.6258734822273255,5.011374473571778e-06,1316.5520802140234,156000000.0,0.00038400000000000006,9.68
1.3229809641838075,0.602308863401413,8.568386793136597e-06,2608.402177691459,92900000.0,0.000266,14.52
1.6032904207706453,0.7773486390709877,7.970806881785394e-06,969.6565121412276,254000000.00000003,0.00166,12.94
1.7409025311470032,0.7354751899838449,5.9913970082998286e-06,2295.7624793052673,126000000.00000001,0.000954,15.38
1.6361092060804368,0.691277052462101,9.299641013145449e-06,2255.227968096733,136000000.0,0.000851,16.39
1.6202783167362214,0.7648438554257155,4.027375400066376e-06,2135.12647151947,116999999.99999997,0.0007950000000000001,13.49
1.6219645589590075,0.6651695430278779,2.9947119951248174e-06,1015.8174037933348,187999999.99999997,0.0004080000000000001,5.87
1.5082445086911322,0.6965055048465729,7.133556619286539e-06,1666.0242546349762,155000000.0,0.0007550000000000001,14.18
1.6952144443988801,0.6995544388890267,5.184682950377465e-06,2821.7218369245525,95899999.99999999,0.000617,15.42
1.531770781427622,0.8767414569854737,7.195949569344522e-06,496.01006507873524,407000000.0,0.00248,8.930000000000001
1.2493994772434236,0.6878624752163888,9.122575253248216e-06,1001.5383660793303,229000000.0,0.0007460000000000001,12.66
1.2110471963882448,0.8469499826431275,3.0252484083175663e-06,2267.502948641777,240000000.0,0.000587,2.7499999999999996
1.509312481619418,0.7298633940517903,5.9863287806510934e-06,945.0755566358565,232999999.99999997,0.0009310000000000001,10.53
1.4725627072155476,0.6350299537181855,5.294814497232438e-06,2430.3465634584422,95600000.00000001,0.0003330000000000001,13.53
1.7513133823871614,0.9139638125896454,7.029309824109078e-06,641.2420719861983,326000000.0,0.00317,10.84
1.306257247924805,0.749847718840465,9.06189149618149e-06,1849.0467611700294,470000000.00000006,0.000811,4.080000000000001
1.5195442557334902,0.8736131697893144,4.1551862359046945e-06,634.6514374017714,318000000.0,0.00151,6.37
1.7804328918457033,0.8055252045392991,4.976142421364785e-06,1746.1489968700332,151999999.99999997,0.00134,13.68
1.4601552039384844,0.8393149673938752,4.0170616209507e-06,939.9680346250533,224999999.99999997,0.00116,8.97
1.2543311297893525,0.6656263679265977,8.239790737628938e-06,1307.62755125761,176000000.0,0.0005059999999999999,12.46
1.4437592938542367,0.7340926263481379,7.246174871921541e-06,724.519595503807,298000000.0,0.00109,10.050000000000002
1.7830468475818635,0.7472801322117448,4.186092525720597e-06,2894.4291472434993,93199999.99999997,0.0007569999999999999,15.06
1.4204256087541582,0.9127179622650148,9.192593544721604e-06,332.29771256446827,706000000.0,0.00259,3.9300000000000006
1.6854559242725373,0.9008502066135408,3.920804411172867e-06,808.6236119270324,254000000.00000003,0.00186,8.44
1.5382795214653016,0.7419300192967058,5.127554327249528e-06,1327.028378844261,174000000.0,0.0008839999999999999,12.02
1.4175282061100007,0.6020680814981461,5.053324177861214e-06,2324.140027165413,91299999.99999997,0.00021999999999999998,11.8
1.7801506698131564,0.8090277850627899,6.984575092792512e-06,1243.8376173377035,213000000.0,0.00189,13.64
1.4804962188005448,0.8501555532217027,3.987223237752915e-06,875.0250488519667,238000000.0,0.00124,8.51
1.668054896593094,0.7422873247414828,9.131272464990617e-06,1316.0156011581419,208999999.99999997,0.00146,14.84
1.5022146144881845,0.7393710359930993,2.9881531000137335e-06,983.4351688623427,192000000.0,0.000587,6.92
1.3051401615142824,0.6971201598644258,9.11696243286133e-06,581.951394677162,341000000.0,0.0009779999999999997,10.09
1.6652791857719422,0.7300523512065411,6.784910455346108e-06,1774.2292252369223,153999999.99999997,0.0010399999999999997,14.76
1.7179708778858187,0.6943451195955277,7.220576509833337e-06,2658.797457814216,112999999.99999999,0.0007659999999999999,16.31
1.6213835388422013,0.728488326072693,5.686404004693032e-06,2094.986878335476,129000000.0,0.000831,14.7
1.5211648888885976,0.7450991744175554,8.022913485765458e-06,818.8880532979964,276000000.0,0.00134,11.77
1.6869908809661867,0.9001550674438478,4.197353839874268e-06,810.8049929141997,259000000.0,0.00196,8.81
1.462770713120699,0.6870499446988106,9.34632495045662e-06,2174.5784878730774,134999999.99999997,0.0006689999999999999,15.83
1.386353275179863,0.654528245329857,8.82380047440529e-06,809.6330910921096,260999999.99999997,0.0007049999999999998,10.73
1.5310408495366574,0.7670755337923766,5.008009493350983e-06,1247.6430013775823,185000000.0,0.001,11.7
1.4689527042210104,0.6671369880437852,7.75453169643879e-06,803.400084376335,260000000.0,0.0007529999999999999,9.97
1.3628520995378495,0.6593499183654786,7.5412664264440546e-06,2417.794719338417,110000000.0,0.0004430000000000001,15.22
1.5479236319661143,0.6193312525749207,8.206968724727633e-06,1212.2199237346647,180000000.00000003,0.000527,11.57
1.5783217549324038,0.6514893382787705,6.922935403883458e-06,2460.5628401041026,108000000.00000001,0.000523,15.3
1.5743218302726747,0.8501603454351426,9.583301335573198e-06,664.4267886877059,380000000.0,0.0028799999999999997,11.75
1.6772635459899903,0.6033272355794908,8.232568442821504e-06,1507.982790470123,155000000.0,0.0005560000000000001,13.02
1.5421497479081154,0.6658278018236161,7.593996167182923e-06,2407.3915481567383,114999999.99999997,0.0005750000000000001,15.64
1.717817008495331,0.6621287316083909,2.950141549110413e-06,1284.8785445094106,151999999.99999997,0.00043999999999999996,7.79
1.5117852531373501,0.6222529023885728,5.312487423419953e-06,1404.4324979186056,148000000.0,0.00037199999999999993,10.3
1.507348923571408,0.7267442330718041,5.17624369263649e-06,1414.075821638107,164000000.0,0.0007749999999999999,12.28
1.5103596299886706,0.6701619744300843,2.9773713946342475e-06,1121.8111515045164,170999999.99999997,0.0003550000000000001,6.3
1.736874121427536,0.9179188191890717,8.270169436931611e-06,464.75055813789356,427000000.0,0.00383,9.83
1.5036928033456207,0.6076229542493821,8.132072150707246e-06,2905.515313148498,89500000.00000001,0.0003349999999999999,15.42
1.4372950673103333,0.6458510667085648,4.128068208694459e-06,2725.8695214986797,83000000.0,0.0002760000000000001,13.02
1.488550850003958,0.6641602635383607,8.051412135362626e-06,1215.9600406885145,192000000.0,0.0007250000000000001,12.69
1.7530076622962953,0.5848625779151917,6.10669780522585e-06,515.7902389764785,357000000.0,0.00047099999999999996,3.8600000000000003
1.2690243780612946,0.7763137914240361,3.0408335030078895e-06,2006.165489554405,111000000.0,0.00048700000000000013,11.47
1.5683016031980517,0.6613493442535401,7.81717936694622e-06,2138.6373713612556,126000000.00000001,0.0006100000000000001,15.22
1.6016573041677475,0.6691371023654938,3.885593742132187e-06,1765.763393603265,121000000.0,0.000453,11.32
1.5592736765742303,0.8347725480794908,4.014126598834992e-06,1266.1075890064237,180000000.00000003,0.00118,10.78
1.4639050349593163,0.8597304224967958,4.0147061347961435e-06,768.6130255460738,265000000.0,0.0013,7.71
1.5361291587352754,0.6453373789787293,3.105682700872422e-06,2001.1898800730703,102000000.0,0.000279,9.890000000000002
1.4182599395513535,0.6039636790752412,7.254314556717874e-06,1883.111225441098,119000000.0,0.0003200000000000001,12.78
1.2961438715457918,0.6824147880077363,8.605579316616059e-06,1775.5315634422002,148000000.0,0.0005599999999999998,14.6
1.5066879121586683,0.672813579440117,7.6209999769926086e-06,1544.9012182652948,161000000.00000003,0.0006900000000000001,13.73
1.576924315094948,0.8610086917877198,6.990257591009141e-06,627.0560920238494,354000000.0,0.00238,10.01
1.5268762350082399,0.8665448158979416,3.862184077501298e-06,673.6057549715041,299000000.0,0.00135,6.14
1.744702845811844,0.7610520746558905,5.040100097656251e-06,2057.501759380102,130999999.99999999,0.00102,14.36
1.4642275147140027,0.8418957531452179,4.0806455612182625e-06,511.07655465602863,369000000.0,0.00128,4.98
1.7924901545047762,0.6995565176010132,8.233998507261277e-06,2856.95905983448,114999999.99999997,0.0008679999999999997,16.95
1.676063507795334,0.6031339824199677,8.272639244794847e-06,1601.0268144309518,148000000.0,0.0005440000000000001,13.33
1.2544492900371553,0.5990672528743745,5.868439629673959e-06,1685.680176131427,119000000.0,0.00019599999999999997,10.020000000000001
1.631158447265625,0.7492592236027122,6.027185857295991e-06,486.453354358673,386000000.0,0.00131,7.04
1.525635152310133,0.629317393898964,5.429582372307778e-06,629.2800158262252,304000000.0,0.0004610000000000001,5.16
1.4616574108600617,0.6153930723667145,5.36766266822815e-06,2148.6363112926483,102000000.0,0.0002869999999999999,12.39
1.3433865666389466,0.6667925298213959,7.990779280662538e-06,1948.7089216709135,131999999.99999999,0.0004960000000000001,14.509999999999998
1.3320860087871553,0.7430309845134616,9.90088725090027e-06,586.1976295709609,363000000.0,0.00145,11.36
1.766125309467316,0.9042104423046113,6.6224763356149204e-06,727.1010726690291,305000000.0,0.00289,10.91
1.4549262866377832,0.6413077265024186,8.74499297142029e-06,813.6166930198668,257000000.0,0.000661,10.12
1.3925594687461855,0.6036680459976197,7.397120311856271e-06,2404.4747948646545,97600000.00000001,0.0002869999999999999,13.91
1.363179212808609,0.6053709089756012,4.9912997484207165e-06,754.6425163745879,255000000.0,0.000277,4.080000000000001
1.567986309528351,0.7623724043369294,6.204387921839953e-06,1179.461061954498,204000000.0,0.00117,12.4
1.6451718091964722,0.6846499264240266,7.272834777832032e-06,2427.284598350525,118000000.00000001,0.0007129999999999999,15.93
1.5888815939426424,0.6460560500621796,7.3590776771307e-06,1823.2131348922846,137000000.0,0.000589,14.07
1.5635014727711678,0.8349848985671998,5.010633572936059e-06,931.9732636213301,241000000.0,0.00152,10.28
1.6620093047618867,0.9202501595020295,2.979876041412354e-06,2575.3669738769527,303000000.0,0.00101,0.16000000000000014
1.5836267173290255,0.659258794784546,7.774730756878854e-06,2064.943864941597,129000000.0,0.000622,15.06
1.4754438802599907,0.7766744390130044,8.503673404455185e-06,605.9115678071975,355000000.0,0.00173,10.76
1.4380170643329622,0.6371025502681733,6.286373615264894e-06,2534.65960919857,97500000.00000001,0.000369,14.49
1.238806200027466,0.6443744391202927,9.232222706079485e-06,799.2510050535201,256000000.0,0.000532,10.23
1.3842606067657472,0.6338995188474655,8.484102487564088e-06,1022.4701017141341,205999999.99999997,0.00048100000000000004,10.33
1.4672470271587372,0.7423215229064227,4.852366536855698e-06,785.5043113231658,264000000.00000003,0.0008359999999999999,8.05
1.6061747521162035,0.7397153031080962,5.108344316482545e-06,674.2230355739592,382000000.0,0.00101,5.05
1.561611633002758,0.657965835928917,2.9980949163436895e-06,2090.2354940772057,99500000.00000001,0.000312,10.38
1.332189667224884,0.6183997124433518,8.570568293333054e-06,2447.2341239452358,102999999.99999999,0.00033600000000000004,14.89
1.5263610139489174,0.8106069266796113,2.9224673509597784e-06,614.3266260623931,306000000.0,0.000938,3.99
1.465730179846287,0.6758358791470528,6.734477162361146e-06,648.6913114786147,394000000.0,0.000682,4.97
1.5213989049196244,0.8946221083402635,3.2834823727607732e-06,643.4992253780364,360000000.0,0.00133,3.1199999999999997
1.6075345605611802,0.619116371870041,6.329511206597091e-06,1207.447677850723,175000000.0,0.000495,10.58
1.3299655795097352,0.7685657020658255,3.0822924375534065e-06,935.48546731472,212000000.0,0.000596,6.73
1.5881248980760576,0.8701365888118745,3.946416854858399e-06,1112.843036651611,201000000.0,0.0014,9.84
1.5928047537803651,0.6714684784412385,3.858872085809708e-06,1972.8036150336263,111000000.0,0.00043999999999999996,11.89
1.5475296065211297,0.6628831744194031,5.990787431597711e-06,608.4410399198531,316000000.0,0.000701,6.89
1.7923893570899965,0.8343370199203491,3.0250662863254554e-06,2369.2294508218765,106000000.00000003,0.001,12.68
1.4705572217702867,0.7276443332433701,9.786467909812929e-06,1131.1880424618719,231000000.0,0.00123,14.13
1.4568833962082863,0.6106030315160752,6.658300362527372e-06,1009.1872811317443,198000000.00000003,0.00039199999999999993,8.91
1.3956777065992356,0.7010106191039086,3.0681747496128087e-06,2093.2829678058624,102000000.0,0.0003550000000000001,11.13
1.4673462867736817,0.6636562943458558,7.145511269569398e-06,700.7006853818892,280000000.0,0.000688,8.55
1.4889418981969358,0.6376365423202516,4.805663093924523e-06,1776.2605352327225,121000000.0,0.000354,11.52
1.5845304161310196,0.7323622427880765,9.609366685152056e-06,1249.2003962397573,216000000.00000003,0.00134,14.68
1.7939774394035342,0.8465874195098878,6.8763352781534205e-06,1057.7802658081052,245000000.00000003,0.00232,12.66
1.7237978518009187,0.8425244003534318,2.940858125686646e-06,2293.523170053959,108000000.00000001,0.000956,12.21
1.5600692331790926,0.6420056283473969,4.181245535612107e-06,1975.977078080177,109000000.00000001,0.00034600000000000017,11.52
1.6782017648220064,0.9004317462444307,3.979431003332139e-06,1042.9418385028837,215000000.00000003,0.00176,9.730000000000002
1.397340461611748,0.6053188294172287,7.366275250911714e-06,2525.6385207176204,94400000.0,0.000288,14.17
1.5276821158826352,0.6955347061157228,9.441730797290804e-06,2078.819118440151,143000000.00000003,0.0008,16.0
1.607352975010872,0.7223986163735391,9.746024310588838e-06,1345.5117046833036,205000000.0,0.0012899999999999997,15.01
1.7354601681232453,0.7415799949318171,5.567951902747155e-06,2334.6048146486282,122000000.00000004,0.000932,15.2
1.5976811438798906,0.693850001692772,9.085945785045625e-06,1944.6054771542547,149000000.0,0.000895,15.9
1.564352533221245,0.74572770036757,7.352363467216493e-06,926.5405982732772,248000000.0,0.00125,11.86
1.4703379601240159,0.8099663347005844,5.076038837432862e-06,814.14657831192,264000000.00000003,0.00127,9.39
1.4501951962709427,0.6143542706966401,6.925547018647195e-06,2791.70449078083,89100000.0,0.00031100000000000013,14.73
1.4859878461807967,0.6666572391986848,7.977926641702653e-06,515.0684267282485,384000000.0,0.0009180000000000001,7.59
1.6189867705106737,0.8354146331548692,8.548821508884431e-06,1511.5694813430307,711000000.0,0.0015900000000000003,0.6
1.3858410537242891,0.6193263798952103,3.5248202979564674e-06,1413.8616919517515,134999999.99999997,0.00022800000000000007,7.17
1.3395621836185456,0.6901495143771172,3.1344602704048164e-06,842.850312590599,227000000.00000003,0.000376,4.76
1.3927000790834427,0.6756661042571068,2.886182308197022e-06,849.3793308734893,223999999.99999997,0.00032500000000000004,3.83
1.541521927714348,0.7633069563657046,7.724786564707758e-06,818.0306404829024,277000000.0,0.00146,11.73
1.4489679560065272,0.8166290134191514,7.084573730826379e-06,618.155926465988,356000000.0,0.00176,9.64
1.5122803241014482,0.726016851514578,5.160885050892831e-06,1509.650733321905,156000000.0,0.000758,12.62
1.4392607465386391,0.618532481789589,7.096105255186559e-06,1593.1274853646753,139000000.0,0.000387,12.24
1.464270631223917,0.7501300422940403,3.902537763118745e-06,1620.7400169223545,139000000.0,0.0006680000000000001,11.78
1.5592030495405198,0.6800408631563187,3.820913314819337e-06,1302.9561489820478,157000000.0,0.0004910000000000001,9.43
1.5519825026392937,0.6577445179224015,2.9867670536041265e-06,1709.4160355627534,118000000.00000001,0.00032799999999999995,9.12
1.3461022317409517,0.6181234806776047,8.665964335203171e-06,1893.7700632959602,126000000.00000001,0.00037199999999999993,13.79
1.1483150124549866,0.7473247138783337,7.975776851177217e-06,2101.2081131339073,541000000.0,0.0006029999999999999,0.4599999999999997
1.4812647052109242,0.7218773826956749,2.9517971277236945e-06,2563.8239383697505,88499999.99999997,0.00041999999999999996,12.55
1.7747371315956117,0.7053413540124894,7.956372618675234e-06,2341.1869928240776,131999999.99999999,0.000976,16.35
1.3246275544166566,0.5992558300495148,4.940196484327317e-06,1489.9776987731454,130000000.0,0.00020499999999999994,8.59
1.536420437693596,0.6732975393533708,4.2097226977348334e-06,1495.8687052130697,142000000.00000003,0.0004799999999999999,10.86
1.5137939661741258,0.6700053602457047,4.741022408008576e-06,2182.988330721855,108000000.00000001,0.000444,13.32
1.3159380555152895,0.6004870176315308,4.940829738974572e-06,1301.9935712218282,147000000.0,0.00021000000000000012,7.7
1.24898219704628,0.5993508160114289,4.965287595987321e-06,1865.29266834259,106000000.00000003,0.0001660000000000001,9.61
1.4173014342784882,0.6811455354094506,8.209447294473648e-06,1061.9604885578153,216000000.00000003,0.0007969999999999999,12.35
1.442805214226246,0.7356287252157927,4.7977242022752765e-06,1330.3236588835714,168999999.99999997,0.000739,11.59
1.2391576051712037,0.6011358618736268,6.789742946624757e-06,1295.1112091541288,152999999.99999997,0.00023500000000000002,9.36
1.5565117299556734,0.7365993317216636,8.096918642520906e-06,511.1994147300719,399000000.0,0.00148,8.82
1.440388807654381,0.7263741530478002,4.645324707031251e-06,2055.1756508648396,120000000.0,0.0005899999999999999,13.55
1.2611522734165193,0.6009872496128082,5.829046100378037e-06,2512.485563755035,85300000.0,0.000176,12.26
1.2646570622920992,0.6001773834228517,6.749698743224145e-06,2243.6178773641586,96800000.0,0.00020400000000000005,12.41
1.3187304675579072,0.6499435275793076,8.08154132962227e-06,1730.6929985061286,139000000.0,0.0004430000000000001,13.579999999999998
1.7151491761207582,0.8628494292497636,3.035657316446305e-06,1744.2565156379712,132999999.99999997,0.00115,11.23
1.4001449793577196,0.621734619140625,5.570827364921571e-06,809.1334551572799,233999999.99999997,0.0003600000000000001,6.52
1.285704678297043,0.7677366837859154,3.036086022853852e-06,2013.310596346855,110000000.0,0.00047099999999999996,11.42
1.4878045599907639,0.7467898076400161,3.839903235435486e-06,1716.7631019838152,131999999.99999999,0.000649,11.95
1.6685712039470675,0.6748088032007218,4.801674872636796e-06,2916.7580157518382,88299999.99999999,0.0004939999999999999,14.989999999999998
1.3487578153610231,0.7854319341480732,6.5787248909473425e-06,2374.164752662182,438000000.0,0.000752,2.2500000000000004
1.4556006744503975,0.6671145111322404,9.721399873495104e-06,2342.1344086527824,125000000.00000001,0.000592,16.09
1.421659201383591,0.8447132885456086,2.893416285514832e-06,922.5637763738631,215000000.00000003,0.000923,7.109999999999999
1.7767676889896395,0.8057611227035523,9.926737725734713e-06,1000.8760094642638,277000000.0,0.00251,14.15
1.433264109492302,0.8087026968598366,2.954408168792725e-06,1220.3310355544088,168999999.99999997,0.000785,8.89
1.4197819858789444,0.6827538684010507,5.05724459886551e-06,1669.0070014446972,136000000.0,0.0004979999999999999,12.36
1.2456630170345306,0.7137199223041535,9.71282407641411e-06,791.2881970405577,280000000.0,0.000979,12.25
1.3096116542816163,0.6725772142410279,4.982247889041902e-06,720.9767699241637,265000000.0,0.00045099999999999996,6.22
1.6414292871952059,0.6893882855772973,8.305365920066834e-06,2345.3237414360046,127000000.00000001,0.000785,16.21
1.4817498296499254,0.7107698276638985,6.305337836965919e-06,1581.170868128538,158000000.0,0.000745,13.5
1.6055531233549118,0.7204071275889874,5.859285809099675e-06,2157.200902700424,126000000.00000001,0.0007860000000000001,14.88
1.3486590921878816,0.8177187457680702,4.048020690679551e-06,749.4151890277861,273000000.0,0.0009549999999999999,6.98
1.620469629764557,0.8187145873904229,4.026516109704972e-06,1451.297990977764,161000000.00000003,0.00113,11.64
1.7881170094013217,0.6999764665961267,9.166547387838365e-06,2716.2683308124538,124000000.00000003,0.000934,17.08
1.1410857439041138,0.7888284847140313,9.367274403572083e-06,1031.5226316452024,612000000.0,0.00115,3.2000000000000006
1.4307377815246582,0.8287238359451294,6.281111765652896e-06,1462.3588807880876,431000000.0,0.00121,4.15
1.5846644192934038,0.9105934023857117,9.537862420082094e-06,415.63275456428516,532000000.0,0.00351,8.6
1.5534354776144028,0.7520760213956238,3.842237859964371e-06,2044.6992218494413,116999999.99999997,0.0006830000000000001,12.91
1.2920760512351992,0.6279846757650376,8.828670620918275e-06,1876.2637600302694,129000000.0,0.00038,13.96
1.4036175817251206,0.7455771071836353,4.028707414865494e-06,1478.8719378411768,149999999.99999997,0.0006449999999999998,11.4
1.6476559281349183,0.6571492731571198,5.9194894358515745e-06,2839.6012187004085,94099999.99999999,0.000502,15.43
1.297573882341385,0.6301891565322877,8.99844127893448e-06,1408.4636345505712,161000000.00000003,0.0004210000000000001,12.58
1.6034977465867997,0.6451879799365998,6.011531710624696e-06,2647.3041921854015,97500000.00000001,0.00046299999999999987,15.0
1.3338033735752106,0.5983359396457673,5.8994175791740425e-06,1765.2629311196504,115999999.99999997,0.00022699999999999993,10.71
1.6909930765628816,0.7682190947234632,4.071629166603089e-06,2335.6842920184135,111000000.0,0.0008430000000000001,14.0
1.5916942656040194,0.6296058297157289,6.234916459769012e-06,622.251659631729,314000000.0,0.0005710000000000001,6.34
1.406857779622078,0.6252627700567246,6.636266756802798e-06,1962.7495780587194,116999999.99999997,0.0003550000000000001,13.14
1.6543669402599337,0.8774693548679353,3.0018118321895604e-06,1281.1189442872999,165000000.0,0.00122,9.49
1.3259191632270815,0.794833928346634,9.298523455858232e-06,1153.225556015968,465000000.0,0.00134,6.68
1.2717947959899905,0.6097227573394776,9.381323248147966e-06,609.8767668008803,313000000.0,0.00042600000000000005,7.2
1.584190732240677,0.7020511910319329,7.366078838706017e-06,1244.1146671772,195000000.0,0.0009310000000000001,12.98
1.3093074381351473,0.650095009803772,8.927218645811083e-06,799.3586659431456,258000000.0,0.0006150000000000001,10.49
1.5094739824533463,0.7178501576185227,6.083514280617238e-06,1667.3124507069585,151999999.99999997,0.000773,13.72
1.2001705527305604,0.753405124694109,7.803886443376542e-06,2218.54879707098,536000000.0,0.0006529999999999999,0.5300000000000004
1.605963519215584,0.7063560962677002,8.670572459697725e-06,1086.0397964715955,223000000.0,0.00115,13.35
1.4251196444034577,0.6791363552212716,8.542449325323106e-06,2055.0776943564415,133999999.99999997,0.000592,15.23
1.5039931705221534,0.8862271249294282,2.968801856040955e-06,1565.1930421590803,160000000.00000003,0.001,8.86
1.4573321521282196,0.7897785589098931,3.1114667952060705e-06,543.4964895248412,355000000.0,0.0007810000000000002,2.48
1.439761506021023,0.7286845967173577,4.295874536037445e-06,2024.2736414074895,119000000.0,0.000574,13.18
1.5160932675004006,0.8719256222248079,4.064848721027375e-06,732.5282990932463,279000000.0,0.00146,7.43
1.5913877427577974,0.7536344027146697,8.575925767421724e-06,1040.2147769927976,241000000.0,0.00148,13.5
1.5189711704850197,0.6361836344003678,3.2050505876541145e-06,2865.910857915878,73700000.00000003,0.00022099999999999987,11.93
1.534241308271885,0.6708466529846192,7.643597498536111e-06,1716.0194059833882,149000000.0,0.000677,14.25
1.6095444202423097,0.8025793835520745,3.0698011219501503e-06,731.4898371696471,266000000.0,0.0009369999999999999,4.99
1.5766358882188798,0.6305585324764252,6.305574525147678e-06,2343.3595076203346,105000000.00000003,0.00043099999999999996,14.349999999999998
1.6064143002033235,0.6078016340732575,2.967262268066407e-06,2608.300477266311,76600000.00000003,0.000187,10.08
1.573804932832718,0.7515876435209067,4.062156528234482e-06,2203.9067298173904,112999999.99999999,0.0007089999999999999,13.6
1.6960549414157868,0.6650648385286332,2.979309022426606e-06,1965.9920707345007,106000000.00000003,0.0003990000000000001,10.44
1.3876153886318208,0.6070643842220307,8.123389959335329e-06,2162.3106226325035,110000000.0,0.00032999999999999994,13.96
1.2542236447334292,0.6907059207558632,9.270961076021195e-06,1505.9529170393942,173000000.0,0.000646,14.39
1.2958742737770081,0.8432317793369294,9.80953586101532e-06,800.6033599376677,846000000.0,0.00166,0.2499999999999996
1.5441261112689972,0.7461979854851962,2.920621514320374e-06,2863.7167364358897,82900000.00000001,0.0004979999999999999,13.33
1.7888036191463472,0.700625628232956,9.128794312477114e-06,2483.8314503431316,131999999.99999999,0.000993,16.89
1.3246032714843752,0.6008529424667359,8.600728154182435e-06,2428.4003973007198,98100000.0,0.00027299999999999997,14.21
1.2615816414356233,0.6005793392658234,6.776189252734185e-06,2331.4967676997185,93800000.00000001,0.00020100000000000014,12.62
1.4645722746849061,0.6107174545526505,6.421497989445926e-06,1309.0506866574285,159000000.00000003,0.00036999999999999994,10.44
1.3999752759933473,0.6063899606466294,7.363777801394464e-06,2717.0197218656535,89500000.00000001,0.0002799999999999999,14.47
1.6811298608779908,0.7239910393953324,5.896344974637033e-06,2359.2043220996857,120000000.0,0.0008340000000000001,15.35
1.3207452893257143,0.7906884357333184,3.007542103528977e-06,1222.9652628302572,168000000.0,0.0006339999999999999,8.71
1.5514817073941232,0.7143367744982243,5.7471105009317404e-06,795.7930415868758,265000000.0,0.0008610000000000001,8.82
1.4435734972357752,0.7974057242274285,2.9546827077865606e-06,2360.2748215198517,101000000.0,0.0006370000000000001,12.52
1.5791672408580781,0.6597845613956452,9.983372032642366e-06,2510.6671750545497,120000000.0,0.0006379999999999999,16.51
1.570850917696953,0.6999487191438676,7.111793980002404e-06,1854.4809259474275,145000000.0,0.000804,14.829999999999998
1.4270265206694603,0.5985080301761627,5.160742044448853e-06,1856.0983072966335,110000000.0,0.000233,10.53
1.5893219947814943,0.7815088324248791,5.05791310966015e-06,1319.6514099836347,180000000.00000003,0.00112,12.18
1.3846129685640336,0.6913204684853554,9.099501043558121e-06,1778.3140200190244,153999999.99999997,0.000673,15.02
1.4681253120303155,0.8625125706195832,2.9567025303840643e-06,732.2987467050551,267000000.0,0.00106,5.46
1.5923041194677354,0.7571141168475152,8.183634996414186e-06,525.6991386413573,416000000.0,0.00163,8.44
1.4828778818249704,0.6385958790779115,3.743183314800263e-06,2160.940460860729,97299999.99999999,0.00027200000000000005,11.05
1.5225533790886403,0.6910970762372017,9.203963339328767e-06,1495.4982809722421,177000000.0,0.000928,14.9
1.4519975781440737,0.9152102530002595,6.976351752877237e-06,583.4374129772185,548000000.0,0.00214,3.939999999999999
1.7789628088474276,0.7032657176256181,8.120669394731523e-06,2511.032477021217,126000000.00000001,0.0009369999999999999,16.59
1.6091195672750473,0.86302949488163,4.91939327120781e-06,810.1708739995955,271000000.0,0.00185,9.45
1.5373581290245057,0.6730194747447968,4.20419728755951e-06,1590.266741812229,134999999.99999997,0.0004720000000000001,11.22
1.28342524766922,0.6024181991815567,5.021057397127152e-06,765.984684228897,252999999.99999997,0.00022899999999999996,3.5000000000000004
1.7813907623291017,0.7907612845301629,4.744355261325837e-06,1933.1815205514429,138000000.0,0.00118,13.899999999999999
1.6148942291736603,0.6936713844537735,8.057003051042559e-06,1893.521465361118,147000000.0,0.0008740000000000001,15.470000000000002
1.3329405069351197,0.6020358681678772,6.687140360474587e-06,2508.0343633890147,89900000.00000001,0.00022899999999999996,13.3
1.6492680966854096,0.8582729279994965,5.918555513024331e-06,839.8958593606948,275000000.0,0.00215,10.83
1.3147162556648255,0.6012766242027283,9.631521105766297e-06,1486.3581322133539,148000000.0,0.00034700000000000003,12.41
1.3716940730810168,0.6876337856054306,3.114321500062943e-06,2895.711615681648,77700000.00000001,0.00028300000000000005,12.83
1.594269248843193,0.7056680291891099,5.8399059325456625e-06,628.151848912239,324000000.0,0.000895,7.28
1.6828741729259493,0.8109016925096513,8.02181074023247e-06,822.1125155687331,291000000.0,0.00218,12.33
1.4691354341804983,0.735474431142211,9.930501997470858e-06,1073.9787966012952,242000000.0,0.0013199999999999998,14.13
1.390091532468796,0.7030335143208505,3.057529896497727e-06,2182.017333805561,98700000.0,0.0003510000000000001,11.38
1.5161920085549356,0.7706865772604943,5.823125362396241e-06,843.9047932624816,260999999.99999997,0.00118,10.050000000000002
1.345518743991852,0.5981119215488434,2.9967560172080997e-06,2411.6316735744476,78300000.0,0.000123,8.59
1.3731075614690782,0.8141029626131059,9.169721484184267e-06,536.0344350337981,420000000.0,0.00202,10.15
1.6540579319000246,0.8847773551940918,3.0024700164794928e-06,1110.1807206869123,184000000.0,0.00128,8.67
1.4115270584821702,0.6021649271249772,7.333310127258302e-06,1762.7897784113882,125000000.00000001,0.00031899999999999995,12.4
1.3261281073093416,0.6442009806632997,7.822261780500413e-06,2394.974038004875,108000000.00000001,0.00039000000000000016,14.989999999999998
1.462434808909893,0.727210470288992,5.167595505714418e-06,1859.633672982454,133999999.99999997,0.0006710000000000002,13.55
1.5322751350700856,0.7470036590471865,9.87657928466797e-06,702.285200357437,327000000.0,0.00173,12.4
1.4575455486774447,0.9091859936714173,8.19264054298401e-06,623.6151158809661,814000000.0,0.00213,0.3500000000000004
1.1760721564292909,0.7463932279497386,9.839488983154298e-06,1477.5407984852789,634000000.0,0.0007770000000000001,1.3899999999999995
1.604209586977959,0.8832785278558732,7.992159485816957e-06,488.1187081336974,432000000.0,0.00295,9.46
1.4708473585546018,0.7897910133004189,2.964375436306e-06,2479.8082113265987,97200000.0,0.000629,12.88
1.5492050483822823,0.6588035434484483,3.0107072293758396e-06,1985.3899367153642,103999999.99999999,0.00031600000000000004,10.09
1.4177965879440309,0.8659801840782166,6.944786861538888e-06,936.0181838274001,544000000.0,0.0014999999999999998,2.7999999999999994
1.6106741398572924,0.7735408321022988,9.97139620780945e-06,702.3611962795256,341000000.0,0.00218,12.51
1.5193036794662478,0.6370825946331025,3.5649486780166634e-06,1963.9517478644846,105000000.00000003,0.00028599999999999996,10.3
1.4083124309778214,0.6031195431947709,5.046661496162416e-06,2412.3202562332153,88499999.99999997,0.00021700000000000007,12.01
1.5262104794383051,0.6697213232517243,7.620692059397699e-06,1649.2908373475072,152999999.99999997,0.000675,14.02
1.5463603779673578,0.8028164327144623,2.9897360801696784e-06,2013.049881905317,114999999.99999997,0.000758,11.9
1.4923567989841104,0.8416133165359497,7.54660825431347e-06,1473.690468817949,631000000.0,0.00134,0.6900000000000005
1.5265350982546808,0.8477561295032502,7.939491704106332e-06,614.6791875362395,367000000.0,0.00238,10.61
1.5931531190872195,0.9336213290691376,4.524581789970399e-06,1155.185058712959,479000000.0,0.00171,0.9200000000000003
1.5718025833368303,0.890206065773964,6.252478167414666e-06,497.5256621837615,400000000.0,0.00237,7.89
1.5865080446004869,0.860971087217331,6.124079085886479e-06,479.57125306129444,394000000.0,0.00217,7.91
1.6149499565362933,0.746867180429399,7.110350877046586e-06,1423.514738678932,183000000.0,0.00119,14.059999999999999
1.6321361482143404,0.7402855597436429,7.125012427568437e-06,1525.604661554098,174000000.0,0.00115,14.36
1.3669060349464417,0.6940688163042069,9.387724429368974e-06,1893.8382174819706,149999999.99999997,0.0006649999999999999,15.309999999999999
1.4367471411824229,0.6366523414850236,8.367338716983797e-06,1041.4579808712003,204000000.0,0.000527,10.660000000000002
1.2561177670955659,0.7612131088972093,9.574365466833115e-06,1669.0665688365696,548000000.0,0.0009509999999999998,3.3500000000000005
1.4752990901470187,0.7223353520035745,2.925622463226319e-06,2837.0042443275447,81500000.0,0.0004049999999999999,13.1
1.4507953450083735,0.6315035730600358,6.256098832935096e-06,2692.2975033521648,92500000.0,0.0003490000000000001,14.62
1.3791930288076402,0.6102095514535905,8.903965026140215e-06,1108.8926643133161,188999999.99999997,0.00040699999999999997,10.61
1.458607341349125,0.7955178827047349,3.1948233842849737e-06,538.1625443696975,355000000.0,0.0008120000000000001,2.71
1.4809597872197628,0.693766124546528,8.964597672224047e-06,1121.8446791172025,217000000.00000003,0.000996,13.49
1.311001592874527,0.7160541370511055,2.969490289688111e-06,755.7057142257689,257000000.0,0.000435,3.9799999999999995
1.4768416196107865,0.6351437509059906,4.179779589176178e-06,2919.652789831161,78799999.99999999,0.00027000000000000006,13.35
1.4693709924817087,0.6946554377675057,7.103213697671891e-06,719.3649858236312,287000000.0,0.0008390000000000001,9.17
1.7182654023170472,0.7454351104795933,7.090847656130792e-06,1736.9381077587602,162000000.00000003,0.00121,14.92
1.7314329028129578,0.8986654222011567,6.954675219953061e-06,662.5844091176986,329000000.0,0.0029100000000000003,10.65
1.2306209564208985,0.6510903149843217,9.489734023809435e-06,2696.1148828268047,105000000.00000003,0.00036999999999999994,16.09
1.4233048528432848,0.6832734122872354,3.099187850952149e-06,2331.725239753723,92099999.99999999,0.00031,11.55
1.6847970485687258,0.7631543185561896,3.0931688547134404e-06,2873.2548207044597,86399999.99999999,0.000646,13.739999999999998
1.470709240436554,0.639045810699463,3.3666086494922642e-06,2871.2214082479472,74700000.00000003,0.0002249999999999999,12.19
1.6267574965953828,0.8907808095216752,4.031229794025422e-06,934.4751685857772,232000000.0,0.00166,9.06
1.384877470135689,0.7059026375412941,4.966484844684602e-06,1821.5690851211546,130000000.0,0.0005330000000000002,12.99
1.3228701531887055,0.6031864374876023,3.9388121664524085e-06,2752.4108737707134,73199999.99999999,0.00014900000000000004,11.09
1.4883423373103144,0.6741785198450089,2.90613603591919e-06,754.8695355653762,255000000.0,0.0003770000000000001,3.1199999999999997
1.61948381960392,0.6234838038682938,8.606896728277208e-06,2842.02466905117,98000000.00000001,0.00045999999999999996,16.09
1.4200826078653337,0.645471489429474,8.068340927362443e-06,624.1742074489592,320000000.0,0.000611,7.65
1.466963589191437,0.6392718493938446,3.370177865028382e-06,2782.7421873807903,76600000.00000003,0.00022699999999999993,12.02
1.5800093382596971,0.6546096235513688,6.880995087325574e-06,2013.5156363248823,126000000.00000001,0.0005710000000000001,14.4
1.4334813237190247,0.7705591186881066,8.74449396133423e-06,2171.0160672664642,551000000.0,0.000875,1.7300000000000004
1.6076166003942491,0.6385246753692627,4.966899365186692e-06,2720.0228273868556,89700000.0,0.0003879999999999999,14.219999999999999
1.5953200399875642,0.8245083510875703,7.651773482561112e-06,717.1706408262252,320000000.0,0.00217,11.34
1.508297927118838,0.7365559447556734,6.246910486370326e-06,931.4851015806197,239000000.0,0.001,10.78
1.559595662355423,0.6220797747373581,1.0480716943740847e-05,570.2913105487822,473000000.00000006,0.0008610000000000001,5.44
1.4837377913296224,0.6119488835334779,4.6511154770851145e-06,2249.994494020939,94700000.00000001,0.0002489999999999999,11.69
1.344933307170868,0.7113189652562142,8.959616750478745e-06,805.2686899900435,275000000.0,0.00103,11.86
1.5097361817955972,0.6726056009531022,7.10325599461794e-06,813.6245906352996,254000000.00000003,0.0007499999999999999,9.69
1.3756973505020142,0.8209554791450501,3.856574803590775e-06,883.644476532936,241000000.0,0.000916,7.37
1.357171753048897,0.7318392790853978,2.959303975105286e-06,947.5679993629454,206999999.99999997,0.000475,5.93
1.6142980724573137,0.7452113555744291,7.634465008974076e-06,1358.7775379419325,193000000.0,0.00125,14.17
1.6093632549047472,0.6447053343057633,5.034437000751496e-06,2638.7708932161327,92700000.00000003,0.000413,14.25
1.5988895684480668,0.6447530239820481,4.215142339468003e-06,2422.6249307394028,93499999.99999999,0.00035800000000000003,12.88
1.3519640117883684,0.6958361372351647,9.992136836051942e-06,1787.629452999681,162000000.00000003,0.000721,15.41
1.5231995992362501,0.704811890423298,7.824166968464852e-06,501.5495717525481,390000000.0,0.00115,8.15
1.4963994942605496,0.7265519209206105,5.155375182628632e-06,2044.481962919235,125000000.00000001,0.0006720000000000001,14.01
1.4597499623894692,0.6438515514135361,4.7563152313232426e-06,1959.4538509845731,111999999.99999999,0.0003439999999999999,12.07
1.5753061205148697,0.8005692958831788,3.943733215332032e-06,1556.690104305744,149999999.99999997,0.0009739999999999999,11.87
1.5778920561075211,0.8786930233240129,4.052237868309022e-06,827.012613415718,254000000.00000003,0.0015600000000000002,8.28
1.4591045245528222,0.6179659545421601,5.5673204213380825e-06,1869.2768756300209,115999999.99999997,0.0003179999999999998,11.99
1.3986267775297165,0.6280677437782288,8.049685418605806e-06,1277.717866003513,169999999.99999997,0.0004409999999999998,11.49
1.6857326924800875,0.902772617340088,4.911131128668786e-06,828.6211192607879,268000000.0,0.00221,9.74
1.69582377076149,0.6752055510878564,8.754371941089631e-06,2726.6782820224757,113999999.99999999,0.0007179999999999999,16.7
1.4651661649346353,0.712413838505745,5.928491383790971e-06,1851.1530775576828,138000000.0,0.000675,13.98
1.6087050676345827,0.8347318857908249,2.95674216747284e-06,1220.2811911702154,168000000.0,0.00101,9.1
1.7864074230194094,0.8031427279114723,5.921089157462121e-06,1614.6253440529106,169999999.99999997,0.00153,14.07
1.4705940797924997,0.612962293624878,5.401536107063294e-06,1958.3234861493108,110000000.0,0.00029499999999999996,11.91
1.5563996806740763,0.6668365627527237,9.819820225238802e-06,2446.8569755554195,123000000.00000003,0.0006500000000000001,16.38
1.6416459649801256,0.8633166432380677,3.3429284095764168e-06,923.1094568967818,258000000.0,0.00112,5.15
1.4192582666873934,0.8540143489837647,4.007617771625519e-06,708.2051336765288,284000000.0,0.00121,6.93
1.5553961589932443,0.7929134532809258,6.127941537648441e-06,834.3980014324187,268000000.0,0.0014700000000000002,10.62
1.4030149877071383,0.8528614550828935,2.922135651111603e-06,731.9919317960738,266000000.0,0.000963,5.39
1.402097797393799,0.6149981528520585,3.596898883581162e-06,1503.6174207925794,128000000.0,0.0002249999999999999,7.62
1.7368655383586884,0.9020638704299928,6.158922068774701e-06,500.28803944587696,400000000.0,0.00283,8.05
1.5335583418607712,0.6637448161840439,7.67740146815777e-06,2318.857043981552,118000000.00000001,0.0005710000000000001,15.470000000000002
1.7804666697978975,0.8993879467248918,3.9121466279029854e-06,1335.0713178515432,181000000.00000003,0.00177,11.06
1.4190793901681902,0.7230487056076528,5.17103996872902e-06,1856.658013537526,132999999.99999997,0.0006230000000000002,13.46
1.3769349843263627,0.7999256283044816,2.9528877735137947e-06,1222.4613055586813,168000000.0,0.000708,8.800000000000002
1.485955023765564,0.8574839383363725,2.9261506795883185e-06,827.0976245403289,238000000.0,0.0010399999999999997,6.39
1.6119549304246903,0.7407702170312406,4.818869754672051e-06,1741.181645891629,140000000.0,0.0008359999999999999,13.22
1.4255535900592806,0.6018728971481324,5.669448040425778e-06,2237.508401274681,96800000.0,0.00024699999999999993,12.31
1.386233523488045,0.6314299196004868,8.894755244255068e-06,819.8479115962981,248000000.0,0.000502,9.08
1.4972885065712036,0.6800772920250894,7.463544666767121e-06,1337.203189730644,180000000.00000003,0.0007439999999999999,13.04
1.545297758281231,0.7260237000882627,7.503272190690042e-06,918.6739772558211,247000000.0,0.00112,11.74
1.474722430855036,0.7876584649085999,2.961146473884583e-06,2532.924443483352,95500000.00000003,0.00062,12.969999999999999
1.5764081597328188,0.605383837223053,2.98115360736847e-06,1575.9311541914938,119000000.0,0.0002080000000000001,6.869999999999999
1.413967663049698,0.7739301390945912,8.29230445623398e-06,593.8329845666884,356000000.0,0.00158,10.4
1.3141551196575165,0.6009854078292847,9.473883986473084e-06,1871.04126624763,124000000.00000003,0.00032199999999999986,13.5
1.4793110333383084,0.655673959851265,3.4808560907840736e-06,1700.60377754271,120000000.0,0.00032999999999999994,9.74
1.7379901707172396,0.9191593229770662,7.046039387583733e-06,536.0161066055297,361000000.0,0.00331,10.09
1.5248804546892645,0.626763939857483,3.913520574569703e-06,1974.5823852717874,105000000.00000003,0.00027799999999999987,10.51
1.5848360717296601,0.7020371094346047,8.313927531242372e-06,1384.7503736615179,186999999.99999997,0.00102,14.26
1.5016904337331654,0.7385283686220646,8.00978881120682e-06,816.4466470479964,276000000.0,0.00127,11.63
1.3995544195175171,0.7393318064510823,4.735606729984284e-06,1068.7146633863447,200000000.0,0.000736,10.03
1.3284221649169923,0.644561129808426,8.6217677295208e-06,1108.6179614067075,196000000.00000003,0.000493,11.19
1.4124319821596147,0.7208312943577767,8.80573931336403e-06,813.3735805749892,277000000.0,0.00116,12.01
1.4012860715389253,0.6051429390907288,7.912025809288026e-06,911.9636863470076,217000000.00000003,0.000385,8.73
1.5001705510541798,0.6689173221588135,7.979897230863573e-06,2312.0112642645836,120000000.0,0.000573,15.56
1.5056880382820965,0.7073562741279603,6.429046129807831e-06,1412.6958623528478,171999999.99999997,0.000782,12.99
1.7171487092971802,0.8853289067745209,2.988458931446076e-06,1646.9356343150137,139000000.0,0.00123,10.76
1.4049198031425478,0.6062631011009216,4.657024532556535e-06,2887.241050601005,75800000.00000001,0.00020100000000000014,12.71
1.4232239484786988,0.9644570589065553,5.391603782773019e-06,758.2830935716628,551000000.0,0.00197,1.6000000000000003
1.447509352862835,0.7369565628468991,9.407700687646867e-06,703.9741724729537,317000000.0,0.00145,11.99
1.4394349962472917,0.6587024956941605,3.041976302862168e-06,1409.3178436160085,138000000.0,0.00029999999999999987,7.67
1.5546897366642953,0.7924814075231553,9.115231961011888e-06,1888.247702270746,587000000.0,0.00118,2.19
1.3401112139225007,0.648566347360611,8.032337307929994e-06,642.0184224843978,314000000.0,0.0005330000000000002,7.18
1.5051973393186928,0.6821380555629731,5.924599125981332e-06,802.1008521318435,250000000.0,0.0007060000000000002,8.86
1.4786038711667062,0.6101198673248291,5.784479200839997e-06,2883.250147104263,82599999.99999999,0.0002740000000000001,14.12
1.283694076538086,0.6605452537536621,8.501073420047762e-06,2204.130992293358,121000000.0,0.0004430000000000001,15.21
1.5415340423583985,0.6703192144632341,8.195829242467882e-06,1924.7046411037443,139000000.0,0.0006620000000000002,14.98
1.5763834029436112,0.6273175656795502,5.280435413122178e-06,1306.0475066304205,160000000.00000003,0.0004319999999999999,10.16
1.3193117380142214,0.7166077315807343,3.2525410354137426e-06,760.2048218250274,259000000.0,0.00047099999999999996,4.51
1.4163641810417176,0.6487700879573822,8.641669720411302e-06,922.2187399864196,232000000.0,0.000626,10.73
1.605330428481102,0.8690849840641023,5.951144084334375e-06,745.5114573240279,304000000.0,0.00223,10.09
1.4915660787373783,0.7573978062719108,5.2962734550237664e-06,1025.1759290695188,217000000.00000003,0.0009769999999999998,10.62
1.7553630530834199,0.8003287598490716,3.116984903812409e-06,2517.2343403100963,98799999.99999999,0.0008430000000000001,13.16
1.5750067323446275,0.7776098191738129,3.984789103269578e-06,1740.1433871127663,136000000.0,0.000853,12.45
1.3438994765281678,0.6737880885601044,9.342227309942246e-06,2167.562760412693,130999999.99999999,0.0005459999999999999,15.61
1.6243279516696931,0.8088855966925622,3.010007113218308e-06,1489.7930733859537,145000000.0,0.0009090000000000001,10.28
1.6356693863868714,0.8760552406311036,5.166859611868859e-06,1137.245215475559,438000000.0,0.00163,3.5299999999999994
1.384605771303177,0.6346655577421189,8.5790633559227e-06,923.3244061470031,223999999.99999997,0.000493,9.72
1.6887466013431551,0.8055857375264168,4.02362009882927e-06,1743.7600671546531,140000000.0,0.0010699999999999998,12.62
1.241298043727875,0.6454813063144684,9.137486517429353e-06,709.2617750167846,285000000.0,0.0005479999999999999,9.45
1.5755428433418275,0.635467940568924,5.276356548070908e-06,1120.4546988010404,183000000.0,0.0004740000000000001,9.37
1.6808695256710053,0.8839037597179413,5.083339050412179e-06,619.9486851692199,331000000.0,0.00218,8.06
1.454438129067421,0.6124415427446366,5.524002403020859e-06,1308.0073073506353,155000000.0,0.0003290000000000001,9.55
1.3978306263685227,0.7339875139296056,8.721701383590699e-06,712.7078920602797,310000000.0,0.00128,11.33
1.5362868145108224,0.7235505580902101,8.453428804874421e-06,899.5145857334136,256000000.0,0.00123,12.43
1.4441895693540574,0.6356204062700272,6.317606415599585e-06,2628.638997673988,94999999.99999999,0.0003640000000000001,14.64
1.3060140609741213,0.6881182551383973,8.814564824104311e-06,1564.8828931152818,165000000.0,0.000636,14.36
1.5019052295014264,0.649950009584427,3.476627856492997e-06,1319.861218333244,149999999.99999997,0.0003490000000000001,8.07
1.6157698452472689,0.7781580649316312,3.0392609536647802e-06,2699.7698396444316,91400000.00000001,0.0006649999999999999,13.39
1.4183178126811982,0.6898715078830719,5.451191887259484e-06,1839.5928312093017,130000000.0,0.0005289999999999998,13.25
1.3325173616409303,0.5999096095561982,6.719685539603234e-06,1674.9787535518406,125000000.00000001,0.00025900000000000006,11.23
1.5128712706267835,0.6044707596302032,4.819678455591203e-06,1878.4867525100706,110000000.0,0.00026199999999999997,10.67
1.6474465370178224,0.6163943409919739,7.609901696443559e-06,1864.7696934640405,130999999.99999999,0.0005220000000000001,13.91
1.5769944012165071,0.8397963345050813,7.226657882332803e-06,503.4855306148528,403000000.0,0.00224,8.87
1.578235709667206,0.7550016425549985,9.485738188028336e-06,1042.5165593624113,248000000.0,0.00158,14.0
1.4467750534415247,0.7750384949147702,2.961200714111329e-06,1313.9069378376005,156000000.0,0.0006710000000000002,9.15
1.405293980240822,0.6444856882095338,6.528735272586347e-06,2079.023376107216,114999999.99999997,0.0004049999999999999,13.78
1.4448003351688385,0.670704147219658,3.2759951353073128e-06,1863.3186183869836,111000000.0,0.00032999999999999994,10.27
1.621682757139206,0.662503731250763,2.9614364504814154e-06,1899.6313046663997,109000000.00000001,0.00036099999999999994,9.98
1.4715422049164772,0.6355930030345918,8.768946915864946e-06,717.7227288484572,284000000.0,0.0006630000000000001,9.26
1.5902280002832414,0.6923870399594307,9.715209811925889e-06,2218.013659119606,139000000.0,0.000838,16.39
1.7899861156940462,0.7445509543642402,7.839310526847841e-06,1921.7869751155374,160000000.00000003,0.0013199999999999998,15.7
1.4473939284682276,0.6905643805861473,4.376263767480851e-06,1928.080257028341,119000000.0,0.0004690000000000002,12.6
1.5006162844598294,0.7527710675261915,8.270910233259202e-06,767.1681344509124,293000000.0,0.00145,11.75
1.5328819736838342,0.7394781153649093,6.738870725035668e-06,616.7716830968856,333000000.0,0.00113,8.6
1.4321244433522227,0.6985036388039589,4.410453885793687e-06,913.355529308319,218000000.00000003,0.0005769999999999999,8.2
1.4996883334591986,0.8996128410100938,3.0072070658206943e-06,2518.838003277778,298000000.0,0.0008579999999999999,0.6999999999999998
1.7023636758327485,0.899362286925316,4.955077394843102e-06,711.5402370691298,296000000.0,0.00228,8.99
1.2217060983181,0.6023437589406968,3.984133630990983e-06,1118.971064686775,164000000.0,0.00015100000000000007,4.66
1.5242310360074045,0.6518834620714188,4.033880680799485e-06,2269.9529230594635,97400000.00000003,0.0003330000000000001,12.25
1.3328909039497376,0.6499531030654908,9.174245536327363e-06,2893.4084922075267,98299999.99999999,0.000387,16.22
1.4771173417568209,0.6556437402963639,5.072536483407022e-06,906.1681032180785,216000000.00000003,0.0004939999999999999,8.12
1.4503802776336672,0.8105965152382851,7.249550804495812e-06,634.4571262598037,344000000.0,0.00173,10.06
1.5772630244493486,0.6761437073349953,3.8135933876037605e-06,1491.5766306221483,139000000.0,0.000475,10.28
1.3824813097715378,0.7031152904033662,3.301596939563752e-06,2546.7608422040935,88799999.99999999,0.00034999999999999994,12.649999999999999
1.5445115134119989,0.7708863236010075,7.955986782908441e-06,817.0327097177504,281000000.0,0.00158,12.05
1.504473642446101,0.6921620652079583,7.81696167588234e-06,507.2774291038512,388000000.0,0.0010399999999999997,7.79
1.26041938662529,0.6021375864744187,4.815411314368249e-06,2687.6577287912364,77300000.0,0.00015100000000000007,11.72
1.5635835349559786,0.8108772486448289,7.199248000979424e-06,537.2754037380217,400000000.0,0.00195,8.62
1.7072652339935304,0.6927691787481308,9.95445364713669e-06,2342.3165753483772,138000000.0,0.000948,16.85
1.5868922799825669,0.7864569917321206,2.992134332656861e-06,1620.977811515331,133999999.99999997,0.0007770000000000001,10.58
1.3028586924076082,0.7450345560908318,3.06934529542923e-06,2258.7952688336372,99199999.99999999,0.0004159999999999999,12.07
1.6874630570411684,0.7553181851282716,8.0301111638546e-06,1334.9876850843427,202000000.0,0.0014700000000000002,14.42
1.3571559458971025,0.8302399098873139,9.471496373414995e-06,768.8446640968322,543000000.0,0.0016800000000000003,5.87
1.5741684883832934,0.6471175521612168,4.136262238025666e-06,2712.0592743158336,85800000.0,0.00034500000000000004,13.41
1.5170935504138472,0.8129266485571862,2.9662692546844487e-06,1217.392526566982,168999999.99999997,0.0008669999999999999,8.97
1.4537510007619858,0.6919426068663598,5.807779759168626e-06,1006.1691999435424,208999999.99999997,0.0006710000000000002,10.2
1.6190062612295153,0.8110160261392594,2.998671531677247e-06,1420.2751144766805,149999999.99999997,0.000919,9.99
1.629211637377739,0.6397029966115952,5.098888784646989e-06,2917.8425222635265,85999999.99999999,0.00039699999999999984,14.69
1.4999233324080707,0.6276024609804154,7.87894093990326e-06,1571.7870853841303,147000000.0,0.00048700000000000013,12.969999999999999
1.6000484257936478,0.6325646728277207,4.27453288435936e-06,1696.6907093301413,123000000.00000003,0.00036099999999999994,10.62
1.5283684730529787,0.6564284205436707,6.9896538555622115e-06,599.1491228342055,325000000.0,0.0007309999999999999,7.49
1.5573355793952943,0.6877032056450845,9.435265988111497e-06,2276.178516447544,132999999.99999997,0.0007489999999999998,16.22
1.6206388413906099,0.8002951696515084,7.976605892181397e-06,813.8352185487746,290000000.0,0.00198,12.23
1.3866767764091492,0.7551948666572571,4.024983614683152e-06,1141.3256749510763,186999999.99999997,0.0007030000000000001,9.700000000000001
1.410589545965195,0.6063550025224687,7.3478020727634444e-06,2813.2591694593425,87200000.0,0.000277,14.61
1.517399610579014,0.7176569111645222,6.00308556854725e-06,1877.0240265876052,139000000.0,0.0007460000000000001,14.23
1.4984687581658365,0.6630875229835511,5.019042477011682e-06,1099.43750500679,186999999.99999997,0.000512,9.46
1.3601221829652788,0.7997655853629113,2.9968031644821175e-06,1893.2895660400388,119000000.0,0.0006299999999999998,11.42
1.6829787790775301,0.7719122931361199,4.041726112365723e-06,2250.0699684023857,113999999.99999999,0.000857,13.8
1.5362172648310664,0.8612756431102754,4.279673397541047e-06,578.2153755426406,347000000.0,0.00148,5.69
1.5539317131042483,0.7317561104893685,9.708778589963914e-06,1211.1937180161474,221000000.0,0.0013199999999999998,14.55
1.5357441768050195,0.6872028395533563,6.421539191156626e-06,2034.4866551458833,128000000.0,0.000639,14.57
1.436942169070244,0.837534311413765,4.212101131677628e-06,520.3196704387664,368000000.0,0.00127,5.29
1.6686174273490908,0.7029711619019509,4.118348360061646e-06,2906.2747508287425,87399999.99999999,0.000534,14.68
1.6243614345788957,0.7921004265546799,6.897325150668622e-06,1159.012161195278,218000000.00000003,0.00157,13.17
1.5330722585320473,0.7571388853713871,3.844783186912537e-06,1834.0718578547237,127000000.00000001,0.0007060000000000002,12.36
1.7095960021018983,0.8928409069776536,4.837008729577065e-06,1020.939528942108,232999999.99999997,0.00207,10.71
1.393130385875702,0.6058608680963516,7.326176807284356e-06,1303.0582219362257,160000000.00000003,0.00034799999999999995,10.68
1.3964313983917238,0.6031356811523438,7.381988957524301e-06,2218.8744992017746,103999999.99999999,0.00029499999999999996,13.54
1.780721837282181,0.7040646985173226,7.13237188756466e-06,2796.747341752052,111000000.0,0.0008279999999999999,16.53
1.777976167201996,0.7016786053776741,8.91744476556778e-06,2023.4905108809469,150999999.99999997,0.00111,16.28
1.2143000543117524,0.602024120092392,8.88227728009224e-06,627.5043189525603,305000000.0,0.00032999999999999994,6.07
1.4626833133399488,0.7721330389380455,4.990408331155778e-06,838.9000892639159,255000000.0,0.000996,9.02
1.767920118570328,0.7408823132514955,5.722123540937901e-06,2428.317919373512,120000000.0,0.00095,15.470000000000002
1.440223149955273,0.7116829052567483,5.228198632597924e-06,2052.9510751366615,122000000.00000004,0.00058,13.89
1.4291758865118027,0.71197799295187,3.002255350351334e-06,1600.9028833359478,128000000.0,0.0004269999999999999,9.69
1.5691653773188592,0.8733704835176469,3.81846770644188e-06,1075.631409883499,205000000.0,0.00136,9.38
1.3997129470109941,0.6512980610132219,8.176304638385774e-06,1723.7181537784634,142000000.00000003,0.0005039999999999999,13.83
1.4296612009406091,0.7625214692205191,8.93828657269478e-06,1935.8729682862756,447000000.0,0.000943,4.65
1.633680260181427,0.8294277995824815,3.000179827213288e-06,1420.7818657159803,150999999.99999997,0.001,10.050000000000002
1.4986283241771163,0.8615127861499787,2.9354808330535896e-06,1365.7920733094213,163000000.0,0.000945,8.83
1.788607317209244,0.8461116939783097,3.995373666286469e-06,1713.480192236602,147000000.0,0.00139,12.5
1.5115836560726168,0.6058240324258805,4.89217458665371e-06,1772.605617996305,115999999.99999997,0.00027299999999999997,10.48
1.515052840858698,0.6928676962852479,4.3896356523036965e-06,2364.638589322567,102000000.0,0.00048100000000000004,13.71
1.516478028148413,0.6759968832135201,7.093566708266736e-06,1099.725395441055,203000000.0,0.000747,11.71
1.3578946441411974,0.6058739840984345,3.7578406929969794e-06,1974.136672914028,99500000.00000001,0.00018400000000000008,9.15
1.551162873208523,0.6750259950757027,5.889472633600236e-06,616.1155104637145,316000000.0,0.000745,7.0
1.2952562212944032,0.9210549473762513,9.042901784181595e-06,377.33423709869373,858000000.0,0.00231,1.3200000000000007
1.5730263501405717,0.7254618287086487,5.934050276875497e-06,1339.690715074539,178000000.00000003,0.0009070000000000001,12.61
1.5684950575232508,0.8648850113153458,3.1272231638431554e-06,643.6220109462737,306000000.0,0.0011999999999999997,4.41
1.5068865532055498,0.650231158733368,3.973118484020234e-06,2840.4531925916667,81799999.99999997,0.00031,13.39
1.3957823127508164,0.6986497521400452,5.31753844022751e-06,1737.6769306138156,136000000.0,0.0005459999999999999,12.96
1.5201295115053655,0.8042768687009813,6.129988089203835e-06,653.9830118417739,322000000.0,0.00161,9.410000000000002
1.4579196497797968,0.8840850144624711,9.350275933742525e-06,531.8047404289244,638000000.0,0.00251,5.32
1.5304126918315888,0.6659080535173417,7.671366930007935e-06,2440.9136474132533,113999999.99999999,0.0005660000000000001,15.7
1.4817153565585615,0.60958032310009,5.4723175168037425e-06,1676.6744032502172,125000000.00000001,0.00030899999999999987,11.06
1.3893610239028933,0.6273501455783844,7.51270341873169e-06,2558.7526261806483,99000000.00000001,0.0003550000000000001,14.89
1.4949426636099816,0.8519843637943268,4.2534572184085854e-06,639.3475383520125,320000000.0,0.00136,6.29
1.5443600982427599,0.6128589481115342,6.514764685183764e-06,1205.0677388906477,173000000.0,0.00043399999999999987,10.3
1.520059843361378,0.7818457894027234,5.102375596761704e-06,483.0442667007445,377000000.0,0.00127,6.41
1.470644196867943,0.642895120382309,8.291963994503023e-06,854.4031083583831,242000000.0,0.0006190000000000001,9.84
1.5459472373127938,0.6360593408346177,5.977441467344762e-06,2650.206938385963,94999999.99999999,0.000402,14.71
1.4342833891510964,0.6304631084203721,3.7018451690673833e-06,935.3539645671843,203000000.0,0.00028900000000000014,4.95
1.401877248287201,0.6519219785928727,7.312045142054559e-06,637.9347592592238,315000000.0,0.000554,6.89
1.3575899720191957,0.7902375832200051,4.022208809852601e-06,851.8951684236525,242999999.99999997,0.0008390000000000001,7.78
1.3557364493608477,0.7121845185756684,2.9660856723785407e-06,2639.591351151466,84699999.99999997,0.0003310000000000001,12.46
1.7660628318786622,0.9030376732349397,3.0263179838657387e-06,1434.573598206043,156000000.0,0.00142,10.09
1.78704509139061,0.9089870274066926,5.889176398515702e-06,789.4010394811629,283000000.0,0.0027300000000000002,10.75
1.6173553168773653,0.7979751974344255,6.023937076330186e-06,1226.8588244915006,202000000.0,0.00143,12.77
1.2966839253902436,0.6563117891550064,7.987949192523958e-06,1919.5972122251985,130000000.0,0.00043700000000000005,14.18
1.4954656795598569,0.6320991307497025,4.340197980403901e-06,2167.4544662237167,99500000.00000001,0.00028900000000000014,11.75
1.3323200047016146,0.7707793548703195,9.554784744977952e-06,1670.6357169896362,510000000.0,0.0010399999999999997,4.27
1.6808781802654267,0.7007851928472519,7.89461959898472e-06,1918.7701791524885,148000000.0,0.0009679999999999999,15.599999999999998
1.509928970038891,0.7952225536108017,5.070315346121789e-06,1072.4979937076566,213000000.0,0.00117,10.98
1.515780781209469,0.7169243417680264,2.9557474851608284e-06,992.4679547548293,189999999.99999997,0.0005250000000000001,6.789999999999999
1.2284557342529299,0.6010244429111481,7.883218407630922e-06,801.9309788942336,235000000.00000003,0.00028599999999999996,7.1899999999999995
1.5178204961121085,0.6827668502926827,8.447998106479647e-06,2093.8713401556015,133999999.99999997,0.0006760000000000002,15.5
1.4508148893713952,0.6933346644043923,1.0105313658714296e-05,1584.295269101858,174000000.0,0.000857,15.35
1.2687589824199679,0.6048208236694337,4.031196415424347e-06,1119.7131425142286,165000000.0,0.00017800000000000002,5.11
1.6973182439804078,0.8541575878858567,7.0101448744535454e-06,834.9558264017104,289000000.0,0.00239,11.6
1.4266994565725328,0.741420290619135,3.817382067441941e-06,1333.5947990417478,161000000.00000003,0.000626,10.31
1.472526226937771,0.7312154151499272,4.118490636348725e-06,2070.6854686141014,115999999.99999997,0.0005840000000000001,13.15
1.4229977130889895,0.8696668446063996,4.984897732734681e-06,1270.8598673343656,451000000.0,0.0013,2.3100000000000005
1.7170016884803774,0.9093526303768159,9.033662796020509e-06,445.5359578132628,443000000.0,0.00384,10.32
1.6634454131126406,0.8280990779399873,5.900454558432103e-06,989.3209785223006,239000000.0,0.00183,11.7
1.2938535153865816,0.7930007815361023,3.041934788227082e-06,1685.5880729854105,129000000.0,0.000583,10.72
1.634411206841469,0.803650362789631,3.0020150244236e-06,1733.8300980627534,129000000.0,0.0008610000000000001,11.12
1.1877323985099792,0.6601093590259552,9.509776204824448e-06,1406.214118003845,169999999.99999997,0.0004889999999999999,13.61
1.469311624020338,0.8878513991832734,5.114362478256227e-06,495.52994966506947,386000000.0,0.00186,6.65
1.251907825469971,0.7535890091210604,9.251836806535723e-06,1848.0054866522548,517000000.0,0.0007280000000000002,2.84
1.4268790349364282,0.6449532955884935,4.11534720659256e-06,2726.738110184669,82599999.99999999,0.0002689999999999999,12.95
1.3626671344041825,0.6909762471914292,9.227646499872208e-06,1498.0406425893304,174000000.0,0.0007349999999999999,14.59
1.5019130459055305,0.6414187252521516,7.933621972799302e-06,614.9670779705046,324000000.0,0.0007020000000000001,7.97
1.6116917431354525,0.6460716873407365,4.583821296691896e-06,2789.5916551351543,87200000.0,0.00039000000000000016,14.14
1.700196593999863,0.8893249958753586,4.399431854486467e-06,1115.342929959297,412000000.0,0.00169,3.1199999999999997
1.5190075501799585,0.6415014356374741,4.0533946454525e-06,2925.4573881626125,79700000.0,0.0002980000000000001,13.51
1.7839084804058076,0.7525192553177477,9.00373011827469e-06,1536.4683531224725,194000000.0,0.00162,15.439999999999998
1.4191811710596085,0.7408932477235795,9.209319561719896e-06,647.3635435104369,337000000.0,0.00146,11.38
1.4102144926786424,0.6137902915477753,3.885704517364503e-06,1126.5268102288244,168000000.0,0.00024299999999999986,5.94
1.5292317017912866,0.8388071894645691,3.128673881292344e-06,641.6721940040587,306000000.0,0.00106,4.319999999999999
1.6519808650016785,0.6869546771049501,7.1247892081737525e-06,2367.4716353416443,120000000.0,0.0007309999999999999,15.81
1.6089106947183611,0.6476514548063279,8.100154489278795e-06,2748.2280433177943,103999999.99999999,0.0005369999999999999,16.16
1.4869861319661142,0.821897877752781,2.8918128609657294e-06,713.5553210973738,267000000.0,0.0009180000000000001,5.11
1.535998745262623,0.6984680280089379,3.637181222438813e-06,2646.0519731044765,89799999.99999999,0.0004470000000000002,13.55
1.4069003999233247,0.7778024666011334,9.311327069997789e-06,1893.1828550994394,599000000.0,0.0010399999999999997,1.9900000000000004
1.4884100049734117,0.8019965037703515,4.010408431291581e-06,1340.1255309581754,168999999.99999997,0.000957,11.06
1.5293836534023286,0.7014394149184228,5.28921826183796e-06,735.0672334432601,276000000.0,0.00076,7.69
1.565767188370228,0.7058017060160637,5.0841606855392465e-06,2469.106569886207,105000000.00000003,0.000592,14.72
1.4659303933382035,0.6345238476991654,8.533680349588395e-06,2706.143513321876,101000000.0,0.0004249999999999999,15.83
1.6983814358711244,0.7993414029479028,9.690314173698427e-06,927.0341992378234,282000000.0,0.0023,13.82
1.5331888005137444,0.6742025077342988,4.1903896033763895e-06,1790.5091885477302,123000000.00000003,0.00045700000000000005,11.86
1.5879023820161822,0.8912097394466401,2.9775295257568364e-06,1657.1600567549465,148000000.0,0.0010800000000000002,9.67
1.4555778309702874,0.8199224710464478,8.401575148105623e-06,562.2469931840895,410000000.0,0.00205,9.55
1.6689219295978548,0.8818959116935731,4.0107169747352605e-06,2526.532888412475,353000000.0,0.00102,0.9099999999999999
1.7854628205299379,0.8967927843332292,3.880113393068314e-06,1390.6967937946317,175000000.0,0.00173,11.23
1.6496424436569215,0.7612417191267015,9.831055462360383e-06,1020.8441615104674,258000000.0,0.00186,14.26
1.2209011673927308,0.6698454380035401,9.1405485868454e-06,993.921935558319,222000000.0,0.000626,12.25
1.6102601855993273,0.6921138301491738,8.095683842897417e-06,2042.7804738283155,139000000.0,0.0008250000000000002,15.7
1.5509394943714143,0.7062607392668725,6.1617146842181696e-06,2063.365086913109,129000000.0,0.0007120000000000001,14.71
1.5926651269197465,0.7418172776699067,6.782094344496728e-06,1320.796452462673,188999999.99999997,0.00111,13.36
1.710499781370163,0.9149079501628876,3.884876728057862e-06,1899.7369445860384,372000000.0,0.0013800000000000002,1.3700000000000006
1.5249617189168931,0.7430347949266435,4.061951458454133e-06,2003.6578662693498,120000000.0,0.0006620000000000002,13.05
1.496630607917905,0.7830121189355851,2.961798191070557e-06,2625.4713833332057,92700000.00000003,0.000611,13.14
1.473203929513693,0.6671019583940506,7.0572748854756366e-06,689.6499097347258,285000000.0,0.000708,8.47
1.5368539273738862,0.7175811409950257,8.077295988798142e-06,503.5630166530608,396000000.0,0.00133,8.7
1.573352998495102,0.6524225234985352,6.775102466344835e-06,2641.4763480424876,102000000.0,0.0005030000000000001,15.49
1.5266288526356222,0.8232221379876138,4.907059356570245e-06,2582.1975171566005,400000000.0,0.000789,0.6
1.453282928466797,0.8192024275660515,5.078726753592492e-06,620.0951635837554,325000000.0,0.00136,7.719999999999999
1.5156387068331243,0.7248533047735691,7.441756263375284e-06,875.5023330450057,256000000.0,0.00109,11.38
1.4230013877153398,0.6018288731575012,6.444016054272653e-06,1866.6888698935506,115999999.99999997,0.0002909999999999999,12.13
1.580445894598961,0.7454470183700324,6.757979556918145e-06,554.8645853996276,361000000.0,0.00131,8.28
1.6029946088790894,0.7220762036740781,6.799392439424993e-06,1665.1499103754757,159000000.00000003,0.00096,14.39
1.6099679857492448,0.7414054166525603,4.101617753505708e-06,2618.6275780200954,98600000.0,0.000655,14.44
1.4976730663329365,0.80450629144907,7.855114355683328e-06,608.1272959709166,352000000.0,0.00189,10.52
1.5317186616361143,0.6182804167270661,5.153222367167474e-06,2913.4799093008037,81900000.00000001,0.0002959999999999998,14.07
1.4389416664838792,0.8773261606693269,7.040889069437982e-06,929.9580305814742,580000000.0,0.00154,1.9699999999999995
1.6814316451549531,0.6786832496523858,5.381742805242539e-06,2874.995425343513,93000000.0,0.000549,15.42
1.402405768632889,0.7022343143820763,5.506129831075669e-06,1388.1283551454542,163000000.0,0.0006119999999999999,12.0
1.5510279402136804,0.6324142456054688,5.818251930177213e-06,2539.1026139259334,96500000.00000003,0.00039000000000000016,14.349999999999998
1.4275590017437936,0.7210616156458856,8.47579997777939e-06,812.7072006464003,277000000.0,0.00114,11.7
1.5275014691054822,0.765202732756734,3.1603122055530555e-06,943.5664415359496,218000000.00000003,0.0006710000000000002,5.92
1.3804776191711428,0.6542779415845872,7.666294112801553e-06,2500.7518678903575,107000000.00000001,0.0004359999999999999,15.37
1.426380591094494,0.6798540696501733,5.361415758728982e-06,1694.6784099563954,136000000.0,0.0005090000000000001,12.649999999999999
1.4132701903581621,0.6512908011674882,8.322064608335496e-06,1617.215473204851,149999999.99999997,0.0005289999999999998,13.64
1.2457039833068848,0.7605723336338998,3.019404441118241e-06,1510.97272709012,137000000.0,0.0004669999999999999,9.71
1.334124130010605,0.6195544302463531,8.536990880966187e-06,2083.8347375392914,116999999.99999997,0.00035899999999999994,14.21
1.5848926305770876,0.7307571485638619,5.144310802221299e-06,1808.7721774354575,138000000.0,0.000794,13.579999999999998
1.4776954270899296,0.6992047905921936,8.20665016770363e-06,919.5258021354674,246000000.0,0.000988,11.96
1.6324008017778397,0.6240923881530762,8.556674450635912e-06,1717.8335245698688,145000000.0,0.000587,14.1
1.7097118735313417,0.6955719351768495,7.179618045687676e-06,2564.2986148595805,115999999.99999997,0.0007800000000000001,16.19
1.5239541269838812,0.6025781214237214,3.05464243888855e-06,2840.760603547096,69499999.99999997,0.0001589999999999999,10.37
1.5242616623640062,0.7338365189731122,3.013195604085923e-06,812.7426654100417,232999999.99999997,0.000609,5.38
1.297331714630127,0.6761759832501412,8.354691147804261e-06,1031.535744667053,219000000.0,0.000664,11.94
1.3147144496440888,0.6506481617689134,7.90058831870556e-06,1927.1534979343412,128000000.0,0.00042600000000000005,14.059999999999999
1.3633115440607073,0.7428168950602413,3.953632056713105e-06,799.6403723955153,269000000.0,0.0006230000000000002,5.58
1.3643042385578157,0.686158436536789,8.235223084688187e-06,1337.1834084391592,182000000.0,0.000695,13.43
1.4556848555803301,0.8267870485782624,9.739479601383211e-06,547.5542247295379,428000000.0,0.00256,10.84
1.5247079484164716,0.7253055922687054,6.733755454421044e-06,615.6745105981826,331000000.0,0.00101,8.28
1.42998942732811,0.7503076464403421,7.257651582360268e-06,609.7358018159865,338000000.0,0.00124,9.42
1.7790250539779664,0.8512950003147126,4.9142504632473e-06,1337.9315584897993,187999999.99999997,0.00177,12.35
1.7116183161735536,0.6756102696061135,9.712187170982361e-06,2676.5894442796703,120000000.0,0.0007719999999999999,16.91
1.5804528683423997,0.7570487575605512,9.862435519695284e-06,602.3414731025695,368000000.0,0.00201,11.7
1.3983578592538835,0.6916992411017419,2.9723449945449834e-06,2700.127094984054,81500000.0,0.0002959999999999998,12.34
1.5832095175981522,0.605284184217453,2.954177856445313e-06,1780.4626207798717,107000000.00000001,0.00020299999999999992,7.63
1.6567618310451508,0.6858987450599671,8.36261147260666e-06,2502.4549216032024,121000000.0,0.0007550000000000001,16.4
1.4670763179659845,0.6437523365020753,3.5487371087074287e-06,1019.0280079841613,187999999.99999997,0.00032799999999999995,6.01
1.4468230023980142,0.775027669966221,2.9683837890625006e-06,1526.9715450704095,139000000.0,0.0006500000000000001,10.04
1.3557668745517732,0.7107192859053613,9.641190677881243e-06,484.97158288955677,406000000.0,0.00125,9.8
1.7859592258930208,0.7991242691874505,4.077051728963853e-06,2125.9849444031715,123000000.00000003,0.0010800000000000002,13.64
1.4402232348918915,0.716183938086033,8.043870449066163e-06,829.4242173433303,270000000.0,0.00106,11.37
1.477015905082226,0.6831395566463471,6.3737863171845686e-06,1817.4856221303341,137000000.0,0.0006010000000000002,13.83
1.473782978206873,0.6445624440908433,8.466726422309876e-06,1024.3312567472456,213000000.0,0.000636,11.3
1.520288448035717,0.8927464842796327,9.487529575824739e-06,598.2667505741118,558000000.0,0.0028799999999999997,6.84
1.536096426844597,0.6549942523241044,2.9976109266281134e-06,2875.0930279493327,74500000.0,0.000251,12.14
1.6679353237152101,0.6089609652757645,2.9235337972640995e-06,2163.6353358626366,92099999.99999999,0.00022400000000000002,9.18
1.463350783288479,0.7124611750245095,3.994191229343415e-06,926.4529049396514,216000000.00000003,0.000604,7.879999999999999
1.7490766882896425,0.7556716114282609,4.1150735020637515e-06,2689.9367868900295,99300000.00000003,0.000792,14.669999999999998
1.5118260875344278,0.771206932514906,8.101957142353059e-06,525.1197069883345,403000000.0,0.00165,8.92
1.786239552497864,0.8418108612298966,3.0462498068809513e-06,2213.491566479206,111999999.99999999,0.0010500000000000002,12.4
1.3787526816129685,0.6210199713706971,3.525178492069245e-06,1315.5580982565878,144000000.00000003,0.00023099999999999998,6.68
1.279919904470444,0.7811007790267468,3.849098831415177e-06,640.4915004968642,350000000.0,0.000636,2.89
1.4543669745326044,0.6174792051315308,4.561971873044969e-06,2429.7095388174052,88799999.99999999,0.00024299999999999986,12.12
1.4802524082362654,0.7593769423663617,8.968571394681932e-06,600.2149283885955,357000000.0,0.0016800000000000003,11.01
1.563651265203953,0.6854898244142533,5.8815845400094994e-06,620.1622933149337,319000000.0,0.0007929999999999999,7.1
1.646200329065323,0.660028937458992,2.952151775360108e-06,1301.6156032681463,149999999.99999997,0.000391,7.62
1.4845722913742068,0.6535629451274872,3.485366374254227e-06,1606.9996561855075,126000000.00000001,0.00033400000000000004,9.37
1.4323533922433855,0.6000279307365418,5.6999267190694816e-06,1957.0873044431207,108000000.00000001,0.000257,11.61
1.599825105071068,0.824771797657013,5.007737144827844e-06,1095.6258624792097,212000000.0,0.00143,11.18
1.4614984139800073,0.6442356526851655,4.172521829605103e-06,2352.9409915208817,93300000.00000001,0.00029,12.26
1.386542496085167,0.6660810917615891,5.902322664856911e-06,698.6794173717498,275000000.0,0.0005560000000000001,7.35
1.5242909520864487,0.7513818352483214,4.123475104570389e-06,521.2745368480681,364000000.0,0.000903,4.52
1.387048199772835,0.8089457720518113,9.008634060621262e-06,542.9186969995498,414000000.0,0.00195,10.050000000000002
1.6415407598018648,0.8855882316827774,4.962422460317613e-06,731.0018986463546,296000000.0,0.00209,8.9
1.4326995849609376,0.688187299668789,5.716746769845487e-06,1117.8437918424604,191000000.0,0.000618,10.65
1.6641480624675753,0.7277740672230721,4.958877757191659e-06,2617.7769452333446,103999999.99999999,0.0007129999999999999,15.119999999999997
1.7629853010177614,0.7463447554036976,9.527007281780244e-06,1490.899261087179,198000000.00000003,0.0016,15.58
1.5497318476438524,0.8318920880556108,2.9634692072868353e-06,1112.5857681035993,182000000.0,0.0009700000000000002,8.48
1.314045435190201,0.6032259285449982,3.9255055785179145e-06,2589.9523049592967,77300000.0,0.00015100000000000007,10.7
1.4548070937395097,0.7256915442645551,2.917065858840943e-06,713.9295637607573,260000000.0,0.000554,4.3
1.3547036290168764,0.645677599310875,8.135555833578111e-06,492.5822019577025,374000000.0,0.000614,6.86
1.6700108706951142,0.7289529651403428,6.090493120253087e-06,2047.807231545448,134999999.99999997,0.000921,14.92
1.2416135251522065,0.769209746271372,6.8448782935738574e-06,2565.442949533462,423000000.0,0.0005989999999999999,2.0799999999999996
1.3117116451263429,0.6008850574493408,5.839950993657113e-06,1389.451168477535,142000000.00000003,0.00023999999999999995,9.28
1.3227450907230378,0.6787874445319176,8.396400004625321e-06,1847.4291097372768,142000000.00000003,0.0005459999999999999,14.64
1.4212469011545183,0.6431871235370636,8.51999804377556e-06,715.2691036462783,281000000.0,0.0005939999999999999,8.61
1.6536569952964784,0.7846013277769089,4.062506794929505e-06,1874.9889284372327,130999999.99999999,0.000934,12.98
1.5521863862872125,0.7071760743856431,7.153549671173097e-06,1457.3751129209993,174000000.0,0.0008830000000000001,13.73
1.4141339331865312,0.7108422115445138,5.6397304981946955e-06,1528.7557169795034,155000000.0,0.0006469999999999999,12.76
1.281154775619507,0.7271765582263471,3.6636323034763344e-06,581.2634825706481,350000000.0,0.0004889999999999999,2.0199999999999996
1.4861317075788976,0.7172711044549943,4.4008343815803535e-06,2305.720664560795,107000000.00000001,0.0005470000000000001,13.84
1.4749072261154652,0.6495569050312043,6.970922306180001e-06,2588.2626622915263,102000000.0,0.0004470000000000002,15.27
1.486652983725071,0.6102791368961334,4.8129755109548575e-06,1496.1023181676862,133999999.99999997,0.0002850000000000001,9.42
1.4825888112187386,0.6342527031898499,3.45338049530983e-06,2508.6142420768733,83500000.0,0.00023500000000000002,11.46
1.616921103000641,0.648799628019333,4.049544215202332e-06,1972.4921993911264,110000000.0,0.00039199999999999993,11.71
1.3532640784978869,0.6369647294282914,7.18396393954754e-06,703.551948070526,280000000.0,0.00045399999999999987,6.97
1.5515592366456987,0.7894514948129655,6.979885816574098e-06,835.1076692342757,274000000.0,0.00158,11.41
1.3665648579597474,0.6073638081550599,8.520597606897355e-06,2581.118300557136,96399999.99999999,0.0003070000000000001,14.829999999999998
1.399360764026642,0.6071926921606065,4.670945703983308e-06,2796.5618222951884,77700000.00000001,0.00020299999999999992,12.55
1.510769545286894,0.8717650830745698,4.08263972401619e-06,723.855748772621,282000000.0,0.00146,7.37
1.4570402160286904,0.7160068005323411,5.873416848480703e-06,1654.9866292625663,149999999.99999997,0.0007030000000000001,13.44
1.450022765994072,0.8008742451667786,2.9833949804306037e-06,1996.6681599617002,114999999.99999997,0.0006869999999999999,11.8
1.4231726288795472,0.7103049919009209,8.140343993902207e-06,825.7908672094344,270000000.0,0.00102,11.32
1.6364524304866792,0.741519831866026,9.825724899768831e-06,1249.0332424640653,220000000.0,0.00151,14.98
1.4749592632055284,0.7313200928270818,4.798769682645799e-06,1952.9970847070215,127000000.00000001,0.0006559999999999999,13.52
1.6348432302474978,0.8948580265045167,6.011907741427422e-06,754.436358809471,304000000.0,0.00242,10.16
1.6696945846080782,0.6043805480003357,3.056934922933579e-06,1114.9148195981977,167000000.0,0.00025299999999999997,4.69
1.472065705060959,0.675940065085888,6.5122304409742365e-06,1519.2814283072946,156000000.0,0.000613,12.93
1.5863796919584277,0.7569337394088508,9.867123126983644e-06,825.0882029533385,298000000.0,0.00184,13.17
1.445353089272976,0.8816749334335328,5.629032030701638e-06,1328.6375179886816,540000000.0,0.00136,0.6900000000000005
1.5757433563470842,0.6615748196840286,2.9570150375366217e-06,2714.26211297512,79299999.99999999,0.00028900000000000014,11.97
1.6142282724380494,0.7481736275833101,8.597488760948182e-06,1148.890435695648,224999999.99999997,0.00143,13.95
1.4106351256370546,0.6226272314786911,7.678662136197092e-06,2647.2337096929546,96399999.99999999,0.0003490000000000001,15.04
1.5933028936386109,0.6736073791980745,7.517723247408868e-06,2494.1319525241847,113999999.99999999,0.0006299999999999998,15.93
1.4785483516752722,0.6211774349212646,3.763686537742615e-06,1129.9591436982153,169999999.99999997,0.00028100000000000005,6.31
1.6879830837249756,0.8979178994894028,4.899842277169229e-06,936.5624487400054,248000000.0,0.00213,10.32
1.679507625102997,0.7262293718755246,7.051289580762388e-06,1819.5477565750477,152999999.99999997,0.0010500000000000002,15.02
1.3926027417182925,0.7193088725209237,4.45596331357956e-06,1023.717701435089,202000000.0,0.00062,9.19
1.5592651873826981,0.6317485749721528,5.832221761345864e-06,2445.63552737236,99199999.99999999,0.000396,14.189999999999998
1.531128251552582,0.8389165967702866,2.953179836273194e-06,1011.3043636083602,197000000.00000003,0.000989,7.85
1.3116104900836947,0.6232717663049698,8.679689407348635e-06,485.2268397808074,371000000.0,0.0005289999999999998,6.57
1.3444307863712313,0.5981320202350617,5.830588139593602e-06,1965.6283520162103,106000000.00000003,0.00022099999999999987,11.270000000000001
1.4973374275490643,0.7913581475615502,2.978837966918946e-06,1419.3951636552808,149000000.0,0.000758,9.84
1.5952669590711595,0.6787766352295876,7.312659621238709e-06,2087.522253394127,130000000.0,0.000697,15.22
1.5661270290613176,0.8279074430465699,3.308759361505509e-06,633.9533179998397,314000000.0,0.0010699999999999998,4.240000000000001
1.5729047566652299,0.7520819135941565,4.07401990890503e-06,2105.9794649481773,116999999.99999997,0.000721,13.39
1.6726159393787385,0.8206789880990982,3.007668316364289e-06,1776.1463271453974,128000000.0,0.000947,11.3
1.4093473702669146,0.600895768404007,4.9367312639951715e-06,1486.998379230499,131999999.99999999,0.00023900000000000006,8.97
1.4705128066241742,0.6559850066900254,4.730292022228242e-06,2080.398455262184,109000000.00000001,0.0003789999999999999,12.69
1.59611174762249,0.8031308680772782,8.945916086435318e-06,722.9070663452147,330000000.0,0.00224,12.15
1.7374408364295961,0.7352374155074358,8.791510015726091e-06,1565.2682557702062,185000000.0,0.00139,15.38
1.5251031160354616,0.7136919647455217,6.3767657354474074e-06,1134.888559579849,202000000.0,0.000872,11.84
1.3991916328668597,0.6480972021818162,7.20951682329178e-06,2123.2002153992653,116999999.99999997,0.000435,14.31
1.385604751110077,0.6053922146558762,4.834928825497628e-06,1118.8626587390897,170999999.99999997,0.0002520000000000001,7.029999999999999
1.5399337828159334,0.7739677883684636,5.45203521847725e-06,1149.696737527847,203000000.0,0.00112,11.65
1.2088679015636445,0.6989111065864564,9.813262581825259e-06,896.7485576868056,254000000.00000003,0.000829,12.66
1.5675121217966081,0.6288494020700456,4.546738088130951e-06,1208.477087318897,166000000.0,0.00038200000000000007,8.61
1.7554974496364595,0.9053660988807679,3.844620048999787e-06,905.580624938011,232000000.0,0.00197,9.22
1.531356516480446,0.748582362709567,9.0541128218174e-06,904.9237072467803,266000000.0,0.00148,13.11
1.3492317974567414,0.7111135169863702,8.838709861040116e-06,760.6657147407531,287000000.0,0.0010399999999999997,11.42
1.3199798941612244,0.5992082118988038,2.989418983459473e-06,1486.3462671637533,121000000.0,0.00013300000000000012,5.26
1.4669533498585225,0.8811702758073807,3.4661824405193335e-06,1005.4758489131926,351000000.0,0.00112,2.57
1.417956179380417,0.6250579565763474,6.796123318374158e-06,631.8468153476714,310000000.0,0.00044199999999999996,5.72
1.6141425132751466,0.6209460318088532,5.424777418375016e-06,619.6786761283873,308000000.0,0.000501,5.3
1.5468594029545786,0.8368855297565461,4.037465333938599e-06,1224.7733324766157,185000000.0,0.00119,10.61
1.4771515980362893,0.7599451884627343,5.112644940614701e-06,1044.6327477693555,212000000.0,0.0009509999999999998,10.57
1.4121994614601137,0.6256856113672257,4.556673645973206e-06,1024.501949548721,187999999.99999997,0.0003070000000000001,6.85
1.2752256274223328,0.6026302099227906,3.930267661809922e-06,1688.1129443645475,112999999.99999999,0.00016700000000000002,7.99
1.7598284482955935,0.7966169089078904,8.416051656007768e-06,1047.6655811071394,249000000.0,0.0021,13.739999999999998
1.5321362882852556,0.8008446156978608,2.9688068628311163e-06,1197.1073150634763,168999999.99999997,0.000831,8.79
1.473283736407757,0.7316807314753533,4.758823946118355e-06,1637.4848149716852,144000000.00000003,0.000695,12.69
1.4355639830231668,0.6872759297490121,4.6885558366775524e-06,909.213900566101,218000000.00000003,0.000561,8.34
1.58074711561203,0.7187498085200787,5.182351455092431e-06,650.8894562721251,316000000.0,0.0008759999999999998,6.8
1.391326940059662,0.6504394233226777,7.084341436624528e-06,2278.42628210783,111000000.0,0.00042600000000000005,14.62
1.4759736433625223,0.7461538570001722,3.0142776966094975e-06,906.6201299428939,210000000.0,0.0005970000000000001,6.2
1.4567336574196816,0.8599271088838578,3.3037008345127112e-06,1035.7606709003446,204000000.0,0.0010500000000000002,8.19
1.2395538926124574,0.5987864077091217,9.722764849662782e-06,1758.063382701948,127000000.00000001,0.0002819999999999999,12.94
1.5500624388456345,0.6575016885995866,3.8917322754859934e-06,2843.9735174179073,82900000.00000001,0.0003490000000000001,13.57
1.4305506214499475,0.6968188628554345,5.707452706992627e-06,1107.7196449041364,194000000.0,0.000655,10.74
1.1655208110809328,0.8380355179309845,2.9502237439155583e-06,2300.9956926107407,251000000.0,0.0005379999999999998,2.2299999999999995
1.630191430449486,0.7928441494703293,4.0296330451965335e-06,1714.7735711187122,140000000.0,0.0009710000000000001,12.51
1.5165429331362248,0.7601856674998999,3.847059190273285e-06,1727.8088275343177,132999999.99999997,0.0007179999999999999,12.06
1.3940519928932191,0.7784748271107674,3.988787442445756e-06,1054.6165257692335,202000000.0,0.0008020000000000001,9.22
1.5964243322610856,0.6742349982261658,7.4312683939933786e-06,2216.109924018383,124000000.00000003,0.000666,15.470000000000002
1.5179501116275789,0.7490218341350556,9.437655478715898e-06,929.5856505632399,265000000.0,0.00149,13.39
1.4410837769508362,0.8501965194940567,7.18074655532837e-06,1094.9652194976804,563000000.0,0.0014,2.35
1.1673677802085878,0.8153898507356644,9.070341080427172e-06,1025.3213644027708,595000000.0,0.00125,3.4899999999999998
1.5091007290408016,0.6417723298072816,7.66669674217701e-06,495.04193663597096,379000000.0,0.000726,6.8
1.534111922979355,0.6490486443042756,4.078055381774903e-06,2172.024577856064,101000000.0,0.00033699999999999995,12.02
1.460982893407345,0.6841442540287972,8.383437424898148e-06,1219.3003594875333,198000000.00000003,0.0008359999999999999,13.3
1.7013041496276857,0.8531825065612794,9.959932744503023e-06,590.6214863061904,393000000.0,0.00334,11.89
1.618128687143326,0.7163256101310254,5.007424116134645e-06,2587.4143391847606,102999999.99999999,0.000646,15.0
1.7270834147930147,0.7145559780299664,6.046623155474664e-06,2611.437246203422,111000000.0,0.000791,15.8
1.366196644306183,0.8373212099075318,2.852418184280396e-06,830.2323073148726,236000000.00000003,0.0008470000000000002,6.2
1.5909993946552279,0.696160438656807,7.108557350933553e-06,1956.2799036502836,139000000.0,0.000787,15.05
1.7127329707145693,0.6960572451353074,5.237076401710511e-06,2895.532354712486,93800000.00000001,0.0006079999999999998,15.55
1.3999404430389406,0.6053730815649033,7.46374347805977e-06,2860.542714595794,85800000.0,0.000268,14.65
1.6695358514785767,0.7568295819684864,9.823050022125245e-06,1114.848807454109,242000000.0,0.00179,14.64
1.3204070806503296,0.7892563998699189,2.9881468415260322e-06,1321.3692903518674,157000000.0,0.0006230000000000002,9.2
1.5656985372304917,0.7458726899698377,3.841520428657533e-06,2513.8183981180186,99799999.99999999,0.0006320000000000001,13.99
1.2500155270099642,0.6008966088294984,8.626629739999773e-06,2592.625275254249,91100000.0,0.00022899999999999996,14.23
1.5572134450078012,0.6313607275485993,6.692787289619447e-06,2843.1450128555293,92300000.00000001,0.0004049999999999999,15.309999999999999
1.545299229025841,0.6596168607473374,7.737743198871613e-06,2605.7080477476115,108000000.00000001,0.0005419999999999998,15.91
1.588516500592232,0.7431475343182684,5.295085176825524e-06,473.974972963333,376000000.0,0.00113,6.32
1.3940900444984436,0.7503791760653258,3.6691222488880166e-06,1075.568377971649,280000000.0,0.0005090000000000001,2.89
1.7243288397789003,0.79080817848444,5.8439589291811e-06,1554.0309734642503,169999999.99999997,0.00137,13.8
1.343669468164444,0.897795331478119,8.530970841646195e-06,552.3231923580169,723000000.0,0.002,2.35
1.4380502343177797,0.656808677315712,8.361919283866884e-06,1018.5386538505553,217000000.00000003,0.0006760000000000002,11.53
1.2503685593605043,0.6978171363472939,4.021785318851472e-06,738.4803444147109,264000000.00000003,0.00041899999999999983,5.11
1.3261836290359499,0.7666330117732287,3.125451177358628e-06,667.8606122732161,299000000.0,0.000613,3.6299999999999994
1.4787560284137726,0.6087553292512894,3.826596021652222e-06,2326.9337341189384,87700000.0,0.00020899999999999998,10.73
1.5994966059923172,0.6407170593738557,6.553584571927787e-06,2448.6498087644572,105000000.00000003,0.00048399999999999995,14.94
1.3528739064931872,0.7122447699308396,2.9566236734390265e-06,2733.801335096359,82400000.00000001,0.00032700000000000003,12.649999999999999
1.3694196939468386,0.606601631641388,8.427778810262682e-06,2229.528494179249,108000000.00000001,0.0003259999999999999,14.2
1.5795805871486666,0.8553364545106888,4.064647823572159e-06,1149.2233276367185,196000000.00000003,0.00134,10.27
1.4267750635743142,0.6409180194139481,7.260321140289308e-06,2638.4085714817043,99100000.0,0.0004,15.23
1.4336009413003923,0.7435977380722761,3.988074183464051e-06,1607.0389114320276,140000000.0,0.0006370000000000001,11.82
1.5683367982506753,0.6629253566265106,8.822813719511033e-06,2518.581256270408,115999999.99999997,0.0006029999999999999,16.18
1.3951146304607394,0.6057550638914109,4.960974246263505e-06,2687.263965606689,81000000.00000001,0.00021000000000000012,12.57
1.5671887412667276,0.6471836060285568,4.088071882724763e-06,2816.1393404006953,83500000.0,0.0003400000000000001,13.57
1.58488644361496,0.6023772150278092,3.01794308423996e-06,1391.7821571230886,132999999.99999997,0.0002119999999999999,5.99
1.4755123727023602,0.7373611640185118,7.574373304843904e-06,790.4319018125533,281000000.0,0.00118,10.99
1.6530443251132967,0.890587091445923,6.037678420543671e-06,613.7565076351165,348000000.0,0.00249,9.06
1.7364084899425507,0.6587658047676087,2.9551737904548653e-06,1183.4100186824796,162000000.00000003,0.0004470000000000002,7.27
1.458477218449116,0.6449412971735001,9.350059598684312e-06,2889.0789598226543,99600000.0,0.00043900000000000005,16.41
1.430726793408394,0.6000032901763916,4.902655363082887e-06,2155.4421558976173,96500000.00000003,0.0002190000000000001,11.15
1.4654367059469224,0.6872302964329721,5.340486750006677e-06,807.236760854721,245000000.00000003,0.000657,8.41
1.4019104272127152,0.6035561710596085,6.190017234534026e-06,2582.491666078567,88100000.00000001,0.00024800000000000007,13.44
1.455169053375721,0.682697555422783,8.255459278821947e-06,1537.4985821545122,165000000.0,0.0007179999999999999,14.14
1.5706913083791734,0.6991335645318032,8.041139870882036e-06,1446.0830874741075,179000000.00000003,0.0009520000000000003,14.26
1.5629206940531732,0.6164255976676941,8.019542038440705e-06,1392.776809632778,161000000.00000003,0.000508,12.32
1.5024456063285472,0.6442392557859421,5.699766293168069e-06,1600.2117488533256,139000000.0,0.0004579999999999999,12.11
1.4976121304556729,0.8054408937692643,6.029369026422501e-06,611.129730939865,336000000.0,0.00157,8.9
1.5716580033302308,0.6738699406385422,3.015231907367707e-06,849.1657972335814,228000000.0,0.000422,4.31
1.5718563705682755,0.7254287347197533,5.074574247002602e-06,2357.7805534005165,111999999.99999999,0.0006830000000000001,14.68
1.473180565237999,0.7051693350076677,9.93711429834366e-06,1246.1363077163694,212000000.0,0.0010800000000000002,14.43
1.7774250447750093,0.9036360025405885,3.895675539970398e-06,1258.7736472487447,188999999.99999997,0.00182,10.75
1.5417631834745409,0.7242014564573765,6.436486324295403e-06,1133.0242007970808,205000000.0,0.000947,11.99
1.5152532890439034,0.7016991421580315,6.7836532816290865e-06,831.9674730300902,258000000.0,0.0008709999999999999,10.01
1.5537407755851746,0.6418011903762818,7.491880908608437e-06,904.8886895179747,229000000.0,0.0006519999999999998,10.09
1.5233411304652693,0.69183938652277,7.234868183732034e-06,1754.2521045543251,149000000.0,0.000739,14.44
1.4864533524960282,0.7025092050433159,4.2998278141021736e-06,2265.6751349568367,106000000.00000003,0.0004960000000000001,13.5
1.4243156701326372,0.6812475040555,5.328982710838319e-06,1600.1849826425312,142000000.00000003,0.0005189999999999999,12.35
1.4313264325261117,0.598762571811676,5.1057763546705256e-06,1776.416117325425,113999999.99999999,0.0002359999999999999,10.23
1.7891296148300173,0.854300120472908,8.95631977915764e-06,792.033553123474,319000000.0,0.00307,12.64
1.4897403471171857,0.6299417138099671,7.735344633460046e-06,1673.7009417265651,140000000.0,0.000477,13.25
1.6518145859241486,0.8023691475391389,3.038952827453614e-06,2322.967417538166,103999999.99999999,0.0007950000000000001,12.68
1.4094227045774461,0.6786487475037576,3.2549324035644537e-06,2260.6431618332863,94800000.0,0.00030599999999999996,11.47
1.2558077037334443,0.5997364640235902,4.910071566700936e-06,2062.400572001934,97299999.99999999,0.00016299999999999995,10.180000000000001
1.3643062055110933,0.6921814933419228,9.325036495923997e-06,1604.6128347516058,167000000.0,0.0007160000000000001,14.82
1.4683784209191801,0.8662487894296647,4.136169821023941e-06,509.42707061767567,370000000.0,0.00143,5.12
1.5747512966394426,0.8101417511701584,6.959624119102956e-06,713.7813717126845,309000000.0,0.00188,10.82
1.556734085083008,0.6843296885490419,9.285582780838014e-06,2310.2914094924927,130000000.0,0.000719,16.18
1.6666838228702547,0.7511840513907374,7.784107431769373e-06,1405.1620960235593,192000000.0,0.00136,14.47
1.7040739774703981,0.8911298453807832,3.977863043546677e-06,1227.460756897926,191000000.0,0.00167,10.58
1.5366554751992227,0.6261484980583192,5.052396878600121e-06,1123.2274323701856,179000000.00000003,0.00039799999999999997,8.66
1.6230223059654236,0.7157758958637715,6.835947692394257e-06,1857.048526406288,147000000.0,0.000917,14.88
1.607608723640442,0.8240484818816186,6.950412511825563e-06,721.6704934835433,310000000.0,0.00206,10.9
1.600922441482544,0.7264613091945649,8.796471118927004e-06,1240.5718788504598,210000000.0,0.00125,14.23
1.6616457760334016,0.6823172897100449,6.302968334406615e-06,2619.825258851051,106000000.00000003,0.0006370000000000001,15.69
1.5782451242208482,0.6949556261301041,8.909133076667787e-06,1436.603508889675,184000000.0,0.00102,14.71
1.592290422320366,0.7297014266252518,6.890810430049897e-06,1351.4476940035818,185000000.0,0.0010399999999999997,13.44
1.3921462118625643,0.602149522304535,5.856423646211625e-06,813.8097375631331,231000000.0,0.00030899999999999987,6.13
1.4109619706869128,0.6039721727371217,3.80715361237526e-06,2831.134527921676,72199999.99999999,0.0001679999999999999,11.45
1.597400200366974,0.6520925134420396,5.661220736801625e-06,2418.3187931776047,102999999.99999999,0.0004740000000000001,14.45
1.476772590726614,0.678049622476101,7.984589636325837e-06,1306.3455671072004,185000000.0,0.0007619999999999999,13.23
1.6137380450963976,0.6441595315933228,6.032642528414727e-06,2451.2922316789623,102999999.99999999,0.000477,14.69
1.5215777568519118,0.6236420273780823,7.972154647111893e-06,1478.253725916147,153999999.99999997,0.0004969999999999999,12.66
1.3985549032688143,0.6062797576189042,8.160236805677414e-06,1979.1004359722135,118000000.00000001,0.000341,13.55
1.6789268016815186,0.8113022133708001,8.968715131282808e-06,823.3101963996886,302000000.0,0.00235,12.88
1.5511985912919046,0.6183969050645829,3.96006390452385e-06,1609.7211576998232,125000000.00000001,0.0002929999999999999,9.19
1.4832972899079324,0.789680027961731,6.189734846353532e-06,602.638155221939,335000000.0,0.00142,8.81
1.6163194566965104,0.7738559916615487,8.880577892065049e-06,934.0463876724242,268000000.0,0.00181,13.32
1.6092034399509432,0.7293113194406033,7.942220926284792e-06,1136.736415326595,216000000.00000003,0.0011999999999999997,13.28
1.2693722426891327,0.7708932906389238,4.120340645313263e-06,778.2613784074782,309000000.0,0.0006370000000000001,4.5
1.2489151597023012,0.5997170627117158,5.827182531356813e-06,1492.2243095934389,131999999.99999999,0.00020200000000000003,9.29
1.619289430975914,0.8400874078273773,2.991168856620789e-06,1308.075815439224,161000000.00000003,0.0010399999999999997,9.570000000000002
1.6998278617858888,0.8858912944793702,2.9688410758972174e-06,1711.4208051934836,136000000.0,0.00118,10.72
1.5331651076674462,0.8416354089975357,6.031200468540192e-06,451.47258043289173,402000000.0,0.00195,7.65
1.3754146724939347,0.6901382267475129,8.896239548921587e-06,1545.4486683011053,168000000.0,0.0007070000000000001,14.52
1.56649758964777,0.6387687206268311,9.417039185762408e-06,2725.5676984786983,106000000.00000003,0.00051,16.38
1.5229021824896336,0.6614977061748505,8.008386909961701e-06,1527.170233428478,162000000.00000003,0.000673,13.73
1.615840020775795,0.871319854259491,3.016687840223313e-06,906.4971953630446,218000000.00000003,0.00121,7.22
1.3565929949283602,0.7114804431796075,2.9860540032386784e-06,2546.0530370473857,87200000.0,0.00033400000000000004,12.27
1.4901392027735711,0.6563248962163926,4.804393976926804e-06,1703.87886185199,129000000.0,0.00042600000000000005,11.84
1.720593184232712,0.7394727364182473,4.180006980895997e-06,2795.0118035078044,94800000.0,0.000701,14.829999999999998
1.3990827083587647,0.7215976037085057,5.138653025031091e-06,1752.5019503664223,138000000.0,0.000613,13.129999999999999
1.6603590846061709,0.6832762822508812,8.45881736278534e-06,2559.244662523269,119000000.0,0.0007399999999999999,16.47
1.5563883841037751,0.712400396168232,6.869443222880365e-06,1658.6309317499397,158000000.0,0.000866,14.27
1.5992962449789048,0.6457555353641511,4.196102350950242e-06,2333.6541205644608,96399999.99999999,0.000363,12.68
1.6023597836494448,0.6893392503261567,2.966247975826264e-06,1681.6616868600247,123000000.00000003,0.00043900000000000005,9.78
1.78746834397316,0.8927674144506456,3.002641916275025e-06,1800.958474166691,132999999.99999997,0.00131,11.17
1.5574871912598611,0.7621279131621123,5.153197437524796e-06,1291.33503139019,181000000.00000003,0.00101,12.03
1.6828980445861819,0.8911634713411332,5.1464419215917596e-06,490.343153476715,386000000.0,0.00225,6.8
1.4748954959213736,0.6502098083496094,5.623238444328309e-06,1694.1484827548263,132999999.99999997,0.0004500000000000001,12.41
1.7407367885112763,0.8034251421689987,3.1196145117282874e-06,2416.7033582925797,102000000.0,0.000855,12.969999999999999
1.2638376116752625,0.5991865754127503,5.8742707669734965e-06,2153.153821825981,97100000.00000001,0.00018499999999999997,11.42
1.5084461079910398,0.6884453773498536,9.003501266241075e-06,1228.6290824413297,203000000.0,0.000967,13.89
1.7320467531681063,0.7586597364395857,4.108844012022019e-06,2605.3670346736903,102000000.0,0.000804,14.52
1.6065537840127946,0.7234380595386029,5.689308881759645e-06,642.1345025300978,322000000.0,0.000976,7.44
1.6551009178161622,0.8142725944519044,5.048085302114488e-06,1253.560550510883,191000000.0,0.00139,12.0
1.314218544960022,0.7638349693268538,3.016739577054978e-06,2387.875869870186,96600000.00000001,0.0004610000000000001,12.42
1.4377593979239465,0.6351213991641999,6.193616099655629e-06,2538.338482379913,96600000.00000001,0.00035899999999999994,14.39
1.487317627295852,0.7250010251998902,7.243312031030656e-06,827.3116797208785,267000000.0,0.0010500000000000002,10.82
1.6217070758342744,0.6882277518510819,7.230448544025422e-06,2132.230617105961,130000000.0,0.0007550000000000001,15.439999999999998
1.4815875582396985,0.7863857232034207,5.124627962708474e-06,942.7923262119292,235000000.00000003,0.00112,10.15
1.5927511721849443,0.7356748558580876,7.321595802903176e-06,1226.657062768936,202000000.0,0.00114,13.28
1.3143107771873475,0.8473472982645035,3.185166329145432e-06,2125.8538886904716,192000000.0,0.000622,5.73
1.5276234894990923,0.803070330619812,7.485853567719461e-06,553.5172969102858,400000000.0,0.00185,8.72
1.339554423093796,0.734415177628398,3.103300094604493e-06,756.6070109605788,260000000.0,0.000534,4.64
1.61935473382473,0.6912499979138375,9.091121762990952e-06,1783.6256041191516,158000000.0,0.000956,15.69
1.4719669662415982,0.6589181363582611,5.610078409314157e-06,1687.8991825506089,134999999.99999997,0.0004799999999999999,12.55
1.5104536794126036,0.6771523118019105,7.494706928730012e-06,1630.6727677583692,155000000.0,0.000692,13.99
1.5403626143932343,0.7175148122012616,9.360839635133744e-06,1170.623034238815,220000000.0,0.0011999999999999997,14.09
1.7244058191776277,0.7454368153586984,8.983581334352495e-06,1408.0029651522634,201000000.0,0.00152,15.1
1.4956383794546129,0.6460239261388779,7.273613125085832e-06,2283.89735519886,112999999.99999999,0.000477,14.87
1.5313299134373666,0.7752711698412896,6.101451497524978e-06,844.1748768091201,263000000.00000003,0.00128,10.43
1.5549863398075106,0.6758555933833122,8.334120959043503e-06,1204.010985791683,200000000.0,0.000877,13.18
1.3011970460414888,0.6988459646701813,9.162186473608019e-06,681.1822503805159,302000000.0,0.0009419999999999999,10.98
1.6573741972446443,0.8868198841810228,3.0072068572044377e-06,1002.5263875722884,199000000.00000003,0.00131,8.05
1.66070471405983,0.7867271974682809,3.7716552615165716e-06,2124.9513253569603,116999999.99999997,0.00087,13.2
1.636689940094948,0.6630348354578018,2.973767757415772e-06,2796.1407899856563,78200000.0,0.00032199999999999986,12.32
1.5170002944767476,0.6966728165745736,1.0092229247093203e-05,1852.7770992368457,158000000.0,0.0008870000000000001,16.01
1.564386521279812,0.6562034994363786,3.985590189695359e-06,2638.2718533277507,87499999.99999997,0.0003569999999999999,13.23
1.568861120939255,0.7596420966088773,9.025020241737368e-06,763.2637321949004,305000000.0,0.00175,12.4
1.3837346434593203,0.8381318718194962,4.342612713575364e-06,756.6776424646376,271000000.0,0.00118,8.08
1.4808257125318052,0.6764750763773919,5.925572738051415e-06,902.4672508239745,224999999.99999997,0.000648,9.47
1.670427989959717,0.6053782314062119,2.946748614311219e-06,1688.5565146803854,113999999.99999999,0.0002359999999999999,7.59
1.7046242058277132,0.8968127846717835,2.989577531814576e-06,1093.7104672193525,186000000.0,0.00139,8.63
1.3665339499711993,0.7018797174096109,3.045990705490113e-06,1503.6382265388963,133999999.99999997,0.00038400000000000006,9.14
1.5301612682640553,0.7611259594559671,6.036315426230432e-06,1029.5801907777784,223999999.99999997,0.00113,11.41
1.7708302795886994,0.758828354626894,8.032028555870058e-06,1574.230335652828,185000000.0,0.00152,15.07
1.4367292061448098,0.6211588561534882,4.522267818450929e-06,2805.9929162263866,79799999.99999999,0.00023900000000000006,12.969999999999999
1.3903301507234576,0.7019529193639756,3.3232869803905493e-06,2469.303041696548,91000000.0,0.000354,12.49
1.472582356631756,0.6531695008277894,8.523320049047472e-06,510.26630401611317,392000000.0,0.000906,7.76
1.3915309667587281,0.6693825960159302,8.204762607812883e-06,1231.2275469303129,188999999.99999997,0.0006519999999999998,12.67
1.515114462375641,0.9155613720417024,8.509724944829941e-06,277.46844291687,805000000.0,0.00229,0.5899999999999996
1.5625623732805254,0.6361494541168213,6.009291276335717e-06,2213.6766761541367,109000000.00000001,0.00043399999999999987,13.94
1.4006327390670779,0.6033316433429718,6.107693843543531e-06,1392.6960080862043,146000000.0,0.0002980000000000001,10.07
1.4078982889652254,0.6449427098035813,6.507404625415803e-06,1988.977577537298,119000000.0,0.0004119999999999999,13.56
1.6456946074962617,0.6094252645969391,7.372190043330194e-06,1300.4288747906683,168999999.99999997,0.0005349999999999999,11.73
1.5194040544331076,0.704321238398552,6.530981365591289e-06,1319.09604370594,181000000.00000003,0.0008020000000000001,12.67
1.3806478679180147,0.6029327362775803,3.945127606391907e-06,2065.5087307095528,96200000.0,0.0001860000000000001,9.64
1.5616448163986207,0.7643129937350751,6.1243069469928755e-06,1153.9728119969366,206999999.99999997,0.00117,12.21
1.4792478181421758,0.6035869807004929,3.0024504065513616e-06,706.4440399408339,246000000.0,0.000198,0.6199999999999998
1.589211130142212,0.6351156949996949,4.255167663097382e-06,1786.9573966599999,118000000.00000001,0.00035600000000000003,10.94
1.2563045024871828,0.6015929728746414,7.685236364603044e-06,2503.693506121635,91100000.0,0.00021500000000000005,13.579999999999998
1.4277121111750604,0.7184572152793408,5.171949431300164e-06,1981.1365492641924,126000000.00000001,0.0005989999999999999,13.73
1.3342145383358004,0.7700451962649822,4.315691202878953e-06,752.8899908065795,308000000.0,0.0007250000000000001,5.250000000000001
1.5000381868332626,0.6743667215108872,7.057201400399209e-06,608.4443926811217,323000000.0,0.0007959999999999999,7.9
1.737030351161957,0.6074919372797013,2.955321907997132e-06,2154.6500101685524,93800000.00000001,0.0002559999999999999,9.45
1.4204116970300675,0.69348374158144,3.401054114103318e-06,1483.5902228951452,137000000.0,0.0004119999999999999,9.58
1.6304139196872713,0.7111682295799256,4.0323460996150975e-06,2831.4871639013286,89399999.99999997,0.0005409999999999999,14.53
1.6193197131156922,0.7901830404996872,3.9822721481323245e-06,1751.930620637722,137000000.0,0.0009369999999999999,12.54
1.617844605445862,0.6435536205768586,5.810460582375527e-06,2845.8591848611827,91500000.0,0.0004409999999999998,15.13
1.3882567137479784,0.7504211807856337,4.072915494441987e-06,1365.9410849213598,161000000.00000003,0.000673,10.99
1.4556616008281709,0.8007773235440255,2.975378274917603e-06,1907.3734544217584,119000000.0,0.0006980000000000002,11.54
1.2600945353507997,0.6760090336203576,8.583053767681123e-06,1654.4462852180002,152999999.99999997,0.000532,14.189999999999998
1.4405052289366724,0.7379092656075955,3.818463325500489e-06,1515.9093514084814,144000000.00000003,0.000604,11.14
1.5547032862901689,0.6845109835267068,4.201054066419602e-06,2534.746184945106,94800000.0,0.00045600000000000013,13.8
1.3633703649044038,0.6909591257572175,3.1226285994052892e-06,2528.623521327972,86499999.99999999,0.0002959999999999998,12.11
1.5456700131297112,0.6082839667797089,3.896380037069321e-06,1692.960739135742,118000000.00000001,0.0002599999999999999,9.06
1.6932828783988954,0.7527592403814197,5.05004619061947e-06,1842.2129582613704,139000000.0,0.000969,13.81
1.7147072017192841,0.715744672715664,7.822464138269426e-06,1856.0456968843935,155000000.0,0.00109,15.51
1.4074901193380358,0.6397816210985184,7.867741480469705e-06,879.1838884353637,230000000.0,0.0005129999999999999,9.29
1.6088500410318376,0.6471653938293458,7.00372038036585e-06,2095.5621004104614,122000000.00000004,0.000561,14.61
1.3727492541074755,0.7008111253380777,3.074516892433167e-06,1696.1452290415762,121000000.0,0.000374,9.91
1.3603422582149507,0.6620184749364854,7.61236482858658e-06,2137.9639878869057,121000000.0,0.0004669999999999999,14.71
1.6616625845432282,0.6771362990140916,5.691911734640599e-06,2760.0156068801875,97600000.00000001,0.0005660000000000001,15.439999999999998
1.4889104750007391,0.7807072408497334,6.4105041213333616e-06,579.8100233078002,346000000.0,0.0014099999999999998,8.7
1.6711608946323395,0.8162298157811165,2.9774777889251715e-06,2012.2121572494505,115999999.99999997,0.0008839999999999999,11.87
1.5205820292234422,0.6890391290187836,4.576000273227692e-06,2385.5255097150803,102000000.0,0.0004830000000000001,13.89
1.6305568009614946,0.8857266783714295,5.833004698157312e-06,796.3101118803023,290000000.0,0.0023,10.32
1.4879590183496476,0.7691019773483277,4.690071225166321e-06,1244.1020756959913,182000000.0,0.0009310000000000001,11.36
1.6696391701698305,0.8749827951192857,3.0334864556789405e-06,1430.550768971443,152999999.99999997,0.00121,10.15
1.3191730320453645,0.6012793779373169,6.729530766606332e-06,1487.3093105852602,138000000.0,0.0002669999999999999,10.55
1.4366212114691737,0.7383164461702109,8.381844222545625e-06,748.4437078237532,298000000.0,0.0012899999999999997,11.4
1.5480289086699488,0.6378792464733124,7.792169719934464e-06,909.3520343303679,229000000.0,0.000644,10.180000000000001
1.3396192073822022,0.6080894529819489,4.976912111043931e-06,646.5442031621932,293000000.0,0.0002819999999999999,2.9599999999999995
1.2311568796634675,0.5976646006107331,8.257076472043993e-06,501.35883688926685,355000000.0,0.00030500000000000004,3.9999999999999996
1.6283605098724367,0.8179493710398674,5.989956252276898e-06,1048.3146011829374,229000000.0,0.00167,12.0
1.5057278132066132,0.6832583159208299,7.2486787885427485e-06,530.6992232799529,379000000.0,0.000894,7.0
1.2738470792770387,0.5982684910297394,2.9896609783172613e-06,2497.173279523849,74999999.99999999,0.00010399999999999993,8.42
1.550801356136799,0.7693744227290155,4.574256241321565e-06,1412.8925949335096,164000000.0,0.0009419999999999999,12.04
1.609281975030899,0.7294666171073915,5.848721429705621e-06,495.276778936386,375000000.0,0.00111,6.789999999999999
1.4808242887258531,0.8002513602375985,3.930901020765305e-06,1361.7669343948362,166000000.0,0.000923,10.98
1.4569922357797624,0.6863652750849725,5.257684558629991e-06,2082.4659168720245,116999999.99999997,0.0005059999999999999,13.71
1.2962302923202516,0.6310499221086503,9.084333389997483e-06,1211.0390067100523,181000000.00000003,0.00043999999999999996,11.8
1.5757787793874742,0.7179713934659958,6.709807038307191e-06,1658.6803477257488,158000000.0,0.000901,14.24
1.3419450223445895,0.5992196559906007,6.663207564502955e-06,1870.5327641218898,113999999.99999999,0.000251,11.81
1.4120072633028031,0.6968267932534219,7.959004834294321e-06,775.7561206817626,279000000.0,0.0009220000000000002,10.54
1.4312310174107552,0.7147817060351372,3.0093017816543585e-06,2283.2764610648155,96200000.0,0.00039000000000000016,11.77
1.5598100289702417,0.7255157232284547,2.9585971832275397e-06,2099.8225659132004,105000000.00000003,0.0004969999999999999,11.53
1.65453919172287,0.8969207435846329,6.272978730499746e-06,506.7857652902602,400000000.0,0.0026,7.98
1.5432602137327196,0.7614402629435063,8.443916946649552e-06,816.7934715747832,284000000.0,0.0015900000000000003,12.37
1.5398572951555254,0.6990696072578431,3.6775000691413885e-06,2363.6126071214676,97899999.99999999,0.00046500000000000014,12.98
1.5892788469791415,0.649402803182602,6.974598385393621e-06,2757.9164057970042,99400000.00000001,0.000499,15.71
1.5390115410089493,0.6253287255764008,5.0640227496624005e-06,1218.7156006693838,167000000.0,0.000391,9.2
1.5278744995594027,0.8747669756412507,8.113168597221375e-06,509.6537172794341,415000000.0,0.00271,9.77
1.2803730547428132,0.7515395914670081,3.2621891200542455e-06,703.6470919847487,298000000.0,0.0005440000000000001,3.51
1.6154819637537003,0.6285124361515045,8.480324238538743e-06,1818.0965092033146,139000000.0,0.000574,14.349999999999998
1.6356500744819642,0.8201159700751305,2.954923033714295e-06,2011.1652202904222,115999999.99999997,0.0008539999999999998,11.61
1.315309989452362,0.6006771504878998,9.587555438280107e-06,1674.231460317969,134999999.99999997,0.00033400000000000004,13.0
1.4229858219623568,0.5997876405715943,2.986729502677918e-06,2417.7063554525375,79200000.0,0.00014299999999999998,8.960000000000003
1.4952661614865066,0.786934407055378,6.053940057754517e-06,607.6361536979674,331000000.0,0.00137,8.65
1.686308777332306,0.674649265408516,7.519764453172685e-06,2810.4643076658244,106000000.00000003,0.000657,16.42
1.3737888872623445,0.8363025337457658,4.65796184539795e-06,503.89203429222096,389000000.0,0.00131,5.51
1.4176531523466112,0.6012685418128968,6.545240782201291e-06,1673.2681933790443,127000000.00000001,0.00029999999999999987,11.57
1.4108587235212326,0.7994427010416986,7.501020491123201e-06,620.9737360477446,347000000.0,0.00162,10.050000000000002
1.7002662599086762,0.776943614333868,6.002478390932084e-06,1568.6613805592058,168000000.0,0.00128,13.899999999999999
1.455113473534584,0.8021050661802293,4.132589548826219e-06,1228.575102984905,182000000.0,0.000969,10.71
1.5622181564569475,0.725771013647318,3.921229779720307e-06,2666.9740229845042,93900000.0,0.0005560000000000001,14.23
1.524176772683859,0.6916171699762345,5.837721511721612e-06,813.4208917617797,251000000.0,0.0007499999999999999,8.94
1.577588349580765,0.6761636003851891,8.462403267621995e-06,1125.616945326328,211000000.0,0.0009289999999999998,12.98
1.3159605681896211,0.6010827541351319,6.878752931952477e-06,804.8979490995406,232999999.99999997,0.000301,6.74
1.623408517241478,0.6234633833169938,7.403689116239549e-06,1696.6297496110199,141000000.00000003,0.000543,13.419999999999998
1.3008922934532168,0.6029344975948334,3.936845123767854e-06,2332.0373818278313,85100000.00000003,0.00015499999999999986,10.050000000000002
1.5164238810539248,0.6227326691150665,3.645778506994248e-06,2243.5602098703384,92099999.99999999,0.00024199999999999997,10.8
1.2929120957851412,0.6026781231164933,3.940739989280701e-06,2153.3923894166946,91400000.00000001,0.00015800000000000002,9.55
1.4637153871357442,0.6143524736166001,5.76235779374838e-06,1120.7628548145292,179000000.00000003,0.00036200000000000007,8.89
1.4672259852290155,0.6535025864839554,8.301058411598206e-06,723.2539653778075,287000000.0,0.000756,9.48
1.4762460775673392,0.720854725688696,5.543285638093949e-06,1019.934445619583,212000000.0,0.0008,10.45
1.6071415901184083,0.6919584050774575,9.856701493263246e-06,2243.650548160076,139000000.0,0.000857,16.51
1.5786224752664568,0.6108257085084916,7.067472100257875e-06,1010.6857419013976,202000000.0,0.00049,9.67
1.4034991890192032,0.6031091094017029,6.200515482574702e-06,2488.90171945095,90600000.0,0.000251,13.27
1.264658421278,0.6021406084299088,7.4953590631485e-06,2881.3205957412715,81699999.99999999,0.00020499999999999994,14.18
1.7873762011528016,0.6989639148116112,9.151185929775239e-06,2769.000560045242,122000000.00000004,0.000916,17.11
1.4067673534154894,0.6702381670475007,5.94935916364193e-06,699.9919861555098,274000000.0,0.0005999999999999997,7.68
1.5262489244341853,0.6243720531463623,5.418962866067887e-06,1408.7648615241048,149000000.0,0.00039399999999999993,10.57
1.5393696114420892,0.8154773935675622,4.019865214824677e-06,1346.704989671707,169999999.99999997,0.00106,11.15
1.6284218430519106,0.6903264775872231,8.172162145376206e-06,2252.818338572979,130000000.0,0.000791,16.04
1.310579162836075,0.6021623075008393,9.660228788852693e-06,1391.3456648588178,156000000.0,0.000354,12.07
1.5505419328808785,0.8168621554970742,2.990096986293793e-06,1910.2137088775632,124000000.00000003,0.000787,10.86
1.5794861912727358,0.8105159059166909,7.918633207678797e-06,712.5754207372664,319000000.0,0.00207,11.55
1.7729396581649781,0.7984323531389237,6.732553876936437e-06,1423.6475080251691,191000000.0,0.00167,14.05
1.3878217577934266,0.7776974290609361,4.078206211328507e-06,1131.2086060643194,191000000.0,0.0008080000000000001,9.91
1.2653633415699006,0.6843808740377427,9.053718954324724e-06,1837.5703431665895,148000000.0,0.000558,14.88
1.4048094034194947,0.7723097629845143,3.955754935741425e-06,1249.1763308644292,175000000.0,0.0007680000000000001,10.33
1.218016791343689,0.6000564694404602,3.916245728731156e-06,1768.7257723882792,107000000.00000001,0.00014000000000000007,7.93
1.4511912837624552,0.7118085443973542,2.975255191326142e-06,1112.7846240997312,174000000.0,0.00045999999999999996,7.3
1.5044268915429713,0.7782063491642476,4.866542324423791e-06,632.0593804121016,322000000.0,0.00109,7.04
1.6240968614816667,0.8820644438266755,8.021108955144884e-06,507.92831182479847,419000000.0,0.00301,9.81
1.5226573325693609,0.7606702510267497,6.279736436903477e-06,825.7712721824645,267000000.0,0.00119,10.3
1.4978759028017523,0.6895719140768052,6.9156205356121075e-06,1291.3877815008161,183000000.0,0.000752,12.62
1.5121228359639647,0.6949868828058243,7.4811155796051035e-06,922.0092296600341,240000000.0,0.0009070000000000001,11.32
1.4648949131369593,0.6138380438089371,5.765420697629453e-06,1216.3619622588155,167000000.0,0.00035600000000000003,9.42
1.5914448469877245,0.6281444907188416,6.384684925898911e-06,2909.0362340211864,89500000.00000001,0.00039500000000000006,15.23
1.5263420931994915,0.7951565265655518,6.138254508376122e-06,691.6951686143874,306000000.0,0.00151,9.64
1.1856373071670534,0.6593434095382691,9.51838392019272e-06,1187.652304768562,191000000.0,0.0005149999999999999,12.91
1.79279882311821,0.7466018289327622,8.873429030179979e-06,1680.9922754764555,182000000.0,0.00152,15.69
1.5225166998803616,0.8318902641534806,2.9499905109405524e-06,1060.4688078165052,188999999.99999997,0.0009509999999999998,8.14
1.3901426374912262,0.7560692628845573,4.211398512125016e-06,929.7134280204772,223000000.0,0.0007529999999999999,8.6
1.7282798051834107,0.7925018146634103,5.915719583630563e-06,1539.8209095001218,171999999.99999997,0.0014,13.82
1.4301916837692261,0.6752111032605171,9.578359216451646e-06,2268.7154188752174,129000000.0,0.000604,15.94
1.5115437626838686,0.7701016344130039,4.034732252359391e-06,1572.6238414645193,146000000.0,0.0008099999999999998,11.96
1.4300654008984568,0.8910153687000275,3.2531896233558663e-06,1792.6411861553786,229000000.0,0.000866,4.46
1.6174977689981462,0.7474871478974819,5.080941319465638e-06,1526.2732766568658,157000000.0,0.0009369999999999999,12.85
1.2969987273216248,0.6823842331767083,8.600420236587525e-06,1692.141738720238,152999999.99999997,0.000573,14.42
1.6319596230983735,0.6149372220039369,7.971945926547051e-06,1894.4263383746145,130000000.0,0.0005129999999999999,14.09
1.1838378667831422,0.855863106250763,1.0368594050407411e-05,431.84000253677357,916999999.9999999,0.00186,0.6100000000000004
1.2265919208526612,0.6452730774879456,9.00156530737877e-06,2331.7852541804314,112999999.99999999,0.00037300000000000007,15.309999999999999
1.5926401287317278,0.7844135731458665,5.456491053104402e-06,1268.3645933866499,189999999.99999997,0.00121,12.34
1.387095817923546,0.7891724288463593,4.313289821147919e-06,712.5393599271773,310000000.0,0.0008799999999999999,5.82
1.6431651949882509,0.751306055719033,3.0801307559013373e-06,2929.3755739927287,83900000.0,0.0005809999999999999,13.8
1.5946583122015001,0.777263554930687,6.0723372735083115e-06,1273.6283913254736,194000000.0,0.00126,12.88
1.4278123140335084,0.6453265875577927,5.950681060552598e-06,1769.9211202561853,128000000.0,0.0004139999999999999,12.66
1.4659146197140218,0.7254450604319573,5.207901522517205e-06,1958.954196423292,129000000.0,0.000658,13.81
1.5747944355010988,0.7923020124435426,3.0134570002555853e-06,2456.8935781717296,98799999.99999999,0.000704,12.93
1.2271431863307953,0.600676828622818,3.869727432727815e-06,1965.19536152482,97500000.00000001,0.00013800000000000005,8.58
1.5362765461206438,0.7284598834812642,2.9450175166130073e-06,2479.4259965419765,91900000.00000001,0.0004720000000000001,12.47
1.417980882525444,0.632791703939438,3.6740497648715977e-06,838.6971354484557,225999999.99999997,0.00029400000000000004,4.12
1.4149212688207629,0.7340979382395745,3.0085634887218482e-06,1922.2314581274984,111999999.99999999,0.000455,10.99
1.536159981787205,0.8793159127235414,3.828407645225525e-06,721.852734684944,280000000.0,0.0014399999999999999,6.88
1.4500999107956887,0.7398829858750106,9.956247746944429e-06,991.31341278553,256000000.0,0.00137,13.85
1.4980532314628363,0.80175970941782,4.903983101248742e-06,1058.4366619586942,214000000.00000003,0.00117,10.76
1.3812365502119066,0.6830109626054764,4.398980826139451e-06,645.4775035381316,309000000.0,0.0004939999999999999,4.33
1.6893271923065187,0.9067136764526368,3.0121475160121925e-06,2309.515431523323,247000000.0,0.00102,3.1699999999999995
1.3456915676593781,0.773198363184929,3.96136087179184e-06,1760.6589216738937,305000000.0,0.000493,1.6800000000000004
1.4707104384899141,0.695638731122017,9.225563675165177e-06,1927.9249869287012,148000000.0,0.0007529999999999999,15.55
1.4476472809910776,0.8206492602825165,5.032372117042542e-06,730.3398400545119,286000000.0,0.0013199999999999998,8.72
1.6131258845329286,0.8175771921873093,5.923467017710209e-06,727.2686362266539,299000000.0,0.00184,10.0
1.2995842695236208,0.6516396135091782,8.547379970550539e-06,1127.2960826754568,195000000.0,0.000505,11.47
1.5454432770609856,0.6311798572540284,8.318784534931185e-06,1008.9370906352996,213000000.0,0.000626,10.96
1.5987230122089386,0.8840108692646027,4.172584414482118e-06,477.1048128604888,373000000.0,0.00172,5.22
1.678881257772446,0.7819624587893487,7.899036839604379e-06,1054.4304102659223,240000000.0,0.00177,13.41
1.3637592762708666,0.6070319026708604,8.498240411281586e-06,2495.366513729095,98899999.99999997,0.00031100000000000013,14.69
1.3719947308301927,0.7361111283302307,4.048611491918565e-06,1323.7886801362035,163000000.0,0.0006010000000000002,10.56
1.64835262298584,0.6838050127029419,7.3384595066308985e-06,2520.713463425636,114999999.99999997,0.0006999999999999999,16.07
1.3059827864170075,0.7739688366651536,2.909327864646912e-06,1023.8857865333556,192000000.0,0.0005689999999999998,7.24
1.5046193210408092,0.7699015326797963,5.2359867990016945e-06,693.3841407299041,300000000.0,0.0010699999999999998,8.02
1.512049262970686,0.7175073690712452,4.2118441164493565e-06,2445.737153291702,101000000.0,0.000539,13.98
1.2452871322631838,0.7610258303582669,3.0129669606685646e-06,1415.0557965040205,145000000.0,0.0004740000000000001,9.29
1.6168755501508714,0.7301721386611463,6.995515033602716e-06,541.5237247943877,375000000.0,0.00127,8.02
1.217418158054352,0.6740283161401749,9.08963516354561e-06,1307.1743324398992,182000000.0,0.0005769999999999999,13.5
1.355962309241295,0.6768496066331864,9.319059222936632e-06,498.2810020446776,393000000.0,0.0009679999999999999,8.79
1.5469668835401535,0.6176928520202637,6.709125488996507e-06,1397.3870426416395,155000000.0,0.00045099999999999996,11.57
1.372159543633461,0.6882029861211777,8.385510861873627e-06,1411.8291363120077,176000000.0,0.000701,13.83
1.4322579950094225,0.7818650163710118,3.882502257823945e-06,1163.2230803370473,186999999.99999997,0.0008059999999999999,9.52
1.4344465166330338,0.7490461887326092,7.2092778533697135e-06,616.482451558113,335000000.0,0.00122,9.4
1.2408557832241058,0.5995299518108368,9.65922972559929e-06,1576.3541422784326,138000000.0,0.00029200000000000005,12.38
1.6833458125591279,0.668291974067688,2.9591228961944587e-06,1583.3441093564031,128000000.0,0.0004210000000000001,9.11
1.3354579567909242,0.7095418542623521,8.179739087820055e-06,614.8373633623122,336000000.0,0.00101,9.55
1.34128115773201,0.7054397732019425,8.681883215904237e-06,1023.6234515905379,230000000.0,0.000917,12.87
1.429706870019436,0.6170230060815811,6.867677755653859e-06,2700.996577739715,91400000.00000001,0.0003149999999999999,14.59
1.6892167031764986,0.9114198625087739,6.5454312749207026e-06,825.8889913558959,460000000.0,0.00249,5.98
1.4101935982704163,0.6828186392784119,8.687966674566271e-06,1977.3722179234026,139000000.0,0.0006079999999999998,15.149999999999999
1.4607542887330056,0.6916244611144067,8.697287023067475e-06,1750.660055375192,153999999.99999997,0.0007349999999999999,14.98
1.687004238367081,0.6571316152811051,1.010795307159424e-05,2687.6286715269084,115999999.99999997,0.0006840000000000003,16.88
1.4932837368920446,0.6224773049354554,5.521341711282731e-06,1009.9672824144362,196000000.00000003,0.0003990000000000001,8.3
1.6940226137638092,0.7816320307552815,3.901850372552873e-06,2208.426848053932,114999999.99999997,0.000886,13.56
1.629278549551964,0.8559878736734391,2.9764626622200016e-06,1255.6710764765737,166000000.0,0.00111,9.34
1.4847584143280985,0.6298464685678483,5.120826765894891e-06,1680.7815311476586,127000000.00000001,0.000354,11.36
1.287526684999466,0.6835294514894487,8.494381427764894e-06,1502.7906112372873,166000000.0,0.0006010000000000002,13.94
1.3221125543117525,0.6614007800817491,5.124724552035333e-06,714.4719660282134,266000000.0,0.0004249999999999999,6.0
1.4282781019806863,0.7411960311233998,4.9190092086792e-06,1036.8919670581815,206999999.99999997,0.0007900000000000001,10.08
1.7325804591178895,0.7334891550242901,5.988090753555299e-06,2309.72158908844,125000000.00000001,0.000935,15.39
1.7369792997837068,0.6908990040421487,6.278763502836228e-06,2892.7088081836696,99799999.99999999,0.0006720000000000001,16.16
1.6265501260757447,0.7283997841179372,2.9578928947448735e-06,1717.700389679521,125000000.00000001,0.000583,10.41
1.3542649984359743,0.6638010263442994,8.222896575927736e-06,1436.537943780422,165000000.0,0.0005530000000000001,13.129999999999999
1.6880397856235505,0.7518916555680335,9.85530960559845e-06,1199.5693221688268,230000000.0,0.00173,14.95
1.4292183950543405,0.6003317713737488,3.064518332481385e-06,2828.1615227460857,68499999.99999999,0.00013800000000000005,10.03
1.5086406910791994,0.728525222092867,8.399141222238543e-06,499.7034668922423,401000000.0,0.0014399999999999999,9.12
1.3926326125860216,0.6043169617652894,5.746095165610314e-06,1004.104122519493,191000000.0,0.000299,7.59
1.4864051431417467,0.6295710593461991,8.056471288204194e-06,1410.266302525997,160000000.00000003,0.0005000000000000001,12.44
1.3001615166664124,0.7022461876273156,9.831965446472169e-06,486.3667786121367,403000000.0,0.00111,9.63
1.4677583411335946,0.8244444206357003,6.63872553408146e-06,1676.417516544461,479000000.0,0.00117,2.8300000000000005
1.452417178452015,0.7914613142609597,3.713583797216416e-06,1233.8975369930265,376000000.0,0.0007619999999999999,1.6099999999999999
1.398574233055115,0.59923694729805,3.028981804847718e-06,1092.798665165901,162000000.00000003,0.00016200000000000006,3.52
1.4000453799963,0.6045069068670273,8.50021579861641e-06,1776.1215842328963,129000000.0,0.0003550000000000001,13.129999999999999
1.603972551226616,0.6955751135945321,1.0053054034709932e-05,2037.5050529837606,149999999.99999997,0.000939,16.42
1.3766066998243334,0.8340032011270524,4.041657686233521e-06,822.3801404237746,250000000.0,0.0010699999999999998,8.11
1.6950180351734163,0.8047183558344841,5.04420180618763e-06,1439.1301684081552,171999999.99999997,0.0013199999999999998,12.75
1.2492581248283388,0.7345985714346172,9.994301438331605e-06,675.1372218132018,323000000.0,0.00122,12.0
1.747188073396683,0.606972759962082,3.0412999689579014e-06,1097.3572283983228,170999999.99999997,0.00029200000000000005,4.99
1.6413998007774355,0.641994819045067,4.119699984788896e-06,1677.173154428601,125000000.00000001,0.00040899999999999997,10.82
1.48995408564806,0.7199773371219635,4.992979526519776e-06,2193.5237124562263,115999999.99999997,0.0006119999999999999,14.14
1.2262284994125368,0.6505027055740357,9.550150543451311e-06,2603.0321717262264,108000000.00000001,0.000376,16.0
1.689802408218384,0.8598920434713364,7.2383164018392575e-06,803.7945181131362,303000000.0,0.00249,11.46
1.7188784658908844,0.6920027732849122,9.0867637693882e-06,2081.2842547893524,145000000.0,0.000985,16.31
1.6268054723739624,0.6213397711515427,8.604095846414567e-06,1722.4595341831443,144000000.00000003,0.0005710000000000001,14.059999999999999
1.6667825639247895,0.6540361136198044,6.00485958904028e-06,2926.6849458217616,91900000.00000001,0.000495,15.56
1.3745057791471482,0.6488973319530488,7.086768530309201e-06,2409.988150000572,106000000.00000003,0.00040600000000000006,14.82
1.6327405750751496,0.7401928234845401,5.064928457140923e-06,2109.465144574642,125000000.00000001,0.000829,14.34
1.4790919348597529,0.6793006718158723,6.753224723041058e-06,1554.8933036625383,156000000.0,0.0006429999999999999,13.27
1.6089782416820528,0.7045835316181184,8.243542701005937e-06,1019.2140489816665,230000000.0,0.00111,12.69
1.6221172481775286,0.6368538111448289,5.832693547010422e-06,2922.9822307825084,88700000.0,0.00041500000000000006,15.13
1.128551745414734,0.8115824148058892,9.43317273259163e-06,765.027955174446,691000000.0,0.00137,2.86
1.3826009899377825,0.7831741601228714,3.996234416961671e-06,954.2322456836699,220000000.0,0.00082,8.55
1.6358291208744051,0.659701904654503,5.856266975402833e-06,2752.0902007818217,96300000.0,0.0005090000000000001,15.3
1.4129110693931581,0.6035877406597138,5.664073564112187e-06,2510.306119918823,88200000.0,0.00023799999999999993,12.9
1.491564390063286,0.7087995037436486,6.399986198171974e-06,1495.3096136450765,165000000.0,0.000763,13.27
1.2863917529582978,0.8316440731287004,8.891692757606508e-06,521.1009383201598,449000000.0,0.00186,8.99
1.3290915906429293,0.8623843967914582,3.063782751560212e-06,2352.455884218216,242000000.0,0.000667,2.42
1.5760170668363573,0.8590081572532654,2.9932817220687873e-06,916.7915135622023,216000000.00000003,0.00112,7.25
1.6359019786119462,0.736879251524806,5.850765921175481e-06,1551.13273486495,161000000.00000003,0.000985,13.5
1.4083336740732195,0.8428288042545319,3.761948764324189e-06,746.4684098958968,281000000.0,0.00103,5.89
1.722256100177765,0.7329293243587017,5.9179304987192165e-06,2315.558336675167,124000000.00000003,0.000917,15.35
1.4427780255675318,0.6719769358634949,3.2800623178482062e-06,1949.1623453795908,107000000.00000001,0.0003259999999999999,10.56
1.740735286474228,0.7733615510165692,3.1306092143058783e-06,2815.2649402618404,89000000.00000001,0.0007200000000000002,13.71
1.254485535621643,0.7615659892559052,2.9852041006088264e-06,1228.5369560122488,164000000.0,0.0004889999999999999,8.32
1.762019205093384,0.7430331816896797,7.5217564254999175e-06,1848.0667211115358,160000000.00000003,0.00126,15.39
1.591710412502289,0.7582409156486393,9.003094255924226e-06,1028.7276953458784,248000000.0,0.00158,13.7
1.3599999368190767,0.6636520832777024,8.097329616546631e-06,1868.6573226004837,136000000.0,0.0005059999999999999,14.34
1.2273122727870942,0.6460675567388535,8.918681025505068e-06,2250.809960067272,115999999.99999997,0.00038,15.16
1.3820932745933534,0.6483394235372544,3.187578350305558e-06,1024.3147909641264,183000000.0,0.0002760000000000001,5.15
1.331022995710373,0.8115189135074616,3.0186882615089424e-06,1117.556646466255,184000000.0,0.000714,8.16
1.3795145988464357,0.7051355883479119,9.44365778565407e-06,487.01870441436756,406000000.0,0.00124,9.59
1.2865783274173739,0.6569369047880174,8.465117365121842e-06,1128.0742958188055,196000000.00000003,0.0005189999999999999,11.59
1.437047861516476,0.7882443264126778,8.965416073799134e-06,1542.3531569540498,479000000.0,0.00115,4.84
1.4184497058391572,0.616657054424286,3.5176466107368474e-06,629.6573877334594,288000000.0,0.0002520000000000001,1.1199999999999999
1.5894276022911074,0.6973155364394189,9.046441167593003e-06,1423.836790025234,186999999.99999997,0.00106,14.76
1.3682645559310915,0.6355228185653687,8.77855119109154e-06,729.448452591896,277000000.0,0.0005149999999999999,8.27
1.4985364073887468,0.7282374456524849,7.026755526661874e-06,828.4379094839095,266000000.0,0.0010500000000000002,10.67
1.451326668262482,0.7019567906856538,8.86091184616089e-06,1015.034794807434,232999999.99999997,0.00103,13.03
1.4094729334115983,0.60394606590271,5.65717525035143e-06,2605.111479759216,85700000.00000001,0.00023500000000000002,13.08
1.6018375486135483,0.8802971363067628,3.1298287808895115e-06,638.389617204666,307000000.0,0.00131,4.45
1.3578082323074343,0.6335248231887818,7.47858339548111e-06,2355.0000339746475,106000000.00000003,0.00036800000000000016,14.59
1.2483091413974763,0.7255974389612675,3.866770088672639e-06,712.4757319688796,301000000.0,0.000495,4.09
1.449556687474251,0.8162979751825333,5.112354442477227e-06,714.2900228500365,291000000.0,0.00131,8.65
1.320634549856186,0.6692067325115204,4.028783559799195e-06,832.1160376071929,230000000.0,0.000365,5.6
1.5106015987694266,0.7056995406746865,6.265284702181817e-06,931.1107099056243,232000000.0,0.0008319999999999998,10.4
1.3458173274993899,0.6898757189512253,4.2850298285484325e-06,828.4043818712233,235000000.00000003,0.00048100000000000004,6.77
1.2114439845085145,0.6044947385787964,2.93627941608429e-06,760.2489292621611,214000000.00000003,0.0001200000000000001,0.21000000000000005
1.6242207884788515,0.6927961438894272,9.315418452024462e-06,2167.432077229023,140000000.0,0.00087,16.29
1.7280196845531466,0.7956494450569154,8.923704713582994e-06,976.9509285688399,264000000.00000003,0.00216,13.71
1.4337529376149178,0.6679832071065903,3.0844745635986334e-06,2879.93448972702,75900000.0,0.0002559999999999999,12.45
1.6881940841674805,0.6022257685661316,3.084922462701798e-06,929.3774068355559,200000000.0,0.0002599999999999999,3.2699999999999996
1.534860621392727,0.7370585426688195,4.087313771247865e-06,2433.8576495647426,102999999.99999999,0.0006100000000000001,14.01
1.6485258579254152,0.8725193649530412,4.707613766193391e-06,941.6467994451522,240000000.0,0.00183,10.050000000000002
1.2684271931648257,0.6044379383325578,4.002090901136399e-06,840.5719250440596,220000000.0,0.00018499999999999997,2.849999999999999
1.461576519906521,0.6394143730401993,4.238668829202653e-06,2345.432072877884,93199999.99999997,0.0002819999999999999,12.19
1.479042273759842,0.9083035469055176,8.378847032785417e-06,419.2020297050475,782000000.0,0.00219,1.0899999999999999
1.787135285139084,0.9061819016933442,4.827157452702523e-06,1038.8001352548597,231000000.0,0.00225,10.92
1.6234868913888933,0.6664860427379609,6.532542414963246e-06,2404.2398780584335,111000000.0,0.000592,15.29
1.3342517852783204,0.6009773075580598,7.615035012364389e-06,2056.8500757217407,109000000.00000001,0.000268,12.94
1.6730794072151185,0.8497611075639725,4.4671522378921515e-06,1161.4350154995916,199000000.00000003,0.00154,10.93
1.3879474014043809,0.6583034276962281,8.003766268491746e-06,1923.433907330036,131999999.99999999,0.0004979999999999999,14.379999999999999
1.5637904897332193,0.6930025666952134,7.871036991477013e-06,1001.9402503967284,228000000.0,0.0009679999999999999,12.15
1.5706445306539536,0.6055096328258515,2.997681856155396e-06,1476.7999686300752,126000000.00000001,0.00021000000000000012,6.45
1.482367991656065,0.6319236427545548,5.339259460568429e-06,2523.695111274719,92900000.0,0.0003290000000000001,13.71
1.548644667863846,0.7318410404026509,4.889754638075829e-06,2235.7882484793663,115999999.99999997,0.0006900000000000001,14.31
1.4711561769247057,0.8334822088479996,5.075626194477082e-06,625.6524771451949,326000000.0,0.0014999999999999998,7.799999999999999
1.6006387263536455,0.8661892265081407,4.953492432832719e-06,722.7714657783507,297000000.0,0.00191,8.79
1.5210842438042165,0.7597791329026223,4.7471857666969305e-06,1332.7342197299001,171999999.99999997,0.00091,11.81
1.3864484399557115,0.8003174677491188,4.052550584077836e-06,1001.1253803968428,213000000.0,0.0009090000000000001,9.18
1.8010825753211976,0.8994636297225953,3.8148567676544194e-06,427.67795920372,375000000.0,0.00221,5.34
1.489334074035287,0.6278756529092789,5.384315356612206e-06,2719.1946208477016,88100000.00000001,0.0003200000000000001,14.04
1.474947738647461,0.7351860813796521,5.259645551443101e-06,1130.6109949946401,196000000.00000003,0.0008319999999999998,11.0
1.2830292642116548,0.7505434838589281,3.060800582170487e-06,2075.664207339287,106000000.00000003,0.00042800000000000005,11.61
1.5200104035437108,0.6349500864744188,3.21320915222168e-06,2691.495299339294,77600000.00000001,0.0002249999999999999,11.56
1.4909572614356876,0.8214699625968934,8.41614553332329e-06,566.949352622032,387000000.0,0.00221,10.46
1.3048112869262696,0.7912331297993661,3.010770440101624e-06,1507.1072354912756,141000000.00000003,0.000602,10.03
1.5919399648904802,0.8040656000375749,9.913775980472566e-06,724.6859669685363,341000000.0,0.00241,12.649999999999999
1.5133793637156487,0.6822421565651894,5.890413075685502e-06,712.1358364820479,278000000.0,0.0007250000000000001,8.02
1.6055754750967026,0.8540845423936845,5.354043781757355e-06,662.6157760620116,320000000.0,0.002,8.82
1.626057404279709,0.722259233146906,5.793365053832532e-06,559.7571581602095,352000000.0,0.0010500000000000002,7.07
1.337615364789963,0.621118775010109,9.248011201620103e-06,1112.155199050903,192000000.0,0.0004379999999999999,11.15
1.4915800753980877,0.6945275187492371,4.558789849281312e-06,2284.3204736709595,106000000.00000003,0.00049,13.7
1.2682267785072328,0.5999003112316132,3.0232538282871253e-06,2737.364128232002,68600000.00000001,0.00010100000000000002,9.08
1.4299459844827653,0.7936192229390145,8.220590740442277e-06,559.5669448375701,388000000.0,0.00173,9.65
1.4308402553200723,0.6195787310600281,6.078757517039777e-06,2342.1927094459534,98600000.0,0.00031100000000000013,13.52
1.3896419674158098,0.7320764914155007,4.02843663096428e-06,1505.658861249685,146000000.0,0.0005790000000000002,11.35
1.5032782489433887,0.6657894104719163,7.90773467719555e-06,1433.781750500202,169999999.99999997,0.0006900000000000001,13.419999999999998
1.6237187415361405,0.7342783313244582,6.077025689184667e-06,491.4950132369994,382000000.0,0.00118,6.93
1.4572779133915903,0.6286518841981888,3.836791515350342e-06,520.2767550945281,346000000.0,0.00030799999999999995,0.68
1.2597811102867127,0.602102342247963,7.560770377516748e-06,2784.6164554357524,83900000.0,0.00020699999999999996,14.04
1.6493643879890443,0.731362945586443,5.854248091578484e-06,1862.753855064511,142000000.00000003,0.000921,14.34
1.3672230899333955,0.6029013633728028,3.944307953119278e-06,1790.2264529839156,109000000.00000001,0.00019199999999999992,8.72
1.5896243065595628,0.6475546002388001,4.877242982387544e-06,2355.497285723686,100000000.0,0.0004099999999999999,13.54
1.6724505186080934,0.7750556252896786,4.0367410182952886e-06,2147.79145270586,118000000.00000001,0.000872,13.579999999999998
1.4520266622304918,0.6622834593057633,7.769310593605042e-06,2481.2056422233577,111000000.0,0.0005039999999999999,15.62
1.4422220572829247,0.6878825336694718,4.471871346235276e-06,1912.0293036103246,120000000.0,0.000466,12.61
1.534003669023514,0.6739940464496613,4.199700564146043e-06,1890.383532270789,118000000.00000001,0.0004500000000000001,12.14
1.4954184162430466,0.6041914433240891,2.955807983875275e-06,2239.194691181183,86300000.0,0.0001679999999999999,8.81
1.2815334141254426,0.6038240164518357,4.961066141724587e-06,502.90244817733753,344000000.0,0.0002359999999999999,1.0200000000000002
1.5181934952735903,0.7045220151543617,7.218051001429559e-06,929.5939207077025,239000000.0,0.0009329999999999999,11.28
1.6165958851575852,0.8709165036678315,3.0129400491714483e-06,1008.1792175769805,199000000.00000003,0.0011999999999999997,8.01
1.43807313144207,0.6935825899243355,4.3342724442482e-06,1847.0602128654716,123000000.00000003,0.000477,12.38
1.4973135673440994,0.8610810577869416,8.208056658506395e-06,517.0365720987319,418000000.0,0.0025,9.64
1.6140622794628146,0.7670915119349957,4.021330744028092e-06,2039.2235107719896,121000000.0,0.0008080000000000001,13.259999999999998
1.4851512014865877,0.6461681663990021,7.363008841872217e-06,500.840127468109,371000000.0,0.0006310000000000003,6.22
1.5450087904930117,0.7948805630207062,6.097646258771421e-06,721.0991084575652,297000000.0,0.00152,9.84
1.4525448203086855,0.7120325401425363,4.2163387537002574e-06,2124.2635622620583,111999999.99999999,0.000512,13.18
1.3729437589645388,0.6340509742498398,8.427755653858186e-06,1121.5702742338178,191000000.0,0.0004669999999999999,10.9
1.3868074715137484,0.6579243689775468,8.749594420194628e-06,2392.8461521863937,115999999.99999997,0.000486,15.71
1.2719455361366274,0.7694577746093274,7.348821580410004e-06,2201.2519389390945,526000000.00000006,0.0007529999999999999,0.68
1.5564005479216576,0.7251735135912896,2.9479686021804813e-06,2387.2088938951492,94600000.00000003,0.0004780000000000001,12.25
1.649559259414673,0.8778873950242997,4.910001888871193e-06,913.7504845857619,250000000.0,0.00196,10.14
1.2916944980621339,0.6709054470062257,8.077906399965287e-06,1942.8620785474775,132999999.99999997,0.00048199999999999995,14.56
1.2889198422431947,0.81029961258173,5.002626985311509e-06,2392.4762308597565,416000000.0,0.000639,0.22999999999999984
1.611442494392395,0.7411283679306507,6.8023044615983975e-06,1453.652076423168,177000000.0,0.00111,13.899999999999999
1.49852608172223,0.6648550719022751,4.739731490612031e-06,1488.003686070442,145000000.0,0.0004740000000000001,11.21
1.7470838963985444,0.7110833957791329,5.141266986727715e-06,2916.715249419212,94700000.00000001,0.00067,15.66
1.2610651910305024,0.6912779688835144,9.305067956447603e-06,1708.567190915346,160000000.00000003,0.000614,14.78
1.4803230933845044,0.8576902091503144,9.094405382871629e-06,549.2943823337554,423000000.0,0.00271,10.41
1.501271896250546,0.8822348624467851,8.041294664144518e-06,473.66726398468006,438000000.0,0.00268,9.19
1.4020177870988848,0.6043439716100694,6.155164368450642e-06,2775.590971112251,83599999.99999999,0.00024199999999999997,13.76
1.3797782421112061,0.8112937599420548,3.088486880064011e-06,1268.7017321586607,167000000.0,0.000754,9.12
1.588128635287285,0.635153415799141,8.4204338490963e-06,1510.4044899344442,161000000.00000003,0.0006280000000000001,13.55
1.4823108561336995,0.68762526512146,9.462060868740084e-06,2197.860509157181,134999999.99999997,0.0006909999999999999,15.95
1.6414031177759172,0.8456983476877213,7.984331473708154e-06,740.2881532907485,331000000.0,0.0025,11.46
1.5493943095207217,0.649686473608017,7.63073641061783e-06,1208.4075361490247,187999999.99999997,0.0006739999999999999,12.17
1.7061784386634828,0.6523664921522141,1.0063791513442994e-05,2896.31213247776,108000000.00000001,0.000648,17.17
1.4122700214385988,0.8077357292175293,8.30322676897049e-06,1278.040364384651,476000000.0,0.00126,5.04
1.6042401105165482,0.742093412205577,4.781843289732934e-06,2168.3342307806015,120000000.0,0.000776,14.21
1.5366844654083254,0.64743632376194,8.311374902725222e-06,1955.2664943039415,132999999.99999997,0.000563,14.72
1.6511717677116395,0.7901604473590852,8.925560981035234e-06,883.9324414730071,281000000.0,0.00205,13.21
1.669511067867279,0.7589468574151398,5.057353809475899e-06,1637.6720201224086,150999999.99999997,0.00101,13.259999999999998
1.3225775778293611,0.6021833717823029,4.877155050635339e-06,2515.977725386619,83300000.00000001,0.00018000000000000004,11.69
1.6868249237537385,0.8476939380168915,5.002344831824304e-06,1046.138137578964,223000000.0,0.00177,11.04
1.591627961397171,0.7161266013979912,7.754446789622308e-06,1479.8226505517957,178000000.00000003,0.0010399999999999997,14.4
1.6119446843862535,0.6177460491657257,6.44696930423379e-06,1106.1252206563947,187999999.99999997,0.0005059999999999999,10.09
1.316796809434891,0.6017509549856186,6.844866767525674e-06,897.3089158535003,211000000.0,0.0002959999999999998,7.51
1.5657320916652682,0.8083444744348527,3.997726649045945e-06,1446.5350210666654,160000000.00000003,0.00103,11.55
1.2905467271804811,0.6027160316705704,3.923419415950776e-06,2063.011296093464,94900000.0,0.00016000000000000004,9.27
1.662472200393677,0.7785072840750218,4.023355782032014e-06,2051.603637635708,122000000.00000004,0.0008870000000000001,13.35
1.6257922232151032,0.6929103389382363,6.120318334549666e-06,2379.092827439308,113999999.99999999,0.0006710000000000002,15.27
1.2381039977073671,0.5996551752090454,2.954176604747773e-06,1488.9424778521059,120000000.0,0.0001129999999999999,4.81
1.3267035305500032,0.603111344575882,4.809733301401139e-06,2696.1591392755504,78500000.00000003,0.00017699999999999988,12.06
1.6137026757001878,0.6255701154470444,7.398444086313249e-06,1503.0036419630048,155000000.0,0.0005660000000000001,12.83
1.5991675436496735,0.784243143349886,3.036309242248536e-06,2593.9590036869045,94600000.00000003,0.0006840000000000003,13.21
1.4916352272033693,0.7150710068643094,3.7565856575965887e-06,925.0693321228026,216000000.00000003,0.000596,7.28
1.7896207273006441,0.8544472664594651,8.032327294349672e-06,927.4538904428481,284000000.0,0.0027300000000000002,12.64
1.426059611141682,0.6808071166276932,5.318339005112649e-06,1796.9478499144313,130000000.0,0.0005000000000000001,12.92
1.3400565683841708,0.7249377988278867,8.028390496969225e-06,609.4619929790496,340000000.0,0.0011,9.66
1.5939478576183321,0.7098524495959283,7.545129790902139e-06,1305.8045059442518,191000000.0,0.0009939999999999999,13.49
1.7837761223316195,0.7957099199295045,7.70389385521412e-06,1247.1808418631551,218000000.00000003,0.00191,14.05
1.6537033796310425,0.7927417650818825,7.989371120929719e-06,907.1614146232604,268000000.0,0.00191,12.77
1.578983223438263,0.6527508169412614,8.034525483846665e-06,2016.0503238439558,130999999.99999999,0.000604,14.94
1.3875237911939622,0.6332465171813966,8.069581776857377e-06,1316.0332962870596,167000000.0,0.0004500000000000001,11.77
1.4278413623571398,0.6463372170925141,9.961810708045961e-06,2596.1554348468776,111000000.0,0.00048700000000000013,16.41
1.460662664473057,0.6312959522008896,7.671355664730074e-06,908.0591350793837,223000000.0,0.0005129999999999999,9.410000000000002
1.5627241507172587,0.8612645477056504,9.148075878620149e-06,519.4469839334487,431000000.0,0.0029999999999999996,10.39
1.5380567237734797,0.6379661053419113,6.156573284417392e-06,2641.448557376861,96200000.0,0.0004119999999999999,14.829999999999998
1.675330138206482,0.7297705940902234,8.646919131278993e-06,1458.887282758951,189999999.99999997,0.0013,14.989999999999998
1.4472360581159593,0.8010660186409951,2.9726971387863163e-06,2092.23023802042,111000000.0,0.000677,12.03
1.3766275227069855,0.6466563820838929,7.136252149939538e-06,2467.0731574296947,103999999.99999999,0.0003990000000000001,14.91
1.5518522635102274,0.7644737139344217,9.14484962821007e-06,590.8140093088149,367000000.0,0.00192,11.15
1.7811768293380739,0.7564729722216726,5.992091804742814e-06,2071.963019669056,139000000.0,0.00114,15.06
1.6988976180553437,0.663534951210022,2.992584109306336e-06,2339.9101868271828,91900000.00000001,0.00038,11.47
1.3990274190902712,0.7928437829017639,3.920850723981858e-06,960.8146846294402,221000000.0,0.000842,8.24
1.71247735619545,0.6209207653999329,6.1837745495140566e-06,515.2064114809035,364000000.0,0.000624,5.06
1.4989672902971507,0.6036956191062928,2.953853249549866e-06,2147.6891934871674,89500000.00000001,0.00016999999999999993,8.54
1.463975501060486,0.6654633700847626,5.331738322973252e-06,885.9869390726088,222000000.0,0.000549,8.56
1.5687819421291354,0.8087799310684205,6.668121598660947e-06,1569.1298544406889,415000000.0,0.00122,4.76
1.7172858953475953,0.833225503563881,3.870967864990235e-06,1643.6371784657238,147000000.0,0.00122,12.11
1.270235073566437,0.6020577281713486,5.693044312298299e-06,2869.802445173263,76400000.0,0.00016900000000000004,12.94
1.6291098207235337,0.8062262892723084,3.0163248479366307e-06,1576.538302004337,139000000.0,0.0008920000000000001,10.61
1.1522180199623109,0.8509660094976426,2.7529737353324895e-06,2205.73428273201,263000000.00000003,0.00057,1.4400000000000002
1.2501922845840456,0.6008652091026306,8.733114778995515e-06,1767.183204181492,124000000.00000003,0.00026199999999999997,12.44
1.6963000416755678,0.8332426965236664,4.6746169328689585e-06,1251.6784220933912,188999999.99999997,0.00149,11.63
1.7060264289379121,0.6941552504897118,9.969652175903321e-06,1966.554384678602,155000000.0,0.00106,16.46
1.6046502828598024,0.7692670449614526,4.0307802259922036e-06,1931.4537867903707,126000000.00000001,0.000823,13.01
1.4997266694903375,0.7558490250259638,2.967838048934937e-06,2344.9613824486732,98400000.00000003,0.0005419999999999998,12.3
1.3579624503850938,0.6426907181739808,7.384906247258187e-06,572.1442699432372,343000000.0,0.0004910000000000001,5.72
1.6550118148326876,0.6128879338502884,7.744268193840982e-06,1609.9283955991266,147000000.0,0.000549,13.23
1.729267019033432,0.9015196144580842,6.015682756900789e-06,552.9007613658904,362000000.0,0.00275,8.79
1.5215186923742297,0.8438616424798966,5.097318321466447e-06,626.2331008911132,329000000.0,0.00167,7.879999999999999
1.3586927264928819,0.8026656657457353,3.7483741044998177e-06,908.702716231346,238000000.0,0.000785,6.8
1.4084862470626833,0.6044604867696762,3.8839625716209415e-06,2758.258610963821,74300000.00000001,0.00017300000000000009,11.43
1.7340011894702914,0.8603456228971482,3.0174841284751896e-06,1859.7633875906465,127000000.00000001,0.00113,11.52
1.2670618772506714,0.6030591130256653,4.013964712619782e-06,1395.35865932703,133999999.99999997,0.00017199999999999995,6.74
1.4042367428541185,0.6937620922923089,9.335509032011034e-06,1830.556347966194,152999999.99999997,0.0007020000000000001,15.26
1.3676157742738726,0.6913209825754166,8.94346296787262e-06,989.6601289510726,450000000.0,0.000763,4.74
1.3158287644386293,0.600754988193512,9.611590951681138e-06,1581.4212448894975,141000000.00000003,0.0003400000000000001,12.72
1.3929467886686326,0.6238010108470917,4.633235394954682e-06,927.5783896446227,205999999.99999997,0.00030300000000000005,6.09
1.4315344780683519,0.6902187511324883,4.527244567871095e-06,1321.1532980203626,161000000.00000003,0.000517,10.56
1.5645439490675928,0.6281798779964448,6.15801526606083e-06,632.9469680786132,309000000.0,0.0005310000000000001,6.14
1.4216079711914065,0.6958560883998871,4.9382813870906835e-06,962.3002558946608,211000000.0,0.000598,9.08
1.6105685323476793,0.6273845851421357,8.521697014570237e-06,1525.5613923072813,159000000.00000003,0.000613,13.55
1.3557332128286363,0.8415606737136841,3.59653463959694e-06,766.3821727037429,278000000.0,0.000939,5.54
1.480541639775038,0.6014905750751496,3.9985369145870216e-06,1786.032670177519,111000000.0,0.00022300000000000013,9.08
1.3794322460889819,0.6345400929450989,8.348932713270188e-06,1120.0090795755384,191000000.0,0.00047000000000000004,10.87
1.6211438566446306,0.6928801238536836,8.083460599184038e-06,1990.047089755535,142000000.00000003,0.0008539999999999998,15.65
1.5494383826851845,0.6643727034330369,5.3675233125686654e-06,622.5275546312331,309000000.0,0.0006620000000000002,6.3
1.253826516866684,0.6014966011047364,7.708712369203568e-06,1685.3561317548154,126000000.00000001,0.000244,11.58
1.5141062624752524,0.6966908141970635,9.077390015125276e-06,1859.4597112387416,151999999.99999997,0.0008250000000000002,15.56
1.3778231531381608,0.7714726701378823,9.530670374631883e-06,1700.139299035072,504999999.99999994,0.0010500000000000002,4.25
1.4204242140054704,0.7164994888007642,2.989250004291535e-06,2466.945976018905,90399999.99999997,0.00038,12.21
1.241419780254364,0.601826012134552,9.34548255801201e-06,2685.0774437189098,91100000.0,0.00024199999999999997,14.78
1.5146708853542805,0.6268374413251877,3.33781585097313e-06,2073.733054101467,97500000.00000001,0.00024199999999999997,9.95
1.2572126090526583,0.6013890534639359,4.856119230389596e-06,2512.870162725448,82000000.0,0.00015399999999999998,11.34
1.56914359331131,0.8346837759017945,4.996595680713654e-06,956.5855860710143,236000000.00000003,0.00151,10.41
1.5032479176297786,0.6062601774930955,4.795908197760583e-06,2058.8989295065403,102000000.0,0.000255,11.22
1.4114863336086274,0.6748365104198456,8.195210695266725e-06,615.016996860504,335000000.0,0.000872,8.89
1.6451299667358399,0.8672247648239136,8.749168008565904e-06,577.3901492357253,395000000.0,0.00308,10.91
1.3835763037204745,0.6621407836675645,3.3607423603534704e-06,734.3798428773879,258000000.0,0.00034500000000000004,3.54
1.7235306143760682,0.9174573719501496,8.01242655515671e-06,532.6276570558547,376000000.0,0.00364,10.75
1.5128695607185365,0.6926403164863587,8.084403544664384e-06,1541.4109192788599,168000000.0,0.000833,14.41
1.4472063302993776,0.6163796246051789,7.3547262549400344e-06,1309.3777671456335,163000000.0,0.0004099999999999999,11.17
1.4846752524375917,0.7959122836589814,2.8544738888740547e-06,607.2242110967635,303000000.0,0.000848,3.9200000000000004
1.6052989661693575,0.6468851298093796,5.998393893241884e-06,2362.569712102413,106000000.00000003,0.00048399999999999995,14.52
1.3724683552980423,0.786207626760006,4.083982586860658e-06,940.8909380435942,223000000.0,0.0008459999999999997,8.71
1.5331695020198823,0.7520647119730711,7.30025738477707e-06,825.2453356981276,271000000.0,0.0012899999999999997,11.22
1.7918652892112734,0.750290736090392,6.03089401125908e-06,2229.811504483223,131999999.99999999,0.00109,15.37
1.4266855940222742,0.7897643879055978,3.950734794139863e-06,1256.7136734724043,176000000.0,0.000853,10.43
1.569807690382004,0.6991777852177621,7.96481750905514e-06,1548.1984727084634,169999999.99999997,0.000928,14.56
1.6111149340867998,0.7913585051894189,3.6807190179824837e-06,1962.5006727874277,123000000.00000003,0.0008539999999999998,12.63
1.3829080849885942,0.6100548505783081,8.64459827542305e-06,1212.8202542662618,175000000.0,0.000396,11.05
1.6027234196662905,0.8248660102486611,6.9239500612020505e-06,698.3210444450377,317000000.0,0.00207,10.71
1.62193982899189,0.8230408251285554,6.2752594016492375e-06,779.0118008852004,288000000.0,0.00193,10.72
1.7583653390407563,0.8156116425991059,8.021312773227692e-06,935.4720562696456,269000000.0,0.00228,12.98
1.340023845434189,0.5994270622730256,3.0304452478885657e-06,2658.635780215263,71500000.00000001,0.0001200000000000001,9.27
1.4832170806825162,0.6569779068231584,5.621386140584947e-06,1594.4039374589918,141000000.00000003,0.0004889999999999999,12.25
1.4300130844116212,0.5999436736106873,5.0810305029153835e-06,2146.8285769224167,97500000.00000001,0.0002249999999999999,11.34
1.6511645436286928,0.8966378957033159,6.925960808992387e-06,601.027563214302,364000000.0,0.0028,9.85
1.4195824295282364,0.6134827584028244,3.5918213725090034e-06,1697.8629510849712,114999999.99999997,0.00021999999999999998,8.42
1.4931770252063872,0.6302471816539765,3.521730691194535e-06,2418.3342903852463,86200000.00000001,0.00023700000000000004,11.25
1.6345497608184816,0.8916113555431366,4.058410823345185e-06,954.457402229309,229000000.0,0.0016800000000000003,9.23
1.597769844532013,0.6729005277156831,6.53431846946478e-06,2212.9556834697723,119000000.0,0.0006159999999999999,14.96
1.7972045481204988,0.7976772040128709,4.957066550850869e-06,1903.581956401467,143000000.00000003,0.00128,14.04
1.646517688035965,0.6161153197288514,7.63637562096119e-06,1901.9887521862981,129000000.0,0.000517,14.01
1.716762113571167,0.7403299782425166,5.117642238736154e-06,2521.654993295669,111000000.0,0.0008340000000000001,15.18
1.7133499324321748,0.6875275433063508,9.018905699253084e-06,2608.2950383424754,122000000.00000004,0.0008170000000000001,16.77
1.4024192780256273,0.6913377240300179,2.958819568157197e-06,2795.717522501945,79200000.0,0.0002929999999999999,12.52
1.4508091852068903,0.7160683639347554,3.2764451205730443e-06,809.0541809797286,260999999.99999997,0.00048700000000000013,3.5299999999999994
1.5966393291950227,0.6248729288578034,6.7691634222865114e-06,526.637315750122,364000000.0,0.0005530000000000001,5.16
1.7307376921176911,0.7889551386237145,4.0691543519496925e-06,2079.0261700749397,123000000.00000003,0.000987,13.5
1.6138898849487306,0.8203116640448571,6.894143283367158e-06,778.0852466821669,293000000.0,0.00199,11.24
1.4888360761106016,0.7463862480595709,4.754860654473306e-06,1334.3818783760069,169999999.99999997,0.000822,11.71
1.3773354917764664,0.6982842966914178,8.563664972782136e-06,1125.1021847128866,213000000.0,0.0008780000000000001,13.2
1.4050162553787233,0.7203052014112473,5.140189692378045e-06,1858.7483577430246,131999999.99999999,0.0006010000000000002,13.4
1.5778170168399812,0.7630056984722615,7.502340197563173e-06,534.232661128044,395000000.0,0.0016,8.47
1.6116647690534593,0.6077540248632431,2.9805369377136237e-06,2689.8953616619106,74500000.0,0.0001860000000000001,10.29
1.4980458403006198,0.6246833860874177,5.928991332650186e-06,2827.8956860303874,87499999.99999997,0.0003310000000000001,14.57
1.5127243973314763,0.6215673297643662,5.356010928750039e-06,1312.8103613853452,157000000.0,0.000378,9.87
1.5237247221171857,0.6906123831868173,5.119189232587815e-06,658.5879921913146,305000000.0,0.0007120000000000001,6.4
1.3039488673210144,0.6268584072589874,8.893410921096803e-06,622.668370604515,316000000.0,0.0004979999999999999,7.59
1.231703281402588,0.8109210535883904,4.121744215488435e-06,2582.1852982044215,312000000.0,0.0005259999999999999,1.2199999999999998
1.4853857874870302,0.6548725605010987,3.408780217170716e-06,1225.3699749708173,160000000.00000003,0.000354,7.55
1.5874646365642548,0.6245939612388611,5.402579814195634e-06,1113.5419756174085,183000000.0,0.00044899999999999996,9.19
1.6637392044067385,0.7980664372444154,9.28628581762314e-06,879.5678168535231,287000000.0,0.0022,13.39
1.3646164476871492,0.8020433530211449,3.950471729040147e-06,858.9281439781188,244000000.00000003,0.0008619999999999999,7.47
1.3191970109939577,0.6005988478660584,9.963650286197663e-06,901.5322774648665,222000000.0,0.00039500000000000006,9.69
1.2699789404869082,0.5979021549224854,2.9826756715774543e-06,2328.719787299633,80000000.00000001,0.00010500000000000006,7.93
1.637321546673775,0.6907052323222161,8.213848680257798e-06,2264.993444085121,130000000.0,0.000801,16.09
1.722143179178238,0.6926586315035821,9.22372952103615e-06,2352.285750210285,133999999.99999997,0.000921,16.65
1.493648535758257,0.7069721594452859,6.073147721588613e-06,1242.2339171171186,185000000.0,0.00077,12.01
1.2427053451538086,0.6017042219638825,6.74608874320984e-06,1003.1238496303557,189999999.99999997,0.00024699999999999993,7.76
1.545093458890915,0.6707151800394059,4.211458802223206e-06,1159.644082188606,176000000.0,0.0004979999999999999,9.090000000000002
1.365835127234459,0.6308475047349931,7.551464527845384e-06,2443.3977454900737,102999999.99999999,0.00036200000000000007,14.75
1.4101656049489977,0.6189036548137665,5.783610835671426e-06,624.7959583997725,301000000.0,0.000374,4.56
1.3521823078393937,0.8342385113239289,2.950268387794495e-06,1028.2275378704069,198000000.00000003,0.0008139999999999999,7.7
1.4683757029473783,0.7197235062718392,6.438587011769415e-06,535.6492400169371,377000000.0,0.0009360000000000001,6.66
1.4244612514972688,0.71594522818923,3.0016428530216223e-06,2375.998079776764,93199999.99999997,0.000385,12.0
1.24816871881485,0.7599778141826392,3.023755550384522e-06,1607.5139977037904,130000000.0,0.00045999999999999996,10.09
1.6140686541795732,0.7531667456030846,9.03897374868393e-06,1124.2166459560392,232999999.99999997,0.00153,14.11
1.5640241906046868,0.7566102124750614,4.034879326820374e-06,1921.2068915367124,125000000.00000001,0.0007460000000000001,12.91
1.4202031642198565,0.5999282598495483,5.754178419709207e-06,1672.6072058081625,123000000.00000003,0.0002669999999999999,10.74
1.648776572942734,0.615887913107872,7.951249212026597e-06,2919.534400105476,93000000.0,0.00042800000000000005,15.85
1.6483796775341035,0.7730102106928826,4.6941496729850776e-06,1579.678740352392,152999999.99999997,0.00102,12.79
1.424477282166481,0.7921914204955102,4.715710997581483e-06,839.1339629888533,252999999.99999997,0.00103,8.92
1.597860047221184,0.6750105544924737,7.420305714011194e-06,2320.0428038835526,120000000.0,0.000657,15.66
1.7171978294849397,0.9067088663578035,7.844157725572588e-06,532.1116298437117,379000000.0,0.00335,10.58
1.558363388478756,0.6655099600553513,7.707672625780107e-06,1807.3366135358808,143000000.00000003,0.0006620000000000002,14.48
1.4467418298125267,0.6056641995906831,3.961346477270127e-06,1407.7681601047514,137000000.0,0.0002339999999999999,7.52
1.689120000600815,0.8470617055892945,5.9221912771463404e-06,926.7141222953795,254000000.00000003,0.00207,11.43
1.3631892442703248,0.6543063372373582,7.840790554881098e-06,692.0358836650847,289000000.0,0.000554,7.799999999999999
1.264600682258606,0.8284376710653306,9.708373665809633e-06,921.636328101158,804000000.0,0.00148,0.47000000000000003
1.5074715876951814,0.6751856669783592,4.530962944030762e-06,2143.1856527924538,109000000.00000001,0.00044600000000000005,13.1
1.3167628169059755,0.6012246966362,9.371718347072602e-06,1972.1259661018846,119000000.0,0.00031699999999999995,13.72
1.4771970681846143,0.7970151498913766,2.967494666576386e-06,1319.715857505798,158000000.0,0.0007719999999999999,9.39
1.3947047352790833,0.7021972730755807,5.440469950437547e-06,1648.0960715562103,143000000.00000003,0.000574,12.84
1.6024590879678728,0.7688787706196308,4.010737001895905e-06,1947.53398373723,125000000.00000001,0.0008149999999999999,13.02
1.605514106154442,0.6966715514659882,6.121016755700112e-06,2284.6133187413216,118000000.00000001,0.0006830000000000001,15.11
1.4518147364258767,0.8365254074335099,4.461255073547364e-06,858.0035269260405,248000000.0,0.00127,9.1
1.580869996547699,0.6088837891817094,2.9235763549804693e-06,2157.508760690689,90800000.00000003,0.00019599999999999997,8.88
1.410654777288437,0.7693970672786237,4.049437612295151e-06,1306.4498752355573,168999999.99999997,0.000773,10.82
1.7542705714702609,0.8461976766586304,6.544127970933915e-06,982.7678948640822,251000000.0,0.00223,12.19
1.289790290594101,0.6743789792060852,8.221847444772721e-06,1999.4959533214567,131999999.99999999,0.000492,14.82
1.7357229351997376,0.8303028166294099,3.0138790309429175e-06,2132.2970762848854,112999999.99999999,0.0009679999999999999,12.2
1.5404652625322344,0.6430318772792817,9.308171123266222e-06,2637.549668550491,109000000.00000001,0.0005189999999999999,16.26
1.6050573617219925,0.7270418241620065,6.263656295835973e-06,1513.5676898062227,166000000.0,0.0009530000000000001,13.579999999999998
1.4636280477046968,0.8148957386612893,4.150380343198777e-06,520.3312933444976,369000000.0,0.00116,4.98
1.793176978826523,0.7846901401877404,4.009900659322739e-06,2422.7980822324753,110000000.0,0.0009700000000000002,14.16
1.7358572244644166,0.8371840775012971,5.844014212489129e-06,1083.6003273725507,224999999.99999997,0.00194,12.2
1.686716973781586,0.8511360079050064,4.068316131830216e-06,1344.040401279926,174000000.0,0.0014,11.24
1.615516233444214,0.6071768581867218,2.99587231874466e-06,2773.611947894096,72400000.00000001,0.00018400000000000008,10.48
1.4457952648401262,0.7958186075091362,3.3031590580940252e-06,546.7607378959655,356000000.0,0.0008080000000000001,2.7999999999999994
1.4842181190848351,0.8432005405426026,5.702056534588338e-06,1689.2177956178782,466999999.99999994,0.0011999999999999997,1.9999999999999998
1.1819172620773317,0.7573538158088923,7.986939072608948e-06,2193.260408937931,497000000.0,0.0006280000000000001,1.7500000000000002
1.4818543978035452,0.7646478854119778,2.9695770740509037e-06,2770.69079875946,87600000.00000001,0.0005400000000000001,13.39
1.5968279242515566,0.6762971878051759,7.427091896533967e-06,2155.195504426956,127000000.00000001,0.0006830000000000001,15.38
1.5383627504110338,0.7363977458328009,5.384602516889573e-06,752.5409311056136,280000000.0,0.000923,8.27
1.5044833643361928,0.7212602868676187,4.171138495206834e-06,2389.6301090717316,102999999.99999999,0.0005479999999999999,13.85
1.3221598684787752,0.6803929969668389,9.242302209138872e-06,2082.1806341409683,136000000.0,0.000558,15.439999999999998
1.3162842571735383,0.818998445570469,3.0976908206939704e-06,766.9114619493483,265000000.0,0.000774,5.23
1.3122403800487519,0.6749286979436875,4.550757288932801e-06,819.6419030427932,233999999.99999997,0.00041999999999999996,6.58
1.3910919874906542,0.6063024312257768,8.195381969213487e-06,2068.725071847439,113999999.99999999,0.0003349999999999999,13.77
1.4214623093605043,0.6492145121097566,5.042995899915696e-06,2069.0679848194122,109000000.00000001,0.0003530000000000001,12.71
1.3853960305452349,0.6083747059106828,8.659379571676256e-06,1302.3132383823393,165000000.0,0.0003879999999999999,11.48
1.5537615448236466,0.8642020583152772,4.0678148269653326e-06,942.3493146896361,228000000.0,0.0014099999999999998,9.1
1.4571985065937043,0.6159492820501328,7.0180278569459925e-06,524.4603306055068,359000000.0,0.0004379999999999999,4.37
1.5225935697555544,0.7785260304808618,2.984680891036988e-06,1521.6751694679258,140000000.0,0.0007179999999999999,10.12
1.5427464410662652,0.637117213010788,7.388533353805543e-06,2198.2486471533775,115999999.99999997,0.000486,14.7
1.5586633265018464,0.8119677409529686,5.946156695485116e-06,613.7348264455794,337000000.0,0.00174,8.98
1.446495419740677,0.7179285183548928,5.427295207977295e-06,1120.230436325073,195000000.0,0.000741,10.88
1.473239325731993,0.6855373039841652,8.294252932071687e-06,1646.5321760624645,158000000.0,0.0007269999999999998,14.52
1.6234933108091356,0.8635467767715455,3.0076403617858894e-06,1212.7222791314123,171999999.99999997,0.00115,9.16
1.423769196867943,0.6415097236633301,6.254365231841804e-06,2244.7198182344437,107000000.00000001,0.0003860000000000001,13.97
1.3501028448343277,0.6588589757680894,8.476126462221147e-06,1020.6987261772155,214000000.00000003,0.0005930000000000001,11.26
1.6384779006242753,0.7397184513509274,5.077556833624841e-06,2018.1104280054567,129000000.0,0.0008449999999999999,14.15
1.2836808621883393,0.8773781508207322,2.978514194488526e-06,2351.2634187936783,294000000.0,0.0007569999999999999,1.1500000000000001
1.6884517014026643,0.8508002221584321,3.6804924607276923e-06,1559.8245635628698,151999999.99999997,0.00125,11.48
1.5054479302838446,0.6275364071130753,8.765006989240648e-06,2791.535213589668,98299999.99999999,0.00041799999999999997,15.94
1.4570568948984148,0.7100710272789003,6.109684459865094e-06,1565.2805864810941,157000000.0,0.000708,13.27
1.468698573857546,0.6515473097562791,7.0949415937066085e-06,2581.00214600563,102999999.99999999,0.00045399999999999987,15.34
1.5771107107400895,0.6606024563312531,2.9642164707183845e-06,2626.0149031877513,81600000.0,0.00029200000000000005,11.77
1.5280603252351286,0.6443920254707337,3.984875053167344e-06,2933.8856339454646,79700000.0,0.00030599999999999996,13.54
1.5181094504892827,0.6456578940153123,3.134513676166535e-06,1894.050074741244,107000000.00000001,0.0002819999999999999,9.58
1.471884921938181,0.7361050084233285,9.08757758140564e-06,794.8752790689467,287000000.0,0.0013800000000000002,12.43
1.677090507745743,0.6741324663162233,5.7461495622992524e-06,2844.7316139936443,95300000.0,0.000558,15.57
1.4011823773384096,0.6073133736848831,9.131161063909532e-06,912.1434688568114,222000000.0,0.00042600000000000005,9.45
1.5340485736727716,0.821124516427517,5.6856201291084294e-06,2050.185941159725,450000000.0,0.00103,1.4799999999999998
1.4955175381153822,0.6492297738790512,6.984591312706472e-06,2469.770416617393,106000000.00000003,0.000466,15.13
1.5304665662348271,0.6179554313421249,4.680159032344819e-06,1584.9047079682348,129000000.0,0.0003129999999999999,10.020000000000001
1.5269224137067796,0.6196185439825058,3.6917210221290594e-06,2155.5706784129143,95399999.99999999,0.0002449999999999999,10.55
1.4970709109678866,0.8727411210536957,3.2711564898490914e-06,598.5828042030333,359000000.0,0.0011999999999999997,3.07
1.7008287549018861,0.7770434796810151,5.02198250591755e-06,1647.8451546281574,152999999.99999997,0.00112,13.34
1.262947601079941,0.5996582686901093,6.785764113068582e-06,2058.6078353226185,103999999.99999999,0.00020899999999999998,11.97
1.6775810122489931,0.7353762287646533,5.6060004830360425e-06,2220.445826649666,125000000.00000001,0.000882,14.97
1.4629434138536455,0.6666599929332734,8.078516811132433e-06,901.867851614952,241000000.0,0.000769,11.0
1.2480342149734498,0.601763990521431,3.898089438676834e-06,2503.412470221519,78500000.00000003,0.00012999999999999996,10.12
1.4932321585714818,0.752432381361723,7.46369779109955e-06,621.1820542812346,405000000.0,0.00118,7.16
1.539369320869446,0.6339054107666017,5.794674433767796e-06,2640.611112117767,93900000.0,0.00038400000000000006,14.509999999999998
1.533353425562382,0.6431284278631211,6.364597501233221e-06,901.2897610664367,222000000.0,0.0005719999999999999,9.26
1.3875575155019761,0.6593156397342682,9.654144495725633e-06,2313.0117282271385,123000000.00000003,0.0005250000000000001,15.919999999999998
1.7449902176856995,0.8908960640430451,3.929869413375855e-06,448.071390390396,374000000.0,0.00203,5.31
1.377216723561287,0.653292989730835,8.284710824489595e-06,1227.0696014165876,182000000.0,0.0005400000000000001,11.98
1.3339940249919893,0.8302480638027192,6.368283594027163e-06,1633.7284278124569,566000000.0,0.0010399999999999997,0.47000000000000003
1.46383321210742,0.6355083167552948,4.1385250985622415e-06,2923.0770766735072,78300000.0,0.0002630000000000001,13.27
1.5856694698333742,0.7808574870228768,8.734139293432237e-06,705.8587968349456,325000000.0,0.00199,11.95
1.297734421491623,0.7931084141135216,3.01356589794159e-06,1607.0165969431398,133999999.99999997,0.000592,10.39
1.5470769077539446,0.8655174940824509,6.6972179859876645e-06,907.3109477758406,464000000.0,0.00174,4.88
1.424083936214447,0.7192613057792188,9.20306357741356e-06,493.20313334465015,408000000.0,0.0014,9.72
1.3678056925535202,0.7070628628134729,8.723475873470308e-06,800.0928461551665,276000000.0,0.00101,11.55
1.3991168349981309,0.6039149791002274,8.625565797090531e-06,1676.6381748020647,134999999.99999997,0.00036099999999999994,12.87
1.5196855522692205,0.7502954690717162,6.790605053305627e-06,819.298431277275,270000000.0,0.00119,10.660000000000002
1.332382768392563,0.6000355124473572,8.663199335336686e-06,1869.6085102856157,121000000.0,0.00029999999999999987,13.02
1.518299786746502,0.7308280728757383,6.37465125322342e-06,1033.0391228199003,220000000.0,0.0009739999999999999,11.48
1.3820819020271302,0.7753416225314141,2.954380631446839e-06,627.8574019670485,300000000.0,0.000686,3.7399999999999993
1.5970417052507402,0.8186021760106087,5.906439602375032e-06,563.9907270669936,356000000.0,0.00186,8.51
1.3808674156665803,0.7669115077704192,4.407149404287339e-06,721.0228890180587,309000000.0,0.000787,5.71
1.6192797124385836,0.6633606344461441,2.9525982141494755e-06,1602.762511000037,126000000.00000001,0.00037499999999999985,8.94
1.380307736992836,0.7013974025845529,3.022944867610932e-06,1416.4145961403844,141000000.00000003,0.00039000000000000016,8.71
1.262263745069504,0.6010080635547639,6.763215303421021e-06,2418.5054302215576,91000000.0,0.00019900000000000012,12.809999999999999
1.5541694417595864,0.6315226167440415,5.816005028784276e-06,2832.7419161796565,89200000.0,0.000374,14.79
1.4038099676370621,0.6227459460496902,6.841558635234834e-06,2449.1896033287044,98899999.99999997,0.00033400000000000004,14.27
1.694924569129944,0.721081978082657,7.780070394277574e-06,1759.6759770531205,161000000.00000003,0.00112,15.29
1.4487806841731072,0.6566384375095368,5.515058189630509e-06,1892.5989437848327,122000000.00000004,0.00043399999999999987,12.95
1.439955644309521,0.7643313009291888,8.685206681489945e-06,502.6762485504149,407000000.0,0.00163,9.56
1.7668240785598757,0.5989721775054933,5.402415215969086e-06,510.34922897815693,364000000.0,0.0005069999999999999,3.0400000000000005
1.6839970707893372,0.7546629773452879,5.079227328300477e-06,1735.0793369114397,145000000.0,0.000989,13.55
1.6335866600275042,0.7929429709911348,8.810179084539414e-06,832.2480618953704,293000000.0,0.00207,12.84
1.5430651009082796,0.6336938560009003,5.933516271412373e-06,1492.9271228611467,147000000.0,0.0004669999999999999,11.78
1.663974416255951,0.8890150576829912,3.0562193691730504e-06,814.0844404697417,240000000.0,0.00137,6.54
1.2761673331260683,0.6606707096099854,8.226204186677934e-06,1432.3973581194875,163000000.0,0.00048399999999999995,12.809999999999999
1.4770505815744401,0.7292447581887246,4.859163463115693e-06,2041.829593479633,123000000.00000003,0.000644,13.76
1.4559941902756692,0.7221601746976376,5.4469510316848766e-06,1630.4126493632791,149000000.0,0.000697,13.11
1.3794983983039857,0.6074328392744065,4.916582688689233e-06,931.7324608564376,204000000.0,0.000268,5.85
1.4355310678482056,0.5992312788963319,5.085734382271768e-06,2057.0020861923695,101000000.0,0.00022800000000000007,11.09
1.5202784344553948,0.6196901768445969,4.663353741168976e-06,1491.040766239166,136000000.0,0.0003179999999999998,9.64
1.45928692817688,0.6553974151611329,5.4991846829652795e-06,1994.0212480723856,116999999.99999997,0.0004269999999999999,13.19
1.651636826992035,0.7393870096653701,7.320686966180802e-06,528.6369770765303,395000000.0,0.00148,8.06
1.5314614690840245,0.6946772485971452,7.558318406343461e-06,1430.1149845123289,176000000.0,0.0008390000000000001,13.73
1.3178719639778138,0.6499087572097779,9.7311270236969e-06,2442.0082122087474,114999999.99999997,0.0004449999999999999,15.99
1.5377528831362726,0.7168427534401417,6.3438838887959725e-06,799.3591129779815,269000000.0,0.000921,9.46
1.336802351474762,0.6072863459587098,3.984518110752106e-06,1215.4338806867597,153999999.99999997,0.00020600000000000007,6.13
1.7345763087272645,0.6903558209538461,7.277777522802354e-06,2817.8204149007793,108000000.00000001,0.000739,16.5
1.4592273563146592,0.6355838030576707,7.66852255165577e-06,1759.7978848498312,134999999.99999997,0.00046800000000000005,13.5
1.5357519641518593,0.8693286001682282,3.009453862905503e-06,737.1051907539367,268000000.0,0.00115,5.47
1.5222385905683042,0.7925189405679703,8.911313951015474e-06,2012.0800770819185,635000000.0,0.00112,0.7999999999999997
1.5674348920583727,0.6761927470564842,4.719625890254975e-06,2557.617232203483,96399999.99999999,0.0004690000000000002,14.25
1.464471895247698,0.7986920401453973,2.986446619033814e-06,1806.3230644911525,124000000.00000003,0.0007089999999999999,11.26
1.3971631318330766,0.6263590157032014,6.737699605524541e-06,2266.0553753376007,105000000.00000003,0.00034500000000000004,13.92
1.4482378944754601,0.7755874760448933,3.835066884756089e-06,1348.7308397889135,164000000.0,0.000774,10.53
1.6905811429023745,0.7000144109129907,7.010985493659974e-06,2311.5053698420525,125000000.00000001,0.0008250000000000002,15.8
1.8722912907600404,0.5893564939498902,3.136961370706559e-06,583.1104069948195,296000000.0,0.00031600000000000004,0.6300000000000001
1.6614700555801394,0.677937000989914,6.560456886887551e-06,2681.6878765821452,105000000.00000003,0.0006280000000000001,15.87
1.5749658554792405,0.6584157943725587,7.831027626991273e-06,1831.4700685441492,141000000.00000003,0.000646,14.52
1.440567545592785,0.6946705967187882,6.187798235565425e-06,1433.8870272040365,164000000.0,0.0006540000000000001,12.649999999999999
1.222179400920868,0.6474800348281861,8.910512030124666e-06,2155.619405210018,120000000.0,0.000387,15.0
1.4959047479555012,0.6736665219068528,7.632879734039308e-06,1341.1903306841848,179000000.00000003,0.0007240000000000001,13.06
1.62985178232193,0.7368571009486914,5.10737206041813e-06,2332.43565261364,115999999.99999997,0.0007839999999999999,14.79
1.3921346873044969,0.6044267803430557,6.099431362003089e-06,1299.48715865612,155000000.0,0.00030200000000000013,9.63
1.5259556449949743,0.6534938246011734,4.4953066706657415e-06,545.7086414098738,346000000.0,0.0004850000000000001,2.86
1.3986932516098023,0.6517407059669496,8.900090396404268e-06,707.6473087072371,290000000.0,0.0007269999999999998,9.96
1.6796642661094667,0.6808565586805344,8.509090751409532e-06,2655.0957858562465,115999999.99999997,0.000732,16.59
1.4720429085195066,0.7303735524415971,3.849317461252213e-06,1812.8931168466804,125000000.00000001,0.000574,12.14
1.8282315731048586,0.6387479424476624,3.0066623687744145e-06,1237.5823333859441,159000000.00000003,0.0004119999999999999,6.58
1.7256229877471925,0.6412788391113282,3.2269304692745215e-06,487.45426535606373,350000000.0,0.0004449999999999999,0.8499999999999996
1.4695177853107453,0.6146147936582566,4.610482871532441e-06,2338.3894115686417,91699999.99999999,0.000246,11.91
1.5768493205308916,0.8079616561532021,6.040654122829438e-06,1046.2549626827238,229000000.0,0.00152,11.91
1.3705853551626206,0.6068618059158326,4.968478277325631e-06,841.9750928878783,227000000.00000003,0.00027299999999999997,5.03
1.5188308350741864,0.7080335453152657,3.6424928009510045e-06,1774.934282992035,122000000.00000004,0.000508,11.47
1.4627618908882143,0.6995674163103104,9.228427976369859e-06,1139.7249922156332,218000000.00000003,0.00103,13.739999999999998
1.5129100464284422,0.7059457898139955,7.710088402032853e-06,911.7806255817412,246000000.0,0.000999,11.62
1.510188475996256,0.7478672382887454,4.0187720656394965e-06,1813.4477799758313,129000000.0,0.0006850000000000001,12.54
1.5519739598035813,0.7428031006827951,6.299009241163732e-06,1128.9700791239736,207999999.99999997,0.0010500000000000002,12.03
1.6433391809463502,0.6796585544943811,4.747262328863144e-06,2834.2437297105785,90500000.00000001,0.000501,14.86
1.4107935279607775,0.6821035087108612,9.448642671108247e-06,2194.120243191719,132999999.99999997,0.0006159999999999999,15.79
1.3673105210065843,0.8646908730268479,3.0658040344715123e-06,895.5661505460738,228000000.0,0.000969,6.949999999999999
1.796314197778702,0.7984405115246773,7.871316224336626e-06,1271.9883695244787,219000000.0,0.00198,14.18
1.4595280453562738,0.6166864603757859,5.336130633950235e-06,2245.3522607684135,98400000.00000003,0.00028399999999999996,12.61
1.3309675991535188,0.5985624969005585,4.960277259349824e-06,1683.793321251869,116999999.99999997,0.0002,9.35
1.5124805286526681,0.6690010786056519,7.714735433459283e-06,1233.0113649368284,189999999.99999997,0.000743,12.66
1.6822860538959505,0.6270636677742005,6.1775459982454785e-06,608.094811439514,370000000.0,0.0005930000000000001,4.33
1.3043911635875702,0.6989794626832009,9.142034977674486e-06,795.2871471643447,273000000.0,0.0009090000000000001,11.7
1.4090751171112061,0.7288958027958871,4.435978293418885e-06,1895.473927259445,126000000.00000001,0.0005790000000000002,12.98
1.7165950119495392,0.6940702736377716,8.223286271095276e-06,2460.174143314361,125000000.00000001,0.000851,16.46
1.4072766155004504,0.6249128848314286,6.8913916349411024e-06,1881.3222572207449,122000000.00000004,0.00036700000000000003,13.07
1.2642376542091371,0.6667165338993073,8.452249705791475e-06,2016.9601701200006,130000000.0,0.0004610000000000001,14.86
1.726660341024399,0.8461073577404022,8.751066416502001e-06,778.5034477710723,327000000.0,0.00281,12.28
1.566593733429909,0.8046226054430009,6.788194075226785e-06,901.3302922248839,261999999.99999997,0.0016800000000000003,11.77
1.386588764190674,0.7857155978679657,3.227658540010453e-06,549.0520894527434,353000000.0,0.0006999999999999999,2.3799999999999994
1.3824585914611818,0.6959654286503792,8.483340620994568e-06,1162.4135375022886,206999999.99999997,0.000851,13.259999999999998
1.2351226329803469,0.5998827874660493,2.955030679702759e-06,1284.824229776859,137000000.0,0.00011499999999999992,3.8
1.59892013669014,0.6945062801241876,9.014124006032944e-06,1514.431472867727,178000000.00000003,0.00103,15.03
1.548759435117245,0.7919166550040245,2.98881483078003e-06,1726.947500836104,130000000.0,0.000736,10.48
1.2930476367473605,0.8301365911960602,9.203223168849946e-06,980.8448255062102,580000000.0,0.00135,3.7399999999999993
1.5838588178157809,0.7404676403850318,7.396643102169038e-06,1027.0487070083616,230000000.0,0.00121,12.4
1.3869936704635621,0.6917338952422143,9.156807720661165e-06,1892.8533624857662,148000000.0,0.000658,15.23
1.3083381056785586,0.6021686911582947,5.783024467527867e-06,1203.434459865093,161000000.00000003,0.00024699999999999993,8.35
1.3702498108148575,0.8893875449895859,6.186526458710433e-06,902.9402136802672,517000000.0,0.00157,2.92
1.420600846409798,0.603434506058693,5.548021644353868e-06,2898.6818641424175,78999999.99999997,0.00022699999999999993,13.55
1.6018916130065919,0.6899344012141229,5.57855597138405e-06,2479.974284768104,106000000.00000003,0.0005930000000000001,15.0
1.5645387053489686,0.6384738832712175,5.145792603492738e-06,2355.241097509861,99600000.0,0.00038299999999999993,13.55
1.7317058980464937,0.8313330173492433,3.026168823242188e-06,2062.0705112814903,115999999.99999997,0.000984,12.07
1.6771652162075044,0.6759511694312096,6.5849339626729495e-06,2784.908220171928,102000000.0,0.000618,16.0
1.4201904684305193,0.8172168642282487,3.175918579101563e-06,660.9334349632262,304000000.0,0.000885,4.22
1.4550263643264771,0.769005773216486,8.56397205591202e-06,502.821385860443,409000000.0,0.00165,9.36
1.562365633249283,0.7969666644930841,2.9921914935112003e-06,2387.7769261598587,101000000.0,0.000714,12.76
1.597178900241852,0.7268818482756615,7.221243768930436e-06,1492.0526668429372,175000000.0,0.0010500000000000002,14.189999999999998
1.6079740583896638,0.8729260236024857,5.9856285080313694e-06,632.278874516487,342000000.0,0.00231,9.17
1.5103734992444517,0.6957520097494126,1.0039729297161104e-05,2063.4245425462723,147000000.0,0.0008250000000000002,16.23
1.3882521003484727,0.7214265681803227,4.689208388328553e-06,1034.3925207853315,202000000.0,0.0006469999999999999,9.540000000000001
1.566890600323677,0.8995351642370225,3.0100978612899787e-06,1923.547677695751,182000000.0,0.00103,7.15
1.439399340748787,0.9038191795349122,5.015222191810608e-06,1290.888927876949,512000000.0,0.0014099999999999998,0.19000000000000028
1.7225391626358033,0.7716533146798611,6.019779823720456e-06,1670.3392211347816,161000000.00000003,0.00125,14.18
1.4635122120380404,0.6780371189117432,8.610638678073885e-06,1961.1403830349443,139000000.0,0.0006280000000000001,15.119999999999997
1.3864429682493211,0.8054888829588891,3.966062039136887e-06,958.0882191658019,221000000.0,0.0009109999999999999,8.65
1.7392759144306185,0.7358135417103768,6.065564155578614e-06,2234.8264902830124,129000000.0,0.0009729999999999998,15.32
1.684344381093979,0.9029851913452149,3.551061093807221e-06,1147.8094309568403,193000000.0,0.0015900000000000003,9.66
1.6093103170394898,0.6504784226417543,4.5814453661441814e-06,2511.1547410488124,94099999.99999999,0.00040600000000000006,13.66
1.5292083263397218,0.7211350411176682,5.829361215233804e-06,1660.2840665727852,150999999.99999997,0.000785,13.57
1.37899429500103,0.6970001131296159,8.706780523061754e-06,505.4495781660079,397000000.0,0.00113,8.87
1.2491936624050142,0.7598858177661897,7.733210176229479e-06,2299.6324226260185,494000000.0,0.0006779999999999999,1.7399999999999998
1.298917990922928,0.7255974188447,3.129436999559403e-06,924.8444736003875,207999999.99999997,0.00045399999999999987,6.28
1.3443586170673372,0.7389262463897467,9.989003837108613e-06,893.3780640363692,273000000.0,0.00127,13.27
1.7845938205718996,0.9016455531120301,4.856404617428781e-06,665.9086346626281,296000000.0,0.00248,9.06
1.4372446775436403,0.67777538895607,3.1739308834075932e-06,2149.1954773664474,98600000.0,0.0003179999999999998,11.09
1.3290422201156618,0.6028721451759339,7.5967617928981795e-06,2607.3719114065166,90199999.99999999,0.00024699999999999993,14.04
1.524059633910656,0.6559586048126221,8.567644119262696e-06,1781.608981080353,145000000.0,0.000614,14.54
1.2494483649730683,0.7337472248822451,1.0008156478405e-05,773.4424173831939,295000000.0,0.00117,12.6
1.3692009776830674,0.7048721551895142,8.702176153659822e-06,891.1371529102324,254000000.00000003,0.0009710000000000001,12.14
1.5627398505806924,0.6857469812035561,8.432759314775468e-06,2245.7057163119316,129000000.0,0.0007120000000000001,15.9
1.4972076217643917,0.7784609824419022,3.986826866865159e-06,554.6423345804213,363000000.0,0.000935,4.17
1.4678750708699229,0.612541151046753,5.79610924422741e-06,1306.4246550202367,157000000.0,0.00034999999999999994,9.9
1.5361630707979204,0.8448496609926225,3.0614003539085393e-06,2242.6353693008423,126000000.00000001,0.000822,10.49
1.7230127513408662,0.8518697082996369,8.903393000364305e-06,727.9498428106307,344000000.0,0.00296,12.07
1.380477771162987,0.8321468800306321,2.8634990453720097e-06,926.6100376844405,213000000.0,0.000831,7.01
1.4994428244419398,0.7280225984752179,5.167323887348176e-06,1794.3582190200684,138000000.0,0.0007129999999999999,13.44
1.7939697325229647,0.7013762712478638,8.960601419210436e-06,2318.021573126316,138000000.0,0.0010399999999999997,16.69
1.38740211725235,0.7392076503485442,4.420382142066956e-06,1022.9178071022033,205000000.0,0.0006959999999999999,9.36
1.5259451150894165,0.7484507623594255,9.90163952112198e-06,811.7047995328902,297000000.0,0.00166,13.06
1.7340099692344666,0.7142806895077229,5.086969181895257e-06,2847.0463603734966,96700000.0,0.0006810000000000001,15.53
1.4377797827124597,0.6200138211250306,6.0263644307851804e-06,1875.6748288869856,118000000.00000001,0.0003349999999999999,12.43
1.2747080862522127,0.6855467051267624,8.403347969055177e-06,1407.0970118045805,174000000.0,0.0006159999999999999,13.66
1.4447506830096246,0.6918559402227402,9.201674818992615e-06,1495.1284900307653,175000000.0,0.000829,14.75
1.2939367890357973,0.7012089595198632,9.007376939058305e-06,911.1982882022857,250000000.0,0.0008780000000000001,12.31
1.4420934543013575,0.7366671513766051,8.147848755121233e-06,764.7515386343001,292000000.0,0.00124,11.270000000000001
1.6142599314451218,0.8010053157806397,5.444703608751298e-06,1521.0347734391687,396000000.0,0.00102,3.36
1.45078361928463,0.6184229850769043,5.613606423139573e-06,1953.970856964588,111999999.99999999,0.0003129999999999999,12.25
1.591306319832802,0.8995926260948182,3.0640925467014317e-06,2015.8639475703237,210000000.0,0.000996,5.36
1.6453323125839234,0.8694757103919983,3.922906428575517e-06,1384.7417309880254,292000000.0,0.00109,3.5600000000000005
1.7189041614532472,0.9075562655925752,2.9076989889144905e-06,2202.462211251259,195000000.0,0.00113,6.11
1.5602546945214273,0.8496368944644929,4.980537444353104e-06,709.0335637331008,299000000.0,0.00173,8.64
1.3327202260494233,0.668087062239647,7.780925616621973e-06,2110.778532922268,124000000.00000003,0.00047600000000000013,14.79
1.3050340354442598,0.6030794709920884,6.772868603467942e-06,1100.292310118675,178000000.00000003,0.0002850000000000001,8.76
1.3227157473564148,0.7849083781242371,4.052295237779618e-06,767.4943208694457,308000000.0,0.0007120000000000001,4.52
1.3211630523204805,0.6629662692546845,7.648702442646027e-06,2266.0504207015038,115999999.99999997,0.00044199999999999996,14.97
1.549251262843609,0.656923994421959,8.046602696180344e-06,1629.6668555587528,153999999.99999997,0.000658,14.02
1.7829763591289522,0.79838604927063,8.772043615579606e-06,1127.8289481997488,244000000.00000003,0.00218,14.15
1.510816537588835,0.8815914183855058,4.7482125759124765e-06,1183.6308538913725,439000000.0,0.0014,2.55
1.782072150707245,0.9004473924636842,4.68286144733429e-06,1142.2866135835645,215000000.00000003,0.00211,11.19
1.3971959441900255,0.6054989755153657,8.64821755886078e-06,1491.5767237544057,148000000.0,0.00037499999999999985,12.26
1.3734293639659882,0.7238199278712273,4.242905616760255e-06,1514.7333703935144,146000000.0,0.0005599999999999998,11.54
1.6271384060382845,0.8978798121213913,3.6024718582630164e-06,1077.1176517009733,203000000.0,0.0014999999999999998,9.18
1.6121050715446474,0.7739697866141797,5.094396442174913e-06,1393.9833194017408,171999999.99999997,0.00109,12.5
1.2567640900611878,0.6863525927066804,9.238075435161591e-06,904.6626389026641,248000000.0,0.0007709999999999998,12.14
1.3837446302175522,0.971361118555069,6.7145701125264175e-06,294.31793093681324,620000000.0,0.00233,2.0799999999999996
1.7079841017723085,0.784610952436924,3.116381794214249e-06,2634.509831666946,94300000.00000001,0.000751,13.37
1.3896219313144684,0.6412917941808701,7.190894901752473e-06,2544.9181646108623,101000000.0,0.000387,14.989999999999998
1.709710943698883,0.9167842268943788,2.9749827384948737e-06,2608.8908612728114,279000000.0,0.0010399999999999997,1.3999999999999997
1.5398986011743547,0.6656941741704941,7.623817026615144e-06,2380.8546662330627,115999999.99999997,0.000576,15.599999999999998
1.5401021271944046,0.6427617341279984,5.8705854564905176e-06,2140.3010860085487,111999999.99999999,0.0004409999999999998,13.75
1.3074288904666902,0.6024639844894409,5.812849864363671e-06,1101.99499130249,174000000.0,0.000251,7.799999999999999
1.4131332457065584,0.6460997253656388,5.986366018652917e-06,2123.792201280594,111000000.0,0.0003879999999999999,13.579999999999998
1.4124711692333223,0.6930364966392518,5.433834910392762e-06,1827.6460068300364,130999999.99999999,0.000536,13.24
1.516410727053881,0.6513011366128922,5.761504605412484e-06,1307.9211786389349,165000000.0,0.0005189999999999999,11.14
1.3500688433647157,0.7044660419225693,8.087563037872316e-06,582.0310413837432,351000000.0,0.000997,9.05
1.586493667960167,0.6272160887718201,7.646094217896462e-06,2842.9095745086665,95200000.00000001,0.00043399999999999987,15.73
1.7480376899242402,0.7327123671770096,6.99271196126938e-06,1992.8594231605528,146000000.0,0.0011,15.39
1.5958091408014299,0.7182914972305299,2.9603019952774054e-06,1816.6306959465144,118000000.00000001,0.0005180000000000001,10.65
1.4730717055499556,0.7427606938406826,6.991587467491628e-06,617.7342981100081,333000000.0,0.00115,9.01
1.543548832833767,0.8105929031968118,5.852942414581776e-06,609.4695925712584,336000000.0,0.00167,8.800000000000002
1.5799221664667131,0.7056940153241158,9.02704653143883e-06,1231.2930375337598,207999999.99999997,0.00113,14.11
1.5592428624629975,0.6341894745826722,5.997984275221826e-06,2564.0158653259273,97200000.0,0.0004080000000000001,14.58
1.387711474299431,0.7463148487731815,3.2181448042392737e-06,527.7473777532576,352000000.0,0.0005750000000000001,1.8099999999999994
1.4475762471556666,0.8620894342660904,4.080095648765565e-06,714.5217359066008,283000000.0,0.0013199999999999998,7.25
1.646927046775818,0.883019730448723,4.03483447432518e-06,1119.5968389511106,203000000.0,0.00158,10.050000000000002
1.6146389186382295,0.717460584640503,8.993411332368852e-06,1347.9987457394598,199000000.00000003,0.00121,14.65
1.5348465085029603,0.616988942027092,3.729091078042985e-06,2068.6804056167603,98899999.99999997,0.00024800000000000007,10.29
1.4741352260112763,0.63710315823555,4.9416244626045234e-06,2396.541565656662,95099999.99999997,0.0003200000000000001,13.15
1.5520807027816774,0.731772530078888,5.955525547266008e-06,769.833132624626,279000000.0,0.0009710000000000001,8.95
1.5389587059617045,0.614356729388237,4.951386034488678e-06,516.5455043315886,352000000.0,0.0003770000000000001,2.35
1.4505501911044123,0.6342195242643357,5.829671688377858e-06,2443.430453538894,97500000.00000001,0.0003490000000000001,13.96
1.5150011993944645,0.7264426678419114,6.4672766104340565e-06,1019.0950632095336,222000000.0,0.0009580000000000001,11.44
1.407758527994156,0.6791975632309915,8.533745229244233e-06,515.5131518840789,391000000.0,0.00101,8.35
1.626132345199585,0.8936714977025987,5.939968824386598e-06,726.2914925813674,312000000.0,0.0023999999999999994,9.85
1.578947898745537,0.8536957830190659,4.041442811489106e-06,1169.9139252305029,193000000.0,0.0013199999999999998,10.340000000000002
1.741022515296936,0.7354047272354365,7.991637527942659e-06,1735.9260325320063,168000000.0,0.00127,15.38
1.7049782752990723,0.6917346641421319,9.890367150306704e-06,2375.0111013650894,136000000.0,0.0009270000000000001,16.84
1.3908900618553164,0.6056346058845521,7.435074493288995e-06,2770.4470157623286,87899999.99999999,0.0002709999999999999,14.509999999999998
1.3283326864242555,0.6789186403155327,8.32521763443947e-06,1960.8623832464216,136000000.0,0.0005349999999999999,14.86
1.5073829585686327,0.8802727907896043,4.1288653314113625e-06,491.70199036598194,373000000.0,0.00155,5.07
1.7898498237133027,0.7465338740497828,5.145785301923753e-06,2629.0086954832072,109000000.00000001,0.0008979999999999999,15.439999999999998
1.2273736238479616,0.651695403456688,9.478514015674593e-06,2771.792292594909,102999999.99999999,0.0003640000000000001,16.18
1.4398954823613168,0.621240457892418,4.4804325401783e-06,2521.9470560550685,86100000.00000003,0.00024100000000000008,12.31
1.5795520663261415,0.7359856501221658,7.946090549230577e-06,919.8857396841048,251000000.0,0.00128,12.26
1.5131658777594568,0.6035591661930084,2.964201450347901e-06,2428.526237607002,80299999.99999999,0.0001660000000000001,9.31
1.4578811332583428,0.6162648350000381,5.356074035167695e-06,2334.5125392079353,95300000.0,0.0002799999999999999,12.809999999999999
1.7737135827541353,0.8904939562082291,2.982039391994477e-06,1858.7822113186119,130000000.0,0.00126,11.19
1.5750273406505586,0.6924927636981011,5.355411887168885e-06,639.385238289833,314000000.0,0.0007800000000000001,6.66
1.5995500445365907,0.7038816377520561,8.530340611934663e-06,1270.413316786289,200000000.0,0.0010800000000000002,13.98
1.4833818957209588,0.7047077581286431,3.9892420172691355e-06,1993.2119846343992,114999999.99999997,0.0004969999999999999,12.55
1.4317431315779687,0.7401073224842549,3.8127820789814e-06,1423.4381094574926,151999999.99999997,0.0006150000000000001,10.74
1.5832664519548418,0.609731349349022,6.999634370207788e-06,1205.5749371647833,175000000.0,0.00047000000000000004,10.73
1.4822172336280348,0.8281912654638292,4.862049356102944e-06,841.4800763130187,257000000.0,0.00136,9.47
1.3009721875190736,0.6809863507747651,8.529402673244477e-06,1928.2945357263086,139000000.0,0.000536,14.88
1.5155105754733087,0.8633570641279221,3.067285835742951e-06,943.9542442560195,214000000.00000003,0.0011,7.54
1.5726758301258088,0.6271157205104828,6.06718322634697e-06,1398.192077875137,155000000.0,0.00047600000000000013,11.42
1.5725341379642488,0.7228805422782899,2.9546351432800297e-06,2199.276715517044,101000000.0,0.00049,11.78
1.5112097449600699,0.724424359202385,6.301357543095947e-06,1021.072819828987,220000000.0,0.0009270000000000001,11.28
1.287639981508255,0.7025029107928277,8.863829761743547e-06,1017.1252042055129,231000000.0,0.0008499999999999998,12.84
1.4419045954942704,0.8032912373542787,3.873678416013718e-06,1157.9434499144552,189999999.99999997,0.000894,9.47
1.5759391933679583,0.7128459200263024,7.0068203136324895e-06,1355.6819334626196,183000000.0,0.0009329999999999999,13.32
1.433780086040497,0.7963591486215592,8.438772261142732e-06,540.5693054199218,407000000.0,0.00178,9.38
1.5106156110763551,0.8037904947996141,8.034425348043443e-06,598.2425361871718,357000000.0,0.00196,10.62
1.372807565331459,0.6948779448866845,8.392830580472947e-06,716.8964594602584,297000000.0,0.000938,10.39
1.3457721412181856,0.5975987613201141,2.9937148094177254e-06,2228.557087481022,84099999.99999999,0.00012500000000000003,8.07
1.3308268904685976,0.792076125741005,3.0734602510929113e-06,762.5051885843276,263000000.00000003,0.000697,5.090000000000001
1.4399518311023713,0.7110100820660592,3.0083753168582922e-06,1803.8860680535433,115999999.99999997,0.00041500000000000006,10.39
1.286677032709122,0.7722341895103455,3.015920966863633e-06,1521.4539989829061,138000000.0,0.0005239999999999999,9.83
1.4213996261358262,0.6025314062833786,5.669180698692799e-06,2328.823685646057,93700000.00000001,0.000244,12.52
1.273109006881714,0.7528596449643374,3.0577124357223517e-06,1978.5094186663625,110000000.0,0.00043399999999999987,11.35
1.6034755468368531,0.6709279239177705,4.304464519023896e-06,2802.874773740768,87899999.99999999,0.0004379999999999999,14.28
1.3807899981737137,0.6107556313276291,9.642326384782792e-06,806.5361827611922,248000000.0,0.00047099999999999996,9.36
1.5149349667131902,0.6801082000136376,4.1741367280483256e-06,1222.6596772670744,168999999.99999997,0.0005059999999999999,9.540000000000001
1.3901394814252854,0.6060365349054337,7.614625394344331e-06,1302.459269762039,161000000.00000003,0.0003550000000000001,10.85
1.256872755289078,0.6689370900392533,8.466602295637131e-06,1825.7734943181274,140000000.0,0.0004799999999999999,14.44
1.4131782174110414,0.6663928091526032,8.705164164304735e-06,719.3564176559447,293000000.0,0.000829,10.180000000000001
1.3197595775127413,0.5996337711811066,9.984911203384401e-06,803.516387939453,245000000.00000003,0.00040400000000000006,8.99
1.5708053827285768,0.7013834461569787,4.0601517260074625e-06,2728.34438085556,90900000.00000001,0.0004939999999999999,14.26
1.454239082336426,0.6162347227334977,4.714905738830567e-06,1307.7040687203405,150999999.99999997,0.0002929999999999999,8.54
1.5423013016581537,0.6547187179327012,7.3482712507247935e-06,1524.3557952344415,158000000.0,0.0006280000000000001,13.25
1.4452489122748375,0.6326831459999085,3.2953392863273626e-06,1605.4974421858785,122000000.00000004,0.0002559999999999999,8.29
1.4928519347682596,0.8211970210075379,2.9437412023544317e-06,1115.6299263238905,181000000.00000003,0.0008830000000000001,8.41
1.4193398952484133,0.7239876866340638,5.188776209950448e-06,1687.015054747462,143000000.00000003,0.000648,13.04
1.652084755897522,0.7302127607166767,5.836292229592801e-06,2069.9150413274765,131999999.99999999,0.0008839999999999999,14.79
1.5218937903642655,0.766835317388177,4.066461116075516e-06,545.6399470567702,368000000.0,0.0009310000000000001,4.2
1.6068527340888978,0.8725470811128617,4.09554347395897e-06,1056.5581470727918,211000000.0,0.0014999999999999998,9.8
1.6087404996156693,0.6291600733995438,4.332879930734635e-06,1412.206396460533,144000000.00000003,0.000378,9.48
1.6645690977573395,0.7612685278058052,8.963756114244462e-06,1130.643032491207,233999999.99999997,0.0016800000000000003,14.219999999999999
1.6505334198474886,0.8259535968303681,3.0048215389251713e-06,1527.8184711933134,143000000.00000003,0.000987,10.47
1.4456879407167436,0.6167909502983093,7.1969210952520385e-06,1497.9422762989996,146000000.0,0.00039399999999999993,11.92
1.4089549094438554,0.6477917611598969,6.109151132404805e-06,1982.4997447431085,118000000.00000001,0.0004049999999999999,13.35
1.5275393821299077,0.7509463353082538,6.388867473229767e-06,1003.5404115915297,229000000.0,0.00111,11.5
1.3291942834854127,0.6195475190877915,8.497391343116762e-06,2361.1739575862885,106000000.00000003,0.00034200000000000013,14.74
1.3258557200431824,0.8228963792324067,2.9152383804321295e-06,939.6172612905501,213000000.0,0.000748,6.93
1.614739438891411,0.8709911495447159,4.089726626873017e-06,2548.6281812191005,349000000.0,0.0009729999999999998,1.1299999999999994
1.5791829586029054,0.6346245378255845,4.275457054376603e-06,1124.5058774948118,176000000.0,0.00039699999999999984,7.98
1.4425944194197655,0.7331509955227375,2.9650158882141117e-06,919.013202190399,207999999.99999997,0.000534,6.07
1.2326641738414765,0.6450505793094635,9.086024433374405e-06,2510.9196752309795,107000000.00000001,0.00036099999999999994,15.58
1.4266601443290712,0.7605927508324385,3.164504766464234e-06,551.7188012599944,354000000.0,0.000646,1.9600000000000002
1.3376544892787934,0.8440210103988648,2.902220726013184e-06,839.444801211357,237000000.0,0.000848,6.24
1.5797523736953736,0.7961017370224,2.995988726615906e-06,1722.887204494327,129000000.0,0.0007950000000000001,11.04
1.775557941198349,0.9098989427089692,5.915676400065423e-06,666.8114215135573,310000000.0,0.00284,10.09
1.5711485624313355,0.8033048406243325,6.058441683650017e-06,1068.4191733598707,224999999.99999997,0.0014700000000000002,12.01
1.4996609810739756,0.82587408721447,3.027987122535706e-06,636.9067281484603,304000000.0,0.0009769999999999998,4.21
1.502135330066085,0.7342383317649365,5.5205896496772776e-06,925.1007735729216,233999999.99999997,0.000894,9.91
1.2125180661678314,0.6531971901655198,8.987051248550416e-06,1304.5840635895727,175000000.0,0.0004669999999999999,12.79
1.4038201421499255,0.8540889233350755,4.075197756290437e-06,725.3655344247817,278000000.0,0.00122,7.35
1.4513880684971812,0.6176939606666565,6.75545133650303e-06,1589.1640186309812,138000000.0,0.00038,12.04
1.4448446005582811,0.774754735082388,2.9648047685623175e-06,1419.5772185921667,147000000.0,0.0006599999999999999,9.62
1.3615925252437593,0.7269611410796643,3.069416224956513e-06,2756.4072161912914,84699999.99999997,0.0003860000000000001,13.129999999999999
1.417403116822243,0.7212104223668576,5.070135101675988e-06,1026.7295241355894,205999999.99999997,0.0007060000000000002,9.94
1.5651111513376237,0.629645249247551,6.751768320798875e-06,1993.381783366203,121000000.0,0.0004669999999999999,13.8
1.585481044650078,0.7602899730205537,7.971218377351762e-06,996.5899139642714,244000000.00000003,0.00146,12.94
1.7661090195178988,0.8091850116848947,4.996552810072899e-06,1649.9191913753746,158000000.0,0.00137,13.44
1.4619227573275568,0.6310797661542893,5.851127088069916e-06,2638.4593844413753,92199999.99999999,0.0003400000000000001,14.28
1.4920011866837741,0.8437577158212662,8.096595287322999e-06,561.6466999053954,390000000.0,0.00232,10.17
1.2606552064418795,0.8907314658164979,8.950548619031908e-06,475.0708043575286,687000000.0,0.00191,3.1699999999999995
1.5622221663594247,0.632657951116562,6.281006675213576e-06,2435.150176286697,102000000.0,0.000424,14.52
1.4115805059671402,0.7463333398103714,4.003510743379594e-06,855.0947457551955,240000000.0,0.0006930000000000001,7.23
1.7556087076663973,0.6042369157075882,3.0030593574047093e-06,1286.6281270980833,147000000.0,0.00028399999999999996,6.12
1.4317810133099558,0.7089127197861672,5.535773679614068e-06,1118.0250644683836,194000000.0,0.0006959999999999999,10.83
1.750424247980118,0.7877499014139177,4.997462794184686e-06,1769.5338530465958,148000000.0,0.0011999999999999997,13.71
1.44595592468977,0.750639461260289,4.7125967741012585e-06,1229.3246686458585,181000000.00000003,0.000813,11.13
1.5720779299736025,0.8508293241262437,4.974674493074418e-06,738.630101084709,290000000.0,0.00175,8.92
1.4058322101831437,0.8244949892163277,4.8414021879434595e-06,487.5427782535552,378000000.0,0.00135,6.28
1.5989674240350724,0.7951926112174988,3.9589092135429386e-06,1654.8890359699724,143000000.00000003,0.0009549999999999999,12.22
1.5296256177127363,0.6386828988790513,7.380750924348832e-06,2761.678799986839,97600000.00000001,0.0004409999999999998,15.61
1.4268625751137736,0.6433063924312592,7.375101283192636e-06,1989.3937483429906,123000000.00000003,0.00044899999999999996,14.04
1.3706044882535935,0.6058643102645874,8.520271331071854e-06,2132.1396082639694,111999999.99999999,0.0003310000000000001,14.02
1.2597611010074616,0.5987919688224793,5.916286289691926e-06,1960.1413533091543,105000000.00000003,0.000189,10.91
1.6038634747266771,0.7343252029269934,3.0122843682765965e-06,704.0586620569228,265000000.0,0.0006930000000000001,4.55
1.5982545465230944,0.7246432073414326,5.894158311188222e-06,1547.5435480475423,160000000.00000003,0.000891,13.39
1.4108916878700257,0.7437003001570702,9.383560657501223e-06,604.6971976757048,356000000.0,0.00151,11.14
1.3614090800285341,0.6627725154161453,8.21690219640732e-06,1322.3044499754903,175000000.0,0.0005660000000000001,12.67
1.2946241855621339,0.626984578371048,9.0160630941391e-06,2675.3948926925655,97799999.99999999,0.00032700000000000003,15.43
1.392535436153412,0.7387627087533475,4.209912329912186e-06,1514.2877139151094,148000000.0,0.000627,11.7
1.629418408870697,0.7379049975425006,7.712694540619851e-06,1454.1513584554193,184000000.0,0.00121,14.5
1.3568542510271073,0.68647048920393,4.890631765127183e-06,705.5813372135161,275000000.0,0.0005620000000000001,6.62
1.3661292135715486,0.7544516511261464,5.808817729353905e-06,550.7967174053191,383000000.0,0.0009549999999999999,6.13
1.364188912510872,0.7792469792068005,2.928225994110108e-06,1111.4957481622694,178000000.00000003,0.0006249999999999999,7.98
1.4568046510219574,0.7254736572504045,4.301497787237168e-06,2133.6430236697197,113999999.99999999,0.0005640000000000002,13.419999999999998
1.785484278202057,0.7014638721942902,7.194546937942506e-06,2865.0322109460826,109000000.00000001,0.0008139999999999999,16.63
1.392730960249901,0.7636460926383735,2.9680967330932625e-06,2665.7042205333705,89500000.00000001,0.0004939999999999999,13.11
1.6301159262657168,0.6351591020822526,4.440389275550843e-06,1195.5876946449278,168999999.99999997,0.0004359999999999999,8.88
1.7094298124313356,0.9046449422836305,9.450444698333742e-06,429.6133220195769,459000000.0,0.00387,10.33
1.4226832151412965,0.9631863355636597,8.788528680801394e-06,-208.8690996170045,902000000.0,0.00287,0.25999999999999995
1.3216170072555544,0.603469455242157,8.534235477447511e-06,2703.254699707031,90500000.00000001,0.00026199999999999997,14.66
1.4727662153542043,0.6779014259576798,5.869108974933625e-06,702.074572443962,277000000.0,0.000682,7.9
1.5533141881227495,0.6751125678420068,3.7836513221263893e-06,2741.5212541818614,86300000.0,0.000396,13.57
1.4332060799002648,0.7284070640802384,5.29723308980465e-06,492.2920763492583,371000000.0,0.0008689999999999999,5.88
1.2702149569988253,0.6862393274903298,8.307333171367646e-06,1360.1891249418256,178000000.00000003,0.00062,13.46
1.6087687700986864,0.7092270255088807,8.537567913532258e-06,1196.541629731655,208999999.99999997,0.00113,13.75
1.6177927315235139,0.6497876733541489,1.0141938745975495e-05,2645.3250199556346,113999999.99999999,0.000614,16.74
1.4200169116258623,0.5988708794116975,4.9894182384014135e-06,1677.681987173855,119000000.0,0.0002320000000000001,9.71
1.4772036686539651,0.6813166916370392,6.807014651596547e-06,1513.5103389620779,160000000.00000003,0.0006590000000000001,13.2
1.6964688062667848,0.6646261990070343,2.9844422340393073e-06,2059.275593608618,102000000.0,0.00039399999999999993,10.72
1.4563690558075906,0.6608356475830078,8.15457558631897e-06,721.6766774654387,288000000.0,0.000778,9.51
1.3844823628664018,0.7956003606319428,2.968576550483704e-06,1318.6053484678266,158000000.0,0.000695,9.3
1.5562283903360368,0.6341557681560517,6.251968752592803e-06,2825.8361220359798,91599999.99999999,0.0004,15.1
1.353966361284256,0.6912453576922417,9.086768984794618e-06,1393.7903121113775,182000000.0,0.0007550000000000001,14.32
1.4107470631599428,0.699940998852253,5.586573198437692e-06,1294.379413127899,171999999.99999997,0.0006249999999999999,11.63
1.6039784610271455,0.6423959344625474,4.976289808750153e-06,2434.747695922851,97400000.00000003,0.00040400000000000006,13.73
1.5797093868255616,0.6859657511115075,4.407497376203537e-06,459.4104290008544,361000000.0,0.0007160000000000001,4.290000000000001
1.4511854097247125,0.6899089872837068,8.275251120328904e-06,1421.1755171418188,177000000.0,0.000791,13.99
1.501357818581164,0.7489088244270534,5.320329204201699e-06,1113.2700294256208,202000000.0,0.000934,11.110000000000001
1.5826824188232422,0.6929886057972908,8.912849366664887e-06,1531.4249433577058,175000000.0,0.000989,15.0
1.6538996994495394,0.7312109492719174,4.177859902381897e-06,2752.363711595535,94600000.00000003,0.000636,14.69
1.4415114015340806,0.6414740681648256,4.320213586091996e-06,1021.9595879316329,189999999.99999997,0.0003530000000000001,7.109999999999999
1.511740502715111,0.8842616111040116,5.1504217982292185e-06,502.2318959236144,383000000.0,0.0019,6.74
1.3007599711418154,0.6029841631650925,4.984129920601845e-06,946.672961115837,202000000.0,0.000222,5.27
1.6412436336278917,0.8533236533403398,9.252520233392717e-06,654.6163111925124,376000000.0,0.00298,11.62
1.1555733561515809,0.7626632563769818,6.703826166689397e-06,2408.9045375585556,456000000.0,0.0005790000000000002,0.9799999999999996
1.528154055029154,0.645440286397934,8.094486385583879e-06,2026.284012943506,128000000.0,0.0005379999999999998,14.74
1.6693431973457338,0.7278324723243714,6.0582972168922435e-06,2106.2289103865623,131999999.99999999,0.0009019999999999999,15.01
1.4308097228407861,0.7155942521989346,5.1786557137966165e-06,2014.457333832979,124000000.00000003,0.0005880000000000001,13.79
1.5335300222039223,0.6161510288715363,7.579364970326425e-06,1204.3368369340894,177000000.0,0.00047900000000000004,11.04
1.4342822626233103,0.7470835983753205,9.880284726619721e-06,586.1357897520064,364000000.0,0.00163,11.48
1.2832837343215944,0.6267960906028748,8.882796943187716e-06,2501.174241304397,102999999.99999999,0.00033699999999999995,15.18
1.5351895138621332,0.7268366172909737,4.84704202413559e-06,2304.78073656559,111999999.99999999,0.000648,14.36
1.5302301898598671,0.6671992957592011,7.086554802954198e-06,915.1221364736556,231000000.0,0.00073,10.38
1.5057887149974705,0.7812042765319348,8.136580348014833e-06,2065.278507769108,431000000.0,0.000996,4.5
1.6476109564304353,0.8549538642168045,8.23721119761467e-06,726.045325398445,344000000.0,0.00267,11.43
1.493563832715154,0.6373413205146791,4.2579992115497595e-06,2173.4053939580917,99600000.0,0.00029699999999999996,11.81
1.3831065505743028,0.8920421183109284,2.9535837173461918e-06,2422.9255616664886,296000000.0,0.0008080000000000001,0.9200000000000003
1.7136840105056763,0.9060149788856507,7.004622749984265e-06,563.9795511960982,362000000.0,0.00305,9.99
1.701492887735367,0.9057836651802064,3.0531018078327184e-06,2013.5244466364381,149999999.99999997,0.00119,9.28
1.4347370222210885,0.6442112982273103,4.169949173927308e-06,2528.141096234321,87600000.00000001,0.00027499999999999996,12.59
1.4340363398194313,0.672465392947197,4.044169843196869e-06,894.3664580583571,216000000.00000003,0.00044199999999999996,6.72
1.3110316693782809,0.6970772355794908,8.874101191759111e-06,1197.086416184902,203000000.0,0.0007990000000000001,13.68
1.5008023392409087,0.759356171451509,3.8006191253662116e-06,1650.4464689642189,137000000.0,0.000704,11.7
1.6085787355899812,0.8762426555156708,3.0416723489761357e-06,823.9141404628753,240000000.0,0.00124,6.45
1.4247240364551546,0.6403024792671205,6.139974027872087e-06,2278.830364346504,105000000.00000003,0.000376,13.94
1.500699087046087,0.6411598026752473,8.287487715482713e-06,910.1266711950301,232000000.0,0.0006429999999999999,10.38
1.4835720263421537,0.7073117807507515,7.889377385377885e-06,886.4409774541854,252999999.99999997,0.00101,11.59
1.451020060479641,0.6398752301931382,6.2107479535043246e-06,1697.165106423199,132999999.99999997,0.0004269999999999999,12.57
1.6358813256025315,0.7431630849838258,5.101576909422876e-06,1623.3563255518673,149999999.99999997,0.000917,13.16
1.3884116739034653,0.6052670180797577,7.420188367366792e-06,2678.0626475811,90100000.0,0.00027499999999999996,14.37
1.2673687756061556,0.5979071617126466,2.9831525683403022e-06,2141.218438744545,86399999.99999999,0.00010700000000000008,7.38
1.485468500107527,0.6515356332063675,8.279998600482942e-06,1019.8393762111663,216000000.00000003,0.0006930000000000001,11.52
1.3450502693653108,0.5974549233913422,2.995384573936463e-06,2135.0259631872177,87399999.99999999,0.00012599999999999992,7.79
1.3054241001605988,0.6953951552510262,8.833398699760439e-06,924.7804731130599,246000000.0,0.0008390000000000001,12.15
1.403436040878296,0.793473181128502,7.5782759934663784e-06,614.7153973579406,347000000.0,0.00158,10.06
1.4625653319060803,0.7607729304581882,3.533394634723664e-06,1331.3960954546926,161000000.00000003,0.0006720000000000001,9.700000000000001
1.3519748121500017,0.7972811356186867,9.18884825706482e-06,513.8905644416808,419000000.0,0.00181,10.04
1.4458464682102206,0.8602765291929245,4.280143827199937e-06,2567.934945225715,371000000.0,0.0007950000000000001,0.4399999999999999
1.7717741131782534,0.7537935784086586,5.050223097205163e-06,2433.3614408969875,115999999.99999997,0.000947,15.06
1.4868674218654634,0.6143128395080567,3.534381806850434e-06,2675.7100522518153,76800000.0,0.0001970000000000001,11.33
1.6026609331369401,0.7698227629065514,4.048700571060181e-06,1893.7843125313518,128000000.0,0.000831,12.94
1.615436589717865,0.6756420359015466,9.696223437786104e-06,2468.0393487215038,125000000.00000001,0.0007240000000000001,16.53
1.5494954556226732,0.641728949546814,8.127388924360276e-06,1087.293431162834,204000000.0,0.0006840000000000003,11.75
1.5820038378238679,0.6454751104116441,6.882231399416925e-06,506.9066137075423,372000000.0,0.00073,6.33
1.4014067441225053,0.5985154151916504,3.042260020971299e-06,1186.0472261905668,149999999.99999997,0.00016000000000000004,4.14
1.4076017171144486,0.6002752482891083,6.274738617241383e-06,718.5824513435363,261999999.99999997,0.00033699999999999995,5.66
1.408586660027504,0.6036163061857224,7.279941812157632e-06,1490.0324791669843,143000000.00000003,0.00033600000000000004,11.46
1.5091741019859912,0.8701508849859239,4.243646413087846e-06,2541.4153486490245,374000000.0,0.000844,0.25999999999999995
1.6158800125122073,0.8317436456680298,5.751850418746473e-06,653.987631201744,323000000.0,0.00198,9.29
1.44459165930748,0.6132163971662522,4.767133548855783e-06,1302.824944257736,150999999.99999997,0.00028399999999999996,8.46
1.5400987073779107,0.8183439105749131,8.138694465160372e-06,1833.3289232105014,654000000.0,0.00125,0.19999999999999968
1.565770210325718,0.7467411713674665,3.0350919663906103e-06,2912.2133105993266,83500000.0,0.000527,13.7
1.5056281054392457,0.6925613433122636,8.96656033396721e-06,1525.545336306095,173000000.0,0.0008889999999999999,14.85
1.3271845400333406,0.6005448639392853,8.583088189363482e-06,2340.752214193344,101000000.0,0.000277,14.04
1.6519129157066346,0.6788816437125207,6.552925109863282e-06,2580.355584621429,108000000.00000001,0.0006379999999999999,15.74
1.4464738547801972,0.6204730063676834,4.6046566367149364e-06,2513.9547437429424,86899999.99999999,0.00024699999999999993,12.44
1.2231739282608034,0.6757864192128182,9.153044492006303e-06,1538.8399474322794,164000000.0,0.000549,14.13
1.5858947396278382,0.6320351421833039,4.8490038514137275e-06,2679.0381520986552,88600000.00000001,0.00034999999999999994,13.83
1.461492043733597,0.7157646059989929,5.504867285490037e-06,1020.9329724311827,210000000.0,0.0007590000000000001,10.340000000000002
1.6174852162599564,0.6464226007461549,6.879006661474706e-06,2222.9732871055603,115999999.99999997,0.0005470000000000001,14.829999999999998
1.6469329833984376,0.7314514964818956,5.076475679874421e-06,2503.678828477859,109000000.00000001,0.0007439999999999999,15.04
1.6584408581256869,0.6915450721979142,9.157951563596726e-06,2252.6178061962128,136000000.0,0.0008709999999999999,16.4
1.5820288181304933,0.6317786157131196,4.821763783693314e-06,2773.26326072216,86499999.99999999,0.00034600000000000017,13.98
1.4256789386272433,0.7925338804721833,4.0240531861782085e-06,1236.797861754894,179000000.00000003,0.000882,10.51
1.4320773079991342,0.6471039354801179,8.012916177511217e-06,803.9239346981047,250000000.0,0.0005859999999999998,9.2
1.8034295797348023,0.7932188361883165,4.8686066865921025e-06,2002.321809530258,137000000.0,0.00123,14.18
1.5169783473014833,0.696696424484253,9.182165235280991e-06,1966.683894395828,147000000.0,0.0008059999999999999,15.75
1.5732490360736848,0.7490272351540626,4.09194713830948e-06,2368.83594840765,107000000.00000001,0.000686,13.98
1.37948716878891,0.8651553332805634,6.553019925951959e-06,954.2540758848189,510000000.0,0.0014700000000000002,3.31
1.7386362791061403,0.7340028114616871,7.872897222638132e-06,1764.6462139673529,165000000.0,0.00124,15.38
1.4201328188180924,0.638550764322281,4.481007903814317e-06,1015.6166851520537,191000000.0,0.0003439999999999999,7.15
1.431031358242035,0.8209149554371834,4.919468998908997e-06,729.6001464128493,285000000.0,0.00127,8.55
1.6216837137937548,0.7733936123549939,7.94394712150097e-06,1043.2143807411192,241000000.0,0.00162,13.27
1.3130000352859499,0.6518933773040773,9.663699746131898e-06,2365.088641643524,118000000.00000001,0.00045399999999999987,15.87
1.5111748315393927,0.6730739146471024,8.56932619214058e-06,2351.287819445133,122000000.00000004,0.000607,15.86
1.3465454936027528,0.760797255858779,3.2182368040084844e-06,771.2297439575194,261999999.99999997,0.0006190000000000001,4.99
1.4501416996121408,0.6195625931024552,8.700894415378571e-06,2826.2102156877513,94300000.00000001,0.00036099999999999994,15.67
1.542386855185032,0.6197638839483262,5.586809247732163e-06,1217.8005948662756,168999999.99999997,0.0004080000000000001,9.67
1.499237140081823,0.724437564611435,5.158984974026681e-06,2103.5721451044083,122000000.00000004,0.0006590000000000001,14.13
1.2370831310749055,0.6021696388721467,4.965724125504494e-06,870.8070516586303,222000000.0,0.00019100000000000003,3.99
1.3222271382808686,0.7388084683567286,3.0838003158569343e-06,2429.819136857986,93599999.99999999,0.0004049999999999999,12.48
1.464335471391678,0.909991765022278,9.86079913377762e-06,436.8031322956084,563000000.0,0.0031,8.23
1.5942972779273987,0.8309349775314332,5.344168618321419e-06,896.4846581220626,251999999.99999997,0.00165,10.46
1.3318077385425569,0.5990541458129883,4.960361331701279e-06,2064.747877418995,98600000.0,0.0001899999999999999,10.55
1.3528995752334596,0.7075557947158814,8.835773378610612e-06,1014.4377797842025,232999999.99999997,0.00096,12.99
1.2615078270435334,0.7563419044017793,3.042150497436524e-06,1890.658253803849,113999999.99999999,0.00043999999999999996,11.07
1.5883769363164904,0.7224874377250672,4.169374436140061e-06,2692.7876770496364,94700000.00000001,0.0005750000000000001,14.5
1.4795490950345995,0.7070169210433961,3.947591155767442e-06,1901.8730726093052,119000000.0,0.000505,12.29
1.3985572546720506,0.724901854991913,7.95801129937172e-06,732.9316735267638,299000000.0,0.0011,10.61
1.5848083823919297,0.6311543583869935,6.020311847329141e-06,2398.963898420334,102000000.0,0.00041999999999999996,14.29
1.6171967267990113,0.8816446959972383,3.835937440395356e-06,1158.304765820503,195000000.0,0.00145,9.88
1.3969678133726122,0.6234283447265625,7.807754918932916e-06,2610.820338129997,97799999.99999999,0.0003510000000000001,15.04
1.6450423657894135,0.7328252624720336,6.8084441423416145e-06,1663.647901266813,161000000.00000003,0.00106,14.5
1.596349248290062,0.6970864981412889,8.344618111848833e-06,1014.8109793663024,230000000.0,0.0010699999999999998,12.66
1.3877524763345719,0.6053613781929017,5.702441327273847e-06,1106.4339727163313,176000000.0,0.00029400000000000004,8.19
1.4783923253417017,0.6596601873636246,7.983387589454653e-06,2128.292240202427,125000000.00000001,0.0005409999999999999,15.03
1.481656175851822,0.7626181840896608,8.367995649576189e-06,507.56748020648945,403000000.0,0.00161,9.23
1.4191244155168534,0.6191350489854813,6.7838823944330226e-06,2610.389024019241,93700000.00000001,0.0003200000000000001,14.44
1.4552423045039178,0.7095075577497483,6.129413872957231e-06,1666.101889684796,149999999.99999997,0.0006930000000000001,13.579999999999998
1.5452400818467142,0.6208188056945801,8.268728941679002e-06,1106.853514909744,194000000.0,0.0005440000000000001,11.06
1.5435761377215387,0.8993745803833009,8.082891494035723e-06,593.4047996997832,690000000.0,0.00189,0.8499999999999996
1.44229234457016,0.8102780207991601,2.8706975579261787e-06,902.5504738092421,213000000.0,0.000798,6.8
1.5932822585105897,0.8476459532976152,5.005720555782319e-06,838.3509814739226,263000000.00000003,0.00172,9.730000000000002
1.2523006081581116,0.6004698157310486,8.697145998477937e-06,1964.6412432193754,113999999.99999999,0.00025299999999999997,12.94
1.1785591006278993,0.9022716522216798,1.0456570863723756e-05,198.0866789817809,927000000.0000001,0.00239,1.9900000000000004
1.569464336335659,0.8618162244558335,2.9915798306465154e-06,826.8754482269286,239000000.0,0.00113,6.36
1.458710476756096,0.6115514516830445,3.6015341281890877e-06,2067.927710711956,96600000.00000001,0.000211,9.71
1.5696750819683076,0.8101133912801743,6.049813106656075e-06,946.1991786956786,247000000.0,0.00157,11.36
1.598859250545502,0.8215749442577363,4.829284399747849e-06,1158.694542944431,201000000.0,0.00135,11.3
1.5895830720663071,0.7302722096443177,6.967344693839551e-06,1250.6248354911802,196000000.00000003,0.00106,13.05
1.3905648082494737,0.6040831267833711,7.403543502092362e-06,2494.51170861721,94900000.0,0.00028300000000000005,14.07
1.213520586490631,0.6527205169200898,9.004886686801913e-06,1401.5523642301557,166000000.0,0.00045600000000000013,13.129999999999999
1.5133616544306279,0.649183362722397,4.947003528475762e-06,1596.693519502878,136000000.0,0.000433,11.52
1.4701013289391995,0.710071125626564,6.224633373320103e-06,1698.9326030015943,149000000.0,0.0007110000000000002,13.77
1.6035714447498324,0.7716614685952664,6.046385854482652e-06,1319.1990107297895,187999999.99999997,0.00122,13.02
1.6835971713066102,0.896938392519951,9.905793070793154e-06,441.48775935173023,473000000.00000006,0.00379,10.37
1.270664530992508,0.5992187440395356,3.009988963603974e-06,2659.441709518432,70600000.0,0.0001019999999999999,8.87
1.4989265855401757,0.6501287162303925,3.4901620447635655e-06,1415.2835980057714,141000000.00000003,0.0003439999999999999,8.54
1.4985346656292677,0.8507745355367661,2.914072632789612e-06,823.7514942884444,238000000.0,0.00102,6.3
1.425398263335228,0.6807509735226632,8.701294124126435e-06,1800.3961741924284,148000000.0,0.000636,14.82
1.3214681804180146,0.7205828100442887,3.1553738415241247e-06,1109.5015257596967,176000000.0,0.00043900000000000005,7.63
1.4523524567484858,0.7051564380526544,5.620393127202989e-06,1016.5551602840422,208999999.99999997,0.0007129999999999999,10.28
1.4295970022678377,0.6469043344259263,5.088094040751458e-06,2165.6478494405746,105000000.00000003,0.00034700000000000003,12.94
1.553404574096203,0.7257066808640957,2.9658011198043827e-06,1072.230815887451,177000000.0,0.0005769999999999999,7.559999999999999
1.3890202224254609,0.6093019276857377,9.010484069585802e-06,1011.4170908927916,204000000.0,0.00041700000000000005,10.07
1.4527754232287409,0.8337699025869371,4.964181199669839e-06,624.9200850725173,326000000.0,0.0014399999999999999,7.59
1.7434946358203889,0.7650850284844638,8.016105085611344e-06,1354.346565902233,203000000.0,0.00161,14.52
1.3167260706424715,0.7984528362751008,2.9722494482994087e-06,1034.757301211357,194000000.0,0.000658,7.54
1.4454462245106698,0.8532365083694459,3.0145607888698583e-06,2370.931498706341,158000000.0,0.000738,7.93
1.2929964959621432,0.6287094444036484,9.07981163263321e-06,2765.415117144584,95600000.00000001,0.00032199999999999986,15.55
1.3818968385457995,0.7464620679616929,5.623768121004106e-06,520.4207003116607,379000000.0,0.0009239999999999999,6.06
1.7892078816890717,0.8053730338811875,8.017789870500566e-06,1138.1530687212942,237000000.0,0.00212,13.81
1.5180010400712491,0.6968453541398049,9.358167469501497e-06,1888.9212254434822,151999999.99999997,0.000838,15.72
1.3889244318008425,0.605133318901062,6.6582850553095354e-06,1109.5995008945463,180000000.00000003,0.000332,9.13
1.398767951130867,0.8155463352799416,2.9811761379241948e-06,1207.8114897012708,171999999.99999997,0.000783,8.81
1.5195125676691534,0.7585917105898262,3.889340907335282e-06,1751.570282038301,131999999.99999999,0.000719,12.21
1.716504853963852,0.7985732808709145,6.992961987853051e-06,1203.078284859657,214000000.00000003,0.00173,13.5
1.4612568318843844,0.8139693036675454,8.274412065744401e-06,564.0494376420974,407000000.0,0.00197,9.4
1.335840851068497,0.6468981832265854,9.193210005760194e-06,2709.229841828346,102999999.99999999,0.0003990000000000001,16.02
1.5399534836411477,0.6850803762674332,4.390369564294815e-06,2444.561526179313,98600000.0,0.000466,13.8
1.7272370338439942,0.7939002826809883,4.040640056133271e-06,2012.3770385980604,126000000.00000001,0.00101,13.32
1.3371257722377778,0.8417991131544114,2.9937064647674567e-06,747.1843361854552,266000000.0,0.000866,5.32
1.2318514108657839,0.7540400069206954,3.952411651611329e-06,767.0161426067351,304000000.0,0.000563,4.31
1.563394032418728,0.8027929723262788,6.560382619500162e-06,727.4340391159056,302000000.0,0.00172,10.46
1.4451266035437584,0.7864267721772195,4.023944705724717e-06,1322.9263499379156,168999999.99999997,0.000863,10.950000000000001
1.4566760793328286,0.6154977053403855,5.37861043214798e-06,2424.7883558273315,92400000.00000001,0.0002760000000000001,13.0
1.5774146050214768,0.7798120088875294,4.037409216165543e-06,1685.694891028106,140000000.0,0.0008809999999999998,12.38
1.375421476364136,0.6597986251115799,8.436842560768129e-06,1017.0466750860213,216000000.00000003,0.0006249999999999999,11.38
1.7562027633190156,0.7829376161098481,4.900799304246903e-06,1854.0500216186044,142000000.00000003,0.00115,13.83
1.3323167860507967,0.6942736431956292,8.193975061178208e-06,1226.2277975678442,196000000.00000003,0.0007399999999999999,13.14
1.5132179193198683,0.9181608796119691,6.066782265901566e-06,558.0181926488875,424000000.0,0.0023999999999999994,7.09
1.5292968794703485,0.8080626502633096,2.984391331672669e-06,1298.8766208291051,161000000.00000003,0.0008539999999999998,9.38
1.5231733448803426,0.6437905132770539,8.300485968589783e-06,1222.127705812454,187999999.99999997,0.000658,12.47
1.4212361991405489,0.6625040709972382,7.6152426898479474e-06,2446.6418027877803,111000000.0,0.0004850000000000001,15.45
1.6149417132139208,0.6225810080766678,7.805432081222536e-06,1113.8513237237928,195000000.0,0.000613,11.32
1.6663453459739686,0.7345515545457603,9.070613116025926e-06,1366.1201223731039,202000000.0,0.0013800000000000002,14.92
1.3638626486063006,0.6616443693637849,8.319404751062394e-06,1125.9622797369955,198000000.00000003,0.0005939999999999999,11.82
1.7327283382415772,0.8435324281454087,6.947635464370252e-06,907.36585855484,269000000.0,0.0023,12.07
1.7253662288188936,0.7941285029053688,6.975317798554898e-06,1277.5018364191053,205000000.0,0.00167,13.739999999999998
1.356563812494278,0.7772917449474336,3.0186684429645546e-06,2242.3157766461372,102999999.99999999,0.0005279999999999999,12.09
1.517957051843405,0.6469539016485215,5.994442023336888e-06,2003.9249695837495,119000000.0,0.00045999999999999996,13.55
1.4823952607810498,0.881124570965767,7.695443227887155e-06,475.69069266319264,434000000.0,0.00252,8.81
1.5686593115329743,0.766285964101553,7.241195932030679e-06,986.2844944000243,241000000.0,0.0013800000000000002,12.31
1.515856021642685,0.7364493459463121,6.391750980168582e-06,841.3785248994826,260999999.99999997,0.00103,10.22
1.2829980611801148,0.777446984499693,3.0362873375415808e-06,1221.5378060936926,167000000.0,0.0005640000000000002,8.59
1.4072986453771592,0.6025170743465424,6.5697888918221e-06,1488.591983914375,140000000.0,0.00031,10.9
1.552048945426941,0.6355688273906709,6.18136464059353e-06,2544.34722661972,98700000.0,0.00041799999999999997,14.68
1.5201115407049657,0.6490851044654847,1.0026500940322877e-05,2546.304568648338,114999999.99999997,0.0005589999999999999,16.47
1.3061437726020815,0.7667356353253126,3.02377536892891e-06,2302.316829562187,99500000.00000001,0.0004669999999999999,12.21
1.3664131164550783,0.6077766805887223,8.596427738666535e-06,2667.3415601253505,94099999.99999999,0.00030200000000000013,14.97
1.5200451783835889,0.7759687386453152,8.096668511629105e-06,691.5064454078673,318000000.0,0.00169,11.34
1.2373398542404175,0.601121073961258,3.897939443588257e-06,2237.3939603567123,87000000.00000003,0.000134,9.42
1.3595217257738115,0.7064217433333397,9.777940511703492e-06,1116.0893291234968,223999999.99999997,0.000996,13.91
1.8033018708229067,0.7416765801608564,5.125473901629448e-06,2785.080105066299,102999999.99999999,0.0008539999999999998,15.66
1.3901120603084565,0.8462268322706223,4.319779038429261e-06,2180.583767592907,336000000.0,0.0008239999999999998,1.9400000000000004
1.3123797833919526,0.7732817374169827,3.43057206273079e-06,716.3582295179366,300000000.0,0.0006320000000000001,3.88
1.3063877642154695,0.602593544125557,9.916787564754487e-06,1000.7000267505645,204000000.0,0.000385,10.29
1.7067032575607302,0.6955598875880242,8.039470940828325e-06,2193.0265352129936,134999999.99999997,0.0009050000000000001,16.09
1.602218645811081,0.7339049387723208,2.946729421615601e-06,2302.649013698101,98500000.00000001,0.000536,12.13
1.7532953560352327,0.7598758332431317,5.003632932901383e-06,2171.5558990836143,126000000.00000001,0.001,14.56
1.4135080307722092,0.6007056891918183,5.752712421119214e-06,1580.9323750436304,129000000.0,0.0002709999999999999,10.41
1.4931443413719536,0.7277495786547662,5.170832812786103e-06,1966.7212963104246,129000000.0,0.0006850000000000001,13.85
1.754358905553818,0.6048979818820954,3.024410396814347e-06,1190.6014680862424,158000000.0,0.000288,5.58
1.5022827465087176,0.8157767146825791,3.893245995044709e-06,1334.8833024501798,169999999.99999997,0.001,10.790000000000001
1.5020726054906846,0.7523604970425368,5.3009835928678525e-06,1109.4944477081297,203000000.0,0.0009509999999999998,11.1
1.4309201136231424,0.7323763243854047,3.018274158239365e-06,2867.7965253591533,82900000.00000001,0.0004269999999999999,13.44
1.3153811216354372,0.8247523739933968,4.347822487354279e-06,2446.60872220993,366000000.0,0.000695,0.8900000000000001
1.6181315928697588,0.8578369617462159,4.893097713589669e-06,870.7478195428847,255000000.0,0.00178,9.83
1.4043540358543398,0.6791932940483094,8.57844689488411e-06,2169.633500277996,129000000.0,0.0005710000000000001,15.439999999999998
1.3725541323423387,0.7972832545638086,2.9903193712234503e-06,1701.0549101978538,129000000.0,0.0006500000000000001,10.84
1.577176120877266,0.6133435517549515,6.561705455183984e-06,1296.4504882693288,164000000.0,0.000455,10.97
1.3832561641931536,0.770120568573475,2.959385752677918e-06,1318.9344406127927,155000000.0,0.000604,9.06
1.5853023648262026,0.8447907686233521,2.9689866900444037e-06,1077.2580951452253,186999999.99999997,0.0010500000000000002,8.33
1.436779609322548,0.6383558660745622,7.3209531605243695e-06,2666.301533579826,98200000.0,0.00039699999999999984,15.27
1.3688990592956545,0.7538640707731248,2.9512605667114263e-06,734.6862107515334,260999999.99999997,0.0006010000000000002,4.76
1.6021783947944643,0.6522043973207474,4.018841117620469e-06,2170.464053750038,102000000.0,0.00038099999999999994,12.21
1.4117487251758576,0.7343605186790229,4.488971412181855e-06,919.5397347211837,223999999.99999997,0.0007129999999999999,8.71
1.2228657424449922,0.6026680022478104,3.9638434052467355e-06,1029.583469033241,178000000.00000003,0.00015199999999999995,3.99
1.3637425392866136,0.6055510818958283,4.923661246895791e-06,846.9097614288329,225999999.99999997,0.00026399999999999997,4.88
1.3318422496318818,0.8224165454506874,2.8931717872619635e-06,841.3475304841994,235000000.00000003,0.000763,6.12
1.684566789865494,0.6797754675149918,9.677409589290621e-06,2566.053077578544,124000000.00000003,0.000787,16.79
1.619199800491333,0.8418421536684036,5.021389827132226e-06,956.7672312259673,237000000.0,0.00165,10.48
1.5791925609111788,0.6273716568946839,4.529042840003968e-06,1487.2331097722051,138000000.0,0.000363,9.94
1.5862733244895937,0.8998560816049577,3.3230318427085883e-06,688.7852698564528,360000000.0,0.00145,3.1699999999999995
1.7032983362674714,0.7332939203828573,5.801182217895985e-06,2286.6340652108192,124000000.00000003,0.0008990000000000001,15.22
1.5248688496649268,0.6927144080400468,9.172863036394121e-06,1594.1755957901476,168999999.99999997,0.000904,15.14
1.6336742967367173,0.8069199711084366,3.0179003179073338e-06,2130.8335959911346,111000000.0,0.0008189999999999998,12.24
1.4693590477108958,0.7844299569725991,2.9462921619415287e-06,2597.760513424873,93000000.0,0.0005939999999999999,12.969999999999999
1.4708989866077902,0.7235303856432439,5.20845352113247e-06,1431.3987195491788,162000000.00000003,0.0007280000000000002,12.3
1.2319912254810335,0.6462024807929994,9.212465703487398e-06,893.616035580635,232999999.99999997,0.0005180000000000001,10.9
1.5846852868795396,0.7340991854667664,9.202551424503328e-06,1193.344548344612,220000000.0,0.00133,14.29
1.5720476299524309,0.750146790384315,4.085179835557938e-06,2285.7448756694794,110000000.0,0.000697,13.8
1.5712093502283098,0.8056898027658463,6.860928654670716e-06,741.0621941089629,300000000.0,0.0018,10.88
1.580906340479851,0.6341466039419175,5.201565846800805e-06,2442.3834234476085,96700000.0,0.000378,13.73
1.5402903109788897,0.6533681899309159,3.0146803259849555e-06,2708.1991285085674,78399999.99999999,0.0002559999999999999,11.78
1.477469826489687,0.630808648467064,5.115428090095521e-06,2526.9802957773204,91299999.99999997,0.00031100000000000013,13.45
1.4518792435526848,0.6706048876047135,4.208851516246796e-06,898.8683223724364,216000000.00000003,0.00046199999999999995,7.07
1.226073718070984,0.869162517786026,9.49916097521782e-06,525.8025527000426,472000000.00000006,0.00224,9.44
1.619201534986496,0.8378585726022721,5.925990909337998e-06,721.8435704708098,304000000.0,0.00204,10.01
1.274131053686142,0.7777126416563989,3.05344644188881e-06,1313.7344568967817,157000000.0,0.000554,9.08
1.5156078748404982,0.7159653894603253,6.1582558266818535e-06,1556.3258640468118,160000000.00000003,0.0007900000000000001,13.419999999999998
1.7231238663196564,0.7376947950571776,5.136710911989213e-06,2574.761092662811,109000000.00000001,0.0008189999999999998,15.27
1.4309267073869707,0.8057902514934541,4.277455389499665e-06,671.6496050357817,313000000.0,0.00102,6.13
1.5088649125769735,0.6066515028476716,4.866166397929193e-06,1685.3108229115603,121000000.0,0.000277,10.16
1.4772059082984925,0.6347955912351609,3.73393139243126e-06,1032.8539013862608,186000000.0,0.0003179999999999998,6.13
1.586059319972992,0.7024459317326547,9.013110339641573e-06,1330.9232816100118,197000000.00000003,0.0011,14.45
1.412114927172661,0.6985166385769844,3.364926367998124e-06,2138.1286457180977,102000000.0,0.00037300000000000007,11.7
1.3262569785118103,0.5988398909568787,4.956367373466492e-06,1587.6662656664846,123000000.00000003,0.00020200000000000003,8.99
1.5299101911485196,0.6921226903796197,1.0124461293220522e-05,1490.9022226929662,183000000.0,0.000987,15.29
1.3568312019109727,0.7671837765723467,3.226504266262055e-06,1071.978762745857,188999999.99999997,0.000607,7.87
1.5227199196815493,0.7492092864587904,6.913087829947473e-06,832.9832851886748,267000000.0,0.0011999999999999997,10.87
1.3060620188713075,0.6793949827551843,8.38499975204468e-06,1533.2418791949747,162000000.00000003,0.0005840000000000001,13.88
1.7841787934303286,0.7004378154873848,8.926146149635316e-06,2123.278371989727,146000000.0,0.0010800000000000002,16.43
1.3733464121818544,0.7032069236040116,8.271367520093918e-06,722.4434167146682,297000000.0,0.0009769999999999998,10.47
1.332387846708298,0.6186060726642609,8.697880119085313e-06,637.0641589164733,312000000.0,0.00045600000000000013,6.91
1.3973569929599763,0.6035679817199707,6.600310545414688e-06,1394.6871012449262,148000000.0,0.0003149999999999999,10.52
1.6294302910566332,0.903457671403885,2.9953265786170965e-06,1974.8783037066457,164000000.0,0.00111,8.3
1.4065721064805985,0.8427187353372575,3.930966943502427e-06,832.3819488286971,247000000.0,0.00111,7.98
1.4735234990715982,0.723019789159298,2.9404458999633793e-06,2654.0561318397517,86100000.00000003,0.00041500000000000006,12.74
1.5050308456644417,0.6628844529390335,4.806347146630288e-06,1395.961448550224,152999999.99999997,0.00048199999999999995,10.84
1.503768475726247,0.6733003556728364,8.183702379465104e-06,1079.7324329614637,213000000.0,0.000831,12.44
1.3100227653980256,0.6027677178382874,8.830128014087678e-06,1297.4302768707273,162000000.00000003,0.00033400000000000004,11.14
1.6969021797180177,0.6349593043327332,9.570525467395783e-06,2888.8748139142986,102999999.99999999,0.0005530000000000001,16.74
1.585855793952942,0.9041939735412599,3.035501688718796e-06,2577.713310718536,300000000.0,0.0009070000000000001,0.5000000000000002
1.4966574663296344,0.845713645219803,8.304664134979249e-06,1432.8495338559148,740000000.0,0.0015900000000000003,0.40999999999999975
1.4124453216791155,0.8041654497385026,7.092468135058881e-06,624.7096806764602,345000000.0,0.0016,9.75
1.5932766348123553,0.7558542720973492,9.860938072204591e-06,718.2943373918532,328000000.0,0.00192,12.51
1.564594267308712,0.7688551023602487,3.8516583442687995e-06,1883.940754458308,126000000.00000001,0.000769,12.58
1.5951318293809893,0.7272426925599575,7.81632623076439e-06,1344.8245748877523,192000000.0,0.00113,14.059999999999999
1.7240689694881441,0.8344245404005052,3.0167712867259986e-06,1992.471396923065,119000000.0,0.001,11.89
1.3838272869586945,0.6315377533435822,8.071252793073656e-06,1411.099053919315,158000000.0,0.00043700000000000005,12.16
1.3954663395881655,0.7866025060415268,8.760569512844086e-06,1890.6161580234764,664000000.0,0.00102,0.19999999999999968
1.332335150241852,0.60568827688694,4.993719279766083e-06,646.6489583253859,293000000.0,0.00027299999999999997,2.84
1.4037193179130556,0.6481622189283371,5.978728994727135e-06,2033.5825458168981,114999999.99999997,0.00039399999999999993,13.38
1.4749726071953775,0.6661021739244462,8.123818248510362e-06,1007.7072232961654,221000000.0,0.000767,11.77
1.6352411270141602,0.6109517544507981,7.613025411963464e-06,1102.1230667829511,193000000.0,0.0005589999999999999,10.84
1.2550853312015535,0.7319559238851071,4.117819517850877e-06,733.5978299379348,300000000.0,0.000549,4.73
1.4787593163549901,0.6651616036891937,8.087887227535249e-06,1308.9677616953848,182000000.0,0.000701,13.05
1.5960726857185366,0.7674796901643277,3.987719953060151e-06,1960.2409861981866,124000000.00000003,0.0008,13.01
1.4015774220228197,0.6484692871570588,5.5849152207374585e-06,2079.030454158783,111000000.0,0.0003710000000000001,13.18
1.47331954613328,0.6115592122077942,5.788868956267835e-06,1397.8355303406713,148000000.0,0.0003439999999999999,10.33
1.2730270922183993,0.602014097571373,6.557757835835219e-06,2881.006777286529,78999999.99999997,0.00018800000000000012,13.62
1.4531636774539949,0.6950660079717637,9.465098947286608e-06,1987.5324442982671,146000000.0,0.000732,15.67
1.6420711040496827,0.7268392190337182,5.848970517516137e-06,2148.528538644314,128000000.0,0.000848,14.93
1.4953630532138051,0.8460528641939163,9.811205625534059e-06,618.8282668590545,404000000.0,0.00278,11.39
1.2602846682071687,0.6610527724027634,8.674608349800111e-06,1003.0740797519683,217000000.00000003,0.0005809999999999999,11.71
1.4098860025405886,0.6220071315765381,6.846521928906442e-06,2546.32394015789,96100000.00000001,0.00032999999999999994,14.43
1.5554742738604548,0.6500045210123063,4.349183499813081e-06,997.9222267866134,197000000.00000003,0.000453,7.75
1.5639903366565706,0.6365962386131288,6.460154894739391e-06,1009.3279480934142,204000000.0,0.0005589999999999999,9.890000000000002
1.5832985043525698,0.8172318667173386,5.9707036316394815e-06,2264.5181715488434,485999999.99999994,0.000996,0.3299999999999997
1.4166402339935305,0.5979661166667939,3.0147650241851814e-06,1665.7538544386623,110000000.0,0.0001530000000000001,6.53
1.5463887736201287,0.7454339409247042,6.41765632107854e-06,1088.4186178445814,215000000.00000003,0.0010800000000000002,11.94
1.2791471779346468,0.6833256751298905,9.397804975509645e-06,587.9037380218505,339000000.0,0.000857,9.91
1.6155407667160036,0.6930620312690735,1.0053885579109193e-05,1674.9725509434936,169999999.99999997,0.0010399999999999997,15.85
1.226201766729355,0.6486271977424622,9.127881407737733e-06,992.6783591508864,214000000.00000003,0.0005039999999999999,11.46
1.6974616885185243,0.8114636108279228,3.5302000939846046e-06,886.4166885614394,275000000.0,0.000986,4.47
1.2102387607097627,0.8339906215667725,9.875102281570437e-06,719.0769463777541,820000000.0,0.0015600000000000002,0.86
1.3253663420677186,0.6083958953619004,3.745872795581818e-06,834.8784148693084,220000000.0,0.000211,2.9599999999999995
1.542344355583191,0.6994813799858094,3.713050991296769e-06,2060.869850218296,109000000.00000001,0.0004850000000000001,12.3
1.7785790205001832,0.757285699993372,7.0075045749545105e-06,1884.8500885069368,157000000.0,0.0013,15.23
1.5828208655118943,0.6105041474103928,8.044865131378175e-06,2906.5678566694255,91299999.99999997,0.00038,15.64
1.2783067524433138,0.6276416748762131,8.806529551744462e-06,2413.5869294404984,106000000.00000003,0.000343,15.04
1.4996417267248037,0.6820183798670769,9.586961299180987e-06,2283.3898216485977,130999999.99999999,0.000677,16.1
1.5199391439557077,0.714047770947218,2.950897574424744e-06,1084.0109288692472,176000000.0,0.0005159999999999999,7.44
1.5053991654887797,0.7235446013510228,4.023064553737641e-06,504.18245792388905,361000000.0,0.000743,3.9499999999999997
1.521989069133997,0.7925451591610909,9.022115260362626e-06,1987.807463854551,636000000.0,0.00114,1.0299999999999996
1.660323715209961,0.6836118668317795,7.2797183841466914e-06,2609.141051769256,111999999.99999999,0.000692,16.16
1.4642751507461071,0.7151102229952813,5.8829719945788395e-06,1554.2627237737177,157000000.0,0.000719,13.14
1.6062026023864748,0.731255478411913,2.9487822055816658e-06,2254.8438534140587,100000000.0,0.0005330000000000002,12.0
1.4443821385502817,0.8444312363862992,3.5680658221244817e-06,1122.9130923748014,195000000.0,0.001,8.79
1.5370501041412354,0.6640243738889695,7.607731357216836e-06,2515.699446201324,111000000.0,0.0005560000000000001,15.78
1.52542956545949,0.8618533730506898,3.461126625537873e-06,1198.3005255460737,184000000.0,0.00113,9.31
1.617867359519005,0.6407673954963685,4.270538926124573e-06,1759.5124484505502,121000000.0,0.00039500000000000006,11.21
1.4660837687551977,0.6863249167799951,4.405808627605439e-06,2010.4650519788263,114999999.99999997,0.0004610000000000001,12.79
1.5196440853178503,0.8129888623952867,3.934345275163651e-06,1366.3418889045713,167000000.0,0.00101,11.06
1.2423720180988314,0.5985102117061616,9.635344833135606e-06,2140.1254385709763,109000000.00000001,0.00026399999999999997,13.82
1.349684536457062,0.6420166701078416,8.137006551027299e-06,1472.7537259459493,155000000.0,0.00045099999999999996,12.59
1.7767963349819185,0.7041198447346688,8.035689145326615e-06,2422.597587108612,129000000.0,0.000956,16.47
1.2908105313777924,0.660522758960724,8.72471046447754e-06,613.8210296630858,326000000.0,0.000655,8.78
1.6987425506114961,0.8240456566214562,5.0580455809831624e-06,1255.772031843662,192000000.0,0.00152,12.08
1.4137050300836564,0.7889831051230431,8.240934789180757e-06,2102.6831045746803,605000000.0,0.000943,0.2400000000000002
1.423688954114914,0.6955395296216011,7.954412460327149e-06,814.882919192314,268000000.0,0.000913,10.84
1.3749210208654405,0.6090830951929093,8.630165159702302e-06,2845.9949344396587,89799999.99999999,0.00029400000000000004,15.21
1.1991116881370545,0.7554731318727136,9.725560933351518e-06,1555.0593771040437,589000000.0,0.000863,2.3899999999999997
1.3528199583292009,0.6660022169351578,7.730576604604723e-06,2124.3772581219673,123000000.00000003,0.00047900000000000004,14.79
1.514129461348057,0.7503451132681221,5.8966798037290585e-06,887.9784792661666,249000000.0,0.0010500000000000002,10.23
1.538418307900429,0.7010858327150346,7.580006048083307e-06,517.2028690576552,385000000.0,0.00106,7.7
1.5255942665040494,0.6942951545119286,4.080835193395615e-06,2285.8241125941277,102999999.99999999,0.000475,13.24
1.6516927778720858,0.7704833261668683,3.060819566249848e-06,2799.6592521667476,88499999.99999997,0.0006540000000000001,13.579999999999998
1.5260478459298612,0.7625778749585153,8.443590253591538e-06,704.6763151884078,315000000.0,0.00165,11.64
1.403526744246483,0.6043772488832474,5.009923964738847e-06,2499.936625361442,85900000.0,0.00021500000000000005,12.2
1.8027467250823976,0.5863868951797486,6.109926976263524e-06,508.4555149078368,362000000.0,0.000514,4.03
1.3719397455453874,0.6061697870492936,4.889817327260972e-06,932.1535676717757,204000000.0,0.0002599999999999999,5.69
1.394795286655426,0.6050388783216477,6.090355798602105e-06,1106.613978743553,178000000.00000003,0.0003129999999999999,8.62
1.7184688925743103,0.7467420425266028,8.025818049907686e-06,1529.709819704294,184000000.0,0.0013800000000000002,14.94
1.3978966265916826,0.6494755268096924,5.55646423995495e-06,1988.0732446908949,114999999.99999997,0.000376,12.95
1.3693983346223833,0.6933811917901039,9.346088379621508e-06,1715.7510872930286,160000000.00000003,0.0006980000000000002,15.02
1.6024405628442766,0.7317038029432298,5.220250248908997e-06,609.935775399208,333000000.0,0.00099,6.789999999999999
1.3029178977012636,0.6048300683498383,9.223373413085939e-06,2520.865529775619,97899999.99999999,0.000288,14.78
1.642618927359581,0.7583234192803503,4.993040442466737e-06,1564.0242882072923,155000000.0,0.00099,12.96
1.63164199590683,0.9113014519214631,3.020134180784226e-06,2588.9886468648906,302000000.0,0.000957,0.3200000000000003
1.4835823439061644,0.6862153932452203,5.8726979568600666e-06,904.5365750789641,227000000.00000003,0.000688,9.58
1.177264952659607,0.8184979364275933,9.179570049047472e-06,748.6071735620498,687000000.0,0.0014700000000000002,2.849999999999999
1.3835178762674334,0.6620047599077226,3.4444024860858924e-06,2691.6245669126506,81100000.0,0.0002540000000000001,12.32
1.5510295227169992,0.7154075972735883,6.1978618055582055e-06,1335.7295021414755,179000000.00000003,0.0008560000000000001,12.66
1.2809152364730836,0.6293006479740143,8.72425463795662e-06,2063.5930001735687,120000000.0,0.00036700000000000003,14.379999999999999
1.693153041601181,0.7783675566315652,8.892249554395676e-06,1030.385002493858,251000000.0,0.00192,13.899999999999999
1.5365833058953287,0.8730496644973755,7.654292315244676e-06,939.7445917129515,496000000.0,0.00214,5.66
1.5274740613996984,0.6938478827476502,1.0119118213653567e-05,1664.4238792359827,168999999.99999997,0.000934,15.7
1.7119519114494326,0.6936611160635949,9.955920219421388e-06,2301.357865333557,140000000.0,0.000969,16.83
1.4485941588878632,0.6161792010068894,7.275387510657312e-06,1402.484282851219,153999999.99999997,0.000402,11.56
1.580561935901642,0.7425266928970814,3.865812331438065e-06,2600.819125771522,97200000.0,0.0006230000000000002,14.17
1.4538441628217698,0.6488873451948166,8.419142097234727e-06,622.1303641796111,329000000.0,0.0007640000000000001,8.62
1.6104059457778932,0.7216888748109341,6.401100078597666e-06,563.6516511440276,352000000.0,0.0010699999999999998,7.6
1.5384008109569551,0.718781813979149,6.004724666476251e-06,1245.9081709384916,186999999.99999997,0.0008610000000000001,12.14
1.4623631894588471,0.633779525756836,7.858256429433824e-06,1603.3298354595897,145000000.0,0.0004799999999999999,13.08
1.6344810962677003,0.6199092328548432,7.51669090986252e-06,1999.9392069876192,124000000.00000003,0.000508,14.23
1.6687244296073915,0.7854274861514569,7.993456453084947e-06,987.9378527402877,251999999.99999997,0.00183,13.17
1.249023073911667,0.6005432546138764,8.755965352058412e-06,1861.948251724243,119000000.0,0.000257,12.7
1.4747486516833306,0.8065887048840523,5.739130772650243e-06,2225.92394053936,432000000.0,0.0008870000000000001,1.7399999999999998
1.247609692811966,0.5993246018886567,2.971129179000855e-06,1673.3894888311622,108000000.00000001,0.00011099999999999988,5.67
1.3296788692474366,0.7140178173780442,9.629977971315386e-06,1020.002394914627,239000000.0,0.00103,13.49
1.6463378190994264,0.6405972719192505,4.133770942687989e-06,1491.3031943142412,138000000.0,0.000422,10.1
1.4248244136571886,0.8201496675610543,8.92716544866562e-06,551.4974445104598,416000000.0,0.00216,10.13
1.7043566644191743,0.6952866330742836,8.884300857782365e-06,1809.1966975480316,159000000.00000003,0.00106,15.82
1.335536313056946,0.6088796049356461,4.967290833592416e-06,506.5704435110091,346000000.0,0.00027799999999999987,1.4900000000000002
1.441443179547787,0.6389159917831422,6.221252251416446e-06,2352.0862609148026,102999999.99999999,0.00038099999999999994,14.16
1.4572367057204247,0.6454775959253312,7.289772853255273e-06,512.0136886835097,369000000.0,0.00057,5.67
1.4006163239479066,0.6280427277088166,6.491849910467864e-06,2068.908914923668,111999999.99999999,0.00034999999999999994,13.36
1.4268569692969324,0.6635410755872727,7.633006781339646e-06,2428.5877794027324,111999999.99999999,0.000493,15.45
1.2622583091259003,0.601454383134842,5.796793974936009e-06,2601.76408290863,82799999.99999997,0.00017399999999999997,12.44
1.6419146418571473,0.790657326579094,6.953846022486688e-06,1183.4100931882856,215000000.00000003,0.00158,13.32
1.5863136202096941,0.8544073730707169,2.988535284996033e-06,1011.1651122570037,198000000.00000003,0.0011,7.95
1.4045786529779436,0.7704899579286576,2.844208717346192e-06,714.409828186035,261999999.99999997,0.000673,4.86
1.4667644642293454,0.6574785143136979,7.527079060673715e-06,701.9131183624266,281000000.0,0.0006800000000000002,8.66
1.7798848807811738,0.8614643901586533,8.122040629386904e-06,843.1645035743712,302000000.0,0.0028499999999999997,12.29
1.292957675457001,0.7903216749429703,3.0392745137214667e-06,2023.131765425205,111999999.99999999,0.0005470000000000001,11.69
1.4747975416481496,0.7862560562789441,2.955106616020203e-06,2572.6202428340907,94200000.00000001,0.000611,13.02
1.4942607801407577,0.6780183881521226,5.3456447869539265e-06,2168.9475625753403,112999999.99999999,0.0004979999999999999,13.91
1.7034897923469545,0.8013643562793732,4.036454379558564e-06,1833.4775343537328,134999999.99999997,0.0010500000000000002,12.88
1.4214455723762514,0.6485409379005432,6.117181528359652e-06,795.6847101449965,242000000.0,0.0005059999999999999,8.05
1.4639353796839716,0.6398129850625992,3.102289557456971e-06,632.5623691082,289000000.0,0.00029200000000000005,1.43
1.6547618687152863,0.8542717158794404,5.016327023506166e-06,947.1148550510405,241000000.0,0.00182,10.48
1.4170856148004534,0.699658776819706,4.340270787477494e-06,1392.3563733696935,153999999.99999997,0.000521,10.84
1.51182229667902,0.6787740647792817,8.577878415584565e-06,2251.9307136535645,127000000.00000001,0.0006379999999999999,15.75
1.4882599599659445,0.761162630841136,5.2814644128084195e-06,939.1473531723021,233999999.99999997,0.001,10.04
1.6162442654371263,0.6638934642076493,6.751855731010438e-06,2655.702859163284,103999999.99999999,0.000565,15.73
1.5353068113327029,0.7472454093396664,2.985475301742554e-06,1190.5592605471609,166000000.0,0.0006310000000000003,8.24
1.5280055209994317,0.6651131004095078,7.855304300785066e-06,1019.5677280426024,218000000.00000003,0.0007839999999999999,11.72
1.6042110711336137,0.6283987909555436,7.370137467980386e-06,1408.4117040038107,163000000.0,0.0005790000000000002,12.5
1.334542751312256,0.6015319257974625,6.691981092095376e-06,2419.867694377899,92500000.0,0.0002320000000000001,13.129999999999999
1.4368712961673737,0.6225994259119034,4.557729244232179e-06,2608.489423990249,84400000.0,0.0002449999999999999,12.63
1.218334722518921,0.6014639586210251,3.944187164306641e-06,1308.3947375416753,141000000.00000003,0.0001479999999999999,5.81
1.1231812834739685,0.7549557343125344,6.8298128098249445e-06,2344.78010982275,468999999.99999994,0.00053,0.6199999999999998
1.469918091595173,0.7036143377423287,5.334932133555413e-06,2136.0745951533318,118000000.00000001,0.00057,14.11
1.3764752537012102,0.7013801693916322,3.0900811254978185e-06,1885.5185732245443,111000000.0,0.0003640000000000001,10.56
1.4370061665773393,0.6330195128917695,3.3054112792015084e-06,1507.267143577337,129000000.0,0.00025900000000000006,7.879999999999999
1.5394768729805948,0.7095733657479287,6.9297637268900885e-06,1582.967687398195,163000000.0,0.000848,14.02
1.349804824590683,0.821167252957821,4.094594895839692e-06,737.6310527324675,275000000.0,0.0009920000000000003,7.18
1.514722888916731,0.8043279737234116,7.686689272522927e-06,753.6111325025557,445000000.0,0.00164,7.0
1.5764144450426103,0.696483613550663,8.955333441495897e-06,1340.5998721718786,194000000.0,0.0010500000000000002,14.4
1.3020120799541475,0.8483611017465592,9.738228321075441e-06,496.7077374458312,458000000.0,0.00239,10.27
1.7102746188640596,0.8024472802877427,8.964216321706773e-06,903.19986641407,280000000.0,0.00225,13.37
1.3437680304050448,0.7628945589065552,3.1375250518321997e-06,850.5706787109374,233999999.99999997,0.000607,5.93
1.259745454788208,0.7912874087691307,9.872312247753144e-06,474.9128520488738,431000000.0,0.00174,10.47
1.5024692265316846,0.6498517602682115,4.127968907356263e-06,2343.814477324486,94800000.0,0.0003200000000000001,12.45
1.5099226377904416,0.6275625765323639,3.787390768527985e-06,1134.023807942867,170999999.99999997,0.00031400000000000004,6.78
1.6302719682455065,0.7010765925049782,8.240026891231538e-06,1129.622898995876,214000000.00000003,0.0010800000000000002,13.16
1.3867485880851746,0.8034723177552224,4.308123022317887e-06,694.9921250343322,297000000.0,0.000982,6.78
1.5449279576539994,0.8348770380020142,2.9713286161422735e-06,1110.5814129114149,183000000.0,0.00098,8.48
1.5019603058695794,0.6985198840498925,5.896716937422753e-06,907.569259405136,231000000.0,0.000758,9.78
1.5712575405836107,0.6594031244516373,5.566611230373384e-06,2335.891604423523,106000000.00000003,0.00048199999999999995,14.28
1.5541215285658838,0.7483058032114059,3.877488374710084e-06,2224.320203065872,110000000.0,0.000661,13.39
1.6106371700763704,0.6938332110643387,1.0066878199577334e-05,1765.3644243255255,164000000.0,0.00101,16.03
1.5011170154437423,0.7182574465870858,5.8635568618774425e-06,1112.8851324319837,201000000.0,0.0008319999999999998,11.32
1.4748856477439405,0.6286367028951646,4.543453216552735e-06,1216.651529073715,163000000.0,0.0003330000000000001,8.3
1.3289083421230317,0.6029881238937378,4.798928648233415e-06,2869.9199408292766,74599999.99999999,0.00017300000000000009,12.4
1.4657812245190145,0.6595576822757722,8.01789689064026e-06,625.5200803279876,326000000.0,0.0008030000000000002,8.55
1.4066033720970155,0.6701236546039582,2.9698232412338263e-06,1130.933605134487,168999999.99999997,0.000312,6.07
1.499280105996877,0.8690441966056824,3.5580514073371893e-06,851.7928719520568,242000000.0,0.00122,7.4
1.5241521567106249,0.7354847889393569,3.864010930061341e-06,2316.386990249157,105000000.00000003,0.000589,13.49
1.5300089545547964,0.6934527844190598,8.127174675464631e-06,1616.044037044048,163000000.0,0.0008430000000000001,14.69
1.4841708920896055,0.7579438403248787,9.240564644336702e-06,581.4610719680785,367000000.0,0.00172,11.02
1.355883774161339,0.6342897266149522,7.4520114213228235e-06,2267.701879143715,109000000.00000001,0.00037199999999999993,14.41
1.3061486542224885,0.6009661853313446,6.969248734414579e-06,717.13949739933,261999999.99999997,0.0003070000000000001,5.85
1.535550704598427,0.5971367061138153,6.1940732561051855e-06,511.26930117607105,354000000.0,0.00038299999999999993,3.2699999999999996
1.5365154057741166,0.7932404592633248,5.989485457539559e-06,725.2753823995589,294000000.0,0.00146,9.71
1.4979394907131793,0.6467220693826676,3.398820877075196e-06,2154.6813398599625,96899999.99999999,0.0002799999999999999,10.83
1.540529827773571,0.6856728672981263,8.22661516070366e-06,1342.8696542978284,186000000.0,0.0008780000000000001,13.78
1.645296496152878,0.854462394118309,3.0213013887405403e-06,1415.8207103610036,152999999.99999997,0.00111,10.08
1.5810077726840974,0.7505922237178312,5.518086671829224e-06,1318.6886087059972,180000000.00000003,0.00101,12.41
1.3824246525764468,0.7936137780547142,6.274893984198571e-06,2289.386458694935,451000000.0,0.0008,1.7300000000000004
1.4092860639095308,0.7351072892546654,7.993430584669114e-06,723.2569456100463,304000000.0,0.00119,10.73
1.2460800290107727,0.7979805752635003,9.303507506847383e-06,1260.1832598447797,711000000.0,0.00118,0.9299999999999997
1.4438596218824389,0.7426270533353091,9.900819659233095e-06,698.1228590011596,325000000.0,0.00155,12.29
1.641439238190651,0.7333732534199954,5.091199189424516e-06,2455.8378309011455,111000000.0,0.0007569999999999999,14.98
1.6116640985012056,0.8700655728578568,5.076292410492898e-06,620.798423886299,334000000.0,0.00198,7.89
1.677596014738083,0.8284339964389802,5.054423168301583e-06,1160.2941825985906,204000000.0,0.0015600000000000002,11.62
1.4756467692553998,0.7224941164255143,2.928629040718079e-06,2746.261984109878,83699999.99999997,0.0004099999999999999,12.92
1.5119575783610346,0.7409560862928629,3.853948116302491e-06,1925.0473305582998,121000000.0,0.000627,12.54
1.5561062291264536,0.6333302736282349,5.79748334735632e-06,2357.530400156975,102000000.0,0.0004009999999999999,14.01
1.313261300325394,0.65057612657547,8.174812823534013e-06,1626.4318600296972,146000000.0,0.0004520000000000001,13.3
1.3724822759628297,0.7026541739702226,3.2359499931335455e-06,2765.989407896995,83200000.00000003,0.00033699999999999995,13.03
1.6481701433658602,0.9039045095443726,2.957286655902863e-06,2085.673987865448,187999999.99999997,0.0010800000000000002,6.64
1.7153598189353945,0.6962175562977791,6.169081211090089e-06,2753.598347306251,103999999.99999999,0.0006940000000000001,15.94
1.4160164058208466,0.6429310262203217,6.09427496790886e-06,2199.5636746287346,108000000.00000001,0.00038099999999999994,13.77
1.527121862769127,0.6853431254625321,8.777182042598726e-06,2216.1868140101433,130999999.99999999,0.0006900000000000001,15.85
1.4297784671187401,0.6204963505268097,6.074352376163007e-06,1960.5227857828138,113999999.99999999,0.00032999999999999994,12.68
1.4501776278018952,0.6356986731290818,8.844283878803255e-06,712.1636271476744,285000000.0,0.000646,9.24
1.7377953708171845,0.892555046081543,5.020896136760713e-06,585.3557139635085,334000000.0,0.00236,8.04
1.739649832248688,0.606672003865242,2.9536488056182865e-06,2062.6101195812225,97400000.00000003,0.00025900000000000006,9.17
1.6630270957946778,0.7843126952648164,8.844178944826127e-06,937.5120252370833,268000000.0,0.00197,13.44
1.7848531007766726,0.7490785254165531,5.111103475093842e-06,2572.7957040071483,111000000.0,0.0009140000000000001,15.33
1.4253690898418427,0.6413587242364884,5.728376343846322e-06,2253.5127326846123,103999999.99999999,0.0003600000000000001,13.59
1.5378306180238726,0.6274243712425233,3.683145016431809e-06,1592.577315866947,126000000.00000001,0.000301,9.0
1.4076875478029252,0.6046412587165833,7.584031820297242e-06,809.2383593320845,239000000.0,0.000385,7.76
1.3083689153194429,0.6266625344753266,8.894630700349809e-06,1698.5904630273578,139000000.0,0.00039500000000000006,13.48
1.5202249445021154,0.6935880482196809,5.448618084192277e-06,752.2384375333785,267000000.0,0.0007349999999999999,8.04
1.4014945775270464,0.690918517112732,2.9934974312782295e-06,2607.269689440727,83900000.0,0.00029999999999999987,12.16
1.552828846871853,0.6705271929502488,6.105190292000771e-06,551.3528287410735,346000000.0,0.00076,6.54
1.6933544218540193,0.7987947106361389,4.399525940418244e-06,1616.8697662651537,150999999.99999997,0.00113,12.68
1.2385557711124422,0.6038084954023362,9.170368611812593e-06,2879.562929272651,86700000.00000001,0.00023500000000000002,15.03
1.643623235821724,0.6855706974864006,4.211883962154389e-06,2895.2177166938777,86599999.99999997,0.00048199999999999995,14.56
1.2485610723495484,0.6000886917114259,8.761067271232606e-06,2229.3888330459595,102999999.99999999,0.00024199999999999997,13.56
1.4961772123351695,0.6477839559316636,4.036989063024522e-06,2826.308041810989,81900000.00000001,0.00030200000000000013,13.35
1.4297765001654625,0.6965364083647728,4.311348646879197e-06,1576.0576650500295,139000000.0,0.000502,11.55
1.3793254226446152,0.6593135207891465,8.30721613764763e-06,1592.4316756427286,152999999.99999997,0.000539,13.66
1.3913944065570834,0.6038650631904603,3.914724081754685e-06,2328.221008181572,86399999.99999999,0.00018099999999999993,10.4
1.252909916639328,0.5988780319690705,2.9810284376144416e-06,1764.1767575405536,102999999.99999999,0.00010999999999999999,6.06
1.50927084479481,0.7339292563498021,2.9220196604728704e-06,592.121586203575,300000000.0,0.000633,3.31
1.5396597906947138,0.77373975366354,7.28588528931141e-06,807.1803599596022,279000000.0,0.00148,11.34
1.4108032375574113,0.7031218707561494,4.3023591637611394e-06,1311.0678568482397,162000000.00000003,0.0005310000000000001,10.43
1.5955514430999758,0.7171800009906293,6.86958982795477e-06,1723.1517839245496,155000000.0,0.0009239999999999999,14.55
1.5012253493070604,0.7940226539969445,2.922461092472077e-06,513.6271119117736,343000000.0,0.0008369999999999999,2.849999999999999
1.4683377742767336,0.7222341723740101,5.292481124401093e-06,1326.2937515974043,171999999.99999997,0.0007439999999999999,11.91
1.6086578249931336,0.7394536938518287,4.83457063138485e-06,2353.637360036373,112999999.99999999,0.0007489999999999998,14.61
1.4680065438151362,0.7916590601205826,5.23759762942791e-06,713.8727903366088,292000000.0,0.00117,8.51
1.568218879401684,0.8066415578126908,5.898661971092225e-06,844.945266842842,266000000.0,0.0015600000000000002,10.59
1.5374216169118882,0.6991055309772493,3.6668808758258827e-06,2456.7357748746867,94999999.99999999,0.00045900000000000004,13.18
1.3955657243728639,0.6978568688035012,5.363957852125168e-06,1626.71785056591,143000000.00000003,0.0005570000000000002,12.66
1.4454761981964113,0.6749687612056733,8.62110808491707e-06,1846.9306379556654,144000000.00000003,0.000618,14.829999999999998
1.7644689381122591,0.806853273510933,4.063727825880051e-06,1947.8133060038087,130999999.99999999,0.00112,13.22
1.3900044679641725,0.7282916553318501,4.801706686615945e-06,1333.5422724485395,167000000.0,0.000661,11.45
1.2617101192474367,0.7311791963875295,9.989211201667787e-06,860.9740734100341,274000000.0,0.00113,13.04
1.2359620392322541,0.6708725094795228,8.479274898767472e-06,1423.2340008020399,168000000.0,0.0005250000000000001,13.36
1.3464850008487703,0.6656056076288224,8.212490588426591e-06,1222.4516570568082,186000000.0,0.00058,12.27
1.8050306081771852,0.7963491305708886,4.897128179669381e-06,1975.0583097338674,139000000.0,0.00126,14.15
1.4203612178564073,0.5993531227111817,5.133204177021981e-06,1671.7025469988582,120000000.0,0.00023900000000000006,9.9
1.4618306681513789,0.6331203371286392,7.4853470474481594e-06,2719.5412963628764,96700000.0,0.00039399999999999993,15.37
1.5441373631358148,0.7538816124200821,3.8563951849937445e-06,1935.8098991215227,122000000.00000004,0.0006940000000000001,12.649999999999999
1.454605668783188,0.7055416703224183,9.378191500902178e-06,1122.7476149797437,223000000.0,0.0010699999999999998,13.77
1.8134727716445924,0.9011865913867951,4.897999778389932e-06,413.5637283325194,388000000.0,0.00266,6.9
1.583693799376488,0.6712250947952271,3.881054252386094e-06,2358.6107343435287,96600000.00000001,0.0004159999999999999,12.83
1.4648232556879521,0.7924272894859314,2.9650576114654546e-06,2418.1902706623077,99199999.99999999,0.0006379999999999999,12.76
1.5500445351004601,0.6611761897802354,6.825271442532541e-06,1921.1683347821233,130999999.99999999,0.000582,14.18
1.3834547460079194,0.6543700754642487,4.19260260462761e-06,923.0472445487975,207999999.99999997,0.00035899999999999994,6.41
1.3545935332775116,0.6886765748262406,9.095864027738573e-06,2006.5896511077879,141000000.00000003,0.0006060000000000001,15.33
1.5016593206673863,0.65477434694767,7.971585229039194e-06,2113.827608525753,125000000.00000001,0.0005409999999999999,14.97
1.3506975889205934,0.7344509225338698,8.335248321294785e-06,608.8286191225051,345000000.0,0.00123,10.1
1.6847846031188967,0.9005821108818055,3.5574760437011724e-06,1225.6672158837316,324000000.0,0.0014399999999999999,3.29
1.3252480566501619,0.6603860199451447,7.553356677293779e-06,2265.068620443344,114999999.99999997,0.00043399999999999987,14.88
1.4604223027825356,0.6132350742816925,5.737930551171304e-06,2797.4875569343562,84699999.99999997,0.00027799999999999987,13.98
1.4095869183540346,0.6021339744329453,6.1010887399315844e-06,1486.483823508024,138000000.0,0.0002929999999999999,10.46
1.5024849515408278,0.7437797868624331,3.844223469495774e-06,1823.744263499975,126000000.00000001,0.0006379999999999999,12.26
1.3528363466262818,0.7933380514383317,3.894749909639359e-06,745.0309693813323,309000000.0,0.0007619999999999999,4.400000000000001
1.552733999490738,0.7929953590035439,7.085376642644406e-06,819.438725709915,279000000.0,0.00164,11.46
1.67436443567276,0.8906433194875718,7.71160587668419e-06,562.1129572391509,385000000.0,0.00307,10.32
1.4518347948789598,0.8224134519696237,3.766441315412522e-06,1166.4660573005674,189999999.99999997,0.000948,9.24
1.745296722650528,0.7323176175355912,6.880487836897375e-06,2014.7539414465425,144000000.00000003,0.0010800000000000002,15.37
1.198265254497528,0.6572314828634263,9.404103726148606e-06,1987.3036369681356,131999999.99999999,0.00042800000000000005,15.04
1.4457003727555275,0.8017920881509781,7.234220013022424e-06,1840.8709131181238,473000000.00000006,0.0010399999999999997,3.15
1.229222720861435,0.602028626203537,8.847831398248674e-06,1286.6718247532842,160000000.00000003,0.0002850000000000001,10.78
1.3575626134872438,0.7313961692154408,7.895027548074724e-06,612.9987090826033,339000000.0,0.00114,9.700000000000001
1.414202865958214,0.6023872643709183,7.274597272276879e-06,1675.9371683001516,130000000.0,0.0003240000000000001,12.11
1.5098697490990163,0.8027130782604218,5.021916270256043e-06,1049.0695685148237,217000000.00000003,0.00121,10.84
1.2389190137386323,0.6029132544994354,9.265422105789185e-06,2783.301874995231,88799999.99999999,0.00023799999999999993,14.91
1.559657120704651,0.6770699948072434,5.1876105666160594e-06,523.0080634355544,366000000.0,0.0006999999999999999,4.61
1.2049941301345826,0.6985674306750298,9.784863233566285e-06,985.8689755201339,236000000.00000003,0.000801,13.16
1.5500251919031145,0.6457640379667283,3.1140315234661106e-06,2261.5103349089622,91699999.99999999,0.00027000000000000006,10.7
1.2279999732971192,0.600510334968567,2.9453125000000004e-06,1081.5059691667554,159000000.00000003,0.00011699999999999994,2.5899999999999994
1.754281783103943,0.6623533576726914,9.963403284549714e-06,2956.559538841247,110000000.0,0.0007179999999999999,17.3
1.5213236309587956,0.7357999373227359,3.889911681413651e-06,2213.462695479393,109000000.00000001,0.000598,13.28
1.2962233543395998,0.7758947007358075,3.0328977406024938e-06,1125.1364573836324,179000000.00000003,0.000574,8.05
1.5916525930166245,0.6766880348324776,5.342075884342195e-06,2531.3157141208644,101000000.0,0.000523,14.75
1.5915314823389055,0.8477126330137253,4.9756741821765905e-06,849.0152955055236,260000000.0,0.0017,9.76
1.719394111633301,0.7163894891738892,6.884092569351197e-06,2166.308306157589,133999999.99999997,0.000947,15.59
1.6929615676403047,0.7891502782702446,3.100286006927491e-06,2563.2355660200114,96399999.99999999,0.000761,13.22
1.4624821856617929,0.6729776680469514,5.4054714441299445e-06,1989.9675734341142,120000000.0,0.0004830000000000001,13.419999999999998
1.5092865658923984,0.7223578445613384,6.037510588765145e-06,943.2776570320128,232000000.0,0.000895,10.48
1.4477753162384035,0.6855768978595734,8.897423237562181e-06,2086.960218846798,136000000.0,0.0006410000000000001,15.5
1.4060311138629915,0.7044637128710748,4.336932092905045e-06,1214.9933278560636,173000000.0,0.0005419999999999998,9.96
1.7778175592422487,0.8071641683578492,9.039471298456194e-06,1033.146187663078,263000000.00000003,0.00236,13.89
1.3365136563777924,0.6008459329605103,7.587595090270043e-06,1965.8670127391813,112999999.99999999,0.00027200000000000005,12.71
1.1873382925987244,0.6584488481283188,9.500422269105913e-06,901.9657522439956,238000000.0,0.0005599999999999998,11.47
1.742434734106064,0.8969163447618486,3.734688043594361e-06,1332.983739674091,177000000.0,0.00164,10.76
1.581946134567261,0.808189219236374,6.981780312955381e-06,826.0353952646254,280000000.0,0.00181,11.55
1.5869577527046206,0.6395735800266267,4.643292576074601e-06,1494.9337504804132,141000000.00000003,0.000424,10.69
1.4335494562983515,0.7111653059720994,2.9949147701263433e-06,1501.430246978998,134999999.99999997,0.000433,9.29
1.579851320385933,0.8334279209375383,2.9918460249900824e-06,2069.1002830863,119000000.0,0.000838,11.19
1.5615747660398485,0.7692314095795155,7.278801932930947e-06,902.7161002159118,257000000.0,0.00143,11.9
1.484645477682352,0.7382591038942338,5.312743395566941e-06,940.9164190292357,229000000.0,0.0008740000000000001,9.84
1.3631409287452698,0.7084049820899964,7.826057344675066e-06,610.9114289283751,335000000.0,0.0009779999999999997,9.17
1.6172695487737656,0.7245032943785191,6.989121519029142e-06,537.098079919815,386000000.0,0.00117,7.44
1.4599013641476632,0.6146729350090028,7.091191977262498e-06,1209.2348486185072,173000000.0,0.0004099999999999999,10.49
1.5891099482774735,0.7640676766633988,9.0258446931839e-06,700.1685649156569,326000000.0,0.00189,12.02
1.4150358080863954,0.693153887987137,5.566091254353524e-06,1222.8183373808859,178000000.00000003,0.000605,11.14
1.557270133495331,0.6477143436670304,7.736228436231614e-06,1103.6935746669767,201000000.0,0.000692,11.72
1.3973350703716279,0.6532584071159363,3.5194415450096138e-06,841.8138623237609,225999999.99999997,0.00032799999999999995,4.56
1.3378265082836152,0.6068085551261903,3.753547161817551e-06,1689.1554808244107,113999999.99999999,0.0001899999999999999,8.14
1.5470930814743042,0.6455866813659669,4.134445190429688e-06,2071.406088769436,105000000.00000003,0.00034200000000000013,11.78
1.4343713298439982,0.64633466899395,9.914688885211947e-06,2683.0896288156505,108000000.00000001,0.00047900000000000004,16.51
1.6526501119136812,0.8321100175380708,7.555719047784806e-06,771.0965275764464,307000000.0,0.00228,11.59
1.5561123803257944,0.76564822755754,6.270354546606542e-06,1106.2639504671095,215000000.00000003,0.0011999999999999997,12.09
1.3536297708749772,0.6173421621322632,8.721533238887789e-06,1799.510453827679,130999999.99999999,0.0003789999999999999,13.55
1.3637576848268511,0.6663874626159668,9.512942999601365e-06,2239.1350492835045,127000000.00000001,0.0005349999999999999,15.77
1.2514228999614716,0.6019921839237213,3.9035929441452035e-06,2585.2472633123393,76200000.00000001,0.00012900000000000007,10.33
1.537367244064808,0.6598168283700944,7.67434659600258e-06,2593.7769860029216,108000000.00000001,0.0005369999999999999,15.86
1.6148235440254213,0.6668112426996232,6.6510094590485105e-06,2284.1320484876633,115999999.99999997,0.000605,15.13
1.423811048269272,0.6003842353820801,3.029793322086335e-06,2667.2422438859935,72400000.00000001,0.00014000000000000007,9.64
1.5008705366402866,0.8406098932027818,4.9817192554473886e-06,692.2766119241713,302000000.0,0.0015600000000000002,8.4
1.229750418663025,0.6915480718016626,9.976228177547456e-06,500.8989870548247,400000000.0,0.000969,9.45
1.4675217971205712,0.7354632966220379,9.608877897262574e-06,1038.1731688976286,244000000.00000003,0.0012899999999999997,13.77
1.4912132492288948,0.754914371855557,5.11011964082718e-06,1140.7696381211279,197000000.00000003,0.000928,11.110000000000001
1.4962463334202767,0.8210806041955948,3.949588030576707e-06,1267.1540230512617,178000000.00000003,0.0010399999999999997,10.59
1.3995862931013108,0.8222677409648896,7.77665013074875e-06,1122.8397786617277,467999999.99999994,0.00134,5.21
1.5699434235692025,0.710190524160862,7.377861589193345e-06,1471.3633731007574,175000000.0,0.000941,14.01
1.3845113396644593,0.6316770493984223,7.049619555473329e-06,808.1208467483519,241000000.0,0.00044600000000000005,8.04
1.5357179626822473,0.6508236676454545,4.565349578857423e-06,2161.0894352197647,105000000.00000003,0.00038,12.72
1.3916600972414017,0.634264487028122,8.980721414089205e-06,713.4828269481658,282000000.0,0.0005780000000000001,9.01
1.6433207631111146,0.6877224013209343,7.1535992175340666e-06,2269.52812820673,124000000.00000003,0.000745,15.67
1.3684967905282976,0.7914263784885407,2.988675475120545e-06,2281.6082388162613,102999999.99999999,0.0005840000000000001,12.39
1.7260956645011902,0.9146624386310578,8.879413813352587e-06,527.1794945001601,396000000.0,0.00394,11.17
1.5000886498019101,0.8328008562326432,3.744511783123017e-06,1301.0121062397955,174000000.0,0.00103,10.19
1.2442153036594392,0.6729291111230851,9.186790049076082e-06,1946.829121559858,139000000.0,0.000501,15.06
1.4104452520608903,0.7179362677037716,2.9395571947097786e-06,2742.7105158567424,83000000.0,0.00036700000000000003,12.79
1.5764909952878954,0.6257114589214325,6.887651354074479e-06,1701.2102501466868,137000000.0,0.000493,13.06
1.484682047367096,0.6288111090660096,5.119704931974412e-06,2624.23525750637,88799999.99999999,0.00030799999999999995,13.62
1.7432830095291139,0.7608545120805502,9.871717274188997e-06,1228.6706194281576,230000000.0,0.00189,15.07
1.4386790335178377,0.7997685670852662,6.130570493638516e-06,2272.5683003664017,462000000.0,0.0008489999999999999,1.2899999999999996
1.3954508900642397,0.7751937210559846,3.987778574228288e-06,1148.3944877982137,187999999.99999997,0.000785,9.81
1.3824399858713152,0.680026437342167,3.2125442922115332e-06,647.7392762899398,294000000.0,0.0003879999999999999,2.66
1.4577123731374741,0.742199930548668,4.653077721595765e-06,1358.6353808641431,166000000.0,0.000763,11.66
1.691224479675293,0.6255337536334992,7.78922186791897e-06,2932.9311400651927,94800000.0,0.00047900000000000004,16.04
1.7074616789817811,0.7451294017955662,9.81982856988907e-06,1341.2070944905279,212000000.0,0.00161,15.34
1.659133815765381,0.7856413029134274,6.9400080367922794e-06,1258.8934898376463,205000000.0,0.00153,13.59
1.3728137433528902,0.7688406541943551,2.973557889461518e-06,2585.7997238636012,91800000.00000001,0.0005000000000000001,12.93
1.5779836356639863,0.8593822538852692,3.107209146022797e-06,643.2516425848006,307000000.0,0.00118,4.3
1.4320767179131508,0.7125010371208191,2.9470890760421758e-06,2913.1482094526286,78899999.99999999,0.00035899999999999994,13.129999999999999
1.4926049826666714,0.64653639793396,7.186399430036546e-06,2679.0014207363124,100000000.0,0.0004470000000000002,15.48
1.5445741385221483,0.7074515193700791,6.468602236360313e-06,628.6030560731887,323000000.0,0.0009070000000000001,7.879999999999999
1.5642657503485682,0.654701042175293,4.4912860095500954e-06,2153.282567858696,106000000.00000003,0.0004049999999999999,12.78
1.7553406298160554,0.8146751359105111,4.974736973643304e-06,1560.3669472038744,164000000.0,0.0014099999999999998,13.16
1.1936262845993042,0.7525776056572796,9.507172048091889e-06,1535.2323949337003,655000000.0,0.0008239999999999998,0.8299999999999998
1.6576748907566072,0.8302284747362138,5.959052100777627e-06,944.9909925460814,248000000.0,0.00188,11.52
1.405993562936783,0.6074947088956834,8.197903305292131e-06,2812.6491159200664,89900000.00000001,0.0002980000000000001,15.05
1.3787689447402955,0.78990468531847,2.980060040950776e-06,2366.8798357248306,100000000.0,0.0005750000000000001,12.49
1.618042239546776,0.7249525666236878,6.527844820171595e-06,1721.3331949897108,153999999.99999997,0.0009530000000000001,14.39
1.4658390529453755,0.8274586558341981,2.949293732643128e-06,1111.8224561214445,183000000.0,0.0008870000000000001,8.39
1.6778641462326052,0.8905560672283174,3.7858173847198495e-06,1247.5771754980085,185000000.0,0.00155,10.340000000000002
1.545596319437027,0.6905899241566659,9.494416624307633e-06,2223.6753553152084,136000000.0,0.000765,16.18
1.5447127372026446,0.7087404146790505,7.043098054826261e-06,1564.787935465574,165000000.0,0.0008619999999999999,14.04
1.397611802816391,0.6072991132736206,4.695081770420075e-06,2702.989906072616,79799999.99999999,0.00020499999999999994,12.38
1.3696447044610978,0.7433893583714962,4.335422337055207e-06,1130.4012238979337,188999999.99999997,0.0006810000000000001,9.94
1.647497820854187,0.6603927791118622,2.9794596433639534e-06,1105.431944131851,173000000.0,0.000402,6.51
1.5474299132823945,0.6199966818094254,3.98999971151352e-06,1791.397209279239,113999999.99999999,0.0002850000000000001,9.9
1.4581380039453509,0.8101861417293549,7.779397815465929e-06,601.7039269208907,362000000.0,0.00184,10.13
1.7815095841884614,0.700270874798298,9.885665357112885e-06,2429.27673459053,138000000.0,0.0010399999999999997,17.07
1.6261035650968554,0.8202217295765878,5.037265837192536e-06,1159.396983683109,203000000.0,0.00142,11.54
1.6785985708236695,0.8442578583955765,3.849485188722611e-06,1138.650096952915,284000000.0,0.0010399999999999997,3.99
1.5887311577796936,0.6528304964303971,4.041347265243531e-06,2445.9921866655345,92700000.00000003,0.0003659999999999999,12.86
1.4605859756469728,0.6136094570159912,6.1780363768339164e-06,2818.761050701141,85900000.0,0.0002909999999999999,14.33
1.4517881825566292,0.6653090357780457,3.3282311856746678e-06,1485.213406383991,134999999.99999997,0.0003490000000000001,8.88
1.5896620988845827,0.7248194284737111,5.820813894271852e-06,1967.7733369171617,134999999.99999997,0.0008170000000000001,14.46
1.3523895084857942,0.6651041954755784,7.621841847896577e-06,2317.316859960556,114999999.99999997,0.00046199999999999995,15.14
1.2117314279079439,0.6527557790279389,9.017404705286028e-06,1199.4762271642683,186000000.0,0.0004780000000000001,12.4
1.4503140538930894,0.7153856858611107,5.129616498947144e-06,925.7158190011977,223999999.99999997,0.000723,9.3
1.48968785405159,0.7503957152366639,9.382500678300859e-06,597.3568111658095,359000000.0,0.0016800000000000003,11.26
1.4947785649448635,0.5991672635078431,3.041401773691178e-06,1376.813195645809,131999999.99999999,0.00018299999999999995,5.62
1.5218693152070046,0.6954260677099229,5.517866373062135e-06,522.4327296018599,355000000.0,0.0008099999999999998,6.17
1.586340594291687,0.6724802255630494,3.855417400598527e-06,2173.283502459526,102999999.99999999,0.00042800000000000005,12.39
1.5932729154825211,0.7372068688273431,8.298514962196352e-06,1009.3801021575927,238000000.0,0.0013199999999999998,13.05
1.7033538401126862,0.8323346614837647,5.608933940529824e-06,1080.0274759531019,222000000.0,0.00181,11.92
1.5609695926308633,0.6325339615345001,5.077157437801362e-06,2526.6067236661906,93000000.0,0.0003530000000000001,13.69
1.5981767714023591,0.6479647904634477,6.953678190708162e-06,2366.2601709365845,111000000.0,0.000532,15.14
1.6674981772899629,0.8997175008058549,6.303620990365745e-06,626.8901675939559,344000000.0,0.00265,9.53
1.3874581933021546,0.6076985657215119,8.16836303472519e-06,2626.294746994972,94600000.00000003,0.00030599999999999996,14.79
1.5766737431287767,0.9109447360038758,3.907133996486665e-06,1717.4067273735998,362000000.0,0.00125,1.9099999999999993
1.4343388348817827,0.7313784822821617,4.240615010261536e-06,1934.0111240744588,123000000.00000003,0.0005840000000000001,12.93
1.3337294518947602,0.6000680923461914,8.612740486860277e-06,1971.925042569637,115999999.99999997,0.00029499999999999996,13.259999999999998
1.6116155147552491,0.6870196044445038,4.659497261047364e-06,2749.0001469850536,92700000.00000003,0.000508,14.71
1.4989456906914713,0.8025466248393059,5.913328424096108e-06,607.4504852294921,333000000.0,0.00151,8.73
1.4571517378091814,0.7147992432117463,5.908241942524911e-06,1750.930036185309,144000000.00000003,0.0006890000000000002,13.72
1.527883791178465,0.6300682425498964,3.621980398893357e-06,1219.5062190294263,160000000.00000003,0.00031899999999999995,7.21
1.6755033552646639,0.8088004723191262,6.9915166422724735e-06,1026.4597386121748,240000000.0,0.00185,12.76
1.336741214990616,0.6025994449853898,5.689906775951387e-06,2795.9750145673747,79600000.00000001,0.00019900000000000012,13.1
1.5034655269235373,0.6003648519515992,2.9940811395645146e-06,1672.5824885070322,111000000.0,0.00017800000000000002,6.91
1.4033974260091784,0.7268599033355714,4.780786857008935e-06,1844.5479981601236,130999999.99999999,0.0005989999999999999,13.129999999999999
1.3708510637283327,0.63509561419487,7.678560331463815e-06,1794.3218322470782,130999999.99999999,0.0004080000000000001,13.36
1.5597825273871424,0.8049087926745415,9.780701339244844e-06,643.2801783084868,372000000.0,0.00244,11.87
1.5426559790968897,0.8202714487910271,3.1987316012382515e-06,540.1120632886885,357000000.0,0.00101,2.95
1.3729092031717303,0.7219789490103722,4.207648009061814e-06,798.6808866262435,257000000.0,0.000613,6.629999999999999
1.5084799999371172,0.7331778466701508,6.561811510473491e-06,900.2197086811065,247000000.0,0.00102,10.83
1.3972494632005692,0.7400070615112783,3.004804223775864e-06,2793.1438684463496,84900000.0,0.0004319999999999999,13.3
1.5988999664783479,0.7213790774345399,6.079373117536307e-06,1979.6356484293935,136000000.0,0.0008319999999999998,14.66
1.6586658060550692,0.6064898997545243,3.0331487059593205e-06,1203.3938542008398,155000000.0,0.00025000000000000006,5.29
1.4765350118279459,0.6881467580795289,8.567665815353395e-06,1798.5190562903879,149999999.99999997,0.000717,14.989999999999998
1.5589475065469742,0.6824596390128136,7.591990113258363e-06,1126.5702471137045,205999999.99999997,0.0008560000000000001,12.39
1.545393691956997,0.7910650357604028,6.010905861854554e-06,953.3955454826354,242000000.0,0.00137,11.2
1.6274111151695252,0.6205512911081315,7.620818689465524e-06,1322.1342787146566,170999999.99999997,0.000585,12.2
1.5355675846338273,0.6204218924045564,4.565331846475602e-06,1875.7650181651113,111999999.99999999,0.00029999999999999987,10.97
1.416828274726868,0.7683958020061256,3.952505946159363e-06,1337.128050625324,165000000.0,0.0007529999999999999,10.790000000000001
1.4501436129212382,0.6382336556911469,8.072217851877214e-06,2670.850113034248,101000000.0,0.000422,15.64
1.3784077227115632,0.7070445612072945,4.971323385834695e-06,1716.4597050286827,136000000.0,0.000543,12.71
1.4927403576672078,0.6829121857881547,8.482525974512101e-06,1846.826013177633,146000000.0,0.0006940000000000001,15.0
1.6638155400753023,0.6626897603273393,1.0013751566410066e-05,2614.336937665939,119000000.0,0.000697,16.77
1.2960303604602814,0.814664237201214,8.87290269136429e-06,1328.8910984992979,691000000.0,0.00127,1.2699999999999998
1.5993594020605089,0.7783503904938699,7.808731973171235e-06,531.9793075323104,421000000.0,0.00173,8.09
1.5546746224164965,0.8017942428588868,2.984593272209168e-06,1921.5256460011003,119000000.0,0.00077,11.64
1.5350209057331086,0.7799187138676644,8.47669118642807e-06,1972.832132130861,428000000.0,0.0010800000000000002,5.1
1.7175557255744935,0.8858823627233506,2.9743193387985235e-06,1704.227698035538,136000000.0,0.00121,10.83
1.6879189789295197,0.8346844732761384,9.977590858936312e-06,762.6103162765502,342000000.0,0.0028799999999999997,12.85
1.6126997172832491,0.6405727833509446,7.44234372675419e-06,1910.1688563823698,131999999.99999999,0.0005780000000000001,14.3
1.7003699719905854,0.7438074750825764,4.144903540611268e-06,2728.0330210924144,96800000.0,0.0007110000000000002,14.7
1.3935594320297242,0.6927949279546738,4.681311428546906e-06,813.1557255983352,241000000.0,0.000573,7.59
1.5450926452875138,0.6874517127871514,4.177682578563691e-06,2450.5311548709865,97400000.00000003,0.00046199999999999995,13.63
1.4868967898190022,0.7263518795371057,4.1530306041240695e-06,2236.745201051235,109000000.00000001,0.000565,13.53
1.4436718672513964,0.6398245185613632,4.983748361468316e-06,1965.2075618505476,111999999.99999999,0.0003380000000000001,12.2
1.2660576403141024,0.6866427540779114,9.195930778980257e-06,1854.0601730346677,149000000.0,0.0005710000000000001,14.98
1.483121193945408,0.6505294024944306,3.3555505275726323e-06,2243.7496408820152,93599999.99999999,0.0002760000000000001,11.08
1.3515595793724062,0.6058021724224091,3.771754980087281e-06,1877.582177519798,103999999.99999999,0.0001860000000000001,8.84
1.5935173451900484,0.8340419232845308,6.129703823477031e-06,469.4591760635375,394000000.0,0.002,7.879999999999999
1.3910500913858415,0.6850158467888833,8.51307135820389e-06,1503.200504928827,168000000.0,0.0006830000000000001,14.12
1.3293994009494783,0.6442933380603791,8.07148748636246e-06,657.9246670007705,307000000.0,0.0005059999999999999,7.13
1.5993332952260972,0.6750053957104684,6.398732127621771e-06,2251.420237123966,116999999.99999997,0.000613,14.98
1.5984096944332125,0.7178148172795773,7.422473967075349e-06,533.1830978393554,388000000.0,0.00119,7.83
1.3794018656015397,0.8235357061028481,8.668321490287781e-06,1387.687839567661,673000000.0,0.00137,1.59
1.4322493135929109,0.5998043417930603,5.689464926719667e-06,1774.6347999200223,116999999.99999997,0.00026399999999999997,11.05
1.4301867708563807,0.6931561321020127,1.0011729657649996e-05,1305.043429136276,199000000.00000003,0.000935,14.61
1.6441648900508883,0.7296853557229043,5.067478060722352e-06,2521.58935368061,108000000.00000001,0.0007309999999999999,15.05
1.566792605817318,0.6486281454563142,6.737419903278352e-06,572.5665688514708,338000000.0,0.00071,6.93
1.3641810536384584,0.6944339051842691,9.3952913582325e-06,1807.9878548160193,155000000.0,0.0006810000000000001,15.18
1.16470023393631,0.8110320925712586,9.992192327976228e-06,828.4109383821486,827000000.0,0.00128,0.19999999999999968
1.4780979037284852,0.6860534548759462,4.328651487827302e-06,524.019032716751,358000000.0,0.000576,3.0
1.3088399291038515,0.6846653625369072,4.058582931756974e-06,823.1529891490935,233999999.99999997,0.000411,6.01
1.787334591150284,0.7010690733790398,9.874707996845247e-06,2360.963962972164,141000000.00000003,0.0010699999999999998,17.02
1.6558620035648348,0.7864716030657292,4.975588962435723e-06,1459.841627627611,167000000.0,0.00116,12.69
1.5104186341166497,0.6914549946784974,3.75908175110817e-06,1012.2265219688414,195000000.0,0.0005189999999999999,7.79
1.2620306968688966,0.5979855716228486,2.98607611656189e-06,2049.6037527918816,89900000.00000001,0.00010700000000000008,7.08
1.2325452625751496,0.6078217238187791,3.83579307794571e-06,629.6588778495787,284000000.0,0.00016000000000000004,0.21000000000000005
1.517050174623728,0.6746334224939347,8.551529973745348e-06,2333.290047943592,123000000.00000003,0.000618,15.85
1.6823885858058931,0.668199446797371,2.9689795970916755e-06,1773.2355040498076,115999999.99999997,0.0004099999999999999,9.82
1.2972143769264222,0.7568395039066673,9.812409758567812e-06,1606.7815311253069,474000000.0,0.0009949999999999998,5.29
1.480348650366068,0.8063117668032647,5.94447696954012e-06,2146.6980800032616,428000000.0,0.000932,2.3299999999999996
1.4232800245285036,0.7406866002827883,4.87135447561741e-06,1136.4294514060018,192000000.0,0.0007719999999999999,10.64
1.444492430984974,0.8141683369874955,4.034688860177994e-06,1149.0350887179372,192000000.0,0.001,10.11
1.5716312348842623,0.6364153504371644,5.1815612167119985e-06,1316.0091936588285,160000000.00000003,0.00045700000000000005,10.36
1.599602347612381,0.7424836333841086,4.829356789588929e-06,1627.1109245717523,147000000.0,0.000853,12.91
1.306097424030304,0.6545858949422837,8.74586582183838e-06,497.844099998474,380000000.0,0.000677,7.63
1.5565012559294702,0.8206767305731774,5.3915029168128975e-06,851.9797325134276,260999999.99999997,0.00154,10.17
1.3475333869457247,0.8085547462105752,3.95160534977913e-06,802.8798103332518,273000000.0,0.000838,5.91
1.4835892014205456,0.6657181262969971,6.1493220701813705e-06,1250.2695545554159,175000000.0,0.000582,11.41
1.5658019721508027,0.7295079901814462,5.154771029949189e-06,2211.212955415249,119000000.0,0.000721,14.48
1.5777637213468554,0.6717913091182709,3.8767482042312625e-06,2449.630975723266,93800000.00000001,0.000411,13.03
1.5375042960047722,0.7735619343817235,6.282061751931907e-06,928.783893585205,246000000.0,0.00128,11.15
1.758462864160538,0.7617628019303084,8.012185394763947e-06,1467.4134477972982,193000000.0,0.0015600000000000002,14.81
1.424039724469185,0.6043429791927338,6.461677324026824e-06,2898.4173685312267,82100000.0,0.000251,14.21
1.6931170284748078,0.6712044507265091,5.825794398784638e-06,2925.5032092332835,93199999.99999997,0.0005499999999999999,15.7
1.4190564930438996,0.862140440940857,5.698783084750176e-06,1321.5631172060964,484000000.0,0.00133,2.37
1.2185677349567414,0.601741486787796,3.992589056491852e-06,1210.2496549487112,151999999.99999997,0.00014900000000000004,5.26
1.2392033815383912,0.6015676975250245,6.7879008129239095e-06,1097.7618694305418,176000000.0,0.00024299999999999986,8.36
1.3914662539958955,0.6497670650482178,7.150017797946931e-06,2199.705608189106,113999999.99999999,0.0004300000000000001,14.47
1.2514653146266939,0.6693877279758454,8.499687790870667e-06,1630.838971585035,151999999.99999997,0.000501,13.95
1.653491896390915,0.8777094393968583,4.004707157611848e-06,1181.82535469532,194000000.0,0.00153,10.32
1.6719678282737733,0.8299386709928513,6.828897923231126e-06,867.2416508197783,272000000.0,0.0021,11.82
1.518062920868397,0.8031820356845857,3.1252502799034124e-06,531.696781516075,356000000.0,0.000903,2.79
1.4129776507616045,0.6464090019464493,6.137632571160794e-06,2071.4991837739944,113999999.99999999,0.0003990000000000001,13.57
1.4212436556816102,0.7229337126016617,4.09137386083603e-06,1881.8097766488788,123000000.00000003,0.000539,12.55
1.2498795926570894,0.60035839676857,8.686420410871507e-06,2413.6030972003937,96399999.99999999,0.00023500000000000002,13.91
1.7323440670967103,0.878655642271042,9.827397167682649e-06,576.4368474483489,392000000.0,0.00364,12.03
1.6723262786865236,0.7269015289843083,8.864714086055757e-06,1445.403892546892,192000000.0,0.0013,15.03
1.4721505992114545,0.7502791636157782,3.973226338624955e-06,1649.0523256361482,138000000.0,0.000682,12.0
1.3379606544971467,0.7702835798263551,2.8495488762855537e-06,899.6726125478743,214000000.00000003,0.0005899999999999999,6.35
1.5484157860279084,0.8067090332508088,3.93292710185051e-06,1460.1426497101781,158000000.0,0.000993,11.48
1.4764214649796488,0.8363341212272645,4.049574464559556e-06,591.8800383806228,381000000.0,0.00115,3.7600000000000002
1.541272155940533,0.6736634194850922,7.959796845912935e-06,1047.1574515104292,217000000.00000003,0.0008489999999999999,12.16
1.356862646341324,0.6358952343463898,7.388608872890474e-06,2186.874106526375,111999999.99999999,0.000378,14.23
1.735936975479126,0.817348636686802,5.0124050378799444e-06,1457.44464546442,171999999.99999997,0.0014399999999999999,12.85
1.2696661770343782,0.6886862128973008,9.237024217844011e-06,1836.7801439017055,150999999.99999997,0.000585,14.98
1.7084599792957307,0.6940258607268334,9.962668120861055e-06,1872.4117539823053,160000000.00000003,0.00109,16.32
1.5306541152298452,0.6753335729241372,5.751988053321839e-06,531.440034508705,366000000.0,0.0007089999999999999,5.23
1.7399562478065491,0.7816993564367295,4.028650879859925e-06,2256.540983915329,114999999.99999997,0.000935,13.82
1.4637900821864607,0.6143818527460099,6.925208017230035e-06,1399.131968617439,152999999.99999997,0.00039399999999999993,11.34
1.4170672684907915,0.9445144414901734,8.807596415281297e-06,-67.21612811088573,812000000.0,0.00281,1.8600000000000003
1.7381697356700898,0.7340230129659177,5.092320188879968e-06,2671.7305481433864,105000000.00000003,0.000792,15.38
1.6475394487380983,0.8137681379914284,4.022059231996537e-06,1548.325281590223,152999999.99999997,0.00111,12.0
1.4737454049289227,0.7088053062558175,3.926705956459046e-06,1799.5364423841236,124000000.00000003,0.0005129999999999999,12.0
1.609551402926445,0.8437604606151582,8.480074524879457e-06,717.9296314716338,345000000.0,0.00256,11.59
1.6260034024715424,0.6643325418233872,6.563627019524575e-06,2663.1444990634914,102999999.99999999,0.000563,15.66
1.3094479680061342,0.7678081266582013,8.587406337261201e-06,2022.584520280361,591000000.0,0.000794,0.7499999999999998
1.6678929805755616,0.737689957022667,8.249795764684678e-06,1441.5391273796556,189999999.99999997,0.00131,14.78
1.7725541889667513,0.7559761600568892,9.017390727996828e-06,1442.2001428902147,202000000.0,0.00167,15.23
1.5742568761110307,0.755424795113504,6.82093931734562e-06,1152.9318168759344,211000000.0,0.00121,12.72
1.5214805245399476,0.7244426429271699,3.1626795828342445e-06,827.6916593313216,240000000.0,0.000573,4.87
1.4345541045069696,0.6911306753754617,9.166486680507662e-06,1392.3120051622388,184000000.0,0.0008520000000000001,14.48
1.3620631992816927,0.8796909213066102,3.1540282666683205e-06,1489.5277768373487,195000000.0,0.000842,6.69
1.5633210450410844,0.7398034639656544,7.301561757922174e-06,961.997240781784,240000000.0,0.00119,11.96
1.5509442105889322,0.7337311618030072,3.7407888174057015e-06,997.0805346965789,383000000.0,0.0006620000000000002,1.4700000000000004
1.2669954121112825,0.7758413650095464,3.096678614616395e-06,1564.8885928094385,134999999.99999997,0.000527,10.25
1.2629153609275818,0.6810299634933472,8.844201683998109e-06,1773.251101374626,149000000.0,0.000545,14.64
1.4602206140756608,0.6566566228866578,4.730875313282014e-06,1883.7983552366493,118000000.00000001,0.00039000000000000016,12.2
1.5131400838494302,0.6554693162441254,4.494845628738404e-06,1973.3089506626127,112999999.99999999,0.000391,12.25
1.7130370974540712,0.901148021221161,5.885314285755158e-06,806.6175431013106,285000000.0,0.00251,10.58
1.5242746263742448,0.7153504483401776,2.969460248947144e-06,1908.6951501667497,111999999.99999999,0.00045900000000000004,10.84
1.6522410035133364,0.6594819724559785,5.6083133071661e-06,2859.8516732454295,92300000.00000001,0.000493,15.29
1.433176463842392,0.6475711673498155,5.00020818412304e-06,1889.7035364061592,116999999.99999997,0.000363,12.21
1.3099910080432893,0.6016330093145371,5.803453892469407e-06,1294.7663962841032,150999999.99999997,0.000244,8.83
1.5065056404098869,0.7283116847276688,6.811514504253865e-06,627.83944606781,327000000.0,0.00102,8.51
1.305636602640152,0.7206745125353337,4.134008765220643e-06,782.1277081966399,265000000.0,0.000558,6.02
1.7223840951919558,0.8016851708292961,6.461362965404988e-06,1315.8492296934126,197000000.00000003,0.00162,13.55
1.436370036005974,0.9413822650909425,8.129186153411866e-06,-34.51016545295726,723000000.0,0.0025,1.8699999999999997
1.5403383046388628,0.7597961358726025,6.083727877587081e-06,690.0304853916167,395000000.0,0.00116,6.09
1.3873445570468903,0.6763424098491669,2.917659163475037e-06,941.6872560977935,202000000.0,0.000321,4.67
1.7699660181999208,0.8522727727890015,8.661009907722474e-06,814.640775322914,315000000.0,0.00292,12.49
1.447505508363247,0.7614057786762715,7.253284931182863e-06,687.6606047153472,311000000.0,0.00131,10.21
1.5324627779424191,0.751402822835371,6.22032291814685e-06,1045.847490429878,221000000.0,0.00109,11.59
