VDD,Vgate,Wn,Rd,Bandwidth,PowerConsumption,VoltageGain
1.5483552753925325,0.6403719574213028,3.1301490068435673e-06,1905.0204772502182,107000000.00000001,0.0002819999999999999,9.58
1.7321261107921602,0.8536021649837494,2.9339329004287726e-06,2099.571816623211,119000000.0,0.001,11.89
1.544260995090008,0.7876957565546037,8.196463957428934e-06,759.3491226434707,312000000.0,0.00181,11.41
1.3285453855991365,0.6100395888090134,3.7036751508712776e-06,2923.8413572311397,74300000.00000001,0.00017300000000000009,11.43
1.6557900846004487,0.7745489850640298,9.757922738790514e-06,853.3755242824553,294000000.0,0.00209,13.23
1.5125608853995802,0.7822471126914025,5.170893415808679e-06,1139.013573527336,213000000.0,0.00106,10.67
1.6771405935287478,0.9039646267890931,9.777803242206576e-06,575.2320885658263,515000000.0,0.00393,8.78
1.5072877306491137,0.773365080356598,8.521398276090624e-06,734.8458021879195,318000000.0,0.00169,11.34
1.5402560770511629,0.7075942084193231,8.21207220852375e-06,1353.8116887211797,188999999.99999997,0.000979,13.93
1.258106517791748,0.5971617221832276,3.0048697292804725e-06,1097.294047474861,160000000.00000003,0.00013800000000000005,3.07
1.6915026247501375,0.7792601242661477,7.080051034688951e-06,1276.9498229026792,207999999.99999997,0.00153,13.45
1.7386198103427888,0.7127431154251099,8.170995041728021e-06,2071.0291638970375,145000000.0,0.0010399999999999997,15.89
1.4934641830623152,0.6287031590938569,5.537856817245484e-06,1680.9374205768106,128000000.0,0.00037499999999999985,11.63
1.2632564663887025,0.6038677453994752,8.0273324996233e-06,1277.7633517980573,158000000.0,0.00030599999999999996,10.500000000000002
1.3507434368133546,0.798796932399273,9.500404328107835e-06,1274.2712646722791,465000000.0,0.00134,6.68
1.4984639871865513,0.6374267220497132,3.5437259376049048e-06,859.0454161167144,205999999.99999997,0.00033400000000000004,5.3
1.4877134576439859,0.7127536162734033,7.168259255588056e-06,1171.8334555625913,205000000.0,0.0008809999999999998,12.36
1.4901105277240279,0.8112335577607156,4.5344130396842964e-06,663.2920652627944,369000000.0,0.00116,4.98
1.4912303857505322,0.7828001484274865,5.3887105882167825e-06,667.7004992961882,371000000.0,0.00118,6.23
1.515198577567935,0.7007757380604744,5.137001931667329e-06,1935.9996840357778,126000000.00000001,0.0005880000000000001,13.39
1.536815057694912,0.8161579057574273,2.9458227753639226e-06,1811.589516699314,128000000.0,0.0007640000000000001,10.94
1.4786745004355908,0.7310341626405716,6.600721636787058e-06,909.4299674034118,260999999.99999997,0.0009490000000000001,10.050000000000002
1.4423402667045595,0.6235648602247239,5.682643592357636e-06,1472.5330397486684,139000000.0,0.0003380000000000001,10.72
1.464047831296921,0.6893797427415849,3.423511445522309e-06,1696.8943197280166,124000000.00000003,0.0004,10.31
1.2974261641502383,0.6789985835552216,9.351105600595475e-06,2113.2288053631783,136000000.0,0.000558,15.439999999999998
1.5922794342041018,0.7785911411046983,5.1610813587903986e-06,1419.7982028126714,175000000.0,0.0010800000000000002,12.22
1.4242089450359345,0.7323812820017338,3.6431766450405127e-06,1138.2716447114942,182000000.0,0.000573,8.57
1.513129109144211,0.6745905250310898,8.645252704620363e-06,1637.589570134878,158000000.0,0.0007269999999999998,14.52
1.4630451813340188,0.8812440186738969,2.838076233863831e-06,2447.609260678291,170999999.99999997,0.00077,6.82
1.5993313908576967,0.7155874595046045,4.8298836499452595e-06,2340.5651673674583,111999999.99999999,0.000648,14.36
1.2112756669521332,0.5960944890975952,8.177387878298761e-06,875.6335377693175,212000000.0,0.00028100000000000005,7.94
1.7230333507061006,0.7818065106868745,8.880595833063127e-06,1026.8038064241407,256000000.0,0.002,13.55
1.4643361106514932,0.7879194617271424,7.4259374141693125e-06,539.9525463581084,408000000.0,0.00165,8.51
1.5700315073132516,0.7348116986453533,4.1221453845500956e-06,2234.3728616833687,111999999.99999999,0.0006400000000000002,13.48
1.4190837800502778,0.6223823994398118,3.4314887225627903e-06,1210.2366164326666,155000000.0,0.0002339999999999999,6.13
1.2611580133438112,0.639119902253151,9.737049639225007e-06,465.7808244228362,383000000.0,0.0006379999999999999,8.03
1.492352157086134,0.6293236613273622,6.563719606027008e-06,1688.572598621249,132999999.99999997,0.0004269999999999999,12.57
1.5366305194795133,0.7320119462907315,8.982984066009523e-06,1045.5116927623747,237000000.0,0.0013199999999999998,13.4
1.46638001203537,0.6442192286252976,7.3685836941003814e-06,768.0274099111556,274000000.0,0.0006029999999999999,8.41
1.4685873180627824,0.7113088801503182,7.673499614000322e-06,548.1705367565154,390000000.0,0.00115,8.15
1.4811818875372411,0.6776413992047311,7.002530954778195e-06,1053.1843006610868,213000000.0,0.0007110000000000002,10.98
1.4702610433101655,0.5980850458145142,2.940584003925324e-06,2700.6151080131526,77800000.0,0.00016400000000000008,9.55
1.4413915514945985,0.6373459160327912,7.65430848300457e-06,1807.6488859951494,132999999.99999997,0.0004610000000000001,13.62
1.4730876535177233,0.7265136927366257,5.133815214037896e-06,803.2413125038146,302000000.0,0.0007619999999999999,6.48
1.5794828295707704,0.6346348106861115,5.21192479133606e-06,2938.489198684692,87000000.00000003,0.00035800000000000003,14.37
1.3937641918659212,0.6713321685791016,8.950272828340532e-06,849.2304682731627,264000000.00000003,0.0008020000000000001,10.950000000000001
1.480649956315756,0.6870440572500229,6.701684055849911e-06,969.7300493717192,230000000.0,0.000739,10.25
1.5165178120136262,0.6750485390424729,8.845438778400423e-06,1704.4393830001352,155000000.0,0.0007340000000000001,14.78
1.3922305941581727,0.6191200017929077,3.693836599588395e-06,1671.1935978382824,115999999.99999997,0.0002249999999999999,8.73
1.2355538606643677,0.6008580207824707,3.6211524009704595e-06,1103.1927466392515,164000000.0,0.00015100000000000007,4.66
1.5287602901458741,0.853380247950554,4.2375554442405705e-06,891.9064998626708,265000000.0,0.0013,7.71
1.5757584035396577,0.795001794397831,7.198848135769368e-06,2042.5596013665197,442000000.0,0.00113,3.9799999999999995
1.4845690570771695,0.6647662818431855,4.385100960731507e-06,825.3976255655288,239000000.0,0.0004720000000000001,6.3
1.2574490368366242,0.6305528551340104,9.161195546388627e-06,1972.9379490017889,124000000.00000003,0.00037300000000000007,14.18
1.4738041073083878,0.8133914843201638,2.9872151613235477e-06,1653.9738066494463,134999999.99999997,0.0007330000000000001,10.61
1.607954514026642,0.7737947568297386,4.119779258966447e-06,1890.1344221085308,130999999.99999999,0.000838,12.74
1.7145348966121674,0.6469236463308335,2.972424268722535e-06,2006.8319067358968,105000000.00000003,0.00035600000000000003,10.28
1.7947510063648227,0.8009721189737321,6.169799685478211e-06,1562.0156489312646,176000000.0,0.00158,13.89
1.3809543550014498,0.7225039131939411,9.656323075294496e-06,899.0457206964492,264000000.00000003,0.00119,12.84
1.336375379562378,0.6128900706768037,4.771108314394951e-06,1194.192163646221,159000000.00000003,0.0002489999999999999,7.59
1.523741414397955,0.81220271140337,7.706947371363641e-06,672.6920157670974,349000000.0,0.00195,10.29
1.5194588206708433,0.7296679727733136,6.353307750076056e-06,1361.97555065155,182000000.0,0.0008990000000000001,12.809999999999999
1.607436776161194,0.6557856917381287,4.472561657428742e-06,2990.9786880016322,85100000.00000003,0.000385,14.28
1.501716398075223,0.8377825766801835,3.1839200556278235e-06,898.7896442413329,266000000.0,0.0009369999999999999,4.99
1.4835575804114343,0.6303432047367097,7.468565747141839e-06,2740.3748333454128,99100000.0,0.0004,15.23
1.4455662220716479,0.8434365928173065,3.098342120647431e-06,1150.7064774632452,183000000.0,0.0008870000000000001,8.39
1.790362983942032,0.8594796717166902,2.959897696971894e-06,2206.787459552288,114999999.99999997,0.0010699999999999998,12.23
1.5147177144885065,0.6459424942731858,5.9345527812838564e-06,2077.5321051478386,115999999.99999997,0.00044800000000000005,13.55
1.8006543517112734,0.7958500787615777,3.772933870553971e-06,2515.258222818374,110000000.0,0.000954,14.05
1.4976387541741134,0.6549764424562455,6.988460987806321e-06,1502.3423284292219,155000000.0,0.0005660000000000001,12.83
1.4098188579082491,0.7165909789502621,9.955112248659136e-06,1125.5279108881948,225999999.99999997,0.00112,14.059999999999999
1.4751177594065668,0.7570090200752021,2.983342826366425e-06,873.457446694374,229000000.0,0.000622,5.42
1.4261062368750574,0.6238543778657913,6.265703525394202e-06,2742.2424703836436,90500000.00000001,0.000299,14.029999999999998
1.3994641721248628,0.7554477240890265,3.0195045769214636e-06,1762.9018630832431,124000000.00000003,0.00051,10.83
1.5743529394268991,0.7154785595834255,4.785606518387795e-06,2225.698746740818,114999999.99999997,0.000636,14.04
1.7438848078250886,0.7693765595555306,2.977592527866364e-06,2971.416890621185,86399999.99999999,0.000646,13.739999999999998
1.6885823965072633,0.7352073758840562,8.20445229113102e-06,1517.5651311874387,184000000.0,0.00126,14.79
1.5980789422988892,0.8716090857982636,8.727471500635149e-06,1055.8802932500837,814000000.0,0.00213,0.3500000000000004
1.194821333885193,0.5982456207275391,9.732653051614763e-06,2928.2719194889064,88799999.99999999,0.00023799999999999993,14.91
1.504160249233246,0.6250892937183381,5.243307247757912e-06,2936.6661906242366,84099999.99999999,0.00029999999999999987,13.93
1.3256166815757753,0.6136851489543915,7.608868420124055e-06,2587.2816443443294,94900000.0,0.00028300000000000005,14.07
1.6926022946834565,0.7311434671282769,8.212897077202798e-06,1581.6823504865167,178000000.00000003,0.00122,14.95
1.4685689046978951,0.8165656372904778,3.428591042757035e-06,682.3051273822783,342000000.0,0.0008870000000000001,2.84
1.6846470594406129,0.7767239704728127,5.058463543653489e-06,1774.806214496493,148000000.0,0.0010699999999999998,13.419999999999998
1.3641463100910187,0.6312692552804947,7.851686269044877e-06,2199.7628286480904,112999999.99999999,0.00038,14.24
1.3960357725620272,0.6203312784433366,3.5897258222103123e-06,2448.672235012054,87700000.0,0.00020899999999999998,10.73
1.3210770785808565,0.809716822206974,9.875102072954179e-06,1224.908448755741,827000000.0,0.00128,0.19999999999999968
1.4781158521771431,0.7568647865206004,7.58254136145115e-06,762.8397941589354,311000000.0,0.00131,10.21
1.7576166450977326,0.8352171421051026,8.993827521800995e-06,751.1586993932723,327000000.0,0.00281,12.28
1.6936562061309817,0.7801492407917977,6.063695892691613e-06,1486.4770993590353,179000000.00000003,0.00131,13.44
1.4786871045827867,0.6813722088932992,4.714522927999497e-06,1791.6214298456905,128000000.0,0.0004850000000000001,12.13
1.4829392686486245,0.6430805951356888,3.4176587164402014e-06,587.8557562828063,296000000.0,0.0003510000000000001,2.43
1.546596957743168,0.6551699548959733,6.452397277578713e-06,2237.2072115540504,114999999.99999997,0.000508,14.42
1.4918859221041203,0.8156436368823052,4.533952623605729e-06,798.1755882501601,316000000.0,0.00113,6.24
1.716260075569153,0.5978019118309021,2.931144535541535e-06,2212.379790842533,92099999.99999999,0.00022400000000000002,9.18
1.6122899472713472,0.724985982477665,4.076807856559754e-06,2577.8765529394145,101000000.0,0.0006010000000000002,14.16
1.4492763116955758,0.7017058432102204,3.7948252260684973e-06,1221.3203608989713,168000000.0,0.0005000000000000001,8.94
1.690618407726288,0.681796257197857,4.678951978683472e-06,3032.466500997543,88299999.99999999,0.0004939999999999999,14.989999999999998
1.5119900286197663,0.6718136966228486,8.81384238600731e-06,2336.8278071284294,126000000.00000001,0.0006310000000000003,15.8
1.622528511285782,0.6856851920485497,9.799041837453844e-06,2246.356338262558,139000000.0,0.000857,16.51
1.4313163205981256,0.7350670080631972,1.0151148319244387e-05,971.6067016124724,256000000.0,0.00137,13.85
1.6949922502040864,0.8763562738895417,3.1476444005966194e-06,790.301740169525,308000000.0,0.0013,4.12
1.639006519317627,0.7153777532279492,7.025112099945546e-06,1865.799820050597,147000000.0,0.000917,14.88
1.554030427336693,0.6394596040248871,3.1277407407760627e-06,2967.9149687290187,74500000.0,0.000251,12.14
1.679465103149414,0.8336600124835969,8.250254720449449e-06,732.529193162918,331000000.0,0.0025,11.46
1.6680832386016846,0.6624094247817994,7.530892044305802e-06,2767.076671123504,107000000.00000001,0.0006010000000000002,16.14
1.4423378705978396,0.6534259557723999,8.447024077177049e-06,1131.7249312996862,201000000.0,0.000658,12.02
1.7772078037261965,0.8943770974874498,8.1895260065794e-06,617.0719414949416,376000000.0,0.00364,10.75
1.72233265042305,0.6911597460508347,9.389834374189379e-06,2329.29877191782,137000000.0,0.000941,16.55
1.4812849134206774,0.8289130121469498,9.280616462230683e-06,1202.2117078304288,787000000.0,0.0016800000000000003,0.68
1.7316123068332674,0.8883157163858415,3.3495267331600195e-06,655.4852724075316,362000000.0,0.0015900000000000003,3.2000000000000006
1.6007108330726625,0.8578557908535004,4.125379979610444e-06,1104.436546564102,207999999.99999997,0.00136,9.76
1.2031612694263458,0.5926432907581329,9.115140169858933e-06,2413.13773393631,99199999.99999999,0.00023900000000000006,13.739999999999998
1.7249748766422273,0.8889348596334459,4.737366199493409e-06,1023.049086332321,231000000.0,0.00193,10.33
1.4313387975096703,0.7464136462658645,4.037242531776429e-06,784.7761660814284,308000000.0,0.000661,4.62
1.3416897654533388,0.6111076176166534,5.785562127828599e-06,2999.5619058609004,78999999.99999997,0.00022699999999999993,13.55
1.356108069419861,0.6004830747842789,2.949665069580079e-06,1698.7483128905294,110000000.0,0.0001530000000000001,6.53
1.2563661575317384,0.6036848098039628,7.108472183346749e-06,2085.6605768203735,106000000.00000003,0.000244,12.31
1.5828933119773867,0.7768368154764176,9.952577978372576e-06,732.7644824981688,330000000.0,0.00212,12.61
1.5314334936439993,0.7030844002962113,2.933932483196259e-06,1729.4323183596132,122000000.00000004,0.0004210000000000001,10.050000000000002
1.5169991053640843,0.8549869537353516,3.165161490440369e-06,896.9768434762954,238000000.0,0.0010399999999999997,6.39
1.6184603154659272,0.6534250438213349,5.563468530774117e-06,2876.6101151704784,93499999.99999999,0.0004470000000000002,15.01
1.4613721892237665,0.7698978826403619,7.355242475867272e-06,2463.3261114358897,489000000.00000006,0.0008279999999999999,1.7300000000000004
1.438375948369503,0.7603631425648928,3.2436331212520604e-06,741.9724315404891,300000000.0,0.000633,3.31
1.435255475342274,0.6229418009519577,7.048350960016251e-06,1385.6841176748273,152999999.99999997,0.00039399999999999993,11.34
1.4445211529731752,0.8148297384381294,8.94788020849228e-06,1267.8492367267606,450000000.0,0.00154,6.92
1.4152996659278871,0.8820007860660554,9.556297838687898e-06,634.5130056142806,530000000.0,0.0026,7.92
1.2212023437023163,0.5988186299800873,4.720926821231843e-06,2758.5503011941905,79500000.00000001,0.0001530000000000001,11.53
1.474975620210171,0.6613389194011688,8.05664037168026e-06,1317.5940066576002,179000000.00000003,0.0006590000000000001,12.89
1.583764547109604,0.7109076797962189,2.888547599315644e-06,2480.19690811634,93900000.0,0.0004300000000000001,12.13
1.5228220134973527,0.8679948717355729,3.080907434225083e-06,1126.517832279205,186999999.99999997,0.0010500000000000002,8.33
1.5815874874591829,0.826465916633606,7.374695628881455e-06,1512.577377259731,485999999.99999994,0.0014700000000000002,4.35
1.5096767261624338,0.6770725563168526,8.797939151525498e-06,1601.7233878374097,162000000.00000003,0.000752,14.54
1.6508405327796938,0.6662457168102265,8.71543163061142e-06,2683.528840541839,114999999.99999997,0.0006599999999999999,16.45
1.545466697216034,0.7910118162631989,5.282353639602662e-06,1148.8774344325063,213000000.0,0.00117,10.98
1.397389179468155,0.7425578400492668,3.2362395524978643e-06,726.0169386863707,298000000.0,0.0005440000000000001,3.51
1.5469500035047532,0.853358343243599,3.1744657754898077e-06,834.6474468708037,267000000.0,0.00106,5.46
1.749344301223755,0.7189464569091798,9.869629234075548e-06,1666.1777924746273,180000000.00000003,0.0013,15.89
1.5011025857180358,0.707405287027359,4.792673185467721e-06,1903.4941326826809,126000000.00000001,0.0005790000000000002,12.98
1.5692266032099724,0.7542673621326685,5.8878312930464755e-06,1406.8619087338445,179000000.00000003,0.00103,12.78
1.5944474995136262,0.7259399816393853,8.00471130013466e-06,1367.3907071352003,192000000.0,0.00113,14.059999999999999
1.4202922761440278,0.6461348891258241,8.436793327331543e-06,1426.162041723728,165000000.0,0.0005530000000000001,13.03
1.6266371905803683,0.6775657743215562,5.162513926625253e-06,2807.4250668287273,96399999.99999999,0.000508,15.03
1.589183807373047,0.6810643762350083,4.50527435541153e-06,2777.406528592109,93900000.0,0.00046299999999999987,14.41
1.3212757766246797,0.609706798195839,7.879900366067888e-06,2974.7863411903377,85800000.0,0.000268,14.65
1.546570497751236,0.6981090232729913,3.1305958628654485e-06,2859.7454279661174,84699999.99999997,0.0003860000000000001,13.129999999999999
1.4576548755168917,0.6263217687606812,3.6112412512302406e-06,583.7988406419753,292000000.0,0.00030300000000000005,2.05
1.7224806010723115,0.9008939266204835,6.212774686515332e-06,551.6733527183532,400000000.0,0.00283,8.05
1.5528926476836207,0.6387883722782136,7.134697750210763e-06,2659.4526618719096,102999999.99999999,0.0004579999999999999,15.27
1.4865032337605955,0.773434540629387,6.3729094900190836e-06,602.2236794233321,387000000.0,0.0013199999999999998,7.55
1.4309933736920357,0.8255747616291047,3.0475411415100105e-06,1350.8891239762304,158000000.0,0.0007719999999999999,9.39
1.174254369735718,0.7071818634867669,8.953126281499864e-06,2554.5793324708934,412000000.0,0.00046199999999999995,3.3199999999999994
1.6218801856040956,0.7992804765701295,7.154205456376077e-06,960.5900496244429,257000000.0,0.00174,12.15
1.4114163279533387,0.625322386622429,7.041520133614541e-06,2628.484100103378,96100000.00000001,0.00032999999999999994,14.43
1.4627971038222314,0.7793763041496278,3.909910261631013e-06,1383.36206972599,164000000.0,0.000774,10.53
1.499799719452858,0.6308949261903763,3.699491143226624e-06,1116.6300922632215,170999999.99999997,0.00031400000000000004,6.78
1.6269684612751008,0.822413031756878,4.100908875465394e-06,1435.9920024871824,168000000.0,0.00114,11.24
1.2543469727039338,0.6044910460710526,5.036696314811707e-06,1014.509230852127,184000000.0,0.0002190000000000001,5.99
1.7246372044086458,0.6943441674113274,9.90317013859749e-06,2252.968169748783,143000000.00000003,0.0009909999999999997,16.77
1.6045932412147523,0.6724002242088318,7.771749526262285e-06,2263.869896531105,124000000.00000003,0.000666,15.470000000000002
1.3426890671253207,0.6157530963420869,6.5988362673670064e-06,2741.401299834251,88900000.00000003,0.00026100000000000006,13.76
1.251452136039734,0.6080091744661331,9.534373104572298e-06,1765.667639672756,129000000.0,0.00032799999999999995,13.259999999999998
1.555879095196724,0.7057720452547074,5.369922190904618e-06,2047.9209274053571,124000000.00000003,0.000646,14.04
1.718501615524292,0.6932662948966027,8.42529919743538e-06,2356.342814862728,130999999.99999999,0.000886,16.23
1.5750203579664233,0.7300246261060238,7.987734526395799e-06,1267.3974335193632,203000000.0,0.00116,13.7
1.3212347567081453,0.8729182183742524,2.912925243377686e-06,2499.713853001594,251999999.99999997,0.000618,1.9600000000000002
1.461470702290535,0.7501954447478056,8.966947317123414e-06,741.355076432228,312000000.0,0.00149,11.54
1.39678972363472,0.6768326148390771,8.95442408323288e-06,749.4584023952483,295000000.0,0.0008619999999999999,10.3
1.4807693973183633,0.6320931226015092,4.187132269144059e-06,2669.0317988395686,87600000.00000001,0.00027499999999999996,12.59
1.5695965245366097,0.7153794586658478,2.914625048637391e-06,1739.3748573958871,123000000.00000003,0.0004720000000000001,10.19
1.3259334325790406,0.611900532245636,4.833325505256654e-06,2745.492413640022,83400000.0,0.0002119999999999999,12.39
1.5189044170081616,0.6448245763778687,5.9285739436745655e-06,2181.4836859703064,111999999.99999999,0.0004409999999999998,13.75
1.7600674867630006,0.8770893037319184,9.023543030023576e-06,575.4730403423308,405000000.0,0.00363,10.83
1.5517907559871675,0.7668645847588779,2.9071624279022223e-06,2391.6721642017365,100000000.0,0.0005769999999999999,12.43
1.4701879799365998,0.8323096364736557,3.104463338851929e-06,891.7635977268218,237000000.0,0.0008979999999999999,6.05
1.62310448884964,0.7172258913516999,6.124323114752771e-06,2004.9549937248228,133999999.99999997,0.0008139999999999999,14.68
1.7319717586040497,0.8986350685358049,2.9740810990333563e-06,1426.26366764307,156000000.0,0.00131,9.99
1.5657191365957261,0.896593675017357,9.820670753717423e-06,736.1711859703063,873000000.0,0.0027899999999999995,2.5200000000000005
1.260510474443436,0.6018608987331391,3.844117283821106e-06,2967.1141803264613,71299999.99999999,0.00014700000000000002,11.270000000000001
1.4120626330375672,0.7775236755609513,3.080410927534104e-06,963.8767987489699,211000000.0,0.000648,6.629999999999999
1.492875485122204,0.6574370026588441,5.630133002996446e-06,938.6434704065322,222000000.0,0.000549,8.56
1.7560526490211488,0.7653255533427,3.0014181733131412e-06,3023.844093084335,84300000.00000001,0.0006379999999999999,13.899999999999999
1.4915287971496582,0.630275532603264,3.7449590563774115e-06,2964.797645807266,77099999.99999997,0.00024800000000000007,12.66
1.3236853659152985,0.6131493151187897,7.720604434609415e-06,2792.4803942441936,90100000.0,0.00027499999999999996,14.37
1.5831057339906693,0.8369185656309128,7.204921163618565e-06,1434.593081474304,468999999.99999994,0.00157,4.79
1.5450068011879923,0.8496836096048356,5.263303741812707e-06,819.811776280403,291000000.0,0.00161,8.85
1.4324452444911004,0.6229230076074601,6.527652828022838e-06,912.6138240098952,216000000.00000003,0.0004009999999999999,8.27
1.3955804944038392,0.7051658391952516,9.06474056839943e-06,488.96703124046314,402000000.0,0.00124,9.2
1.203336650133133,0.5975880682468415,6.103587388992311e-06,789.9377048015593,227000000.00000003,0.00022400000000000002,5.27
1.5109830670058728,0.7542253542691469,5.325365722179413e-06,1329.2185142636297,182000000.0,0.000903,11.81
1.8021272778511048,0.8935119777917863,3.002070933580399e-06,1772.941920906305,132999999.99999997,0.00131,11.17
1.5664760559797288,0.7071781128644944,7.3027849793434156e-06,1607.6211929321287,162000000.00000003,0.00087,14.23
1.2542209088802339,0.6050322532653809,5.912231259047986e-06,2307.836852967739,95300000.0,0.00021300000000000003,11.99
1.3886713922023775,0.8175905093550683,4.816952779889107e-06,2411.9349122047424,376000000.0,0.0007619999999999999,1.6099999999999999
1.7533037781715395,0.8859518498182297,3.865106165409089e-06,1318.38171929121,181000000.00000003,0.0015900000000000003,10.78
1.4743362307548524,0.704761165380478,7.619736701250077e-06,975.9846627712249,240000000.0,0.0009070000000000001,11.32
1.474536319077015,0.6429063141345979,4.596845835447312e-06,527.9012322425841,356000000.0,0.00043700000000000005,2.73
1.5345911130309107,0.8528005331754686,4.305682420730592e-06,611.0320538282393,370000000.0,0.00143,5.12
1.7729779958724978,0.807884368300438,1.0033693611621859e-05,807.5142949819564,313000000.0,0.00275,13.45
1.7788269460201265,0.8554549098014832,4.0775017142295845e-06,1582.9496569931505,158000000.0,0.00145,12.02
1.4928053945302964,0.6585210353136063,5.12000408768654e-06,1309.839256107807,163000000.0,0.000492,10.42
1.406628030538559,0.7941375955939294,8.503663182258607e-06,510.6261670589446,424000000.0,0.00182,9.19
1.5779169738292695,0.8351606994867325,4.188689172267914e-06,1185.8447194099424,196000000.00000003,0.00122,10.16
1.496233516931534,0.6927341178059578,5.062732458114625e-06,1879.8553775995967,127000000.00000001,0.0005440000000000001,13.0
1.562493632733822,0.7639677498489619,2.9153222441673285e-06,2484.0786606073375,97500000.00000001,0.0005689999999999998,12.64
1.482901567965746,0.7441054545342923,4.893239572644235e-06,1419.215306639671,166000000.0,0.000763,11.66
1.3065592646598818,0.6943125173449517,9.90915283560753e-06,1813.082007691264,159000000.00000003,0.0007030000000000001,15.45
1.4621949568390848,0.6905904293060303,3.4050699770450597e-06,1210.0647315382955,164000000.0,0.0004319999999999999,8.19
1.5349000945687294,0.85359266102314,4.302138656377793e-06,839.0618413686751,283000000.0,0.0013199999999999998,7.25
1.336786597967148,0.6139843672513963,5.8142175525426875e-06,684.5773309469222,260000000.0,0.0003149999999999999,5.22
1.5028246454894545,0.8174803152680398,8.049722656607629e-06,544.2158430814742,410000000.0,0.00217,9.47
1.660174083709717,0.7403847880661488,7.261390402913095e-06,1559.9687695503233,175000000.0,0.00116,14.34
1.5615199327468874,0.7141412928700448,7.01608381420374e-06,1566.1494918167589,165000000.0,0.0008870000000000001,13.98
1.3899566352367403,0.6261781901121141,8.233390703797342e-06,1495.1134398579595,149999999.99999997,0.00042899999999999997,12.5
1.4627888157963753,0.6551823645830155,7.4595384001731885e-06,658.5189998149871,320000000.0,0.0006999999999999999,7.68
1.4613935217261316,0.6301261335611344,5.507710829377175e-06,640.0602608919143,304000000.0,0.00043399999999999987,4.95
1.2277970016002655,0.5946975231170655,2.9047237038612373e-06,2575.4551887512202,77399999.99999999,0.00010399999999999993,8.18
1.4731987059116365,0.7308340787887574,5.2120618522167216e-06,670.3431457281112,372000000.0,0.000792,4.79
1.671014177799225,0.7370100338011981,3.978646606206895e-06,2713.843837380409,98600000.0,0.000655,14.44
1.5409571751952174,0.8112257435917855,6.862793318927289e-06,792.2373265027999,302000000.0,0.00172,10.46
1.450251889228821,0.689152054488659,9.507873207330704e-06,1414.8766845464704,184000000.0,0.0008520000000000001,14.48
1.5143029924482108,0.644859677553177,7.154148191213609e-06,2361.8207797408104,111999999.99999999,0.000477,14.81
1.5869791567325593,0.7683658730238677,9.891036182641985e-06,796.3048219680785,307000000.0,0.00198,12.96
1.4880723372101785,0.8051263377070428,4.670067638158799e-06,842.9357707500457,297000000.0,0.00109,7.02
1.5313068106770518,0.7227496549487115,5.961690939962865e-06,1579.5378684997556,158000000.0,0.0008020000000000001,13.27
1.5350392006337643,0.8656066775321961,3.007932841777802e-06,1262.0988041162489,168000000.0,0.00101,9.1
1.3238905370235445,0.6188244134187699,8.243521109223366e-06,2726.5528887510295,94600000.00000003,0.00030599999999999996,14.79
1.505103611201048,0.7677582006901503,9.518777996301652e-06,708.4887027740477,330000000.0,0.00183,11.9
1.475099614262581,0.7403085496276618,5.2159191668033605e-06,900.305539369583,264000000.00000003,0.0008359999999999999,8.05
1.2662696063518526,0.6015194088220597,8.155957564711572e-06,1978.4412831068037,112999999.99999999,0.00027200000000000005,12.71
1.693215197324753,0.8307095110416413,8.291902244091034e-06,760.259062051773,321000000.0,0.00248,11.72
1.6116041958332064,0.7384234506636859,8.929411828517915e-06,1157.3340296745298,224999999.99999997,0.0014099999999999998,13.91
1.38920373916626,0.6491667062044144,8.80822852253914e-06,836.3921493291854,257000000.0,0.000661,10.12
1.510256138071418,0.8228716090321542,4.144828855991364e-06,1115.442246198654,205999999.99999997,0.0010800000000000002,9.47
1.7990192055702212,0.8487924456596375,4.04753002524376e-06,1723.8927278667686,147000000.0,0.00139,12.5
1.4651035845279694,0.7234369575977326,4.867602095007897e-06,993.1776970624923,223999999.99999997,0.0007129999999999999,8.71
1.503805584087968,0.6759983226656915,5.707691363990307e-06,1830.4698746651409,130999999.99999999,0.000536,13.24
1.4299915954470637,0.724711261689663,8.736287623643877e-06,649.2591202259063,345000000.0,0.00123,10.1
1.198790502548218,0.5941276788711548,9.095538586378099e-06,2748.5429793596263,91100000.0,0.00022899999999999996,14.23
1.7334843456745148,0.747162288799882,7.135889157652856e-06,1761.1819338053463,162000000.00000003,0.00121,14.92
1.202996474504471,0.5978078484535218,7.033661611378194e-06,1559.1315664350984,129000000.0,0.00022400000000000002,10.54
1.504165656119585,0.6676212161779405,5.497621104121209e-06,1920.677416026592,124000000.00000003,0.0004910000000000001,13.18
1.344608759880066,0.685445460677147,9.40333789587021e-06,2013.7285739183424,143000000.00000003,0.0006339999999999999,15.45
1.4036933004856111,0.6495031356811524,8.653348892927171e-06,744.5888519287108,286000000.0,0.0006810000000000001,9.33
1.4535385116934778,0.7159162670373918,4.401508837938309e-06,1548.9232093095777,146000000.0,0.0005790000000000002,11.35
1.5132967561483384,0.6315042793750764,4.549499541521073e-06,1292.6796376705167,155000000.0,0.00037499999999999985,9.1
1.5899276554584505,0.7311962239444256,6.312298683449627e-06,1637.2964456677435,159000000.00000003,0.0009300000000000003,13.85
1.2125177085399628,0.5940298855304719,5.9888922572135935e-06,495.44233083724964,346000000.0,0.00023500000000000002,1.9
1.3897762656211854,0.7496744815260172,9.221040666103364e-06,493.73793601989735,410000000.0,0.00157,9.84
1.4610438019037248,0.7410450752824546,4.552792131900788e-06,943.5648024082183,242000000.0,0.000751,7.68
1.4787922874093058,0.6413283079862595,6.237374115735293e-06,755.5295079946517,271000000.0,0.0005180000000000001,7.18
1.5802199810743334,0.8639977633953095,4.152443975210191e-06,1009.367138147354,227000000.00000003,0.00139,9.1
1.4523842856287958,0.8231972560286522,3.3881630897521977e-06,773.8983184099196,304000000.0,0.000885,4.22
1.4508130788803102,0.7426726710051299,4.248540550470353e-06,1466.776981949806,155000000.0,0.0006620000000000002,11.1
1.4823963873088362,0.6866708591580392,5.636584356427193e-06,895.7443684339522,245000000.00000003,0.000657,8.41
1.6912904620170595,0.8844364732503892,8.269829183816911e-06,542.2622263431548,420000000.0,0.00327,9.87
1.1994994997978212,0.5944788157939911,9.088168382644655e-06,2849.210903048515,88700000.0,0.00022600000000000005,14.37
1.6262178719043734,0.7905553311109543,8.192465618252756e-06,879.8464685678481,279000000.0,0.00191,12.42
1.504405251145363,0.6516191661357881,3.533703804016114e-06,1996.300734579563,106000000.00000003,0.0003179999999999998,10.69
1.4701361283659937,0.6559445321559907,4.201997637748719e-06,537.0638817548751,352000000.0,0.0004430000000000001,2.5
1.6837736785411836,0.9077651202678682,9.817599713802338e-06,703.6799490451812,805000000.0,0.00359,3.24
1.4530113860964777,0.7309435330331326,9.017696768045427e-06,837.7947211265563,279000000.0,0.0012899999999999997,12.14
1.4634881302714349,0.6682090491056443,3.4090305566787726e-06,605.8653742074965,302000000.0,0.0004080000000000001,2.74
1.346100175380707,0.5988938033580781,2.954409003257752e-06,2796.0356622934337,74500000.0,0.00014099999999999996,9.42
1.442676405608654,0.7781253352761269,8.71003431081772e-06,520.1290100812911,411000000.0,0.00181,9.66
1.5417086184024813,0.7588908512145282,4.080286949872971e-06,1841.554233804345,130000000.0,0.0007340000000000001,12.47
1.707875293493271,0.8046422436833383,5.15795972943306e-06,1507.1630030870435,171999999.99999997,0.0013199999999999998,12.75
1.4328114464879038,0.6572775185108185,8.578058242797853e-06,1239.3276691436765,188999999.99999997,0.0006519999999999998,12.67
1.3503393530845644,0.6146105468273163,6.579399021342398e-06,510.3842467069625,356000000.0,0.000376,3.9499999999999997
1.6151190161705018,0.7493974495679141,4.060221195220948e-06,2266.1352083086967,112999999.99999999,0.0007089999999999999,13.6
1.4650437265634537,0.7405493628233671,4.719368666410447e-06,939.9866610765456,245000000.00000003,0.0007709999999999998,7.86
1.4219393312931061,0.6181240797042847,4.632011651992799e-06,999.7240751981734,187999999.99999997,0.0002980000000000001,6.789999999999999
1.5109293803572657,0.718119639158249,7.21843120455742e-06,1267.4453780055044,195000000.0,0.0009310000000000001,12.98
1.5247847579419613,0.6429256439208985,3.1181567013263707e-06,987.2147738933562,184000000.0,0.00031600000000000004,5.41
1.490746081620455,0.6810376659035683,6.692343888804317e-06,1444.4855153560636,164000000.0,0.000646,12.76
1.476704889535904,0.7507619496434927,7.726098656654359e-06,780.1280468702315,304000000.0,0.00128,10.46
1.3503140687942505,0.6376834809780122,8.568314194679261e-06,1619.40405331552,146000000.0,0.0004520000000000001,13.3
1.4981250464916231,0.726312068849802,7.930252194404603e-06,1040.0113016366956,232000000.0,0.0011,12.49
1.6554131627082826,0.6561992973089219,3.09573045372963e-06,709.9815756082534,257000000.0,0.00042899999999999997,3.3500000000000005
1.5012125764042141,0.6622567892074586,4.056043028831483e-06,2343.668930232525,99600000.0,0.00036700000000000003,12.48
1.5005006901919844,0.655665484070778,3.464728385210038e-06,2231.047108769417,98000000.00000001,0.00031,11.22
1.7113050341606142,0.8045347586274147,1.0036137342453005e-05,722.9391783475875,341000000.0,0.0026399999999999996,12.76
1.5131368428468706,0.8318254888057709,4.25041225552559e-06,1034.9694192409513,224999999.99999997,0.00116,8.97
1.5827045738697054,0.6594681590795518,5.47424252331257e-06,2703.8533538579936,97899999.99999999,0.00045999999999999996,14.75
1.4491344898939134,0.6949357688426973,8.237466022372247e-06,663.9829576015471,335000000.0,0.0009779999999999997,9.17
1.440263316035271,0.6400721311569214,7.462222456932069e-06,2018.4553712606428,123000000.00000003,0.00044899999999999996,14.04
1.4784711688756944,0.740818713605404,7.206126131117345e-06,814.1485154628753,294000000.0,0.00111,9.96
1.309018063545227,0.6729848563671113,9.171473860740662e-06,1531.2485694885252,166000000.0,0.0006010000000000002,13.94
1.4584453225135805,0.8198881700634957,3.803915053606034e-06,945.2410340309142,245000000.00000003,0.0009660000000000002,7.109999999999999
1.434483776986599,0.7110417991876603,3.595113545656205e-06,1535.5461388826368,139000000.0,0.000475,10.28
1.4596568048000338,0.6761390447616578,7.909960716962816e-06,525.7520377635955,384000000.0,0.0009180000000000001,7.59
1.7389580547809602,0.8914967805147171,4.03752875328064e-06,690.4441416263579,326000000.0,0.00188,6.05
1.463848811388016,0.6453919082880021,6.5870051700621855e-06,559.1536611318587,368000000.0,0.000587,5.11
1.4852621197700502,0.6727775305509568,4.90517607331276e-06,1738.8324737548826,130999999.99999999,0.00048100000000000004,12.04
1.4321548148989678,0.6220520049333573,6.354322003200651e-06,2838.7804627418514,88100000.00000001,0.00029499999999999996,14.189999999999998
1.4450447604060175,0.8431014060974121,3.0952936112880713e-06,1073.6631900072096,196000000.00000003,0.0009000000000000002,7.79
1.60930312871933,0.8291164934635163,2.9279564619064338e-06,1987.4812588095663,122000000.00000004,0.0008319999999999998,11.39
1.2114921748638154,0.5983385860919953,4.9430751800537115e-06,2197.283461689949,93800000.00000001,0.00016099999999999993,10.44
1.70697095990181,0.7795048132538797,2.943950235843659e-06,2810.467660427093,91400000.00000001,0.0006649999999999999,13.39
1.4455464363098145,0.6226368606090547,5.735058218240739e-06,910.3880375623702,212000000.0,0.000376,7.63
1.5983579456806185,0.628969243168831,5.4325585961341866e-06,2999.632686376571,84900000.0,0.0003530000000000001,14.52
1.7353558480739595,0.8997845739126207,4.9631813019514094e-06,1340.3795957565305,405000000.0,0.00179,3.2599999999999993
1.6339914858341218,0.8405422925949098,2.9042167663574226e-06,2328.1592056155205,119000000.0,0.000838,11.19
1.5614529490470888,0.6606024026870728,3.816988825798035e-06,2951.292127370834,82900000.00000001,0.0003490000000000001,13.57
1.4994572639465333,0.8993855148553849,9.86645618081093e-06,555.2554428577422,563000000.0,0.0031,8.23
1.7517043232917788,0.7958086252212525,6.6349362414330255e-06,1374.6796101331709,197000000.00000003,0.00162,13.55
1.206558483839035,0.5979644179344178,5.006883174180985e-06,1303.2688498497007,145000000.0,0.00017800000000000002,7.28
1.4958801437169316,0.8054298207163811,4.2409665286540994e-06,1165.135011076927,198000000.00000003,0.000993,9.85
1.7171723663806917,0.6089731961488725,2.9325602054595955e-06,1069.1623687744138,170999999.99999997,0.00029200000000000005,4.99
1.5278023794293405,0.7226793967187405,5.370695427060128e-06,1719.5862364023922,143000000.00000003,0.0007269999999999998,13.2
1.516532549634576,0.8539679288864136,3.0306663811206823e-06,1332.67655223608,161000000.00000003,0.000943,9.49
1.4985387045890095,0.6289970129728318,5.469836756587029e-06,1119.4072961807249,181000000.00000003,0.0004159999999999999,9.14
1.3947849333286286,0.8068187132477761,3.0423516035079963e-06,1341.9511094689367,158000000.0,0.000695,9.3
1.6885072052478791,0.8863505333662034,4.20092472434044e-06,712.6594632863997,320000000.0,0.00182,6.54
1.524982537329197,0.6864701494574548,9.920518666505815e-06,2091.2003815174103,145000000.0,0.0008059999999999999,16.21
1.4985828928649427,0.6272707521915436,6.785622827708722e-06,2752.6115179061885,95300000.0,0.000369,14.82
1.465329059958458,0.6863393649458885,7.828807324171067e-06,779.9294143915175,290000000.0,0.000857,9.69
1.5073882514610888,0.6416892349720001,5.322415992617608e-06,1600.1876741647718,136000000.0,0.000433,11.52
1.392899823188782,0.8173951998353005,9.516914427280427e-06,1159.445635974407,684000000.0,0.00157,2.84
1.7156598508358003,0.8922827750444413,9.263168632984163e-06,519.504353404045,443000000.0,0.00384,10.32
1.4842298090457917,0.8323442459106446,5.298324152827263e-06,571.8302279710769,388000000.0,0.00151,6.43
1.4177754163742067,0.6248108714818955,5.2300598025321965e-06,2535.1443439722057,92400000.00000001,0.0002760000000000001,13.0
1.5013917781412602,0.7247858695685864,8.093598514795305e-06,1053.5674095153806,230000000.0,0.00111,12.69
1.480824599415064,0.6235525041818619,4.575276166200639e-06,996.0738867521285,191000000.0,0.0003439999999999999,7.15
1.6837270975112917,0.8156391397118569,1.005989331007004e-05,626.3469457626342,379000000.0,0.00278,12.0
1.267236614227295,0.6018615871667863,8.204819664359094e-06,1778.9451424032447,123000000.00000003,0.00028100000000000005,12.21
1.5293690487742426,0.6437756538391114,8.047337338328362e-06,2700.1866251230235,106000000.00000003,0.0004830000000000001,15.72
1.4801595300436021,0.7152360521256924,5.504067659378053e-06,1448.846638202667,163000000.0,0.0006909999999999999,12.15
1.5332383856177332,0.8521191537380219,4.255083173513413e-06,606.343850493431,371000000.0,0.0014099999999999998,5.03
1.6916856765747073,0.8907248407602311,5.137218371033669e-06,1438.4944289922712,412000000.0,0.00169,3.1199999999999997
1.4919749781489373,0.7922828793525697,5.283471196889878e-06,650.5699008703231,376000000.0,0.00122,6.2
1.4596609935164453,0.7282145284116269,4.8488472849130635e-06,691.9800788164138,361000000.0,0.0007160000000000001,4.290000000000001
1.326707983016968,0.7545289020985365,9.663364082574846e-06,2040.4884144663808,655000000.0,0.0008239999999999998,0.8299999999999998
1.45645536929369,0.7633408170193434,2.9882665872573856e-06,2089.7592902183533,109000000.00000001,0.000539,11.85
1.6266987383365632,0.8676422774791718,7.522367879748345e-06,1278.938978910446,690000000.0,0.00189,0.8499999999999996
1.4838137269020082,0.7332877177745104,5.012879848480226e-06,1485.5249524116514,159000000.00000003,0.000723,11.99
1.7886897861957551,0.7394993361085654,8.899256557226182e-06,1648.4478786587713,179000000.00000003,0.0014399999999999999,15.55
1.4043430030345918,0.6489989697933197,7.922615170478822e-06,2494.9121773242946,110000000.0,0.0004430000000000001,15.22
1.52198134213686,0.8227931454777718,7.29084086418152e-06,666.8416708707808,354000000.0,0.00196,9.8
1.2461378931999207,0.6427138030529023,9.638678520917895e-06,1020.7251757383345,214000000.00000003,0.0005039999999999999,11.46
1.5807786583900454,0.8745442181825639,3.630139380693436e-06,980.4123193025588,227000000.00000003,0.00131,8.05
1.7736713469028476,0.7443193517625333,6.639304326847196e-06,2107.111617922783,140000000.0,0.00111,15.43
1.4324574664235117,0.6185618251562119,6.447851659730078e-06,2927.48811841011,85900000.0,0.0002909999999999999,14.33
1.255767220258713,0.6042883336544037,4.874654158949853e-06,2314.3492564558983,91900000.00000001,0.0001860000000000001,11.05
1.4820048160851003,0.7472478233277798,5.977186277508737e-06,872.1195459365844,279000000.0,0.0009710000000000001,8.95
1.4973891746252777,0.7041933417320252,4.379083842039109e-06,2076.601527631283,114999999.99999997,0.000521,12.99
1.7242925047874451,0.6912501454353334,8.448080301284791e-06,2444.348514080047,128000000.0,0.0008679999999999997,16.35
1.4866672575473787,0.866489526629448,8.928230434656145e-06,892.3983871936797,519000000.0,0.00225,6.66
1.4705830514431002,0.6621181279420854,6.956259451806547e-06,543.2012230157851,372000000.0,0.00073,6.33
1.6496233105659486,0.6650835871696473,7.719664201140404e-06,2659.5790237188335,111000000.0,0.0006190000000000001,16.07
1.6744105339050295,0.666616201400757,9.355389952659608e-06,2761.775657534599,115999999.99999997,0.0006840000000000003,16.88
1.4754514753818513,0.6004593640565873,2.908991992473603e-06,1458.2888334989545,124000000.00000003,0.00018099999999999993,6.08
1.4353058472275735,0.639561152458191,7.544429987668992e-06,507.43180513381947,371000000.0,0.0006310000000000003,6.22
1.549223917722702,0.7620872709900142,6.813219107687474e-06,1092.0764058828352,225999999.99999997,0.00125,12.22
1.6352084934711457,0.6463917911052705,5.0881066620349895e-06,3018.161535263061,85999999.99999999,0.00039699999999999984,14.69
1.603716963529587,0.7452119942754508,3.818998217582704e-06,2395.6245481967926,106000000.00000003,0.000651,13.6
1.7491516113281251,0.8964854568243028,3.110383659601212e-06,882.4507445096968,241000000.0,0.00148,6.57
1.7691761612892152,0.6000645160675049,2.9450166821479804e-06,1597.1123259514568,123000000.00000003,0.0002740000000000001,7.48
1.2257797122001648,0.5928488194942475,3.158230841159821e-06,829.7503292560576,214000000.00000003,0.0001200000000000001,0.21000000000000005
1.4698523953557017,0.6338695764541626,7.59856215119362e-06,1593.0766537785528,145000000.0,0.00048399999999999995,13.03
1.4710175514221193,0.7213887736201287,5.002222687005998e-06,920.3874617815017,247000000.0,0.00073,7.97
1.338737189769745,0.667927497625351,8.747521817684175e-06,2306.1788752675056,123000000.00000003,0.0005039999999999999,15.4
1.5555890992283823,0.7557103190571071,4.957400336861611e-06,1595.4665578901765,153999999.99999997,0.0008709999999999999,12.58
1.4799937158823016,0.7427427973598243,5.372050598263741e-06,784.9913388490676,316000000.0,0.0008759999999999998,6.8
1.6246358335018158,0.6692560583353043,7.760663241147995e-06,2473.939165472984,116999999.99999997,0.000642,15.79
1.4557235419750214,0.8405078798532487,3.110092222690583e-06,988.5880649089812,214000000.00000003,0.0009180000000000001,7.08
1.749475282430649,0.8910099953413011,3.481389522552491e-06,2536.3602042198177,324000000.0,0.0010500000000000002,2.1500000000000004
1.4860226400196554,0.8583697557449341,2.9050403833389286e-06,2530.948027968406,142000000.00000003,0.0007550000000000001,9.21
1.287010055780411,0.6255819439888001,8.819646298885347e-06,2095.6834703683853,116999999.99999997,0.00035899999999999994,14.21
1.7617996573448182,0.6682008415460587,9.133420377969743e-06,2914.0423536300655,111999999.99999999,0.00073,17.21
1.6755153179168703,0.7367961175739766,5.002427026629449e-06,2312.7691373229027,119000000.0,0.000798,14.66
1.2826262176036836,0.7466936264187098,7.938291430473328e-06,2464.994594454765,497000000.0,0.0006280000000000001,1.7500000000000002
1.4168265223503114,0.6579578161239624,8.602732121944429e-06,745.6784993410109,290000000.0,0.000739,9.540000000000001
1.5564870804548265,0.6855513095855713,5.494171634316446e-06,2255.685843527317,113999999.99999999,0.0005599999999999998,14.31
1.4726912364363671,0.6818452700972558,9.429611861705781e-06,1772.3602075129745,156000000.0,0.0007569999999999999,15.19
1.5208720676600935,0.6399410694837571,3.3604269325733192e-06,2975.4922091960902,75900000.0,0.0002559999999999999,12.45
1.3985085904598238,0.6269955307245255,8.067801028490067e-06,1592.7437245845792,143000000.00000003,0.000424,12.809999999999999
1.4040865659713746,0.6509926736354829,8.292858541011812e-06,1732.700510881841,143000000.00000003,0.0005180000000000001,13.91
1.7667025029659273,0.7906413093209267,2.9875247478485113e-06,2866.494238376617,90600000.0,0.00073,13.61
1.5296822771430016,0.6428598940372467,5.903330385684968e-06,2399.348124861717,105000000.00000003,0.0004269999999999999,14.12
1.6920367062091828,0.7805008828639984,3.956637799739838e-06,2197.6578161120415,119000000.0,0.0008669999999999999,13.45
1.4650404006242754,0.7197350755333901,4.684947401285172e-06,852.6613861322402,270000000.0,0.0006830000000000001,6.66
1.5631644397974016,0.6352448880672456,7.288661658763886e-06,2741.4021193981166,101000000.0,0.00045099999999999996,15.41
1.480129496008158,0.6958909079432488,6.556981848552824e-06,813.4981542825698,282000000.0,0.0007810000000000002,8.72
1.543470472097397,0.8261917054653168,7.411002576351167e-06,681.3940703868865,347000000.0,0.00206,10.17
1.6053977429866793,0.7764461025595666,4.173294752836228e-06,1824.514793232083,134999999.99999997,0.000863,12.61
1.794181573390961,0.8935872763395311,6.020893208682538e-06,929.4939339160918,258000000.0,0.00253,11.19
1.4687533915042879,0.6556939244270326,8.255181193351747e-06,1565.804287791252,156000000.0,0.0006010000000000002,13.72
1.503159434348345,0.6345745950937272,3.6190105378627784e-06,979.5552045106887,187999999.99999997,0.00032799999999999995,6.01
1.50438992343843,0.6741816937923432,5.7038396820426e-06,1843.6504174023864,130000000.0,0.0005289999999999998,13.25
1.5725090458989144,0.7060793682932854,5.1063631922006615e-06,2222.719557583332,115999999.99999997,0.000624,14.24
1.4970481216907503,0.8394573479890824,8.449215590953828e-06,1124.6757507324216,457000000.0,0.00184,6.85
1.6990051925182343,0.6583858698606492,5.942719586193563e-06,3019.183456897735,91900000.00000001,0.000495,15.56
1.2677241861820223,0.6235150784254074,9.181690633296968e-06,2794.550612568855,97799999.99999999,0.00032700000000000003,15.43
1.4218590617179871,0.6786588996648789,8.655974328517916e-06,503.2263994216918,391000000.0,0.00101,8.35
1.8023418903350832,0.8444588541984559,3.968895256519318e-06,1808.5540942847726,141000000.00000003,0.00133,12.67
1.55041431337595,0.7388858679682017,5.906369298696519e-06,1497.1191734075544,168000000.0,0.000912,13.05
1.353954541683197,0.6154838830232621,7.565899416804315e-06,1198.629170656204,171999999.99999997,0.00036200000000000007,10.41
1.5787009209394456,0.8608316928148271,2.973637163639069e-06,1458.0364078283308,150999999.99999997,0.001,10.050000000000002
1.692237174510956,0.6592348694801331,8.691338539123537e-06,2853.8389056921,109000000.00000001,0.0006370000000000001,16.68
1.6275639832019808,0.645159673690796,2.999294877052308e-06,1633.065167814493,124000000.00000003,0.000332,8.74
1.6073290407657626,0.8817249923944475,7.0805402398109444e-06,530.8075547218322,414000000.0,0.00267,8.79
1.3076153039932252,0.6162295460700989,8.578576654195787e-06,2067.4273297190666,114999999.99999997,0.00033699999999999995,13.82
1.1975763201713563,0.5944448769092561,8.163686379790306e-06,2638.956487178802,91100000.0,0.00021500000000000005,13.579999999999998
1.576708996295929,0.8369092136621475,9.381072282791139e-06,509.18686389923084,431000000.0,0.0027300000000000002,10.29
1.3561003088951111,0.8553170263767244,8.564119547605516e-06,733.3056926727294,434000000.0,0.00209,8.43
1.7503440499305727,0.8944142013788224,4.216740339994432e-06,704.1291445493697,320000000.0,0.00197,6.58
1.7245207607746125,0.8393345385789872,6.7202476039528854e-06,981.5739393234252,257000000.0,0.00213,12.02
1.8179216265678408,0.6919306039810181,7.9618279337883e-06,2915.0153994560237,112999999.99999999,0.000853,17.01
1.6815120935440064,0.884167304635048,4.147680640220643e-06,572.7881491184233,374000000.0,0.00188,5.250000000000001
1.407065623998642,0.8341555774211884,9.420482397079469e-06,1021.0167914628981,645000000.0,0.00181,4.12
1.207681542634964,0.5969052135944367,4.890085607767106e-06,927.9585182666777,200000000.0,0.00018800000000000012,4.82
1.4685709208250046,0.775946393609047,9.549427896738055e-06,610.8501851558684,367000000.0,0.00192,11.15
1.5237291231751444,0.6219227671623231,7.879754438996315e-06,2915.1270091533656,94499999.99999999,0.0003879999999999999,15.49
1.554077544808388,0.7603800762444736,1.0011436343193056e-05,818.4756636619567,298000000.0,0.00184,13.17
1.5454462096095087,0.7894829124212266,2.9156414270401008e-06,2085.0893780589104,111999999.99999999,0.000664,11.78
1.5172082953155042,0.6652150154113771,8.0229077488184e-06,1721.4576499536631,147000000.0,0.0006429999999999999,14.28
1.4463111430406572,0.7623447496443988,9.512583762407305e-06,1879.7356095165012,510000000.0,0.0010399999999999997,4.27
1.7526025593280794,0.714517092704773,9.124728173017504e-06,1873.3330648392437,161000000.00000003,0.00117,15.93
1.3999929249286653,0.626487171649933,8.31477576494217e-06,921.902760863304,223999999.99999997,0.000493,9.72
1.2271648585796358,0.6369063824415208,9.575542271137239e-06,2587.3637497425075,107000000.00000001,0.00036099999999999994,15.58
1.5926524221897127,0.8824699938297272,3.0709795951843268e-06,1148.4767794609068,184000000.0,0.00118,8.62
1.4754760578274728,0.683625264465809,4.4758694767951975e-06,963.033765554428,214000000.00000003,0.000536,7.719999999999999
1.4758300960063935,0.7482740174978972,5.491514384746552e-06,947.3266005516051,251000000.0,0.0008979999999999999,9.12
1.4588451996445657,0.7941956788301469,4.210376918315888e-06,1047.8298664093015,221000000.0,0.0009109999999999999,8.65
1.7087701320648194,0.7983885884284974,9.290346741676332e-06,831.7096084356307,302000000.0,0.00235,12.88
1.7026138544082643,0.8304752469062806,9.369725435972215e-06,645.9201425313948,370000000.0,0.0028199999999999996,11.52
1.5941807448863985,0.6271640092134476,6.008828774094583e-06,2940.518587827682,89200000.0,0.000374,14.79
1.4977792248129846,0.660705453157425,4.433121711015702e-06,2110.742285847664,109000000.00000001,0.00039799999999999997,12.37
1.561612929403782,0.7601288963109255,4.160509705543518e-06,1866.9887278228996,130000000.0,0.00076,12.649999999999999
1.551168166100979,0.8127775266766549,4.091425389051438e-06,1317.480608820915,178000000.00000003,0.0010399999999999997,10.59
1.2069482266902924,0.5982285976409912,5.9679110944271095e-06,2090.1904925704002,101000000.0,0.000187,11.17
1.4711265340447428,0.6266876667737962,3.6146448254585273e-06,1292.1067625284193,148000000.0,0.00027299999999999997,7.4
1.4830773577094079,0.7713763386011124,2.978146612644196e-06,1240.3732463717458,166000000.0,0.0006310000000000003,8.24
1.480606880038977,0.7632920812815428,5.223724856972695e-06,880.8786720037459,280000000.0,0.0009520000000000003,7.95
1.566220535337925,0.8632716983556749,4.201767742633821e-06,591.3759320974349,373000000.0,0.00155,5.14
1.385873544216156,0.8037521526217462,3.1326273679733283e-06,1215.2062654495237,173000000.0,0.0007049999999999998,8.75
1.5376070022583008,0.7175362497568131,8.07935816049576e-06,1258.078023791313,201000000.0,0.0010500000000000002,13.579999999999998
1.5355823770165444,0.6398245006799699,7.143504224717618e-06,2614.358618855476,103999999.99999999,0.00045399999999999987,15.18
1.205283933877945,0.5967854261398315,7.007360264658929e-06,2933.4962666034694,81100000.0,0.0001899999999999999,13.47
1.6422894001007082,0.8845849245786668,8.40930959582329e-06,986.108437180519,655000000.0,0.00242,3.3199999999999994
1.2655417978763581,0.6606567978858948,9.127775430679322e-06,1650.9209312498567,151999999.99999997,0.000501,13.95
1.6083117842674257,0.7402729142457247,2.964803099632264e-06,2068.42403113842,110000000.0,0.000558,11.36
1.558988155424595,0.6883544951677323,8.487803131341935e-06,1620.4512789845464,163000000.0,0.0008430000000000001,14.69
1.5071338746696712,0.641719052195549,5.3270208835601815e-06,1502.9847733676431,143000000.00000003,0.0004409999999999998,11.17
1.617321002483368,0.7221887156367303,6.291054911911488e-06,1864.8370932787655,143000000.00000003,0.0008679999999999997,14.46
1.7539411604404451,0.7852492913603784,8.1661347001791e-06,1185.4746118187902,229000000.0,0.00187,13.82
1.5964259862899781,0.8589977324008943,5.147222980856896e-06,902.5174677371978,260000000.0,0.0017,9.76
1.4813968151807786,0.6814401090145111,5.023789748549462e-06,888.505384325981,240000000.0,0.0005809999999999999,7.54
1.4721583709120751,0.8538085788488389,3.097679972648621e-06,1113.0386143922804,188999999.99999997,0.0009509999999999998,8.14
1.2795037865638734,0.762803689017892,6.556673448532821e-06,2616.521298885345,456000000.0,0.0005790000000000002,0.9799999999999996
1.3922126770019532,0.674507886171341,8.80254039168358e-06,2221.833162009716,129000000.0,0.0005710000000000001,15.439999999999998
1.57217503041029,0.8662169873714448,7.069165021181108e-06,557.2959333658217,407000000.0,0.00248,8.930000000000001
1.6744031846523286,0.8071191564202309,8.280350327491761e-06,851.7010807991027,291000000.0,0.00218,12.33
1.411602705717087,0.6191960424184799,4.5303606688976295e-06,1775.240425020456,114999999.99999997,0.0002649999999999999,10.37
1.4369318291544915,0.7292651474475861,3.485416859388352e-06,1939.5755156874654,116999999.99999997,0.0005000000000000001,11.77
1.271905678510666,0.6060321986675263,7.798710361123086e-06,494.9136376380919,358000000.0,0.00036099999999999994,4.46
1.4062926828861237,0.6261936664581299,7.089912064373494e-06,523.9360332489013,362000000.0,0.00047900000000000004,4.88
1.3787527799606325,0.8733594238758088,3.0822021067142492e-06,2414.110779762268,220000000.0,0.000763,5.32
1.5146285567432642,0.8109498515725136,7.386272788047792e-06,689.5140856504439,342000000.0,0.00183,10.06
1.526380464434624,0.7704788714647294,2.9585433602333075e-06,2304.3426796793938,102999999.99999999,0.0005840000000000001,12.39
1.531411197781563,0.810361383855343,5.83843169361353e-06,2349.1708114743233,480000000.0,0.000947,0.5899999999999996
1.3131027817726137,0.7071900799870492,9.63274422287941e-06,866.196036338806,269000000.0,0.000996,12.35
1.5862092196941378,0.8706498473882676,4.240577459335328e-06,830.6704014539717,279000000.0,0.00149,7.5
1.2582957386970521,0.6629240244626999,9.696629613637925e-06,731.6781133413314,293000000.0,0.000688,10.33
1.2045140683650972,0.595266079902649,8.189585462212563e-06,1466.060161590576,139000000.0,0.0002520000000000001,10.92
1.7906228184700015,0.7057563006877899,9.883164674043656e-06,2199.914373457432,148000000.0,0.00112,16.84
1.3036942899227144,0.6244176775217056,8.969716280698777e-06,1603.9227806031702,143000000.00000003,0.00039300000000000007,13.02
1.3562098860740663,0.6006864219903947,2.9751579761505135e-06,1788.918191567063,105000000.00000003,0.00015199999999999995,6.9
1.6553843736648561,0.8916075199842454,3.063889145851136e-06,1045.3841388225553,201000000.0,0.0013,7.97
1.4307582691311838,0.6666020303964616,8.430314123630525e-06,491.73030257225025,392000000.0,0.000906,7.76
1.565504814684391,0.8382474035024644,5.415141433477403e-06,2096.1754322052,422000000.0,0.00111,2.3600000000000008
1.4947624281048777,0.8254862755537034,4.2857933640480045e-06,816.5061026811599,307000000.0,0.00112,6.08
1.507111378759146,0.7154108069837094,8.196928128600121e-06,1151.0027870535848,214000000.00000003,0.0010399999999999997,13.14
1.3126089334487916,0.7479680053889752,9.189055413007737e-06,1951.7055824398992,404000000.0,0.0008470000000000002,6.06
1.338979196548462,0.598874455690384,3.0416727662086493e-06,777.6087075471877,216000000.00000003,0.00016700000000000002,1.17
1.4904423482716085,0.8325201719999314,1.0059421420097352e-05,462.17042207717884,449000000.0,0.00266,10.61
1.7616478800773623,0.9065764188766481,5.934230417013169e-06,1300.0113815069196,558000000.0,0.00207,1.3499999999999999
1.272129660844803,0.5985411286354065,2.9984704256057746e-06,2126.0595992207527,90900000.00000001,0.00012700000000000005,7.5
1.4885272577404978,0.6620141476392747,3.380488097667695e-06,850.0930964946746,210000000.0,0.00038400000000000006,5.59
1.416198366880417,0.6550107836723328,8.654347956180574e-06,933.5231333971022,236000000.00000003,0.000695,10.96
1.4764224082231523,0.6283963054418564,5.3356768935918816e-06,1891.881452873349,115999999.99999997,0.000343,11.94
1.7368684887886048,0.7852804496884347,4.946506917476655e-06,1891.442725434899,142000000.00000003,0.00112,13.71
1.4680774435400965,0.6872364297509194,7.586261197924615e-06,654.0986448526381,338000000.0,0.000885,8.27
1.5042491152882578,0.8193713083863259,5.415966615080834e-06,753.5545080900191,325000000.0,0.00136,7.719999999999999
1.4480689465999605,0.7195038601756096,8.751026362180711e-06,842.4499183893203,277000000.0,0.00114,11.7
1.6172905504703523,0.7741934761404992,7.19741301238537e-06,1115.9197539091108,227000000.00000003,0.00148,12.84
1.3824537456035615,0.6244396716356277,7.67741096019745e-06,549.9945878982543,343000000.0,0.0004910000000000001,5.72
1.8138602256774905,0.7999204024672509,3.937719643115998e-06,2429.322928190231,113999999.99999999,0.00102,14.07
1.4875329449772836,0.8058048114180566,6.980529084801675e-06,568.7788426876067,398000000.0,0.00177,8.55
1.6924427926540375,0.859137573838234,8.068199068307878e-06,671.1003482341765,356000000.0,0.00277,10.91
1.239141047000885,0.687325268983841,9.638867527246476e-06,1698.7174581736324,160000000.00000003,0.000614,14.78
1.5710191190242768,0.6932464823126794,2.9553156495094304e-06,2669.806361198425,87800000.0,0.000376,12.42
1.7858047127723695,0.8502092599868775,9.226048916578293e-06,703.3721655607222,342000000.0,0.00322,12.23
1.510548221692443,0.8009272679686547,7.311073511838914e-06,727.5805175304412,325000000.0,0.00169,10.23
1.521756172925234,0.725935484468937,2.9342958927154548e-06,1227.9159128665922,163000000.0,0.000508,8.01
1.4922841005027296,0.7462459042668343,8.483529835939408e-06,853.6868095397948,277000000.0,0.00139,12.03
1.51650296933949,0.6315436273813249,4.4971792101860056e-06,1471.5930745005605,138000000.0,0.000363,9.94
1.5817350178956986,0.8818097323179246,2.939308941364289e-06,1883.4599684923885,160000000.00000003,0.001,8.86
1.4445178851485254,0.6384745538234712,7.396202191710473e-06,2531.7121595144267,105000000.00000003,0.0004119999999999999,14.95
1.5708418026566506,0.6627923280000687,5.414549693465234e-06,2623.235166072845,100000000.0,0.0004669999999999999,14.6
1.429180432856083,0.7741239622235299,2.9396606683731083e-06,1562.8146491944788,138000000.0,0.000585,9.94
1.503958995267749,0.8122609600424767,5.2382874190807355e-06,869.4865107536315,285000000.0,0.00127,8.55
1.341052132844925,0.6154921710491181,5.54239046573639e-06,1791.5278133004902,116999999.99999997,0.00026399999999999997,11.05
1.4726863145828248,0.7297806277871133,5.127513855695725e-06,781.6006541252135,316000000.0,0.00077,6.05
1.77572380900383,0.9088317275047303,3.119650602340699e-06,1040.6950414180753,201000000.0,0.00154,8.1
1.5407279402017595,0.7222591504454613,6.36500226892531e-06,1531.3764959573743,165000000.0,0.000855,13.44
1.3196871221065523,0.6943309977650644,9.503992527723314e-06,1037.6566201448438,231000000.0,0.0008499999999999998,12.84
1.4498666882514955,0.7120905607938767,4.1941812038421635e-06,1153.8350880146024,183000000.0,0.0005809999999999999,9.16
1.6179628908634187,0.838149431347847,1.0165183186531069e-05,495.6676363945006,445000000.0,0.0029400000000000003,10.81
1.4586925059556963,0.6332616090774537,7.788739234209062e-06,1504.9787536263464,151999999.99999997,0.00049,12.78
1.4829638287425042,0.6733524531126023,4.90599885582924e-06,1641.5621824562547,137000000.0,0.00049,11.71
1.2570747077465059,0.6093152582645417,9.57972899079323e-06,910.5770587921141,222000000.0,0.00039500000000000006,9.69
1.739717745780945,0.8942486912012101,2.965901672840119e-06,1533.5176624357698,149000000.0,0.00128,10.32
1.472419148683548,0.6858811408281327,4.79017323255539e-06,1556.4058832824228,144000000.00000003,0.0005220000000000001,11.44
1.2600253701210022,0.6033932179212571,8.132471755146982e-06,2836.4745080471034,87800000.0,0.00024299999999999986,14.189999999999998
1.563445866107941,0.8551714181900025,7.016429387032987e-06,634.3820989131926,376000000.0,0.00231,9.29
1.7958860814571382,0.6944384872913362,9.166964620351793e-06,2616.3918823003764,129000000.0,0.000972,16.97
1.7184733986854555,0.7201040670275689,8.04159350693226e-06,1880.3957123309372,155000000.0,0.00109,15.51
1.560015879571438,0.6393446624279023,3.0896538794040685e-06,1707.3714425787327,116999999.99999997,0.00028900000000000014,8.9
1.5672500789165498,0.7392217822372914,6.256577581167222e-06,1474.4575619697569,173000000.0,0.000976,13.28
1.7957674384117128,0.6484690010547639,2.976576149463654e-06,2624.538123607635,86399999.99999999,0.00037199999999999993,11.9
1.763403403759003,0.7074279874563217,9.298583328723908e-06,2055.0488233566284,150999999.99999997,0.00111,16.28
1.6075052082538606,0.8801250636577607,3.4421863555908207e-06,2498.790726065635,311000000.0,0.0009549999999999999,2.81
1.4074906826019289,0.6460264831781388,8.466359466314316e-06,631.2557607889174,323000000.0,0.0006840000000000003,8.3
1.5045346375554802,0.7822343766689301,7.4635548889637006e-06,775.6541222333907,307000000.0,0.00154,10.63
1.5188438795506956,0.6627942860126496,5.532123103737832e-06,2123.866744339466,114999999.99999997,0.000475,13.64
1.439881753921509,0.6901066035032273,9.21054205298424e-06,1244.986869394779,200000000.0,0.000863,13.73
1.772285181283951,0.6863117918372155,7.0909230709075935e-06,2939.3691122531886,106000000.00000003,0.0007269999999999998,16.58
1.6845469415187837,0.8843357652425767,6.177064303308726e-06,774.5389938354491,304000000.0,0.00242,10.16
1.4642110705375673,0.6679583430290222,4.7818903326988225e-06,605.8789342641829,355000000.0,0.0005129999999999999,3.44
1.6902237296104432,0.6591074734926224,7.706363037228585e-06,2854.8910021781917,105000000.00000003,0.0005989999999999999,16.31
1.4121890902519227,0.6445910185575486,9.374501496553422e-06,2825.8275538682933,105000000.00000003,0.000453,16.2
1.3559033095836641,0.6859116777777673,9.344173073768617e-06,1154.1621312499044,211000000.0,0.000789,13.14
1.564841303229332,0.8402075082063676,6.201774716377259e-06,794.4270521402358,299000000.0,0.00184,10.0
1.6095014512538912,0.8623215347528458,3.212806940078736e-06,741.3667738437651,306000000.0,0.0011999999999999997,4.41
1.5049462415277959,0.6480570763349534,4.737583994865418e-06,1415.7220274209974,148000000.0,0.00043099999999999996,10.3
1.4909509286284448,0.6878608256578446,7.449120104312898e-06,1341.6179940104482,180000000.00000003,0.0007439999999999999,13.04
1.3993728876113893,0.7546061228960753,3.711766958236695e-06,680.0018548965453,350000000.0,0.000636,2.89
1.6980166912078858,0.6366265922784806,2.9850004911422736e-06,2555.8261871337886,86899999.99999999,0.000299,11.36
1.4547272577881813,0.7649495746940375,8.17928920686245e-06,535.942643880844,403000000.0,0.00161,9.23
1.472000424563885,0.7130331024527551,5.362311869859696e-06,995.687425136566,223999999.99999997,0.000723,9.3
1.4310551270842553,0.7196375593543053,9.70944219827652e-06,1032.8491330146787,239000000.0,0.00118,13.54
1.740168070793152,0.8455683499574662,7.046503871679307e-06,928.6873340606688,269000000.0,0.0023,12.07
1.643557280302048,0.7873484954237938,9.946232706308366e-06,739.0498667955397,332000000.0,0.00232,12.69
1.7374138355255129,0.8947390705347062,4.020982772111894e-06,1153.436258435249,201000000.0,0.00172,10.22
1.2591849803924562,0.6056074798107147,5.7980142757296575e-06,2645.008891820907,86700000.00000001,0.00020600000000000007,12.59
1.385523784160614,0.7857675701379777,3.0277908146381385e-06,1427.05313116312,149000000.0,0.0006119999999999999,9.64
1.808843779563904,0.6975818529725075,6.996021240949632e-06,2969.2930281162257,107000000.00000001,0.0008,16.72
1.5814156472682954,0.6759768515825272,8.794329464435579e-06,2178.5695776343346,132999999.99999997,0.0007269999999999998,15.73
1.456534230709076,0.6973609909415246,8.138527676463128e-06,770.7593888044356,296000000.0,0.0009440000000000002,10.09
1.4510711163282395,0.6875544279813767,9.264221101999285e-06,1342.1870321035383,188999999.99999997,0.0008390000000000001,14.09
1.6181576013565064,0.8017722129821778,1.007929128408432e-05,621.1562007665633,378000000.0,0.00253,11.91
1.4054952442646027,0.6174965769052506,3.6655217409133916e-06,450.7714807987212,343000000.0,0.0002649999999999999,0.2499999999999996
1.3984203279018403,0.6171965628862381,3.715061008930207e-06,591.029405593872,290000000.0,0.00026100000000000006,1.6299999999999997
1.6033326208591463,0.8813698053359986,6.049117058515549e-06,540.9001111984252,400000000.0,0.00237,7.89
1.4643338620662691,0.7249537847936154,4.7871759384870535e-06,981.0763150453566,227000000.00000003,0.0007120000000000001,8.47
1.4791881501674653,0.6564260423183442,8.039673924446107e-06,2478.358849883079,113999999.99999999,0.000512,15.470000000000002
1.4804621502757074,0.6814268812537194,4.329468220472336e-06,2023.9185839891431,113999999.99999999,0.0004430000000000001,12.4
1.4164825558662415,0.6474814206361771,8.404612809419633e-06,1522.0750048756597,157000000.0,0.0005409999999999999,13.35
1.4138179421424868,0.7114955171942712,3.676897376775742e-06,595.1666384935378,355000000.0,0.0005180000000000001,2.42
1.5285252526402475,0.7943930223584176,4.095874965190888e-06,1408.5623174905775,166000000.0,0.000923,10.98
1.4849538914859297,0.7891471713781357,4.747048497200013e-06,783.3707630634307,327000000.0,0.00101,5.9
1.5408198952674867,0.7008909076452255,2.9296971559524543e-06,1833.8325079530475,115999999.99999997,0.00041500000000000006,10.39
1.3668536603450776,0.6841524258255959,9.395583838224412e-06,1674.4928592815993,161000000.00000003,0.0006900000000000001,14.78
1.5769701093435289,0.785921908915043,6.096857585012914e-06,1110.0388616323469,223000000.0,0.00133,11.79
1.4723827198147774,0.7607924971729517,4.192294895648957e-06,1474.4236618280408,156000000.0,0.000738,11.21
1.4179945886135104,0.8284686774015427,4.6380127072334295e-06,2312.3499676585197,373000000.0,0.0008120000000000001,1.6599999999999997
1.4702320173382761,0.6953473851084709,7.605207830667497e-06,789.7565811872481,290000000.0,0.000882,9.67
1.5032422766089442,0.6494098484516144,6.09756062179804e-06,1715.1642795652149,134999999.99999997,0.00048399999999999995,12.78
1.7023705422878266,0.6312392681837082,8.416303038597109e-06,3022.598654031753,97600000.00000001,0.000508,16.38
1.4686891660094263,0.6318322777748109,3.42101201415062e-06,2557.6677471399303,86200000.00000001,0.00023700000000000004,11.25
1.674681079387665,0.8902358204126359,4.15799754858017e-06,901.5984386205672,251999999.99999997,0.00172,8.48
1.4768609225749971,0.71881682574749,5.5190525650978094e-06,771.388292312622,314000000.0,0.0007800000000000001,6.66
1.7345389544963838,0.6880430012941361,9.30291795730591e-06,2489.2448931932445,130999999.99999999,0.0009019999999999999,16.73
1.4983091823756696,0.7201081171631813,5.454508885741234e-06,1564.1655325889585,153999999.99999997,0.0007129999999999999,12.66
1.3502381086349489,0.5993119597434998,2.9566996097564705e-06,2614.733904600143,79200000.0,0.00014299999999999998,8.960000000000003
1.471993048489094,0.7399811793118716,7.394288659095765e-06,566.9991225004195,391000000.0,0.0012899999999999997,8.27
1.2654020905494692,0.6835924118757248,9.430871695280077e-06,1680.9866502881048,159000000.00000003,0.0006100000000000001,14.59
1.4788964912295344,0.6914489015936852,6.732637479901315e-06,1136.5292519330976,202000000.0,0.00073,11.43
1.493887433409691,0.6520623028278352,7.1515003815293325e-06,1421.4805811643598,162000000.00000003,0.0005719999999999999,12.58
1.5100028794258835,0.7562982860952616,6.432769956067206e-06,1068.9071863889692,229000000.0,0.00111,11.5
1.4812731407582762,0.654515764117241,4.1401986181736e-06,733.427584171295,260000000.0,0.00042600000000000005,4.930000000000001
1.4581316068768502,0.6319914847612381,6.905538633465768e-06,2098.872058093548,114999999.99999997,0.0004049999999999999,13.78
1.3371903061866761,0.7292995557188988,9.79920017719269e-06,825.091779232025,284000000.0,0.00124,12.56
1.6076120495796205,0.5971499025821686,2.896019816398621e-06,1584.841266274452,119000000.0,0.0002080000000000001,6.869999999999999
1.720539289712906,0.67306447327137,8.49937465786934e-06,2771.318435668945,113999999.99999999,0.0007179999999999999,16.7
1.3269777774810791,0.6428466528654099,8.327615052461625e-06,1940.5765756964681,128000000.0,0.00042600000000000005,14.059999999999999
1.55442283898592,0.7671381611377002,6.319505710154772e-06,1151.3465940952299,215000000.00000003,0.0011999999999999997,12.09
1.5200065881013871,0.6457048773765565,3.55454769730568e-06,1506.2906518578527,132999999.99999997,0.00033899999999999995,8.98
1.5026141971349718,0.8110956653952599,6.434417072683574e-06,718.3502912521361,336000000.0,0.00157,8.9
1.5949078381061554,0.6998417928814888,4.39673736691475e-06,2680.080339312553,97700000.0,0.000523,14.39
1.498261620104313,0.6578133344650269,4.23302721977234e-06,1786.0996555536983,121000000.0,0.00039500000000000006,11.21
1.5120251119136812,0.6341628760099411,3.5623355507850655e-06,1569.2259669303892,126000000.00000001,0.000301,9.0
1.4243819117546084,0.8052326202392579,3.2472955882549293e-06,856.1186045408248,264000000.00000003,0.000779,5.18
1.5192125737667086,0.832704645395279,5.171100780367852e-06,843.2631492614745,287000000.0,0.0014,8.61
1.5081116002053023,0.8290487229824067,2.9719715714454656e-06,1604.4395901262758,139000000.0,0.0008080000000000001,10.44
1.4493879005312922,0.706650348007679,3.893673241138459e-06,870.1313585042952,236000000.00000003,0.000539,6.31
1.6408953845500946,0.6451761335134507,8.13922528922558e-06,2844.313263893127,103999999.99999999,0.0005369999999999999,16.16
1.6883705556392672,0.8858322948217393,2.9827015399932868e-06,1470.2004492282865,152999999.99999997,0.00121,10.15
1.4811221010982991,0.6779169246554375,7.044424019753934e-06,960.6993496417998,231000000.0,0.00073,10.38
1.5928056478500368,0.7667333129793407,5.006153538823128e-06,1591.4590954780576,157000000.0,0.000967,12.68
1.5401184797286989,0.6580483227968217,7.297349065542222e-06,2029.5471996068952,127000000.00000001,0.000567,14.509999999999998
1.7121403455734254,0.7782328784465791,2.943668603897095e-06,2832.861423492431,90699999.99999999,0.0006620000000000002,13.41
1.3398517370224001,0.6150654762983323,5.480650484561921e-06,2751.849845051765,85700000.00000001,0.00023500000000000002,13.08
1.47046926766634,0.8020160749554635,9.329566180706026e-06,507.5269490480422,421000000.0,0.00224,10.25
1.4217720329761507,0.6200986236333847,4.59512621164322e-06,1764.3573526293037,115999999.99999997,0.00027299999999999997,10.48
1.5341714009642602,0.7922205761075021,8.602757364511492e-06,1671.774100512266,476000000.0,0.00126,5.04
1.4744241982698443,0.7447044365108014,5.430738836526872e-06,1169.7037443518636,203000000.0,0.0008459999999999997,10.91
1.4749879941344262,0.7145203337073327,6.195886939764024e-06,1164.9148091673849,201000000.0,0.0007810000000000002,11.39
1.5189869731664658,0.6475429773330689,8.167964056134226e-06,2665.11458158493,108000000.00000001,0.000495,15.75
1.3262644529342653,0.6125125676393509,4.853553354740144e-06,1276.7894491553304,149000000.0,0.0002449999999999999,8.09
1.5028777308762076,0.6820069000124932,3.3354952037334447e-06,2678.8661181926723,88799999.99999999,0.00034999999999999994,12.649999999999999
1.5745656073093415,0.6303044199943543,7.258371621370317e-06,2817.7008330821986,98000000.00000001,0.000433,15.41
1.6152119100093842,0.6890280291438103,8.518371880054474e-06,1850.8176896721122,149999999.99999997,0.000863,15.3
1.7855439662933352,0.8778990447521211,9.212774455547334e-06,590.8635556697844,396000000.0,0.00394,11.17
1.609006816148758,0.7226425856351854,4.868893533945084e-06,2266.0455405712128,115999999.99999997,0.0006900000000000001,14.31
1.4776818081736567,0.7390386745333672,5.370541155338288e-06,1272.1022143959997,186000000.0,0.0008020000000000001,11.43
1.7093958556652071,0.8262360334396363,4.136016696691514e-06,1626.3122037053106,153999999.99999997,0.00121,12.08
1.545311835408211,0.8687443345785142,3.0250379145145424e-06,1248.1666281819341,169999999.99999997,0.0010399999999999997,9.090000000000002
1.7044009745121003,0.704037693142891,1.003831321001053e-05,1831.0751784592865,166000000.0,0.00112,16.16
1.5211317099630834,0.8014222472906113,2.9466743469238288e-06,1944.8863267898557,119000000.0,0.0006980000000000002,11.54
1.4350554183125497,0.7564688500016928,9.601350188255311e-06,688.6931806802748,332000000.0,0.00164,11.7
1.567416648566723,0.7600547220557928,6.219930067658425e-06,1271.3059708476064,197000000.00000003,0.00113,12.55
1.4052319407463074,0.757663043215871,3.044118374586106e-06,1033.7823182344434,192000000.0,0.0005689999999999998,7.24
1.206952375173569,0.6525588780641557,9.769827008247377e-06,2142.9639607667923,127000000.00000001,0.00041999999999999996,15.21
1.672142279148102,0.828866869211197,6.850604705512525e-06,927.4931550025939,267000000.0,0.00202,11.75
1.5801304668188096,0.6325089901685715,6.0630431324243554e-06,2849.3766784667964,92900000.0,0.000396,14.84
1.5843703866004946,0.9047087788581849,9.778002679347994e-06,657.7082276344298,675000000.0,0.0031500000000000005,5.79
1.3683759927749635,0.8754427134990693,3.0446851849555975e-06,2492.316916584968,292000000.0,0.0007070000000000001,1.43
1.6263904094696047,0.7187678307294846,5.930966407060624e-06,2053.252637386322,130999999.99999999,0.000801,14.68
1.3342059373855593,0.7863232567906381,9.996314376592637e-06,451.07144117355335,430000000.0,0.00196,10.62
1.720348620414734,0.71957326233387,6.95099987089634e-06,2190.913997590542,133999999.99999997,0.000947,15.59
1.3142188131809236,0.6166207998991013,8.384974092245102e-06,2276.7031118273735,107000000.00000001,0.00032500000000000004,14.15
1.431728182733059,0.7209256052970887,8.859018862247469e-06,747.7140724658965,307000000.0,0.00118,10.98
1.4826680190861226,0.6768584042787552,5.9014756307005895e-06,1155.2158668637273,191000000.0,0.000618,10.65
1.4859512194991114,0.6559167802333833,8.103945463895798e-06,1722.1349216997621,145000000.0,0.000587,14.1
1.6225967824459078,0.6513428360223771,9.039624422788621e-06,2847.88529574871,108000000.00000001,0.0005719999999999999,16.53
1.509633557125926,0.7422085471451283,3.943513542413712e-06,1960.6001600623129,121000000.0,0.000627,12.54
1.5673428475856783,0.8704638808965683,6.037099510431291e-06,570.7588344812392,395000000.0,0.0022,7.95
1.8025330424308779,0.8060327902436257,3.019203126430512e-06,2821.561127901077,92199999.99999999,0.0008080000000000001,13.63
1.471247760951519,0.6652801036834718,6.086348176002504e-06,607.5264811515807,364000000.0,0.000624,5.06
1.4598069593310357,0.7563912604004145,3.109799325466157e-06,818.5865283012389,261999999.99999997,0.00062,4.43
1.4981383681297304,0.6521818935871125,8.095924064517023e-06,2571.2807774543758,111000000.0,0.0005039999999999999,15.62
1.2217299163341524,0.5930041551589966,2.9977623820304877e-06,1026.5910178422926,174000000.0,0.00011800000000000008,1.8899999999999995
1.4417431667447091,0.705941940844059,9.145479440689087e-06,1032.0983380079267,232999999.99999997,0.00103,13.03
1.5048229191452267,0.7170716151595117,3.4589620232582098e-06,2467.585980892181,97899999.99999999,0.00046500000000000014,12.98
1.380883973836899,0.6558217495679856,8.97837406396866e-06,2579.9107104539867,112999999.99999999,0.000477,15.84
1.2197344958782197,0.6746762216091157,9.515331029891969e-06,1774.7668288648126,149999999.99999997,0.0005239999999999999,14.64
1.5758918434381486,0.7714932963252068,6.717784302309156e-06,1109.1921776533125,223999999.99999997,0.00133,12.34
1.487794127315283,0.8327681243419648,3.4271695315837866e-06,680.850252509117,340000000.0,0.0009809999999999999,3.3400000000000003
1.578570654988289,0.6792783647775651,7.633242517709734e-06,1944.3320408463476,137000000.0,0.0007070000000000001,14.91
1.7163006484508516,0.7483366526663304,9.30623432993889e-06,1249.5628669857977,221000000.0,0.00163,14.57
1.595501106977463,0.8539217412471772,6.17067725583911e-06,791.3703024387358,300000000.0,0.00201,10.06
1.4826484680175782,0.659605273604393,6.256694719195367e-06,784.6663445234298,274000000.0,0.0005999999999999997,7.68
1.4966850444674493,0.6751932889223099,3.771104514598847e-06,2477.796927094459,95500000.00000003,0.0003710000000000001,12.66
1.6915170192718507,0.597443962097168,2.910844504833222e-06,764.1844749450682,222000000.0,0.0002630000000000001,2.42
1.4765061244368554,0.6315205782651901,6.40380907803774e-06,824.9462693929671,242000000.0,0.0004720000000000001,7.87
1.5885746866464616,0.6577336192131044,4.762404009699822e-06,2874.8831450939174,90399999.99999997,0.0004080000000000001,14.4
1.482966560125351,0.6331051111221314,5.035685673356057e-06,2285.4850366711617,101000000.0,0.0003290000000000001,12.76
1.4995811596512796,0.6758311629295349,6.827241718769074e-06,1548.9014908671377,155000000.0,0.0006280000000000001,13.2
1.2850957274436952,0.6703409761190415,8.837060540914536e-06,2069.570451974869,131999999.99999999,0.000502,14.95
1.3542226016521455,0.6160573661327362,7.400059193372728e-06,911.803051829338,216000000.00000003,0.0003770000000000001,8.51
1.5611704990267754,0.8619731694459916,5.0579617172479634e-06,798.0946004390715,297000000.0,0.0016800000000000003,8.42
1.7446900069713593,0.7970505192875863,5.604195952415467e-06,1578.059300780296,169999999.99999997,0.0013800000000000002,13.44
1.2590626537799836,0.6052984178066254,4.96548004448414e-06,1199.6532529592512,157000000.0,0.00021300000000000003,7.1899999999999995
1.788245987892151,0.8065080955624581,7.177149750292302e-06,1278.4305885434148,213000000.0,0.00189,13.64
1.7347780466079714,0.8977184861898423,4.171543627977372e-06,794.9212491512297,282000000.0,0.00192,7.6
1.6689799368381502,0.8894960671663286,5.249905154109002e-06,701.987326145172,331000000.0,0.00218,8.06
1.7510996639728549,0.7926344364881516,4.010074019432069e-06,2233.5815355181694,120000000.0,0.000969,13.65
1.299883031845093,0.6451143711805344,9.224869608879091e-06,2645.29775083065,108000000.00000001,0.000413,15.78
1.5841700702905657,0.6482121258974076,6.406809651292861e-06,2652.4684876203532,102000000.0,0.00047600000000000013,15.09
1.4014914393424989,0.7895825341343881,9.901206642389298e-06,481.7819893360137,423000000.0,0.00211,10.67
1.6897591710090638,0.8476704955101014,2.8923777937889107e-06,2393.649250268936,114999999.99999997,0.0008889999999999999,11.47
1.503988952189684,0.7081235200166703,2.9418807625770573e-06,1229.3105870485304,162000000.00000003,0.000453,7.87
1.255154585838318,0.6042584449052811,4.919981569051743e-06,2199.5103284716606,95099999.99999997,0.00018800000000000012,10.81
1.5090411052107813,0.6498144686222077,7.087791949510575e-06,1710.144176147878,140000000.0,0.0005379999999999998,13.51
1.5161826923489572,0.6524315088987351,3.4717406034469612e-06,1398.7355232238767,143000000.00000003,0.000354,8.46
1.7955874264240266,0.8474123597145081,6.967855542898179e-06,1048.9679425954816,245000000.00000003,0.00232,12.66
1.2653918087482454,0.6042399108409882,3.763243436813355e-06,900.6987065076827,197000000.00000003,0.00018200000000000006,3.7
1.4078315377235413,0.674956575036049,9.013200879096987e-06,1715.2667203918097,153999999.99999997,0.000651,14.61
1.4808445908129217,0.6734286546707154,4.9381814599037174e-06,1241.6845485568044,171999999.99999997,0.000527,10.1
1.2073502361774446,0.5985004305839539,7.169502347707749e-06,775.9362012147902,231000000.0,0.0002559999999999999,6.31
1.4746918737888337,0.7364947110414506,5.024683460593225e-06,1387.462496757507,168999999.99999997,0.000739,11.59
1.5545079365372658,0.8656629949808121,5.115466684103013e-06,579.0040940046309,384000000.0,0.00187,6.66
1.4548616766929627,0.6816337868571282,8.05258132517338e-06,665.6454056501387,330000000.0,0.000886,8.75
1.4825016103684903,0.5974277079105378,2.933395922183991e-06,2604.9567312002177,80299999.99999999,0.0001660000000000001,9.31
1.3423521995544434,0.6849481657147408,9.331852197647096e-06,845.4243391752242,269000000.0,0.0008669999999999999,11.52
1.5384066045284273,0.6575637727975846,4.712046235799791e-06,2652.183279395103,94700000.00000001,0.00039799999999999997,13.899999999999999
1.3961793959140778,0.672017839550972,8.928080439567567e-06,751.4816820621489,293000000.0,0.000829,10.180000000000001
1.4790389813482763,0.643710333108902,4.503290414810182e-06,648.366019129753,302000000.0,0.00042800000000000005,4.03
1.590883094072342,0.8138749435544015,6.6606824863702066e-06,1951.3748511672018,479000000.0,0.00117,2.8300000000000005
1.57228249758482,0.707990911602974,4.9951979517936715e-06,2237.0630428195,114999999.99999997,0.000622,14.189999999999998
1.7785758018493654,0.9019744813442231,5.383054167032243e-06,561.3839179277419,388000000.0,0.00266,6.9
1.5578950658440591,0.6543331414461137,7.267321258783342e-06,2358.2088127732277,114999999.99999997,0.0005369999999999999,15.07
1.2696921050548555,0.6031080186367035,8.10137113928795e-06,1684.5373921096323,128000000.0,0.0002850000000000001,11.92
1.4594133764505388,0.6813349664211273,9.419224649667742e-06,2165.695495903492,137000000.0,0.0006840000000000003,15.87
1.5111106373369696,0.6279865890741348,5.497700899839402e-06,2837.1843248605724,88100000.00000001,0.0003200000000000001,14.04
1.2689707159996033,0.5977723360061646,2.962902188301087e-06,2501.7690211534496,81000000.00000001,0.0001239999999999999,8.34
1.210127717256546,0.5979446232318879,4.988757655024529e-06,1884.381456300616,106000000.00000003,0.0001660000000000001,9.61
1.212836426496506,0.5951048612594605,9.957530111074449e-06,1282.3182269930837,163000000.0,0.00030899999999999987,11.34
1.477857454866171,0.6901611417531968,7.162915132939817e-06,962.4868184328078,236000000.00000003,0.0007900000000000001,10.64
1.4590214252471925,0.7347756776958705,7.943504229187966e-06,542.159929871559,396000000.0,0.00133,8.7
1.4683019712567331,0.6858068078756333,7.621160924434663e-06,543.719783425331,382000000.0,0.000943,7.54
1.578056699037552,0.7014898225665093,6.329143650829793e-06,1948.3328908681867,133999999.99999997,0.000726,14.49
1.5044647078961135,0.650170961022377,4.698346197605134e-06,2314.4864216446877,102000000.0,0.00037499999999999985,12.94
1.199155569076538,0.596906876564026,7.0163347274065025e-06,2408.9117646217346,93800000.00000001,0.00020100000000000014,12.62
1.470890673995018,0.7989840522408486,9.094135224819184e-06,519.5005536079406,416000000.0,0.00216,10.13
1.622314488887787,0.7372889880090953,2.9848102331161506e-06,2016.7044103145597,113999999.99999999,0.0005660000000000001,11.06
1.512150125205517,0.7482328098267318,7.249344587326051e-06,1012.9843205213546,240000000.0,0.00119,11.96
1.5524280846118927,0.7212156929075718,6.5621162205934535e-06,1547.6492345333097,165000000.0,0.0008780000000000001,13.65
1.4784938849508764,0.6275154858827592,7.173198193311692e-06,1208.048418164253,177000000.0,0.00047900000000000004,11.04
1.6256472229957581,0.6433977395296098,6.4382471889257444e-06,2858.706891536712,96399999.99999999,0.00046199999999999995,15.37
1.6883657455444336,0.6512205719947816,2.969232022762299e-06,1441.5306523442266,141000000.00000003,0.000385,8.1
1.6139370024204256,0.8335207164287568,7.1599809974432e-06,1650.644142180681,610000000.0,0.0014399999999999999,1.1500000000000001
1.3970773816108706,0.7016215011477471,9.111184805631638e-06,740.0185167789458,305000000.0,0.0010399999999999997,10.84
1.4844339698553086,0.7936338409781457,4.562824279069902e-06,701.0317891836165,366000000.0,0.00101,4.61
1.580408424139023,0.8386666417121887,2.9510227441787724e-06,1749.3328005075452,132999999.99999997,0.000877,10.89
1.630723160505295,0.7951145365834237,2.9163152575492866e-06,2429.3241202831264,102000000.0,0.000699,12.61
1.6005512952804566,0.7705001100897789,9.232465118169786e-06,841.021567583084,291000000.0,0.00189,12.75
1.3347017526626588,0.7532829713076353,9.668770998716356e-06,1973.6996218562124,589000000.0,0.000863,2.3899999999999997
1.4707483738660814,0.69601958245039,7.64549444615841e-06,538.1439179182051,388000000.0,0.0010399999999999997,7.79
1.6356900572776796,0.8193614020943643,5.069734767079354e-06,1212.020359933376,204000000.0,0.00139,11.39
1.4301841959357262,0.6229393512010575,5.832825236022473e-06,2828.311428427696,86899999.99999999,0.00028100000000000005,13.83
1.518022558093071,0.6620798975229264,3.9388712048530586e-06,2668.4017777442928,90800000.00000003,0.0003530000000000001,13.07
1.4679275751113894,0.7413364620879294,7.70810852944851e-06,695.1314508914946,338000000.0,0.00124,9.42
1.4966714937239887,0.6553541690111161,3.3772889673709875e-06,869.7971254587172,205000000.0,0.00036999999999999994,5.59
1.4699914008378985,0.6475808322429658,5.556318938732148e-06,575.8666545152663,362000000.0,0.000514,4.03
1.719451528787613,0.7726191401481629,7.150018371641637e-06,1404.46513146162,194000000.0,0.00148,13.95
1.5208077415823937,0.7660542380064727,6.092799529433251e-06,1096.3870882987974,223999999.99999997,0.00113,11.41
1.4812200509011746,0.6388330936431885,3.444769650697709e-06,595.9132611751555,292000000.0,0.00033899999999999995,2.4600000000000004
1.4786946102976801,0.7287285022437573,6.887733966112138e-06,730.962187051773,327000000.0,0.00102,8.51
1.5299117892980576,0.8335290491580963,4.542006880044938e-06,1001.7275363206862,236000000.00000003,0.00126,9.18
1.643390554189682,0.692948041856289,4.447460114955903e-06,2882.1350932121272,92700000.00000003,0.000508,14.71
1.7694953620433809,0.8676156431436539,2.9621369838714605e-06,2008.3653852343557,123000000.00000003,0.00111,11.78
1.7249965846538544,0.7883830726146699,3.7904920578002935e-06,2303.8060143589973,114999999.99999997,0.000886,13.56
1.6853678047657015,0.7044818133115769,7.114783242344858e-06,2253.658503293991,129000000.0,0.000842,15.64
1.4435789152979852,0.6366537988185883,7.989077597856523e-06,836.4489227533339,249000000.0,0.00058,9.26
1.5938335061073305,0.8527503669261933,7.161362297832967e-06,681.4953237771987,350000000.0,0.00235,10.06
1.7505507051944735,0.6030716747045517,2.9517207741737373e-06,1294.538967311382,147000000.0,0.00028399999999999996,6.12
1.442351531982422,0.6598090231418611,8.349931567907335e-06,849.3682295083998,258000000.0,0.0007340000000000001,10.27
1.595655244588852,0.8343927294015885,5.14948020875454e-06,1020.7637697458266,236000000.00000003,0.00151,10.41
1.7583774805068972,0.6389109134674072,2.9814702868461615e-06,2211.992062628269,97100000.00000001,0.00034799999999999995,10.82
1.408898788690567,0.8615237563848496,7.84959238767624e-06,627.8427243232726,422000000.0,0.00219,8.41
1.5473846286535264,0.7880362495779992,8.829700350761415e-06,1758.5202418267725,534000000.0,0.00122,3.52
1.4943474747240544,0.7882784932851792,5.315400123596192e-06,978.0191928148269,249000000.0,0.0011,9.59
1.7084753036499025,0.8260355204343797,9.187157630920412e-06,695.3080296516417,349000000.0,0.0027,11.82
1.4739020213484766,0.7019478410482407,5.088626638054849e-06,832.8605741262435,273000000.0,0.000664,6.91
1.328918480873108,0.8761670708656312,2.849959015846253e-06,2497.8408515453334,230000000.0,0.000636,3.23
1.4723645433783532,0.7945543438196183,4.374279201030732e-06,895.2370584011077,273000000.0,0.0009549999999999999,6.98
1.6481302678585055,0.8197563752532006,5.134187906980515e-06,1223.9729166030882,203000000.0,0.00142,11.54
1.7180835127830507,0.8813741326332093,5.121465131640435e-06,992.6020652055739,241000000.0,0.00198,10.55
1.4213790714740755,0.8314922153949739,9.241633385419847e-06,1068.5789138078687,550000000.0,0.00178,5.66
1.5986995518207552,0.6481935650110245,7.144925683736802e-06,2670.977890491485,105000000.00000003,0.00051,15.53
1.4288595244288447,0.8034273639321328,3.5846337080001836e-06,789.8709475994109,309000000.0,0.0008120000000000001,4.3
1.4862275294959546,0.6626474350690842,8.163986995816233e-06,2263.283759355545,123000000.00000003,0.0005620000000000001,15.26
1.501207096874714,0.6468355268239976,5.160971313714982e-06,2016.5745839476583,113999999.99999999,0.00040600000000000006,12.68
1.4799197740852834,0.7077239736914636,5.913371138274671e-06,834.2041373252868,280000000.0,0.0007709999999999998,8.1
1.4815052635967734,0.698817439377308,9.145239323377611e-06,1240.6299933791158,203000000.0,0.000967,13.89
1.484546660631895,0.7566549930721522,6.5387985557317746e-06,767.2784030437468,320000000.0,0.00115,8.68
1.6432912230491639,0.8454978972673417,6.159558296203615e-06,894.3064808845519,271000000.0,0.00194,10.85
1.2637476325035097,0.5978542506694794,2.9804489016532904e-06,1176.8902763724325,148000000.0,0.00013699999999999991,3.7
1.8120543837547305,0.6936398550868035,8.003795579075815e-06,2869.9194937944408,114999999.99999997,0.0008679999999999997,16.95
1.524286886304617,0.7788786292076112,6.345482110977174e-06,980.9431731700896,251000000.0,0.0012899999999999997,10.93
1.4762787491083147,0.626287204027176,4.454714953899384e-06,1876.490695402026,111999999.99999999,0.00029999999999999987,10.97
1.5117390722036363,0.6729266524314881,8.77329406142235e-06,1736.5209124982355,151999999.99999997,0.00071,14.77
1.7129927158355713,0.8301645755767822,6.114761136472226e-06,1108.9189648628233,230000000.0,0.00182,12.08
1.6487419009208681,0.8409539043903351,8.266862869262697e-06,660.519778728485,360000000.0,0.00259,10.86
1.5126481443643571,0.6808118775486947,6.440695339813829e-06,1722.2518306225536,142000000.00000003,0.000614,13.579999999999998
1.2130563318729402,0.5943053662776947,9.838162809610369e-06,1893.9529377967117,121000000.0,0.000277,13.18
1.6245996236801148,0.8175140038132668,6.088275894522668e-06,1013.3485794067382,244000000.00000003,0.00166,11.39
1.4485639438033104,0.7360643550753594,3.987269341945649e-06,1657.5848422944543,137000000.0,0.0005930000000000001,11.5
1.2104035913944244,0.6982897683978081,1.0052169084548952e-05,1423.313871026039,186999999.99999997,0.000708,14.509999999999998
1.3936616957187653,0.6521296083927155,9.088206559419634e-06,2669.6934103965755,110000000.0,0.0004690000000000002,15.97
1.4157879531383515,0.643659344315529,8.424125939607622e-06,1426.3589605689046,164000000.0,0.0005379999999999998,12.95
1.4707468673586848,0.7719464555382729,4.597358196973801e-06,892.3363983631133,274000000.0,0.000888,7.09
1.298975569009781,0.6171265929937363,8.586315691471102e-06,2464.4384086132045,102000000.0,0.00031600000000000004,14.54
1.3038112342357637,0.6743304312229157,8.811422437429429e-06,1885.7036363333461,142000000.00000003,0.0005459999999999999,14.64
1.4699824780225754,0.7408552665263415,7.879323229193689e-06,766.8961137533187,307000000.0,0.00122,10.36
1.4022016167640687,0.6207746386528016,3.5172458589077e-06,2670.6278622150417,82100000.0,0.00020499999999999994,11.16
1.4974444806575777,0.6483575999736787,6.19497586041689e-06,1236.4609092473981,176000000.0,0.0005349999999999999,10.94
1.353703272342682,0.6287025064229966,8.801300376653673e-06,748.9127218723296,270000000.0,0.0005220000000000001,8.66
1.7892315208911898,0.7517628181725741,8.218001917004587e-06,1633.3151161670683,178000000.00000003,0.0014700000000000002,15.279999999999998
1.4335950806736948,0.6696087956428528,8.836414873600008e-06,1649.9939393252132,156000000.0,0.000646,14.349999999999998
1.331745046377182,0.6118948549032212,4.583821713924409e-06,2763.7798637151714,82199999.99999999,0.00020699999999999996,12.2
1.4769590467214586,0.7198902972042561,5.734826706349851e-06,920.1871156692504,250000000.0,0.0007990000000000001,9.0
1.4571063145995142,0.786867642402649,2.9361901283264166e-06,1670.255560427904,131999999.99999999,0.000639,10.42
1.655699211359024,0.7369893863797189,4.772363767027855e-06,2307.495765388012,116999999.99999997,0.0007619999999999999,14.42
1.4082585453987122,0.6211395889520646,4.43339166045189e-06,2435.7886165380473,91699999.99999999,0.000246,11.91
1.4740946263074877,0.629128396511078,6.12944182753563e-06,1991.4377033710477,114999999.99999997,0.000376,12.95
1.6549427747726442,0.7133200585842133,2.9116168022155766e-06,2954.259246587753,82199999.99999999,0.0004500000000000001,13.22
1.373628240823746,0.6299512624740601,7.846174001693727e-06,2012.7939358353613,120000000.0,0.000391,13.83
1.6347014486789704,0.6842110857367516,8.643437743186952e-06,2072.2935274243355,139000000.0,0.0008250000000000002,15.7
1.3362426280975344,0.6135054767131806,4.91189393401146e-06,1281.123265624046,149000000.0,0.00025299999999999997,8.27
1.277118515968323,0.6567695885896684,9.574129104614259e-06,2461.3917917013164,118000000.00000001,0.00045399999999999987,15.87
1.4480332642793656,0.7121050536632538,4.113326758146287e-06,1649.44358356297,136000000.0,0.0005310000000000001,11.37
1.663914889097214,0.883107814192772,5.24244910478592e-06,1510.9339095652101,419000000.0,0.0015900000000000003,2.9599999999999995
1.6268091380596161,0.6495378881692887,7.953604072332384e-06,2768.9986228942867,106000000.00000003,0.0005459999999999999,16.04
1.5659536466002466,0.7093359276652337,3.396788120269776e-06,2803.9542138576503,89799999.99999999,0.0004470000000000002,13.55
1.4780058301985266,0.7182820223271847,6.37315089814365e-06,912.0261222124099,255000000.0,0.000855,9.700000000000001
1.5130651675164701,0.8395102858543396,4.420297652482987e-06,766.6176855564116,316000000.0,0.00126,6.32
1.476407553255558,0.7123268187046051,5.4604295194149025e-06,917.1300679445266,247000000.0,0.000741,8.56
1.5449370950460435,0.8232018426060678,2.951528429985047e-06,1790.2278453111646,129000000.0,0.0007950000000000001,11.04
1.4975384999066592,0.6308048397302628,6.2544812485575685e-06,1210.894539952278,174000000.0,0.000464,10.52
1.5077041575685144,0.7300673715770245,5.956221334636213e-06,1390.373736619949,176000000.0,0.0008399999999999999,12.56
1.510881491750479,0.6478244572877885,6.067457348108293e-06,1916.1342382431028,124000000.00000003,0.0004669999999999999,13.31
1.3147517502307893,0.654779613018036,8.521480888128282e-06,1851.350964978337,137000000.0,0.0004720000000000001,14.13
1.3156176924705507,0.6112524032592774,3.826961308717728e-06,2208.4289714694023,92700000.00000003,0.00018400000000000008,9.91
1.7239806532859803,0.7758703574538232,6.073880694806577e-06,1626.4133080840109,168000000.0,0.00128,13.899999999999999
1.4931582413613798,0.6287592262029649,6.475654000416399e-06,1658.0721754580734,133999999.99999997,0.000422,12.38
1.5528464198112488,0.8243520185351373,5.714090459048749e-06,2147.5268453359604,410000000.0,0.00106,2.8300000000000005
1.5428734481334687,0.6599821239709854,3.159564524888993e-06,2837.8965258598323,81500000.0,0.0002959999999999998,12.34
1.621747148036957,0.7937230467796327,4.098457008600236e-06,1711.209283210337,143000000.00000003,0.0009549999999999999,12.22
1.4949763767421247,0.6522938936948777,5.971867345273496e-06,1037.2148007154462,203000000.0,0.0005530000000000001,9.63
1.329753863811493,0.6115497529506684,4.875435948371888e-06,892.7461057901381,204000000.0,0.0002599999999999999,5.69
1.6306530117988587,0.7627911005169153,9.326091051101687e-06,938.3575916290282,268000000.0,0.00181,13.32
1.532649989426136,0.8469038933515549,5.2274649292230615e-06,795.010209083557,302000000.0,0.0015600000000000002,8.4
1.2999989569187165,0.646016424894333,9.867603987455369e-06,2764.3459588289256,107000000.00000001,0.0004229999999999999,16.32
1.2933193266391756,0.7206164762377739,9.800153553485871e-06,824.9238431453704,282000000.0,0.00111,12.41
1.5212982907891275,0.8870337814092637,3.0021783709526066e-06,2396.89077436924,198000000.00000003,0.000894,6.33
1.69778750538826,0.7030785843729973,7.0839740633964545e-06,2365.6885251402855,125000000.00000001,0.0008250000000000002,15.8
1.418246465921402,0.6233944863080979,5.820774622261525e-06,1979.263827204704,111999999.99999999,0.0003129999999999999,12.25
1.4675222977995874,0.6952429220080376,3.030603379011155e-06,726.5863120555877,257000000.0,0.000435,3.9799999999999995
1.525831387192011,0.7332725901156665,9.886074036359788e-06,1027.6492238044736,246000000.0,0.00143,13.89
1.4782351724803449,0.851042327284813,6.212826736271382e-06,541.7319685220717,402000000.0,0.00195,7.65
1.2254197239875795,0.5970966339111329,8.720511436462404e-06,492.4713373184203,359000000.0,0.00033899999999999995,4.83
1.3311335384845735,0.6654158860445023,9.268997162580492e-06,838.7887030839919,264000000.00000003,0.0007309999999999999,10.89
1.4668910667300226,0.6254420042037965,3.649254888296128e-06,1470.16517072916,130999999.99999999,0.000266,8.3
1.5423004657030106,0.8339622348546982,5.27849392592907e-06,2231.088161468506,431000000.0,0.00102,1.5299999999999998
1.4693536430597307,0.839889630675316,3.200779169797898e-06,909.7936302423476,238000000.0,0.0009419999999999999,6.32
1.4992219962179663,0.6697095841169358,7.955076068639756e-06,1517.7208855748174,162000000.00000003,0.000673,13.73
1.4567370593547821,0.7179772898554803,4.371965438127518e-06,845.1719135046004,267000000.0,0.0006310000000000003,6.18
1.2591630041599275,0.7298947267234326,1.0029700696468355e-05,445.9390342235564,415000000.0,0.00134,10.21
1.7321267724037173,0.830118477344513,2.930980563163758e-06,2383.8468194007874,108000000.00000001,0.0008809999999999998,12.56
1.5415277123451234,0.8526126980781555,3.969268053770066e-06,741.8985217809676,320000000.0,0.00125,5.35
1.5014646627008916,0.6465370059013368,4.173690497875215e-06,905.5506736040114,208999999.99999997,0.000411,6.66
1.4889663308858874,0.7679000269621611,5.951747037470342e-06,765.0653570890425,326000000.0,0.00114,7.92
1.2611645579338076,0.6032817542552948,8.094051733613015e-06,2616.0944551229472,92800000.00000001,0.00025000000000000006,13.89
1.602256625890732,0.7417310340330006,2.9374739527702335e-06,2163.120612502098,106000000.00000003,0.0005499999999999999,11.63
1.4800893053412438,0.6867352098226548,5.979568831622602e-06,1053.842559456825,208999999.99999997,0.0006710000000000002,10.2
1.4921275109052659,0.8164298638701439,6.131842374801636e-06,596.8607515096663,389000000.0,0.00163,7.719999999999999
1.6630230724811554,0.7906688421964646,6.187761127948762e-06,1272.4488154053686,202000000.0,0.00143,12.77
1.517477359995246,0.693439368903637,1.0151621878147127e-05,1798.8171260803936,163000000.0,0.00091,15.87
1.4857981704175474,0.6273168057203293,5.457111895084382e-06,912.4233126640319,214000000.00000003,0.00040699999999999997,7.639999999999999
1.4989602193236353,0.7886977314949036,5.170422673225404e-06,1041.8808013200758,231000000.0,0.0010800000000000002,10.04
1.5991627335548402,0.7018425777554512,7.2085006535053266e-06,1833.1940118223426,146000000.0,0.0008269999999999999,14.76
1.4218416810035708,0.7352529097348453,9.54066038131714e-06,815.7140314579009,287000000.0,0.0013800000000000002,12.43
1.6508384048938753,0.7620001371949912,1.009733283519745e-05,922.9971766471862,277000000.0,0.00194,13.81
1.414983004331589,0.757047550007701,9.553490281105043e-06,2054.0947392582893,614000000.0,0.00091,1.7399999999999998
1.4944390565156938,0.8106747463345528,4.241846054792405e-06,1121.272176504135,205999999.99999997,0.00102,9.55
1.4251176372170449,0.6234294086694718,5.766847163438798e-06,1889.3865700811145,115999999.99999997,0.0003179999999999998,11.99
1.7064439415931703,0.700718615949154,7.109990544617177e-06,2455.19745349884,122000000.00000004,0.000809,15.94
1.2338665902614594,0.5991925835609436,3.676214158535004e-06,2863.786101341247,74099999.99999999,0.00012799999999999994,10.54
1.7154543220996858,0.8540345370769501,7.086160570383073e-06,843.6093777418135,289000000.0,0.00239,11.6
1.7240838110446932,0.6907916530966759,9.801714211702348e-06,2363.8842925429344,138000000.0,0.000948,16.85
1.2053008496761324,0.5983462572097779,6.061300091445447e-06,1094.0189212560651,171999999.99999997,0.00021399999999999992,7.38
1.6583073019981385,0.664771655201912,7.541854619979859e-06,2706.042110919952,109000000.00000001,0.000611,16.08
1.3511844813823701,0.6147971481084824,6.0354827865958225e-06,596.6676324605941,300000000.0,0.0003439999999999999,4.58
1.6712114095687867,0.8859701603651048,5.102902770042421e-06,864.251360297203,269000000.0,0.00202,9.62
1.6397433936595918,0.8724518269300462,4.122391134500504e-06,1087.9258364439008,211000000.0,0.0014999999999999998,9.8
1.6844003140926362,0.6515068531036378,2.9557762742042546e-06,1238.0267232656477,160000000.00000003,0.000396,7.09
1.5812758505344393,0.6541641622781754,7.904622957110405e-06,2596.101567149162,111000000.0,0.0005509999999999998,15.77
1.8079957008361818,0.6894881263375283,8.779502063989641e-06,2807.886108756065,120000000.0,0.0008990000000000001,17.12
1.6142114639282228,0.7018507227301598,5.9651982486248025e-06,2240.31063914299,121000000.0,0.0006959999999999999,14.94
1.5157122720032932,0.7186437651515007,6.271033070981503e-06,1473.9394113421438,168000000.0,0.000809,13.09
1.2898897111415863,0.8659232854843141,2.9467978477478033e-06,2510.3939622640605,263000000.00000003,0.00057,1.4400000000000002
1.570092397928238,0.7089301764965058,8.137216940522196e-06,1455.4213285446165,180000000.00000003,0.00099,14.27
1.5395592212677003,0.7197661846876146,7.51532916724682e-06,1325.175158679485,191000000.0,0.0009939999999999999,13.49
1.4735612601041794,0.853189578652382,3.107234179973603e-06,1042.1833693981168,202000000.0,0.000972,7.65
1.761066770553589,0.8912002712488175,3.258060812950135e-06,755.0769597291945,308000000.0,0.00155,4.55
1.4768963277339937,0.6287892311811448,7.020575061440469e-06,1682.7932018786667,134999999.99999997,0.00043399999999999987,12.809999999999999
1.421073478460312,0.74853770211339,2.9752693772315986e-06,1969.9788391590116,112999999.99999999,0.000486,11.37
1.382305544614792,0.7397669278085233,9.289402753114701e-06,515.6704336404799,398000000.0,0.0014700000000000002,10.01
1.4930781394243242,0.7814425662159921,4.108615577220917e-06,1402.1710604429243,165000000.0,0.0008359999999999999,10.89
1.421449810266495,0.8053836420178414,3.418954014778138e-06,787.7049893140792,303000000.0,0.000791,4.14
1.3018398284912112,0.6249325722455978,8.679344564676287e-06,2744.4055229425426,97200000.0,0.0003259999999999999,15.18
1.461667786538601,0.8275365829467775,3.5464790463447575e-06,852.3259609937667,278000000.0,0.000939,5.54
1.5626022309064866,0.8418425112962723,2.972085058689118e-06,1635.1754702627657,139000000.0,0.0008920000000000001,10.61
1.732453912496567,0.7960970789194107,1.0036659300327303e-05,807.3831647634505,313000000.0,0.00252,13.33
1.3272366464138032,0.6107865393161774,3.6828187406063086e-06,2851.2975126504894,76300000.0,0.00017399999999999997,11.24
1.2606246829032899,0.6027931809425354,8.880865573883058e-06,2398.4487652778625,101000000.0,0.000277,14.04
1.500760279968381,0.6313187241554261,3.2184963226318364e-06,2457.7485322952266,87800000.0,0.00023500000000000002,10.72
1.683840698003769,0.715168945491314,3.84914118051529e-06,2974.367022514343,89399999.99999997,0.0005409999999999999,14.53
1.6198530435562135,0.648981061577797,6.901614874601365e-06,2755.979180335998,102000000.0,0.0005059999999999999,15.58
1.6160500824451447,0.8673088788986206,5.945530064404012e-06,788.880094885826,300000000.0,0.0021,9.84
1.4724212899804117,0.6815608933568001,4.40815430879593e-06,1239.2196729779241,168999999.99999997,0.0005059999999999999,9.540000000000001
1.4798961460590363,0.6877368673682214,6.595570197328926e-06,1159.2222675681112,197000000.00000003,0.0007020000000000001,11.39
1.5357657931745055,0.8411867558956146,3.3669376373291023e-06,636.6445422172545,358000000.0,0.00111,3.0099999999999993
1.4712543591856957,0.6319393873214723,3.389299005270005e-06,2669.42124068737,83500000.0,0.00023500000000000002,11.46
1.277554911375046,0.5989940285682679,2.999868571758271e-06,1893.5606274753807,98799999.99999999,0.00012900000000000007,6.85
1.2890105545520785,0.625642016530037,8.764134973287583e-06,2202.4023830890656,112999999.99999999,0.0003530000000000001,14.4
1.7647000551223757,0.6007932990789414,2.9398467540740974e-06,1692.5762146711347,116999999.99999997,0.00027000000000000006,7.87
1.331291735172272,0.6004006057977677,3.0127568840980534e-06,973.484694957733,176000000.0,0.00016400000000000008,2.8300000000000005
1.4918428972363473,0.6605098843574525,5.308991536498071e-06,937.5547915697097,221000000.0,0.0005349999999999999,8.24
1.4782106749713422,0.7557740349322558,5.023288443684579e-06,754.7567337751387,340000000.0,0.000873,5.58
1.7764360070228578,0.7029167577624321,9.295516252517701e-06,2257.4001848697662,142000000.00000003,0.00106,16.56
1.5226039722561837,0.6643735706806183,6.310426130890847e-06,1918.0732518434522,128000000.0,0.000536,13.79
1.5018158052116635,0.6649544477462769,3.982418179512025e-06,2449.2179155349727,96399999.99999999,0.000363,12.68
1.5045107692480089,0.6441268980503083,5.242803752422333e-06,1807.257106527686,124000000.00000003,0.00041899999999999983,12.14
1.564532245695591,0.6331837624311448,7.175753377377988e-06,2763.167575001716,99600000.0,0.00043999999999999996,15.35
1.4039941012859345,0.7043828040361405,9.003492295742036e-06,635.1646333932875,344000000.0,0.00109,9.97
1.7414365053176881,0.7188335359096528,5.762887209653855e-06,2699.9754756689067,111000000.0,0.000791,15.8
1.7246121346950531,0.8543837517499925,3.6175552308559424e-06,1604.1381023824213,151999999.99999997,0.00125,11.48
1.4697622507810595,0.6907220721244812,3.081687450408936e-06,869.6896880865096,205999999.99999997,0.0004210000000000001,5.77
1.486851965636015,0.67271748483181,3.891817182302476e-06,2145.267680287361,106000000.00000003,0.0003860000000000001,11.97
1.271900886297226,0.5968933939933777,2.956066250801087e-06,2856.922328472137,71500000.00000001,0.0001200000000000001,9.27
1.6496922791004183,0.7435734048485757,5.086442634463311e-06,2066.452234983444,129000000.0,0.0008449999999999999,14.15
1.7549137830734254,0.6050010591745377,2.955857634544373e-06,2821.866005659103,74900000.0,0.00023900000000000006,11.02
1.3462684571743013,0.6130024909973145,4.884605571627617e-06,999.8481273651122,186999999.99999997,0.00026399999999999997,6.56
1.4977516382932665,0.6645785182714463,4.491612911224366e-06,2215.329959988594,106000000.00000003,0.0004049999999999999,12.78
1.805686140060425,0.6904099971055985,8.892094343900682e-06,2772.475734353065,122000000.00000004,0.000916,17.11
1.6740823924541475,0.8793663293123246,4.80234181880951e-06,979.1235923767089,240000000.0,0.00183,10.050000000000002
1.7521356761455538,0.8695460200309754,1.0099384784698488e-05,523.0917334556578,443000000.0,0.00385,11.13
1.3671961963176729,0.6271059393882752,8.571201026439667e-06,726.1371910572051,277000000.0,0.0005149999999999999,8.27
1.5658867165446282,0.8676911026239396,5.1337743252515804e-06,587.7285003662108,383000000.0,0.0019,6.74
1.502204377949238,0.7331660449504853,2.9784532785415654e-06,2534.6070080995555,93999999.99999999,0.000455,12.62
1.4688388377428057,0.7526426900178195,3.9441068470478066e-06,1660.5250183492897,138000000.0,0.0006599999999999999,11.62
1.554129731655121,0.7893057122826577,7.328581213951112e-06,866.9501841068267,279000000.0,0.00164,11.46
1.4693673491477968,0.7878648474812509,4.33791008591652e-06,808.8694065809249,313000000.0,0.000906,5.5
1.5233233854174615,0.8342725932598115,5.317083656787873e-06,829.0186822414397,291000000.0,0.00146,8.76
1.4069393634796143,0.6217216640710831,3.436869770288468e-06,1899.348611012101,105000000.00000003,0.00021599999999999994,9.11
1.6169081389904023,0.8191133961081506,6.991146974265576e-06,866.9578582048415,281000000.0,0.00191,11.38
1.5765566647052767,0.7817442566156388,8.33729213476181e-06,830.7028859853743,290000000.0,0.0018,12.11
1.2164147257804871,0.594791865348816,9.12266516685486e-06,778.4372121095656,238000000.0,0.00031600000000000004,7.94
1.5258076205849649,0.775928919017315,9.15691912174225e-06,1864.46894146502,507000000.00000006,0.00117,4.25
1.6006748199462892,0.7278493344783784,6.322471776977182e-06,1716.901917941868,152999999.99999997,0.0009090000000000001,14.09
1.4873856782913208,0.7291854500770569,8.091606855392458e-06,957.843393087387,249000000.0,0.00115,12.14
1.2023877203464508,0.5942447483539581,8.150398567318918e-06,2301.7255887389183,99699999.99999999,0.00022400000000000002,13.04
1.5280120208859445,0.644177681207657,7.107822865247728e-06,2459.2969864606853,109000000.00000001,0.0004740000000000001,14.97
1.5046693593263627,0.6505957335233689,3.466402739286423e-06,992.9261654615401,186999999.99999997,0.0003640000000000001,6.32
1.512390871345997,0.6414294719696045,6.622783770784737e-06,2018.9192071557043,121000000.0,0.0004669999999999999,13.8
1.569060391187668,0.707441309094429,7.46615581214428e-06,1583.3002999424932,165000000.0,0.0008929999999999999,14.26
1.4953166864812375,0.7322492066770793,7.016102015972139e-06,1088.4106457233427,222000000.0,0.00101,11.99
1.7703650057315827,0.7137966826558114,9.90324440598488e-06,1855.5453438311813,167000000.0,0.00123,16.28
1.4648542553186419,0.6855838403105736,5.309755593538285e-06,643.0843025445937,362000000.0,0.0006159999999999999,4.38
1.3524380922317507,0.6649685919284821,8.75667402148247e-06,2406.9213420152664,119000000.0,0.000495,15.56
1.2317278861999512,0.671998903155327,9.600778162479403e-06,1360.263518989086,182000000.0,0.0005769999999999999,13.5
1.5290273979306221,0.7026720017194749,3.1057085692882544e-06,2790.309146046638,86700000.00000001,0.00039000000000000016,12.99
1.419656038284302,0.6208142817020417,4.553260892629624e-06,1996.620252728462,106000000.00000003,0.000266,11.07
1.3338553190231324,0.6114853173494339,4.592983305454255e-06,2854.4455319643016,79799999.99999999,0.00020499999999999994,12.38
1.513340686261654,0.6395778179168702,4.2753450274467475e-06,1216.7783379554746,164000000.0,0.00039000000000000016,8.53
1.4864903278648856,0.6300495564937593,5.991776011884214e-06,2641.363993287086,94700000.00000001,0.0003439999999999999,14.12
1.4891274109482766,0.836536717414856,3.0026850998401647e-06,1448.4693035483358,149999999.99999997,0.0008369999999999999,9.92
1.5634600415825846,0.7120077073574067,4.940099895000459e-06,2154.047779738903,118000000.00000001,0.000633,13.98
1.5543563023209572,0.6862354382872582,4.505505502223969e-06,2578.578099608421,99100000.0,0.00047600000000000013,14.07
1.7997740685939791,0.8456038802862168,5.9823240786790856e-06,1246.720843017101,210000000.0,0.00198,12.64
1.4724095910787585,0.6331931412220002,7.6123781800270095e-06,1499.4716197252271,151999999.99999997,0.0004939999999999999,12.71
1.5253603354096414,0.6411500841379166,6.206940889358521e-06,2332.8536674380302,108000000.00000001,0.00043700000000000005,14.17
1.7270200431346894,0.8279100179672242,1.0042043685913087e-05,625.1056790351867,380000000.0,0.0030299999999999997,12.08
1.660126554965973,0.7380336206406356,6.224416255950929e-06,1840.1945959776638,148000000.0,0.000983,14.44
1.4991925813257696,0.8554437786340714,3.05979734659195e-06,1247.776851058006,169999999.99999997,0.0009520000000000003,9.04
1.5626814275979997,0.7335585918277503,1.0116197586059572e-05,1078.3180892467497,241000000.0,0.0014700000000000002,14.349999999999998
1.5001088060438634,0.7668294277042151,3.918652951717377e-06,1664.8879107087848,139000000.0,0.0007309999999999999,11.72
1.6320115327835085,0.6921324536204339,7.363520681858064e-06,2111.0914200544357,131999999.99999999,0.000776,15.35
1.4983777664601805,0.6526869624853134,4.544279336929322e-06,1029.5868963003156,194000000.0,0.000453,8.04
1.3938858926296236,0.6190724909305573,3.7194271385669716e-06,1562.3442754149435,122000000.00000004,0.00022800000000000007,8.36
1.3001397907733918,0.6259111851453781,8.62327352166176e-06,2639.3962204456325,99799999.99999999,0.0003310000000000001,15.04
1.5702511936426164,0.6574509590864183,6.922235131263734e-06,2360.2244183421135,113999999.99999999,0.0005409999999999999,14.98
1.4602522328495982,0.6535832136869432,8.250139355659486e-06,1325.4259452223775,177000000.0,0.0006249999999999999,12.85
1.4780026964843274,0.6357392638921738,3.5877850651741035e-06,473.99017214775074,345000000.0,0.0003439999999999999,1.0800000000000005
1.4826508641242981,0.6725050896406174,4.936228811740876e-06,1539.8172028362749,144000000.00000003,0.0004979999999999999,11.36
1.7508988559246066,0.789192782342434,8.250413686037065e-06,1129.5053660869596,238000000.0,0.00194,13.65
1.492188857495785,0.6323188930749893,5.033640608191491e-06,2702.195227146148,90199999.99999999,0.000312,13.5
1.5114687010645869,0.6572550863027573,3.3507385849952702e-06,2677.333980798721,86499999.99999999,0.0002959999999999998,12.11
1.3312481939792635,0.7320630244910717,1.0125374615192415e-05,959.7026854753493,257000000.0,0.00122,13.62
1.621204161643982,0.6906915172934532,7.419560432434083e-06,2058.278948068619,133999999.99999997,0.0007709999999999998,15.25
1.428877441585064,0.6223536461591721,4.43654489517212e-06,2844.7186499834056,82000000.0,0.00024199999999999997,12.8
1.4836537733674051,0.7425063058733941,6.27479562163353e-06,752.8084069490432,325000000.0,0.00102,8.02
1.4787827588617803,0.686764919757843,6.892652302980424e-06,797.2154319286345,284000000.0,0.0007719999999999999,8.88
1.5299550466239453,0.8481730699539185,7.098043873906136e-06,554.9048930406569,406000000.0,0.00226,8.85
1.5204998061060906,0.7760586753487587,7.33059060573578e-06,861.710488796234,280000000.0,0.00148,11.19
1.525606544315815,0.7056052967905999,2.947074472904206e-06,1449.3304044008253,142000000.00000003,0.00043999999999999996,8.86
1.4454794347286226,0.7054376229643823,9.473487198352815e-06,1144.593760371208,218000000.00000003,0.00103,13.739999999999998
1.7185277581214906,0.7291529685258866,3.7769622504711156e-06,2989.058673381805,90199999.99999999,0.0005970000000000001,14.65
1.3818731546401979,0.7576929073780776,9.646735280752183e-06,2059.6145391464233,672000000.0,0.0008709999999999999,0.3500000000000004
1.6106460750102998,0.695428441464901,1.0143039405345919e-05,1894.1066805273292,159000000.00000003,0.000986,16.18
1.4617775514721871,0.643891203403473,8.004972279071808e-06,1018.854334950447,213000000.0,0.000626,10.96
1.4388491615653038,0.8230637535452844,3.2084466516971593e-06,918.8568890094756,237000000.0,0.000848,6.24
1.3240845143795015,0.6122731000185013,4.883878231048584e-06,2200.9394615888596,97500000.00000001,0.0002249999999999999,11.34
1.4672316089272501,0.631598523259163,3.449228614568711e-06,2448.4603404998775,89000000.00000001,0.00023999999999999995,11.03
1.4895122542977335,0.7685374271124602,5.424185052514077e-06,661.1880213022231,374000000.0,0.00109,6.11
1.3978334605693818,0.6264239609241486,8.162235453724862e-06,1494.3950176239011,149999999.99999997,0.0004319999999999999,12.49
1.5214884057641032,0.6391574531793595,5.767594166100026e-06,2450.2766430377956,102000000.0,0.0004009999999999999,14.01
1.2179585874080658,0.5988696277141572,4.755085021257402e-06,2656.6458791494365,82000000.0,0.00015399999999999998,11.34
1.355013692378998,0.8789902478456498,2.884188354015351e-06,2498.0078935623164,242000000.0,0.000667,2.42
1.3379368722438814,0.6904343247413636,9.46428868174553e-06,624.2873072624205,341000000.0,0.0009779999999999997,10.09
1.616095840930939,0.8753017187118531,3.868785113096238e-06,820.2565759420394,280000000.0,0.0014399999999999999,6.88
1.5805951505899432,0.6791267529129983,8.81875863671303e-06,1899.2420863360164,146000000.0,0.000785,15.33
1.5043165571987631,0.6730250537395478,4.617913991212846e-06,2248.106963932514,107000000.00000001,0.00043900000000000005,13.2
1.4471610188484194,0.7288368880748749,8.391854256391526e-06,661.423161625862,344000000.0,0.00123,9.83
1.7782116472721101,0.6918348848819733,9.428005516529084e-06,2572.869390249252,130999999.99999999,0.0009589999999999999,17.01
1.5635654523968698,0.7586839143186809,5.193653762340547e-06,1520.59593424201,163000000.0,0.0009360000000000001,12.56
1.5451193377375605,0.7580668430775405,8.229771211743356e-06,928.8093745708464,260000000.0,0.0014999999999999998,12.56
1.3904074788093568,0.6272189140319825,8.010488510131836e-06,1702.9004329815505,136000000.0,0.0004119999999999999,13.1
1.4964512865990403,0.6293508499860764,6.3857413977384576e-06,1296.3189855217931,164000000.0,0.000455,10.97
1.3362252831459047,0.6131634235382081,7.633659332990648e-06,2176.8768057227135,107000000.00000001,0.00030500000000000004,13.45
1.3979219019412996,0.7613472048193217,9.725134104490282e-06,613.6084645986556,359000000.0,0.0016800000000000003,11.26
1.7678672075271609,0.8135883316397667,5.106801182031633e-06,1616.256434470415,164000000.0,0.0014099999999999998,13.16
1.5047039676457645,0.7457379564642906,1.0096864700317384e-05,899.6203839778899,274000000.0,0.0015900000000000003,13.59
1.2879072546958925,0.6254825949668885,8.845576882362368e-06,1997.5830912590025,121000000.0,0.000365,14.01
1.4956003814935686,0.7455045148730278,3.951242774724961e-06,1858.6103450506923,126000000.00000001,0.0006379999999999999,12.26
1.3304571926593782,0.668951752781868,8.929539293050767e-06,1665.482513606548,153999999.99999997,0.0005710000000000001,14.16
1.4888253517448904,0.6539754152297974,6.329196091741325e-06,860.5543822050093,245000000.00000003,0.000585,8.53
1.3462221264839174,0.6168767541646958,8.52178192138672e-06,1112.1671199798582,188999999.99999997,0.00040699999999999997,10.61
1.3792569279670717,0.6307970613241196,7.65213866531849e-06,2431.858733296394,105000000.00000003,0.0003659999999999999,14.58
1.4563162341713907,0.8230388537049295,3.3515302836894995e-06,768.4446424245833,303000000.0,0.0008830000000000001,4.14
1.3155842900276185,0.7683691989630461,6.398091454058887e-06,2603.846669197082,444000000.0,0.000629,1.2999999999999998
1.3925531923770906,0.7692122429609299,3.350396037101746e-06,771.7062085866927,300000000.0,0.0006320000000000001,3.88
1.4974452931433917,0.6787879809737206,6.705633344128729e-06,1535.5121269822118,156000000.0,0.0006320000000000001,13.1
1.2639986872673037,0.6098586916923523,9.519877612590791e-06,1209.6827030181882,176000000.0,0.000369,11.28
1.76771759390831,0.9035927116870881,7.153784468770028e-06,643.6864584684371,361000000.0,0.00331,10.09
1.6326772034168244,0.7776890248060228,4.84526325762272e-06,1655.35382181406,152999999.99999997,0.00102,12.79
1.5022477380931378,0.8019923552870751,4.191485255956651e-06,1228.4507900476453,187999999.99999997,0.0009679999999999999,10.17
1.5518895685672762,0.6835256963968278,9.411167263984681e-06,1766.556782647967,158000000.0,0.0008449999999999999,15.34
1.6904153823852541,0.8312028765678406,4.074705839157105e-06,1543.3579608798025,160000000.00000003,0.00122,11.7
1.4961421418935061,0.7394145324826241,9.815311402082445e-06,923.9501804113387,265000000.0,0.00149,13.39
1.4830808445811272,0.6824068352580072,8.469216465950013e-06,1340.794891119003,184000000.0,0.000783,13.61
1.556133283674717,0.7356851678341628,7.93018637597561e-06,1165.425434708595,216000000.00000003,0.0011999999999999997,13.28
1.572091341018677,0.8000849336385728,8.185957208275796e-06,1713.2368935272095,527000000.00000006,0.00128,3.39
1.5835289239883423,0.6965475618839264,9.209538400173189e-06,1561.1445456743238,175000000.0,0.000989,15.0
1.4682944878935815,0.6738808929920197,8.08838686347008e-06,1130.2106007933614,205000000.0,0.000745,12.26
1.474574562907219,0.6874424815177919,3.122189670801163e-06,979.3955385684966,187999999.99999997,0.0004139999999999999,6.49
1.2008964121341705,0.5917942464351654,9.221675276756288e-06,2291.92166775465,102999999.99999999,0.00024199999999999997,13.56
1.43066453486681,0.7560517508536578,3.386781424283982e-06,602.7195155620574,354000000.0,0.000646,1.9600000000000002
1.2545629084110261,0.5996672272682191,5.054259508848191e-06,587.8763943910598,291000000.0,0.0002320000000000001,2.3799999999999994
1.676260507106781,0.7123813346028328,9.940465718507768e-06,1554.0074110031126,186000000.0,0.00122,15.55
1.6810309767723084,0.8797631174325944,6.016010075807572e-06,816.4943307638167,290000000.0,0.0023,10.32
1.4789903149008752,0.788390126824379,7.256389871239664e-06,560.2629035711287,399000000.0,0.00166,8.64
1.4134011268615725,0.7013670533895493,9.011829644441606e-06,834.4753384590148,276000000.0,0.00101,11.55
1.50310180708766,0.6642955631017685,3.302510470151902e-06,2207.240268588066,98600000.0,0.0003179999999999998,11.09
1.7036119043827058,0.8001539692282678,8.272353857755661e-06,945.2061653137206,269000000.0,0.00209,12.88
1.463518600165844,0.799641738831997,9.946489304304124e-06,493.1409955024718,425000000.0,0.00233,10.76
1.4743659138679506,0.7380513176321984,5.266684785485269e-06,1286.383934319019,183000000.0,0.0007810000000000002,11.38
1.5502691879868509,0.8151069894433022,4.2008560895919805e-06,1261.2520456314085,186000000.0,0.0010800000000000002,10.44
1.341514313220978,0.6133400738239289,7.692828953266144e-06,1781.2637723982332,125000000.00000001,0.00032500000000000004,12.52
1.6628724396228791,0.8941377550363542,8.277990251779558e-06,866.7518496513366,508000000.00000006,0.00271,6.5
1.5102630425244572,0.6354292988777162,5.284380242228509e-06,1583.44379812479,134999999.99999997,0.0004099999999999999,11.31
1.3620625376701356,0.6571371585130692,9.088012754917146e-06,628.5483688116072,329000000.0,0.000752,9.04
1.4792329899966719,0.7251850962638856,6.7524684369564065e-06,825.1823782920836,289000000.0,0.0009490000000000001,9.3
1.398472845554352,0.6264801532030106,8.03803524374962e-06,1603.016398847103,142000000.00000003,0.00041999999999999996,12.809999999999999
1.6624755442142487,0.7883920669555665,6.071688972413541e-06,1315.0599896907804,196000000.00000003,0.0013800000000000002,12.83
1.4892951093614102,0.6839793205261231,5.395197823643686e-06,1732.2930991649625,136000000.0,0.000543,12.71
1.485700222849846,0.631636878848076,6.43732022214681e-06,2532.800987362861,100000000.0,0.00037499999999999985,14.33
1.4773727595806123,0.7195027917623521,6.753625057637693e-06,994.9554055929183,237000000.0,0.0008929999999999999,10.78
1.5077513583004476,0.6681321322917939,7.150062650442124e-06,1618.0215701460836,149999999.99999997,0.0006150000000000001,13.55
1.3343772053718568,0.6104219913482667,4.909839898347856e-06,2979.8221886157985,76999999.99999999,0.00020600000000000007,12.9
1.4822988845407965,0.7389857389032841,7.1512487903237356e-06,911.5822166204451,264000000.00000003,0.0010800000000000002,10.75
1.3367396593093874,0.6154090940952301,7.587773978710176e-06,2726.338163018226,91900000.00000001,0.00028399999999999996,14.32
1.6474772930145265,0.8698269546031953,6.872682042419912e-06,1437.3534098267553,651000000.0,0.00175,0.06000000000000029
1.304280710220337,0.644582748413086,8.50572243332863e-06,2424.8459488153458,111000000.0,0.0003990000000000001,15.1
1.3346597850322726,0.6152813136577606,5.666871525347233e-06,1365.260101854801,144000000.00000003,0.0002799999999999999,9.64
1.2587599217891694,0.6034839659929276,7.116202041506769e-06,2934.501945972442,82699999.99999999,0.00022099999999999987,13.78
1.4991838540881874,0.639203229546547,6.132145650684834e-06,1119.3669885396955,187999999.99999997,0.0005059999999999999,10.09
1.4253430411219599,0.7970177695155144,3.05421394109726e-06,971.760258078575,212000000.0,0.0007200000000000002,6.72
1.4589228942990304,0.7325204182416202,4.015028029680253e-06,1750.8461717516182,130999999.99999999,0.000583,11.83
1.5425154179334641,0.8190280839800835,4.205963224172593e-06,1209.6959277987478,192000000.0,0.0011,10.2
1.4840179704129697,0.6863336697220803,5.851399019360543e-06,1503.848277032375,155000000.0,0.0005989999999999999,12.32
1.3213194251060487,0.6116074293851853,3.8062185943126686e-06,892.4215584993361,199000000.00000003,0.00021399999999999992,4.14
1.4796086132526398,0.6568143635988236,8.111373975872995e-06,1834.6342649310825,139000000.0,0.000574,14.349999999999998
1.5083310808986428,0.8375107526779175,4.397818207740785e-06,627.1348446607589,369000000.0,0.0012899999999999997,5.05
1.5639930278062821,0.7127346977591515,4.169040232896806e-06,2462.345018982887,102999999.99999999,0.0005479999999999999,13.85
1.268858188390732,0.8037670120596886,9.939231127500535e-06,1141.1032378673551,695000000.0,0.00127,2.86
1.4914470858871938,0.8002264067530632,4.048717677593232e-06,1256.8361610174177,182000000.0,0.0009199999999999999,10.14
1.6340258538722994,0.6670257925987244,7.778729408979416e-06,2568.5032010078426,113999999.99999999,0.0006299999999999998,15.93
1.6681637942790986,0.6876130655407906,4.555463254451752e-06,2966.1815166473384,90500000.00000001,0.000501,14.86
1.71174373626709,0.7512981053441764,6.141719415783883e-06,1882.6538529247043,148000000.0,0.0010800000000000002,14.57
1.7572079300880434,0.7408914215862752,8.115295961499216e-06,1694.0089985728262,171999999.99999997,0.00131,15.29
1.4817556612193585,0.7464181479066611,6.793760426342489e-06,819.0629929304122,296000000.0,0.00109,9.52
1.5336085528135301,0.7404591724276544,7.923149958252908e-06,1058.7895959615705,232000000.0,0.00124,12.809999999999999
1.4825261637568474,0.781016255915165,6.790883086621762e-06,570.1303035020827,395000000.0,0.00148,8.06
1.58771832883358,0.7315323606133461,5.221130922436715e-06,1924.5728030800817,132999999.99999997,0.000778,13.81
1.4765346542000772,0.7296949423849584,7.461842358112336e-06,871.4802116155623,273000000.0,0.00106,10.64
1.7219672977924347,0.8845319241285325,3.210611462593079e-06,748.9969134330748,308000000.0,0.00143,4.480000000000001
1.459368319809437,0.8064019784331322,8.331180304288866e-06,512.1839344501494,420000000.0,0.00204,9.39
1.6836038053035738,0.8062318861484529,9.317988604307176e-06,743.8768744468688,330000000.0,0.00246,12.25
1.793199670314789,0.79356829226017,1.0013338923454286e-05,952.2912204265593,277000000.0,0.00251,14.15
1.5210410535335541,0.8251674056053162,4.26155298948288e-06,1097.0867723226545,211000000.0,0.00113,9.53
1.5519044011831284,0.7426559519022704,6.282740784808994e-06,1375.9691938757894,183000000.0,0.001,12.93
1.4779189981520178,0.6843065008521081,5.569506615400315e-06,1180.013224482536,186999999.99999997,0.0006150000000000001,10.56
1.343197900056839,0.6641515195369722,9.250427186489107e-06,740.5887097120284,293000000.0,0.0007550000000000001,10.13
1.5834496647119523,0.7348815925419331,7.340791314840318e-06,1352.1343767642973,191000000.0,0.00111,13.63
1.4748305752873423,0.6317718297243119,5.148151844739915e-06,2320.900999009609,100000000.0,0.0003240000000000001,12.88
1.495978368446231,0.7530848164111377,5.883317254483701e-06,1134.5724314451215,214000000.00000003,0.0009809999999999999,11.29
1.6013259172439576,0.8693847388029099,2.9031261205673224e-06,2604.7006547451015,133999999.99999997,0.000855,9.72
1.648776537179947,0.8482738316059113,2.9435509443283087e-06,1871.9353545457122,128000000.0,0.000947,11.3
1.5733811080455782,0.6594890356063844,7.908422380685808e-06,2486.533179879188,114999999.99999997,0.0005750000000000001,15.64
1.323708075284958,0.7166519053280355,9.662650614976884e-06,716.7477458715438,314000000.0,0.00114,11.47
1.5633117556571963,0.8689146101474763,6.004724770784379e-06,574.247047305107,394000000.0,0.00217,7.91
1.4925851337611677,0.7042068555951119,7.301872491836549e-06,1263.7967541813848,192000000.0,0.0008340000000000001,12.83
1.502623313292861,0.7324991460889578,7.5030188262462624e-06,1057.572543621063,229000000.0,0.00109,12.29
1.4735134407877923,0.6502899706363678,7.092068478465082e-06,760.6894820928572,280000000.0,0.00062,8.19
1.4720314398407937,0.6940456062555314,5.810385636985303e-06,645.336166024208,366000000.0,0.0007089999999999999,5.23
1.560343372821808,0.8653641790151597,2.998376965522767e-06,1347.526118159294,160000000.00000003,0.00102,9.6
1.48722085878253,0.7496128879487515,5.664567515254022e-06,644.4625109434127,376000000.0,0.00101,6.22
1.4156202077865603,0.6373873919248582,8.451559811830522e-06,1231.1167195439336,182000000.0,0.0005400000000000001,11.98
1.497754890471697,0.7261972166597844,5.326309710741044e-06,1540.3707250952718,156000000.0,0.00073,12.5
1.4583312258124352,0.880845907330513,9.783049941062929e-06,773.2716500759124,927000000.0000001,0.00239,1.9900000000000004
1.4410970181226732,0.6394447803497315,7.48460739850998e-06,1972.2090959548948,125000000.00000001,0.00045099999999999996,13.94
1.416535770893097,0.6247230291366578,5.249042838811875e-06,2427.189826965332,95300000.0,0.0002799999999999999,12.809999999999999
1.3812672793865206,0.767419120296836,9.460476011037828e-06,486.75644397735584,415000000.0,0.00176,10.2
1.4733719050884249,0.6880873784422875,8.545033454895022e-06,1231.753036379814,198000000.00000003,0.0008359999999999999,13.3
1.5481798589229585,0.762568074837327,4.215571463108063e-06,1762.4964118003843,136000000.0,0.000778,12.39
1.7539236903190614,0.84008067548275,5.065696477890015e-06,1350.451439619064,189999999.99999997,0.00162,12.16
1.4845345169305804,0.7302351102232933,8.579373568296433e-06,927.3489862680434,256000000.0,0.00123,12.43
1.7380207121372224,0.6969245329499245,5.96697597205639e-06,2904.425665736198,102000000.0,0.0006830000000000001,16.05
1.4288205966353418,0.888499054312706,2.954153239727021e-06,2478.1928509473796,259000000.0,0.0007860000000000001,2.97
1.4822305731475354,0.7306366592645646,5.880341030657293e-06,746.3704347610472,324000000.0,0.000895,7.28
1.7644576191902162,0.640097326040268,2.974461197853089e-06,2636.818096041679,85200000.00000001,0.000332,11.75
1.3856236696243287,0.6283302873373032,7.918691515922547e-06,1811.3458454608915,130000000.0,0.0004049999999999999,13.36
1.710616046190262,0.7230375520884992,6.89468276500702e-06,2098.321460187435,138000000.0,0.0009679999999999999,15.4
1.4533089727163315,0.7200194701552391,3.095955133438111e-06,2326.6120925545692,99199999.99999999,0.0004159999999999999,12.07
1.3944127142429352,0.78311056047678,2.9997755289077764e-06,1526.8524847924707,141000000.00000003,0.000602,10.03
1.4581614822149278,0.6303906530141831,5.556293591856957e-06,537.689059972763,358000000.0,0.000444,3.67
1.4859799034893515,0.6538601338863373,7.181530483067037e-06,1035.7149988412855,210000000.0,0.000636,10.7
1.4774787850677968,0.6448508262634278,7.230758339166642e-06,840.9455716609954,250000000.0,0.0006029999999999999,9.01
1.5251102641224863,0.7957502469420433,7.2017870694398894e-06,789.2806380987166,303000000.0,0.00164,10.64
1.6725703954696656,0.7870687142014504,7.180792659521104e-06,1146.1669877171514,225999999.99999997,0.00163,13.04
1.7194832503795625,0.5960526466369629,2.9146442413330083e-06,1706.9794302806256,113999999.99999999,0.0002359999999999999,7.59
1.3117817401885987,0.6720937728881836,8.892873942852022e-06,1771.3267933577297,148000000.0,0.000558,14.41
1.68189395070076,0.8902716904878617,4.107858717441559e-06,986.4351451396941,229000000.0,0.0016800000000000003,9.23
1.2084465444087984,0.5916828274726869,9.25900235772133e-06,1990.6972646713255,113999999.99999999,0.00025299999999999997,12.94
1.5691817700862887,0.7516533728688956,4.969141259789468e-06,1687.9418324679134,147000000.0,0.000853,12.91
1.5885983347892763,0.8688327044248582,4.272648453712464e-06,673.6983656883239,339000000.0,0.00158,5.82
1.4859188452363015,0.6347113966941834,3.6058789789676672e-06,776.6501158475875,225999999.99999997,0.00032799999999999995,4.56
1.431840889155865,0.619301524758339,8.070535048842431e-06,2940.346181392669,91699999.99999999,0.0003400000000000001,15.3
1.6932133197784425,0.7344453535974026,9.451533257961275e-06,1327.8756588697431,208999999.99999997,0.00146,14.84
1.3196054577827454,0.6117046415805817,3.8535235822200785e-06,1214.188441634178,153999999.99999997,0.00020600000000000007,6.13
1.676510238647461,0.7612614635378123,7.178153924643994e-06,1394.0927684307096,193000000.0,0.00135,13.86
1.6152346909046174,0.6938130453228951,1.0112110376358033e-05,1977.4229377508161,153999999.99999997,0.0009620000000000001,16.31
1.329716956615448,0.6133598595857621,4.949942097067834e-06,1369.830176234245,140000000.0,0.0002489999999999999,8.73
1.263067388534546,0.6279785603284836,9.076680719852449e-06,2588.972777128219,102999999.99999999,0.00033699999999999995,15.18
1.8084549307823183,0.6450957298278809,2.990545511245728e-06,2521.677270531654,89100000.0,0.000376,11.69
1.2653665959835054,0.720870128273964,9.939565747976305e-06,946.8572139739989,256000000.0,0.0010399999999999997,13.129999999999999
1.4626266404986383,0.7100914031267167,4.401427686214448e-06,908.4613174200057,238000000.0,0.000617,7.09
1.5882599115371705,0.8279631704092026,7.201997302472592e-06,757.9647302627562,317000000.0,0.00207,10.71
1.6037144422531129,0.6530823022127152,6.677830116823316e-06,2662.7375483512874,103999999.99999999,0.0005109999999999998,15.38
1.4594612896442414,0.7399510558694602,4.265690684318543e-06,1557.9540021717546,147000000.0,0.000649,11.48
1.4772616334259512,0.7567190844565631,5.595091208815575e-06,1001.5091598033904,239000000.0,0.0009459999999999999,9.91
1.4844496831297875,0.7371337227523328,2.9825142025947576e-06,2433.9982420206065,96600000.00000001,0.0004610000000000001,12.42
1.2084865987300875,0.5928431332111359,9.224713981151582e-06,1271.2183892726896,160000000.00000003,0.0002850000000000001,10.78
1.535372892022133,0.8274364829063416,5.277238681912423e-06,910.1570695638655,263000000.00000003,0.00142,9.53
1.3904278457164765,0.62445986866951,7.987548023462297e-06,2813.7792944908138,95399999.99999999,0.00034600000000000017,15.18
1.534941190481186,0.6390530616044999,4.940890550613404e-06,2760.8899325132365,90399999.99999997,0.00034799999999999995,13.85
1.3447279572486879,0.6153562366962433,7.556171953678132e-06,801.7436712980269,239000000.0,0.000385,7.76
1.6731317460536959,0.8348774939775467,2.912157535552979e-06,2183.437116444111,114999999.99999997,0.0008689999999999999,11.81
1.3451638698577881,0.6155587881803513,6.1272577717900285e-06,1091.037794947624,178000000.00000003,0.0003129999999999999,8.62
1.6265740871429444,0.7491582255810499,6.1945787854492675e-06,1585.0720480084417,166000000.0,0.00106,13.7
1.2619412541389468,0.6057244420051575,6.8843225166201605e-06,2403.88485789299,95399999.99999999,0.00023500000000000002,12.94
1.6338752567768098,0.6690458714962007,8.71517023444176e-06,2597.9046821594234,118000000.00000001,0.0006720000000000001,16.33
1.4950601398944856,0.7781841516494752,6.977780357003213e-06,802.3372590541838,299000000.0,0.0013800000000000002,10.180000000000001
1.6134541511535645,0.7956410363316536,6.2016625851392755e-06,1108.9888513088224,224999999.99999997,0.0014700000000000002,12.01
1.5121245101094247,0.8202986106276513,8.2770174741745e-06,543.8669323921202,412000000.0,0.00226,9.63
1.4376217111945153,0.8377749681472779,3.0215913653373723e-06,1148.6767902970312,181000000.00000003,0.0008470000000000002,8.22
1.473228093981743,0.7043912351131439,5.751244232058526e-06,1072.6841837167738,208999999.99999997,0.0007129999999999999,10.28
1.4276616409420968,0.6223323583602905,3.329541504383088e-06,887.9737108945845,199000000.00000003,0.00024299999999999986,4.12
1.2678279697895052,0.6555194288492203,9.078462302684785e-06,2350.5393341183662,118000000.00000001,0.000435,15.37
1.2534329295158388,0.6637681514024735,9.492709308862688e-06,2275.622107088566,125000000.00000001,0.00047099999999999996,15.58
1.5508062556385995,0.767218316718936,5.312933236360551e-06,1356.9300174713132,181000000.00000003,0.00101,12.03
1.3975908458232882,0.6760816052556039,8.956552594900133e-06,847.9830175638198,266000000.0,0.0008340000000000001,11.06
1.7014302492141724,0.7550639737397433,6.15306180343032e-06,1787.3835582286117,153999999.99999997,0.00111,14.34
1.53727800026536,0.870929154753685,6.163200840353967e-06,1077.5846540927885,396000000.0,0.00179,6.29
1.2189520061016084,0.6465185344219209,9.481826007366182e-06,1898.6494485288856,132999999.99999997,0.0004099999999999999,14.45
1.2657634377479554,0.5956068456172944,3.11467656493187e-06,800.3340959548949,215000000.00000003,0.0001420000000000001,0.6999999999999998
1.7040720462799073,0.6599093735218049,9.437353402376176e-06,2894.6952819824214,111000000.0,0.0006599999999999999,17.08
1.4810369275510313,0.655911523103714,8.14326347410679e-06,1615.948976948857,151999999.99999997,0.0005989999999999999,13.84
1.407014322280884,0.6364940017461778,8.19649462401867e-06,625.3030449151992,320000000.0,0.000611,7.65
1.2507498621940614,0.6077168494462968,9.46863603591919e-06,1973.1300994753835,119000000.0,0.00031699999999999995,13.72
1.2121801793575289,0.593435937166214,9.124957025051119e-06,1076.8163502216337,183000000.0,0.00029699999999999996,9.85
1.4178720831871034,0.6211892008781433,4.547066241502762e-06,2104.3122485280037,102000000.0,0.0002630000000000001,11.34
1.332039910554886,0.6677958101034165,9.002466738224031e-06,1554.9222864210603,162000000.00000003,0.0005840000000000001,13.88
1.4803800858557226,0.7323399268090726,6.7109251301735646e-06,781.1523526906966,309000000.0,0.001,8.81
1.417171436548233,0.692629373073578,1.004436767101288e-05,1852.8436329215763,158000000.0,0.0007929999999999999,15.78
1.692070269584656,0.783305136859417,2.923051893711091e-06,2740.098416805267,93099999.99999999,0.0006710000000000002,13.23
1.430304752290249,0.6734417885541917,8.903058379888535e-06,1326.8887549638746,185000000.0,0.0007200000000000002,13.51
1.6779970407485962,0.7125609174370766,4.791684865951539e-06,2770.593643188476,100000000.0,0.000636,15.149999999999999
1.538510611653328,0.6370872169733048,5.772501915693284e-06,2651.534035801887,96500000.00000003,0.00039000000000000016,14.349999999999998
1.4144070625305176,0.7318026289343834,3.132639676332474e-06,1015.7244950532912,191000000.0,0.0005059999999999999,7.13
1.6722637295722962,0.866188457608223,5.129410177469254e-06,996.3533580303191,241000000.0,0.00182,10.48
1.5113069303333762,0.6456961423158646,4.053308486938477e-06,2667.7463501691814,89200000.0,0.0003129999999999999,12.84
1.429920418560505,0.6223592787981034,7.354380577802659e-06,1301.2109249830244,163000000.0,0.0004099999999999999,11.17
1.5695508867502215,0.8476973712444306,5.029097676277161e-06,2220.748096704483,457000000.0,0.0010699999999999998,0.5699999999999998
1.5525166779756547,0.7137680009007454,4.221683502197267e-06,2366.532973945141,106000000.00000003,0.0005560000000000001,13.7
1.6493848085403444,0.7909209698438645,7.030704058706761e-06,1089.436739683151,232999999.99999997,0.00163,12.69
1.489941190928221,0.630240297317505,3.263932943344117e-06,1479.5593097805975,129000000.0,0.00025900000000000006,7.879999999999999
1.4658008292317393,0.6870463058352471,3.4502043128013618e-06,1982.1029826998708,110000000.0,0.00038400000000000006,11.21
1.7303642570972444,0.6040388703346253,2.971500098705292e-06,761.8400752544402,227000000.00000003,0.00030500000000000004,2.74
1.395588129758835,0.6539387494325638,9.720457553863526e-06,2731.8767756223674,111000000.0,0.00048700000000000013,16.41
1.2088216245174408,0.5988686442375184,7.07495015859604e-06,677.6593178510665,259000000.0,0.0002599999999999999,5.41
1.467774260044098,0.6259703010320664,4.5811167955398566e-06,692.7603036165236,260000000.0,0.000363,4.75
1.2027363717556,0.5976613104343415,6.1053790897130974e-06,908.0044478178023,204000000.0,0.00021999999999999998,6.07
1.4887256741523744,0.6296450346708299,3.2011246383190163e-06,2861.5413159132,77600000.00000001,0.0002249999999999999,11.56
1.4935215979814531,0.653530490398407,7.108472652733327e-06,1323.2554420828817,171999999.99999997,0.000592,12.12
1.5114772371947767,0.7657709676772356,9.359271466732026e-06,733.8155359029769,320000000.0,0.00178,11.96
1.3634343445301058,0.8351333409547806,8.314090043306352e-06,595.1401144266127,425000000.0,0.00199,8.74
1.407252323627472,0.6493632942438127,8.384946763515474e-06,1620.8990123122928,149999999.99999997,0.0005289999999999998,13.64
1.529635188728571,0.7857041537761689,9.991035968065264e-06,622.1425086259841,370000000.0,0.00222,11.79
1.3572249948978425,0.6125905394554139,5.966852314770222e-06,505.5788457393645,353000000.0,0.0003510000000000001,3.2699999999999996
1.7963724553585054,0.8921933859586717,4.966938167810441e-06,1134.6649304032323,215000000.00000003,0.00211,11.19
1.706384038925171,0.8609168708324433,2.9499688148498543e-06,1892.336757853627,128000000.0,0.0010399999999999997,11.42
1.729595732688904,0.8404801458120347,5.726341500878335e-06,1149.016052484512,222000000.0,0.00181,11.92
1.5723919764161112,0.6575909525156022,6.847268044948579e-06,2382.687211036682,112999999.99999999,0.0005379999999999998,14.989999999999998
1.4820259496569634,0.6289155811071396,5.462049737572671e-06,811.9041025638579,236000000.00000003,0.0004159999999999999,6.88
1.4046844124794007,0.7527881730347873,3.0194616019725806e-06,1832.9937960952518,120000000.0,0.000502,11.06
1.6117239475250245,0.8427931129932404,6.096737474203111e-06,1739.9753741919992,484000000.0,0.00131,2.58
1.4911396823823453,0.7779397666454316,5.623835712671281e-06,697.1739530563353,356000000.0,0.00118,6.78
1.5797343492507936,0.6512051850557328,5.483095049858094e-06,2758.2794725894923,95600000.00000001,0.000433,14.71
1.3520905673503878,0.6004180133342744,2.9361296296119694e-06,1597.0673896372316,115999999.99999997,0.00015399999999999998,6.12
1.6807022988796236,0.8975418537855149,8.38008099794388e-06,978.5946756601332,780000000.0,0.0025799999999999994,0.68
1.4661599770188334,0.7038822546601297,4.573657095432282e-06,854.3684631586074,257000000.0,0.000613,6.629999999999999
1.673593318462372,0.7065747186541558,7.097249567508699e-06,2149.2177546024323,132999999.99999997,0.0008589999999999998,15.470000000000002
1.4924597784876825,0.6534512579441071,5.297253221273423e-06,853.6671400070189,239000000.0,0.0005039999999999999,7.36
1.591769599914551,0.8120754405856133,2.9350903034210213e-06,2087.8916159272194,114999999.99999997,0.000758,11.9
1.5397761046886445,0.7115177527070046,6.290578745305539e-06,1660.6778390705583,151999999.99999997,0.000773,13.72
1.382090896368027,0.6304528623819352,7.652161821722985e-06,2534.887075424194,102000000.0,0.0003600000000000001,14.74
1.4763589873909952,0.683666802942753,7.688651517033579e-06,1147.7380916476247,203000000.0,0.000763,12.22
1.761538374423981,0.6895226284861565,7.036477878689767e-06,2882.5165629386897,108000000.00000001,0.000739,16.5
1.3294353604316713,0.6853172510862351,9.435558885335923e-06,741.5635436773299,299000000.0,0.0008979999999999999,10.790000000000001
1.6830980479717257,0.810821633040905,4.124631047248841e-06,1713.8449028134344,146000000.0,0.00109,12.32
1.470871563255787,0.6652998000383378,5.649312242865563e-06,588.9034569263457,370000000.0,0.0005930000000000001,4.33
1.7864342987537385,0.9046720862388612,4.246169835329056e-06,782.6018631458281,283000000.0,0.00208,7.65
1.474879963696003,0.6272473186254502,7.263520896434785e-06,1391.5578201413152,157000000.0,0.00045999999999999996,11.85
1.6857922732830048,0.8859126001596451,4.1928418874740605e-06,712.8446847200393,320000000.0,0.00181,6.52
1.4927472218871118,0.7577380601316691,2.9247938394546514e-06,2256.5761879086494,102999999.99999999,0.0005279999999999999,12.09
1.6057643473148346,0.7460737600922586,6.875398382544518e-06,1397.2230553627012,186000000.0,0.00114,13.55
1.5004342373460533,0.8043010354042054,7.209148980677129e-06,691.1182701587676,343000000.0,0.0017,9.71
1.6450141310691835,0.6843575745821,9.48687055706978e-06,2279.1694030165672,136000000.0,0.000851,16.39
1.4564517840743065,0.641957974433899,7.599853903055192e-06,751.4922618865966,279000000.0,0.000602,8.37
1.5658998727798463,0.7047511115670205,6.308701083064081e-06,1854.7730911523101,139000000.0,0.000741,14.26
1.3302608370780946,0.6361003607511521,9.104208886623384e-06,890.5259817838668,236000000.00000003,0.0005379999999999998,10.25
1.4922389052808287,0.6272995501756669,4.4238416254520424e-06,1767.4987129867075,116999999.99999997,0.0003129999999999999,10.72
1.4944494478404524,0.6287852525711061,6.610443623736502e-06,1591.0494625568388,139000000.0,0.000435,12.27
1.4864537559449673,0.6644588202238083,5.182382747530938e-06,825.2147138118743,252999999.99999997,0.0005330000000000002,6.96
1.3256510317325594,0.615755107998848,8.458551377058031e-06,1781.9634750485418,128000000.0,0.0003530000000000001,13.08
1.687606143951416,0.728143259882927,6.006869815289975e-06,2170.026294887066,130000000.0,0.0008830000000000001,15.05
1.2595660686492922,0.6034743994474412,8.868685096502305e-06,2507.321417331695,98100000.0,0.00027299999999999997,14.21
1.4611103206872942,0.6913518637418747,8.213721111416818e-06,944.2442953586577,245000000.00000003,0.0008839999999999999,11.47
1.6168953001499178,0.5967514336109162,2.923604309558869e-06,2012.6850455999372,98100000.0,0.0002,8.29
1.3542522668838501,0.6160382330417633,7.325942426919938e-06,1291.5275543928144,160000000.00000003,0.00034799999999999995,10.68
1.3305074393749239,0.6120510578155518,7.591390445828439e-06,2162.3394563794136,107000000.00000001,0.000299,13.34
1.399029690027237,0.7599139329046012,9.871147543191912e-06,656.1312377452849,344000000.0,0.00167,11.77
1.3367798030376437,0.6137947529554367,3.5475167036056523e-06,1004.8231780529021,180000000.00000003,0.00020600000000000007,4.57
1.4694293037056925,0.7962786421179772,4.399406820535661e-06,971.8464612960814,246000000.0,0.000967,8.06
1.771988779306412,0.6364496111869813,2.9797613024711615e-06,2312.927760183811,93800000.00000001,0.0003439999999999999,11.07
1.5281143561005595,0.7252622276544571,2.9446741342544562e-06,1441.0127624869344,144000000.00000003,0.000493,9.0
1.6575514912605287,0.8777305573225023,3.822858452796937e-06,1163.2998585700986,195000000.0,0.00145,9.88
1.661224812269211,0.7418968884274364,5.0289936810731895e-06,2160.5128720402718,125000000.00000001,0.000829,14.34
1.4742996364831926,0.65929853618145,7.2743900120258345e-06,770.3065425157546,281000000.0,0.0006800000000000002,8.66
1.6197398722171785,0.6257241636514664,7.6111744642257705e-06,2927.8642237186427,95800000.0,0.0004379999999999999,15.67
1.7746926963329317,0.7447123769670726,7.5723424255847945e-06,1840.645747259259,160000000.00000003,0.00126,15.39
1.4468742817640305,0.7375273279845715,4.17679700255394e-06,1006.0111731290816,217000000.00000003,0.0006779999999999999,8.01
1.5841796457767487,0.7293731309473516,1.0078726768493654e-05,1153.6865606904028,230000000.0,0.00142,14.58
1.5858843237161637,0.8027340218424798,7.087492428719999e-06,885.2611780166625,275000000.0,0.00174,11.49
1.4952217496931555,0.7524683866649867,4.225904017686845e-06,1655.1570426672695,141000000.00000003,0.0007110000000000002,11.94
1.328509443998337,0.6931158721446992,9.447789013385775e-06,936.5286231040953,250000000.0,0.0008780000000000001,12.31
1.6033370554447175,0.7277569994330407,4.063258647918702e-06,2505.834504961967,102999999.99999999,0.0006100000000000001,14.01
1.5800981998443604,0.7109915256500244,3.876132160425187e-06,2675.8231520652766,95600000.00000001,0.000508,13.94
1.4841787286102772,0.6741762220859528,7.885482832789423e-06,1330.6641876697538,180000000.00000003,0.0007070000000000001,13.07
1.673942005634308,0.8039061650633813,6.195174045860769e-06,1188.9940425753591,215000000.00000003,0.00157,12.47
1.2598123848438265,0.797474080324173,3.5337169468402868e-06,2142.4714773893356,328000000.0,0.00047900000000000004,0.5800000000000003
1.4995074380189182,0.6984592661261559,1.0114617526531221e-05,1523.1492295861242,183000000.0,0.000987,15.29
1.7463051080703738,0.6918301910161972,7.076062448322774e-06,2794.2566126585,111000000.0,0.000752,16.41
1.5841327607631686,0.8796730488538743,3.085082679986954e-06,1046.2875962257383,201000000.0,0.00119,7.89
1.4160240948200227,0.7352179996669294,3.5748297870159155e-06,1329.6671509742735,159000000.00000003,0.000552,9.6
1.6806561827659607,0.7557145345956088,1.0109025776386262e-05,1023.7107723951339,258000000.0,0.00186,14.26
1.3331849098205568,0.612129271030426,7.590910732746125e-06,2057.896137237549,111000000.0,0.0003039999999999999,13.129999999999999
1.2584710478782655,0.609973293542862,9.572855710983277e-06,1388.7111023068426,156000000.0,0.000354,12.07
1.6145215272903444,0.5962854266166687,2.9082113504409796e-06,1807.8755419701336,107000000.00000001,0.00020299999999999992,7.63
1.707604140043259,0.6543604105710984,7.862688690423966e-06,2924.317449331283,102999999.99999999,0.000589,16.42
1.4769171550869944,0.7905406191945077,4.25230023264885e-06,1203.8985565304754,191000000.0,0.000901,10.020000000000001
1.491613280028105,0.7576380338519813,6.922450840473176e-06,900.1826792955397,270000000.0,0.00119,10.660000000000002
1.7549567341804506,0.7405460838228465,9.429548650979997e-06,1420.9998697042463,202000000.0,0.00155,15.19
1.441626173257828,0.6225589334964753,5.787726625800134e-06,799.369916319847,235000000.00000003,0.00038299999999999993,6.85
1.2070114195346833,0.596018922328949,7.080820985138417e-06,3015.461146831512,78999999.99999997,0.00018800000000000012,13.62
1.4837201960384847,0.6946923896670342,7.794134363532067e-06,593.7911868095397,395000000.0,0.0010399999999999997,7.55
1.5663064554333688,0.665652170777321,4.2550758719444286e-06,2844.6659743785854,89399999.99999997,0.00039500000000000006,13.99
1.5442289024591447,0.6163552522659302,6.421627650968731e-06,2995.9911406040187,85300000.0,0.00032700000000000003,14.71
1.4775486566126348,0.7151843503117562,5.493228897452356e-06,850.4763543605803,276000000.0,0.00076,7.69
1.5134810060262682,0.6456537455320359,7.192415818572046e-06,2339.389018714428,112999999.99999999,0.00048199999999999995,14.8
1.4118620753288271,0.6705413192510605,8.864459574222565e-06,1046.4778840541837,221000000.0,0.0007550000000000001,12.15
1.3254524230957032,0.6126433163881302,4.756025567650796e-06,1560.9394684433935,125000000.00000001,0.00023500000000000002,9.36
1.4931060969829562,0.7988417521119119,7.999164298176766e-06,638.9777660369872,362000000.0,0.00184,10.13
1.491292729228735,0.8138992711901666,6.011062324047089e-06,598.3858108520507,388000000.0,0.00157,7.53
1.3610740005970003,0.8066297426819802,4.993925288319589e-06,2479.540586471557,379000000.0,0.0007120000000000001,1.5499999999999996
1.4700189650058748,0.7918091252446176,4.4664815366268165e-06,960.5057090520858,250000000.0,0.0009580000000000001,7.99
1.7582147240638735,0.8403928220272064,9.173323035240174e-06,706.6052705049514,344000000.0,0.00296,12.07
1.5369429253041746,0.847188636660576,5.073711305856705e-06,838.2563591003417,285000000.0,0.00151,8.67
1.5107134480029345,0.8345249712467194,5.239171847701074e-06,743.8633888959884,326000000.0,0.0014399999999999999,7.59
1.4858086466789246,0.8580571442842484,3.133640199899674e-06,1068.6134845018385,198000000.00000003,0.000999,7.879999999999999
1.4440086632966997,0.7151161640882493,4.1255652308464055e-06,1255.00663369894,169999999.99999997,0.00057,9.69
1.5093106141313912,0.7970040366053582,8.205279871821406e-06,660.4983955621718,352000000.0,0.00189,10.52
1.4222512543201449,0.618205663561821,4.466515749692918e-06,2989.1959130764003,77099999.99999997,0.0002300000000000001,13.0
1.328017169237137,0.6133189916610718,4.942499920725824e-06,1455.177582800388,132999999.99999997,0.000246,9.15
1.726895695924759,0.7210463181138039,9.03217786550522e-06,1678.2868858426807,174000000.0,0.00123,15.51
1.5476103365421296,0.6634764701128006,7.94453875720501e-06,2165.768250823021,126000000.00000001,0.0006079999999999998,15.14
1.4755170956254007,0.6668297946453096,6.36484661512077e-06,689.6852999925612,320000000.0,0.000655,6.62
1.4027404725551607,0.7568171281367541,3.4100440144538887e-06,620.5048710107802,352000000.0,0.0006249999999999999,2.27
1.6102631628513338,0.8912437409162522,9.382257640361788e-06,817.0430660247802,703000000.0,0.00275,3.9300000000000006
1.409654349088669,0.6211720883846283,3.403372466564179e-06,2452.726244926452,86899999.99999999,0.00020499999999999994,10.48
1.561644619703293,0.6131662130355835,7.40368650853634e-06,3002.956390380859,88399999.99999999,0.000354,15.22
1.2022150933742524,0.5976772069931031,7.1606637462973605e-06,1156.3034281134603,163000000.0,0.00023900000000000006,8.88
1.5068042781203987,0.6434709906578064,4.187911242246628e-06,1012.1988058090209,191000000.0,0.00040299999999999993,7.36
1.4518024921417239,0.6643359392881394,8.215056046843529e-06,851.6869246959685,259000000.0,0.000754,10.3
1.7720282793045046,0.8127561673521996,7.148436903953553e-06,1188.606761395931,224999999.99999997,0.00195,13.28
1.5482185631990435,0.667617478966713,3.238212853670121e-06,2979.7542393207546,78300000.0,0.0003200000000000001,12.98
1.4069244503974916,0.8044335275888443,3.0159568488597877e-06,1441.9211745262144,149000000.0,0.0006830000000000001,9.74
1.5185240797698498,0.738867111504078,6.757205590605737e-06,1189.4548237323759,206999999.99999997,0.00103,12.43
1.4983426205813886,0.6261461198329926,4.41639319062233e-06,2997.700005769729,78799999.99999999,0.00027000000000000006,13.35
1.523372519016266,0.865131425857544,2.9499896764755255e-06,1482.26822912693,163000000.0,0.000945,8.83
1.5009964272379877,0.6528734922409059,4.418757230043412e-06,1199.6239349246023,168999999.99999997,0.0004359999999999999,8.88
1.5510619908571244,0.7188712745904923,6.36810925602913e-06,1612.2217401862142,158000000.0,0.000835,13.7
1.323607259988785,0.6126132041215897,3.680464923381806e-06,2099.353216588497,95700000.00000001,0.00018299999999999995,9.44
1.5281704589724543,0.6961484089493752,5.443906068801881e-06,1966.9400081038473,126000000.00000001,0.0005989999999999999,13.73
1.7073142647743227,0.8590747386217118,5.0872201472520835e-06,1111.3412976264951,223000000.0,0.00177,11.04
1.4812803246080877,0.7485530029982329,3.96545433998108e-06,1753.305962309241,131999999.99999999,0.000649,11.95
1.6745228111743928,0.888441100716591,4.1826292872428905e-06,807.2167187929152,282000000.0,0.00176,7.54
1.738498789072037,0.8229757055640221,6.1418790593743335e-06,1211.9532674551008,215000000.00000003,0.00176,12.56
1.3517668068408968,0.599477505683899,2.9666777253150944e-06,2504.378959536552,82000000.0,0.0001440000000000001,8.72
1.493435836583376,0.7086241140961648,2.9348165988922125e-06,1109.8005920648573,174000000.0,0.00045999999999999996,7.3
1.5044734172523022,0.8301685810089112,5.3820699155330666e-06,713.7488871812819,339000000.0,0.00145,7.44
1.5621314719319346,0.6898494958877565,6.255737431347371e-06,2016.701243817806,128000000.0,0.000648,14.43
1.6053749263286592,0.8296356081962586,6.204164050519467e-06,899.9154269695281,270000000.0,0.00178,10.790000000000001
1.7862803757190706,0.7554963257163764,6.049393996596337e-06,2165.973626077175,134999999.99999997,0.00111,15.23
1.3494133651256563,0.6131640762090683,3.4750394523143773e-06,793.8722819089888,220000000.0,0.000211,2.9599999999999995
1.5224157169461252,0.8543560713529588,6.04958649724722e-06,574.4551420211791,394000000.0,0.002,7.879999999999999
1.7890919208526612,0.7051298841834069,5.973443076014519e-06,2988.8823926448817,101000000.0,0.0007399999999999999,16.28
1.3363849103450776,0.6170005470514298,8.632936626672745e-06,918.0192947387694,221000000.0,0.0004229999999999999,9.43
1.4328278794884683,0.6403109639883042,7.474778965115549e-06,2063.4936466813087,121000000.0,0.0004430000000000001,14.13
1.5282120063900948,0.6429834187030793,3.066493302583695e-06,862.5697642564772,202000000.0,0.000321,4.67
1.4968913007527591,0.7580015782266856,7.585034534335137e-06,860.2197766304015,279000000.0,0.00133,11.19
1.527606372535229,0.7107996582984925,6.8120913803577436e-06,1497.0879182219503,168000000.0,0.000826,13.54
1.517130106687546,0.672010150551796,3.711492836475373e-06,2697.3142772912975,90000000.00000001,0.00036200000000000007,13.05
1.2678559362888338,0.6093969494104385,9.448847949504854e-06,1112.6260012388227,188999999.99999997,0.0003770000000000001,10.81
1.5047372337430718,0.6300434768199922,3.1608648300170904e-06,2781.0433804988857,79700000.0,0.00022800000000000007,11.37
1.7238806426525117,0.605275708436966,2.9676619768142707e-06,858.0275923013686,204000000.0,0.000301,3.5799999999999996
1.4426305890083315,0.6879603758454323,8.962538421154024e-06,1175.0769168138502,206999999.99999997,0.000851,13.259999999999998
1.5089568866416814,0.6509450197219849,3.45115602016449e-06,1117.251396179199,171999999.99999997,0.00035899999999999994,6.97
1.4892379827797415,0.6818006336688996,7.598487779498101e-06,1344.2372083663938,179000000.00000003,0.0007240000000000001,13.06
1.5613354682922365,0.7733966052532196,8.247231975197793e-06,2087.7950936555862,428000000.0,0.0010800000000000002,5.1
1.5211339205503465,0.8302983731031418,7.4723283499479305e-06,1426.319099962711,402000000.0,0.00154,6.76
1.4091800808906556,0.6235709488391876,6.543127968907357e-06,525.341510772705,359000000.0,0.0004379999999999999,4.37
1.4884304746985437,0.8168918028473855,4.4517584443092355e-06,885.7138752937316,278000000.0,0.0011,7.26
1.2663395762443543,0.6067567348480225,6.922947086393834e-06,591.9887423515319,300000000.0,0.00031400000000000004,4.8
1.5876111567020417,0.8359116554260254,5.178823858499528e-06,993.5353249311446,241000000.0,0.00152,10.28
1.5808701217174532,0.7997580975294114,8.168658331036568e-06,760.9334886074065,314000000.0,0.00199,11.49
1.2567755877971651,0.6304010510444642,9.149087876081467e-06,2071.3341534137726,120000000.0,0.00036700000000000003,14.379999999999999
1.5214004047214986,0.6239359527826309,8.648546546697618e-06,2964.2919003963466,96100000.00000001,0.00040899999999999997,15.89
1.5302050307393076,0.8040944606065751,5.263540104031563e-06,1027.8655886650083,235000000.00000003,0.00124,10.25
1.4418513268232347,0.8270737767219544,3.4671310186386115e-06,1015.4911428689956,218000000.00000003,0.0009180000000000001,7.58
1.494415106624365,0.6460549145936967,7.472878053784371e-06,1916.6165143251417,130000000.0,0.0005129999999999999,14.09
1.2644361913204194,0.595895129442215,3.0514481067657478e-06,893.5454785823821,193000000.0,0.00014099999999999996,1.59
1.4798661880195143,0.7294535569846631,6.733379684388638e-06,723.5662192106246,331000000.0,0.00101,8.28
1.6859341084957125,0.7822074785828591,4.074320733547211e-06,2093.661308288574,124000000.00000003,0.0009000000000000002,13.31
1.7567845523357393,0.6907203689217568,9.399874031543732e-06,2503.570273518562,131999999.99999999,0.0009400000000000001,16.85
1.5072878854349256,0.664004883170128,3.973789811134339e-06,2553.652629256248,93499999.99999999,0.00035800000000000003,12.88
1.619942057132721,0.6691440761089326,8.658903300762178e-06,2551.65646970272,119000000.0,0.000666,16.22
1.4781250275671483,0.718545737117529,6.682110218331219e-06,1079.7401070594785,219000000.0,0.0008679999999999997,11.36
1.6920301795005799,0.7312683653086425,4.911954224109651e-06,2524.0883529186244,111000000.0,0.0007569999999999999,14.98
1.4953548252582551,0.831734186410904,5.954839251935483e-06,583.2644850015639,391000000.0,0.00173,7.59
1.5287612468004228,0.7028047174215317,2.9548212289810187e-06,2471.689164638519,93199999.99999997,0.000385,12.0
1.329618287086487,0.6620890438556671,9.203729063272478e-06,938.1591081619262,238000000.0,0.0006840000000000003,11.38
1.483333544433117,0.7565312672406436,4.209876239299775e-06,1563.8014972209928,148000000.0,0.0007240000000000001,11.59
1.4851603992283346,0.6579909414052963,8.143824860453607e-06,1595.4818129539487,153999999.99999997,0.000613,13.83
1.4896710500121118,0.8103518977761269,4.459938913583756e-06,678.1253516674041,368000000.0,0.00112,4.69
1.4228511393070222,0.7616775009781123,9.440401911735536e-06,1806.3135184347627,437000000.0,0.0010800000000000002,6.25
1.3256332576274874,0.6118151485919953,7.666365563869478e-06,2255.714751780033,103999999.99999999,0.00029499999999999996,13.54
1.5116325482726098,0.6496371477842332,3.5328198969364174e-06,1790.3456576168535,114999999.99999997,0.0003259999999999999,10.08
1.5290452212095262,0.6735527247190476,7.758436366915705e-06,1700.2148292958734,149000000.0,0.000677,14.25
1.3643787860870362,0.6122430592775345,3.4003565013408665e-06,683.3540201187133,249000000.0,0.00021399999999999992,1.9699999999999995
1.471701903641224,0.7631515424698592,5.137360647320748e-06,1026.3050645589826,231000000.0,0.00091,9.570000000000002
1.5001359131187202,0.8187752947211266,6.310859791934491e-06,678.2526075839995,354000000.0,0.00163,8.45
1.3820388078689576,0.696360656619072,9.170169591903687e-06,492.2446906566619,398000000.0,0.00116,9.15
1.7494183659553528,0.6845380067825318,8.98801338672638e-06,2652.6299417018886,124000000.00000003,0.0008489999999999999,16.85
1.6648532330989838,0.7727185472846032,9.014865428209305e-06,960.7335478067397,265000000.0,0.00189,13.29
1.3672165989875795,0.6600607484579087,8.87343528866768e-06,2493.443220853805,115999999.99999997,0.000486,15.71
1.6525675714015962,0.7844214588403703,9.314323842525483e-06,823.7705677747725,301000000.0,0.00214,12.77
1.650367283821106,0.6992147639393808,3.96694552898407e-06,2958.3357572555537,88700000.0,0.000488,14.41
1.4207189798355104,0.6884236738085747,8.72476887702942e-06,648.0330526828765,336000000.0,0.000972,9.47
1.5838266313076022,0.7101912930607797,2.8857575654983528e-06,2154.2765498161316,103999999.99999999,0.0004470000000000002,11.41
1.464871372282505,0.7608377728611232,9.484784394502641e-06,2092.5831720232964,634000000.0,0.000957,1.1899999999999997
1.7034633815288545,0.709569762647152,3.93669930100441e-06,3039.4506752490993,87399999.99999999,0.000534,14.68
1.5068432684987785,0.7581682797521353,5.201590776443483e-06,1308.301270008087,184000000.0,0.0009050000000000001,11.59
1.6091981112957001,0.6804162427783013,5.1418544501066215e-06,2720.19575536251,98700000.0,0.0005159999999999999,14.9
1.6292028844356539,0.7712785005569459,2.9173032641410835e-06,2654.779583215713,94200000.00000001,0.000611,13.02
1.504120522364974,0.7035588696599008,8.234141305088998e-06,1247.280307114124,199000000.00000003,0.000938,13.44
1.370140314102173,0.6306095838546754,7.899546280503274e-06,1997.6970478892324,121000000.0,0.00039399999999999993,13.83
1.4295626118779183,0.6200852483510971,5.903196454048158e-06,2914.7149920463557,84699999.99999997,0.00027799999999999987,13.98
1.525267741084099,0.7658406872302295,8.486654698848726e-06,815.8212453126906,291000000.0,0.00162,11.97
1.4637135207653047,0.6555493712425232,7.232019633054734e-06,526.3249874114989,374000000.0,0.0007219999999999999,6.48
1.431253404915333,0.622417688369751,7.453224524855615e-06,1100.3945320844648,188999999.99999997,0.00043099999999999996,10.26
1.4793544605374338,0.7326078236103059,4.302682101726533e-06,1739.9156298488376,133999999.99999997,0.000626,12.14
1.6624702513217928,0.647665098309517,9.650927215814591e-06,2977.316260337829,106000000.00000003,0.000583,17.03
1.6549736559391024,0.6364667683839799,5.960718788206578e-06,3013.9681994915004,88700000.0,0.00041500000000000006,15.13
1.4864337176084519,0.673592957854271,6.143418960273267e-06,960.2015018463134,224999999.99999997,0.000648,9.47
1.6943644344806672,0.6499958932399751,2.9703952670097356e-06,1344.7305113077161,149999999.99999997,0.000391,7.62
1.4847456246614457,0.6328158259391785,5.041947707533837e-06,2189.8638010025024,103999999.99999999,0.00033400000000000004,12.55
1.3943626284599306,0.6166252970695496,3.6529982984066016e-06,2983.5786223411556,73500000.0,0.0001970000000000001,11.91
1.4836311534047129,0.6857925161719323,5.402984529733658e-06,1643.034379929304,142000000.00000003,0.000554,12.41
1.5689327001571656,0.7042999595403672,7.248425841331483e-06,1662.434024736285,157000000.0,0.000842,14.33
1.5625821366906167,0.7079428777098656,8.482172161340715e-06,1396.3556587696073,186999999.99999997,0.00102,14.26
1.5352398678660395,0.7413367688655854,2.9926967620849617e-06,1442.658595740795,145000000.0,0.0005499999999999999,9.12
1.3939249455928804,0.7577002588659526,3.0333345830440525e-06,1680.270770564675,129000000.0,0.0005180000000000001,10.56
1.495149486511946,0.6852622389793397,6.455697782337667e-06,1534.8039120435712,156000000.0,0.0006400000000000002,12.99
1.5174261912703515,0.8538122177124025,3.1419301927089697e-06,892.2470659017562,238000000.0,0.00103,6.32
1.756126016378403,0.7373836934566499,8.110870167613031e-06,1742.3217948526142,168000000.0,0.00127,15.38
1.7673964798450472,0.9137814044952394,3.903393715620042e-06,1912.2381061315534,372000000.0,0.0013800000000000002,1.3700000000000006
1.4786155074834826,0.848973047733307,2.98436588048935e-06,1229.2960211634634,170999999.99999997,0.0008889999999999999,8.55
1.4302551046013834,0.6792915970087052,9.046077758073808e-06,2115.0229051709175,136000000.0,0.0006410000000000001,15.5
1.4727682292461397,0.6695801138877869,7.433546692132951e-06,778.9053320884703,283000000.0,0.0007399999999999999,9.07
1.7947805106639865,0.7582940015941859,3.884902387857438e-06,2942.797422409057,95099999.99999997,0.0007680000000000001,14.94
1.433770836889744,0.7043027132749559,4.038946717977525e-06,678.8780838251113,328000000.0,0.0005330000000000002,3.51
1.3501194655895234,0.6690329790115357,9.359068483114244e-06,2410.565346479416,123000000.00000003,0.0005250000000000001,15.919999999999998
1.3812237560749054,0.7878278598189354,3.0352077484130864e-06,1337.539806962013,157000000.0,0.0006230000000000002,9.2
1.4435662060976029,0.765557124093175,8.438091129064562e-06,517.7001208066939,409000000.0,0.00165,9.36
1.57374227643013,0.8326102495193483,5.430649444460869e-06,2270.4353109002113,492000000.0,0.0010500000000000002,0.09000000000000044
1.6294547438621523,0.8690448760986329,4.0426064729690555e-06,1110.2096289396284,205999999.99999997,0.0014399999999999999,9.79
1.6245956003665925,0.7713099136948586,4.0879006087780006e-06,1997.9073405265806,126000000.00000001,0.000823,13.01
1.4893005564808848,0.6715464323759079,6.46916194073856e-06,1428.9685636758802,162000000.00000003,0.0005970000000000001,12.36
1.6688050568103792,0.8930817514657975,8.273727595806123e-06,996.3988810777663,723000000.0,0.0025,1.8699999999999997
1.418345707654953,0.6194445133209229,4.489610612392426e-06,1674.585176631808,120000000.0,0.0002689999999999999,10.050000000000002
1.6165973603725434,0.7234150998294354,8.436939984560014e-06,1394.792005419731,192000000.0,0.00117,14.41
1.7269941687583925,0.8871676594018937,2.9184360504150398e-06,1850.6530132144687,139000000.0,0.00116,10.35
1.767660015821457,0.8943343430757523,3.147087812423707e-06,849.566489458084,273000000.0,0.00149,5.48
1.4544579774141313,0.8103774949908257,2.9744503498077398e-06,1593.2117514312265,138000000.0,0.0007120000000000001,10.29
1.4866535514593127,0.6381862789392472,6.287666410207749e-06,839.5874798297881,242000000.0,0.0005059999999999999,8.05
1.4864252820611001,0.6620581358671189,6.920553892850877e-06,1029.934838414192,212000000.0,0.0006519999999999998,10.57
1.6208325147628786,0.7470384981483221,5.2076848745346075e-06,1863.0322646349666,139000000.0,0.000879,13.7
1.4776014044880867,0.712791931629181,6.777939647436143e-06,900.794893503189,258000000.0,0.0008709999999999999,10.01
1.487892121821642,0.6860095515847207,3.1613642573356632e-06,1327.6914060115812,150999999.99999997,0.000396,8.24
1.489810996502638,0.7889238059520722,6.610696205869318e-06,705.6559175252913,343000000.0,0.0014,8.66
1.4808769807219506,0.6334747016429901,3.7450132966041574e-06,2207.6489329338074,97299999.99999999,0.00027200000000000005,11.05
1.5563268765807152,0.6556730836629868,4.701179832220078e-06,2762.104153633117,92099999.99999999,0.00039300000000000007,14.07
1.244304817914963,0.7116077587008477,9.919261544942856e-06,1041.635453701019,237000000.0,0.000912,13.33
1.5915533602237704,0.8003748133778573,8.368048429489137e-06,750.3453940153121,319000000.0,0.00207,11.55
1.3793420255184174,0.7877930000424386,3.0621724426746375e-06,1234.5638796687124,168000000.0,0.0006339999999999999,8.71
1.6209174513816835,0.8819253623485566,4.687494605779648e-06,1870.433261618018,407000000.0,0.00125,2.0900000000000003
1.5554685831069948,0.6665719538927078,8.717961937189103e-06,2516.4587348699565,119000000.0,0.000614,16.04
1.513233344256878,0.6520287394523622,9.1036733686924e-06,2769.5028036832805,109000000.00000001,0.0005189999999999999,16.26
1.498546661809087,0.6617118537425996,4.094368547201157e-06,2234.486110508442,102999999.99999999,0.00037199999999999993,12.25
1.5032524712383748,0.6983405202627183,9.323922902345658e-06,1326.684422791004,195000000.0,0.000982,14.32
1.5089711409062148,0.6506694853305818,4.637401252985002e-06,2430.2616268396373,98600000.0,0.00036999999999999994,13.14
1.4720096558332445,0.6619569808244706,6.98817028105259e-06,622.4844902753829,338000000.0,0.00071,6.93
1.7440693438053132,0.7360037438571454,6.9285303875803955e-06,2027.7662873268125,144000000.00000003,0.0010800000000000002,15.37
1.3149275064468384,0.6719974458217621,9.188204258680346e-06,1437.6243501901624,174000000.0,0.0006159999999999999,13.66
1.4729912102222444,0.6268825471401215,3.611957430839539e-06,1209.4293832778928,158000000.0,0.000277,6.88
1.4412639498710633,0.7110966056585313,8.459343284368516e-06,660.277560353279,340000000.0,0.0011,9.66
1.5938540518283846,0.6998228564858437,9.284610420465471e-06,1542.9503023624418,178000000.00000003,0.00103,15.03
1.7151134312152865,0.8524357169866562,6.159445643424989e-06,980.753406882286,254000000.00000003,0.00207,11.43
1.4475481957197192,0.7232966959476471,4.5837142765522015e-06,681.1610907316207,359000000.0,0.0006599999999999999,3.7899999999999996
1.413677090406418,0.7688535332679749,9.11955824494362e-06,504.7192722558974,412000000.0,0.00176,9.95
1.2019031345844269,0.5974848031997682,6.930914193391801e-06,2743.4268891811366,85800000.0,0.00019399999999999995,13.16
1.298143368959427,0.642746177315712,9.379634708166124e-06,2713.3190184831615,106000000.00000003,0.00040600000000000006,15.9
1.4446198627352715,0.6322607159614564,8.077701017260553e-06,1216.49894118309,181000000.00000003,0.000523,11.66
1.5200429163873197,0.7728495866060258,7.470538735389711e-06,863.2685542106627,279000000.0,0.00148,11.34
1.6360519766807557,0.8459183156490326,6.037152603268624e-06,1906.8367704749105,560000000.0,0.00127,0.2400000000000002
1.4735856235027314,0.761795835569501,9.451079726219179e-06,2017.9445594549177,575000000.0,0.000997,2.6100000000000003
1.4816910155117513,0.7085513636469841,4.4101315736770635e-06,1911.0030606389043,123000000.00000003,0.000539,12.55
1.471846005320549,0.7303446583449841,5.66170769929886e-06,1003.7711560726165,230000000.0,0.0008210000000000001,9.83
1.7570138812065126,0.8422232061624527,6.025814831256867e-06,1148.58503639698,224999999.99999997,0.00194,12.2
1.4622436076402665,0.7755769059062004,2.96826195716858e-06,932.1450740098952,212000000.0,0.000666,6.31
1.8093234658241273,0.8016030237078667,3.05494910478592e-06,2872.893691062927,90299999.99999999,0.000798,13.76
1.2811494112014772,0.7817575871944428,5.501283988356591e-06,2558.677971363067,423000000.0,0.000589,0.06000000000000029
1.454973538219929,0.6355166763067246,6.85748601704836e-06,650.7907360792159,311000000.0,0.000539,6.41
1.627028971910477,0.6566648483276368,9.535876601934434e-06,2847.36293554306,111000000.0,0.0006029999999999999,16.84
1.4837917953729631,0.6762453675270081,4.81343373656273e-06,1843.2332407683132,125000000.00000001,0.00047299999999999995,12.33
1.6335991859436036,0.7402223780751229,5.867915429174901e-06,1806.31105042994,147000000.0,0.000941,14.08
1.41883082985878,0.7955844417214394,7.977550923824312e-06,612.2061908245086,416000000.0,0.00163,8.44
1.2322780787944794,0.6006115168333054,3.6719233393669135e-06,1294.512704014778,141000000.00000003,0.0001479999999999999,5.81
1.5259379938244821,0.6688453942537308,8.453089177608491e-06,1932.7726513147352,139000000.0,0.0006620000000000002,14.98
1.23997820019722,0.644092431664467,9.593632638454438e-06,1326.1135220527647,175000000.0,0.0004669999999999999,12.79
1.5414767548441888,0.7128864124417306,9.136146157979967e-06,1239.9008423089979,207999999.99999997,0.00113,14.11
1.2140473902225495,0.6473957777023316,9.79027619957924e-06,2422.8019565343857,115999999.99999997,0.00039699999999999984,15.66
1.436135320365429,0.7430506512522698,2.941951274871827e-06,2031.1087295413015,110000000.0,0.00047099999999999996,11.42
1.5046906895935537,0.8201694175601006,5.43214063346386e-06,752.6524662971495,325000000.0,0.00137,7.75
1.4821965113282205,0.6665082335472108,6.966667890548707e-06,852.8620302677153,255000000.0,0.000688,9.28
1.5046375058591368,0.7892876118421556,5.320933356881143e-06,1028.5871773958204,235000000.00000003,0.00112,10.15
1.486151023954153,0.645594209432602,5.415291219949723e-06,750.6594359874724,269000000.0,0.0004889999999999999,6.34
1.2595791757106782,0.6051583170890809,4.909456774592401e-06,1671.1943149566648,116999999.99999997,0.0002,9.35
1.7003921449184418,0.8641399204730988,3.715792834758759e-06,1913.1588488817213,351000000.0,0.00112,2.57
1.4034721434116364,0.7798015058040619,2.982555508613587e-06,1625.151179730892,133999999.99999997,0.000592,10.39
1.4513342276215555,0.7462911352515221,4.384197860956192e-06,1021.3113129138945,219000000.0,0.0007340000000000001,8.45
1.4207502007484438,0.7531598221510649,9.013514220714571e-06,2102.5377810001373,427000000.0,0.000895,5.29
1.2358907103538515,0.8315318852663041,3.418688446283341e-06,2409.2100858688354,290000000.0,0.0005409999999999999,2.3100000000000005
1.5490459710359574,0.6833646565675736,9.47725084424019e-06,1877.6186201721428,151999999.99999997,0.0008250000000000002,15.56
1.4884926036000252,0.6265714108943939,5.397018209099771e-06,1014.5796388387679,196000000.00000003,0.0003990000000000001,8.3
1.5801636815071107,0.6560174345970154,6.821875326335431e-06,2474.958255887031,110000000.0,0.0005289999999999998,15.13
1.4388687148690225,0.7083228260278702,3.657098233699799e-06,1423.2856333255766,148000000.0,0.0004830000000000001,9.87
1.2670503079891207,0.603499773144722,8.936400264501574e-06,1194.005638360977,173000000.0,0.000341,10.71
1.4664692983031273,0.6369295030832292,5.5284913033247e-06,557.5935095548629,357000000.0,0.00047099999999999996,3.8600000000000003
1.4463469684123995,0.7707096800208092,4.1949092745780956e-06,1199.261091649532,187999999.99999997,0.000785,9.81
1.4918968185782433,0.8465771734714509,5.352479785680772e-06,549.3238866329192,390000000.0,0.00169,6.67
1.3426193475723267,0.6126778274774551,4.912453755736352e-06,893.0701315402983,204000000.0,0.000268,5.85
1.2550325989723208,0.7361986979842187,8.648505032062532e-06,2264.235459268093,394000000.0,0.000682,4.97
1.5111187957227232,0.6367304027080537,3.5183379650115974e-06,1211.7318734526632,160000000.00000003,0.00031899999999999995,7.21
1.761916083097458,0.9058425128459932,6.291220370680095e-06,664.4879579544066,347000000.0,0.00295,9.23
1.695107799768448,0.8271280020475388,5.03935930132866e-06,1304.8411458730695,193000000.0,0.00148,11.86
1.6286800324916841,0.7177128285169602,4.985707372426987e-06,2403.7649035453796,111999999.99999999,0.0006830000000000001,14.68
1.5744782745838166,0.843097123503685,4.503891646862031e-06,1054.9018085002897,222000000.0,0.00135,9.82
1.5120332088321449,0.7833542302250863,6.412139900960029e-06,909.0275615453719,268000000.0,0.0013199999999999998,10.52
1.4409759297966958,0.640575608611107,7.665629565715791e-06,646.7307657003402,317000000.0,0.0006190000000000001,7.37
1.6176899671554568,0.7276814796030522,5.6027050763368616e-06,1985.2306991815565,132999999.99999997,0.0008139999999999999,14.31
1.4850620828568937,0.7027900725603105,5.569875970482827e-06,1557.7165707945821,151999999.99999997,0.0006379999999999999,12.5
1.4009038746356965,0.6487661451101304,8.571296364068987e-06,1437.5785663723943,165000000.0,0.0005530000000000001,13.129999999999999
1.777786195278168,0.8064479693770409,8.310215622186662e-06,1056.1545491218565,251000000.0,0.0022,13.44
1.553781120479107,0.7648692984133959,7.292911276221276e-06,1016.3154006004332,241000000.0,0.0013800000000000002,12.31
1.6559433639049532,0.8706239998340607,3.2940385639667517e-06,641.6561007499694,360000000.0,0.00133,3.1199999999999997
1.5362871050834657,0.6423445075750351,7.1306190937757506e-06,2559.027180075645,106000000.00000003,0.000466,15.13
1.4071350038051607,0.786331245303154,3.240606307983399e-06,855.4089367389678,263000000.00000003,0.000697,5.090000000000001
1.51174800619483,0.6324039280414582,4.53176549077034e-06,1199.6699795126913,166000000.0,0.00038200000000000007,8.61
1.6083666086196902,0.8699996531009675,7.443440005183221e-06,1169.901594519615,509000000.00000006,0.00204,5.04
1.50066711679101,0.6787008538842202,6.86839158833027e-06,1547.154292464256,156000000.0,0.0006429999999999999,13.27
1.4768960684537888,0.6584744542837143,5.359847590327264e-06,699.4917541742324,306000000.0,0.0005279999999999999,5.42
1.5142439056187869,0.8274069607257843,6.400422336533667e-06,703.4272998571395,341000000.0,0.00174,8.930000000000001
1.3818593859672548,0.6450473427772523,8.808523505926134e-06,739.2902225255965,285000000.0,0.000646,9.24
1.6135592222213746,0.7332924071699382,2.9580226540565497e-06,2857.9693585634227,87300000.0,0.000488,13.27
1.6095368206501008,0.6965356931090355,1.0142611324787142e-05,1813.0038511008022,164000000.0,0.00101,16.03
1.4307092741131784,0.6257355630397797,6.954227529466153e-06,723.6844599246978,270000000.0,0.00045700000000000005,7.18
1.4852358654141427,0.6593316972255707,8.0636725127697e-06,1504.872880876064,161000000.00000003,0.0006280000000000001,13.55
1.643362444639206,0.8747271895408631,5.680608645081521e-06,1466.2086516618726,438000000.0,0.00163,3.5299999999999994
1.4193084955215456,0.8039707392454148,3.282814592123032e-06,860.6499731540679,265000000.0,0.000774,5.23
1.4671671599149705,0.7251750335097313,8.30804079771042e-06,862.6774996519088,273000000.0,0.00114,11.48
1.280643278360367,0.6257813036441804,9.462483108043672e-06,715.5129611492156,279000000.0,0.000499,8.74
1.5825523227453233,0.6564244508743287,5.788667485117914e-06,2663.1543338298793,100000000.0,0.00047000000000000004,14.85
1.5374347731471063,0.7330962795764209,9.027645051479342e-06,1035.5769395828245,239000000.0,0.00134,13.39
1.317474639415741,0.6215621083974838,8.860452264547349e-06,464.0730023384093,371000000.0,0.0005289999999999998,6.57
1.6999193072319032,0.8883860617876054,3.077502399682999e-06,879.3178498744963,240000000.0,0.00136,6.52
1.7199844479560853,0.899386301636696,6.2068211957812315e-06,642.9156213998793,362000000.0,0.00275,8.79
1.7739792466163637,0.6374691724777223,2.9756740927696232e-06,2536.3043248653407,87899999.99999999,0.00033600000000000004,11.54
1.5929657042026522,0.876738077402115,3.0978723168373115e-06,970.4915732145308,218000000.00000003,0.00121,7.22
1.5001319099217654,0.780819694697857,4.248723715543748e-06,1379.4309571385381,168999999.99999997,0.000863,10.950000000000001
1.2088824212551117,0.591685312986374,9.318693310022355e-06,1885.7486378401516,119000000.0,0.000257,12.7
1.504634974524379,0.8327572971582413,4.512820631265641e-06,845.034822821617,291000000.0,0.00123,7.16
1.468018899857998,0.7228626877069474,7.559173732995988e-06,627.8647035360335,363000000.0,0.00113,8.51
1.8072531580924989,0.7411439303308726,9.208423346281053e-06,1632.5167864561079,182000000.0,0.00152,15.69
1.453615365922451,0.7079269587993623,8.157945677638055e-06,531.9465994834899,393000000.0,0.00119,8.56
1.4849142730236056,0.6262875258922578,6.365419918671251e-06,1379.266522824764,152999999.99999997,0.00041700000000000005,11.15
1.4851662576198579,0.805905930697918,4.621195942163468e-06,904.8335552215575,273000000.0,0.0010699999999999998,7.67
1.4869599089026453,0.6352052360773087,5.013902485370637e-06,728.8819104433059,263000000.00000003,0.00042899999999999997,5.66
1.4810273341834546,0.6291326969861984,6.433444066904486e-06,917.6856577396392,219000000.0,0.00046199999999999995,8.6
1.3500380158424379,0.7996729016304017,5.135555282235146e-06,2478.196501731872,410000000.0,0.0006890000000000002,0.3700000000000002
1.311742186546326,0.6391168802976609,9.477601736783982e-06,2808.9944571256633,102999999.99999999,0.0003990000000000001,16.02
1.4721393182873728,0.7276494294404984,5.643998943269254e-06,995.04816532135,231000000.0,0.000809,9.71
1.4006330609321596,0.6202254831790924,3.5230708420276646e-06,2768.6114162206645,79600000.00000001,0.00020299999999999992,11.36
1.6948285818099977,0.65891971886158,6.752085678279401e-06,2938.054978847503,98400000.00000003,0.0005479999999999999,15.98
1.4915062576532365,0.7817468136548996,5.1377069503068936e-06,650.3072679042815,377000000.0,0.00113,5.79
1.4737297609448434,0.6296239256858827,6.952164575457574e-06,1790.5889283865688,129000000.0,0.00042600000000000005,13.08
1.6448003590106965,0.8436669766902924,8.25360155105591e-06,647.8058099746703,366000000.0,0.00262,10.74
1.5103627491742373,0.6337885022163392,4.477971702814103e-06,1109.522685408592,178000000.00000003,0.0003879999999999999,8.08
1.8021540999412538,0.752213516458869,5.950161762535573e-06,2327.1366879343987,128000000.0,0.0010699999999999998,15.5
1.2535651087760926,0.8456940829753876,9.794923961162568e-06,382.48541951179493,458000000.0,0.00239,10.27
1.6025709092617035,0.6309738636016846,8.594910472631456e-06,2936.805516481399,99699999.99999999,0.00047099999999999996,16.12
1.2345491588115693,0.5946094930171967,2.894640445709229e-06,2762.7601027488704,72699999.99999999,0.00010300000000000004,8.65
1.255057901144028,0.6045943379402161,8.913065910339357e-06,2930.590838193893,88200000.0,0.00025900000000000006,14.79
1.2794187068939211,0.6290677249431611,9.378416806459429e-06,1305.2726462483404,170999999.99999997,0.0004300000000000001,12.21
1.5003105249255897,0.6304903775453569,5.424389183521271e-06,2745.8928078413005,90399999.99999997,0.0003240000000000001,13.88
1.2943746685981752,0.6259659111499787,8.661319494247438e-06,2418.1277602910995,106000000.00000003,0.00034200000000000013,14.74
1.4888573683798314,0.6299181282520295,3.259741425514222e-06,1577.430061995983,122000000.00000004,0.0002559999999999999,8.29
1.5345432378351689,0.6600075244903565,7.2718059867620475e-06,1917.9103448987005,131999999.99999999,0.0005780000000000001,14.3
1.483523140847683,0.8164160415530205,4.3114343881607064e-06,889.2178833484649,275000000.0,0.00106,7.06
1.4559578508138658,0.773179878294468,4.415501147508622e-06,1036.9000136852262,223000000.0,0.0008459999999999997,8.71
1.5747324630618096,0.783233566582203,7.260350763797761e-06,951.928749680519,257000000.0,0.00158,12.04
1.533546191453934,0.867655447125435,3.554844975471497e-06,2464.8794829845424,341000000.0,0.0008740000000000001,1.6299999999999997
1.7555394709110261,0.889460089802742,5.048471033573151e-06,1032.3116481304166,232999999.99999997,0.00207,10.71
1.660475778579712,0.7116919308900834,8.07641239464283e-06,1766.8412458151577,159000000.00000003,0.00102,15.18
1.456026265025139,0.7282757677137852,8.391870945692063e-06,765.216901898384,304000000.0,0.00119,10.73
1.4921036571264268,0.6986139535903931,3.5649609863758094e-06,2480.112493038177,96600000.00000001,0.0004159999999999999,12.83
1.5771336972713472,0.681356155872345,8.714603006839753e-06,1804.2703736573455,150999999.99999997,0.0008030000000000002,15.14
1.3546788275241852,0.6364011704921723,8.642013520002366e-06,1522.006720304489,152999999.99999997,0.0004610000000000001,13.01
1.4287479087710382,0.6736051976680756,8.522364169359208e-06,639.8120820522307,335000000.0,0.000872,8.89
1.3227951586246491,0.6062234401702882,4.949773222208024e-06,469.5336818695067,346000000.0,0.00027799999999999987,1.4900000000000002
1.3690487265586855,0.8302217692136765,8.425383478403093e-06,936.9416087865828,421000000.0,0.00173,8.09
1.718814092874527,0.7690724954009057,9.317084044218065e-06,1058.8770657777784,251000000.0,0.00192,13.899999999999999
1.4757305637001992,0.7188457131385804,6.128158576786519e-06,1187.0635971426962,198000000.00000003,0.0007900000000000001,11.54
1.4794265963137152,0.6401859730482102,7.349412798881532e-06,926.1992871761321,227000000.00000003,0.000587,9.71
1.20440234541893,0.5947890222072602,6.0767853632569326e-06,598.8642871379851,293000000.0,0.00023099999999999998,3.24
1.4992002904415132,0.6258991599082947,4.402847737073899e-06,1209.4117626547811,162000000.00000003,0.00034200000000000013,8.29
1.2622230648994448,0.6063048899173737,7.148506477475168e-06,779.2295068502425,232999999.99999997,0.000301,6.74
1.4531782642006876,0.7074627801775933,8.456276625394822e-06,862.2005134820937,270000000.0,0.00102,11.32
1.6468900322914124,0.7406736060976983,4.743421286344529e-06,2224.1641134023666,120000000.0,0.000776,14.21
1.3482289016246798,0.6172530502080917,7.255511283874513e-06,510.1608037948607,359000000.0,0.000413,4.58
1.5020030446350576,0.6526995331048966,4.406941831111909e-06,1297.321833670139,158000000.0,0.00042800000000000005,9.37
1.255653512477875,0.6064968377351762,6.048565424978734e-06,1168.3048978447912,161000000.00000003,0.00024699999999999993,8.35
1.5444892510771753,0.8041517078876496,8.25975698232651e-06,1574.8259536921976,467999999.99999994,0.00134,5.21
1.554783770442009,0.8584947556257249,3.4559562802314766e-06,1192.959241569042,184000000.0,0.00113,9.31
1.3261288404464724,0.7327583245933057,9.788039833307268e-06,723.7040549516677,314000000.0,0.0013,11.86
1.480108255147934,0.7267114385962486,5.449188545346261e-06,1376.74256414175,171999999.99999997,0.0007439999999999999,11.91
1.3243028461933137,0.6118951141834259,4.6720874607563025e-06,2317.3865601420403,93300000.00000001,0.00021599999999999994,11.38
1.424698466062546,0.6208687126636505,5.469373419880868e-06,1283.6557552218435,155000000.0,0.0003290000000000001,9.55
1.4049873411655427,0.6223963916301728,7.306737318634988e-06,1881.5179374068973,122000000.00000004,0.00036700000000000003,13.07
1.2552302062511445,0.6043513208627701,3.930141866207123e-06,1992.408588528633,98700000.0,0.00016200000000000006,8.98
1.5106220908463002,0.6505033850669861,3.979369670152665e-06,2580.6182920932765,91599999.99999999,0.00032500000000000004,12.67
1.386458569765091,0.8035452738404275,3.0590600967407233e-06,1291.0493388772009,163000000.0,0.000686,9.06
1.472242596745491,0.643514496088028,7.863032698631287e-06,1119.0882623195646,197000000.00000003,0.0006100000000000001,11.47
1.5121632870286705,0.6332510590553284,3.5994627773761754e-06,1477.0816937088964,132999999.99999997,0.00030500000000000004,8.61
1.486242735385895,0.6785457730293275,7.761985659599305e-06,1325.4402875900266,181000000.00000003,0.000721,13.04
1.585761684179306,0.7500698547810317,5.914593264460564e-06,1502.3779049515722,169999999.99999997,0.00101,13.16
1.768623608350754,0.9086180984973908,3.0363088250160222e-06,1320.186026394367,164000000.0,0.00145,9.68
1.484407686442137,0.7716476038098335,5.3893201649189e-06,1028.3150076866148,233999999.99999997,0.001,10.04
1.5669372037053109,0.7067644581198693,6.236706152558328e-06,1853.8982626050708,139000000.0,0.0007460000000000001,14.23
1.720778524875641,0.7007452681660653,6.954704321920873e-06,2571.985080838203,118000000.00000001,0.000794,16.07
1.4531573921442034,0.6135387271642685,7.532712221145631e-06,2998.831748962402,86700000.00000001,0.000312,14.989999999999998
1.578121465444565,0.7347540892660619,6.3062744718045e-06,1552.9436916112898,166000000.0,0.0009530000000000001,13.579999999999998
1.7367427647113802,0.874867969751358,8.236489698290826e-06,647.4879682064055,366000000.0,0.0031200000000000004,10.91
1.7429916322231294,0.6693192869424821,6.673267366364599e-06,3010.958462953567,97600000.00000001,0.0005989999999999999,16.24
1.6022090077400208,0.598195230960846,2.9277787208557134e-06,1891.7490001767871,102999999.99999999,0.00020100000000000014,7.97
1.776469695568085,0.6515518337488175,3.0228159427642826e-06,2008.4241703152654,106000000.00000003,0.0003990000000000001,10.44
1.3975868225097658,0.7747644022107125,3.6036557555198678e-06,692.136988043785,347000000.0,0.000686,2.89
1.204245239496231,0.5948876559734345,8.215142831206323e-06,1157.573342323303,167000000.0,0.0002649999999999999,9.67
1.4823524236679078,0.6484780490398407,7.442647367715837e-06,1033.0692231655119,210000000.0,0.0006280000000000001,10.790000000000001
1.5487042352557183,0.8427770376205445,7.78188493847847e-06,553.1605631113051,410000000.0,0.00242,9.43
1.5070281967520716,0.7485483817756177,4.236611664295197e-06,1745.62781304121,134999999.99999997,0.0006980000000000002,12.25
1.2374004006385804,0.5987348914146424,3.691529512405396e-06,2977.6320159435268,70200000.0,0.00012599999999999992,10.91
1.4281318947672845,0.7965878561139107,3.3382875323295597e-06,1411.9176864624021,155000000.0,0.0007219999999999999,10.07
1.409329265356064,0.7302336372435093,8.921420365571977e-06,494.5688247680663,407000000.0,0.00139,9.37
1.505468443594873,0.8319365680217744,2.98597264289856e-06,1558.6558654904363,142000000.00000003,0.000822,10.33
1.4080770671367646,0.6181999951601029,4.690852493047715e-06,1280.1683619618414,150999999.99999997,0.00028399999999999996,8.46
1.5191683799028397,0.7717726573348046,4.14124608039856e-06,1581.667076796293,148000000.0,0.0008030000000000002,11.69
1.5851544946432115,0.8436430245637895,7.130970925092698e-06,1388.2855623960493,464000000.0,0.00164,4.97
1.4655406907200814,0.7118606194853784,4.464409977197648e-06,1722.749315202236,133999999.99999997,0.000558,12.01
1.2966889500617982,0.7602202031761408,6.6707173716276895e-06,2689.2075985670085,423000000.0,0.0005989999999999999,2.0799999999999996
1.421873438358307,0.6541575014591218,8.360974669456483e-06,490.4595315456389,384000000.0,0.000791,7.48
1.7587150275707246,0.7376534901559354,4.831684634089471e-06,2768.304601311683,105000000.00000003,0.000792,15.38
1.5791728645563128,0.7289441518485547,3.850459635257722e-06,2477.959796786308,102000000.0,0.00058,13.69
1.6849297106266024,0.7311177000403405,6.123989902436735e-06,2074.118584394455,134999999.99999997,0.000921,14.92
1.5036049336194994,0.6281125009059907,5.055885046720505e-06,1300.0073581933973,156000000.0,0.00038400000000000006,9.68
1.5938445389270783,0.8542512148618698,7.91293902695179e-06,1235.9901815652845,622000000.0,0.00191,2.76
1.6204656779766085,0.7199092268943788,9.363254785537721e-06,1334.3551680445669,203000000.0,0.00125,14.66
1.6171269536018373,0.6933100327849389,9.452513337135317e-06,1735.8811032027004,164000000.0,0.00098,15.5
1.5573375061154366,0.8378987967967988,7.187343001365663e-06,682.4555546045302,348000000.0,0.00215,10.0
1.4274979993700982,0.7888983428478241,9.31581398844719e-06,496.60074710845936,420000000.0,0.00202,10.15
1.4882666967809202,0.7706794112920762,5.46068935096264e-06,784.2280268669127,320000000.0,0.00106,7.36
1.6191495001316072,0.8745199978351593,4.158276468515397e-06,584.7065448760985,373000000.0,0.00172,5.22
1.6187951266765597,0.6716626346111298,7.73280942440033e-06,2383.3333998918533,120000000.0,0.000657,15.66
1.517454829439521,0.6446519404649735,4.054213047027588e-06,2773.7915813922878,86599999.99999997,0.00030899999999999987,13.02
1.478813423216343,0.632204568386078,5.462814420461656e-06,2303.239919245243,102000000.0,0.000343,13.15
1.5747767865657807,0.8649524599313737,4.209642171859742e-06,599.4451344013213,371000000.0,0.00157,5.170000000000001
1.5009272642433644,0.7723535656929017,1.0030401647090914e-05,681.5541088581084,343000000.0,0.00197,12.31
1.6688666582107545,0.6894787788391114,6.022539868950845e-06,2703.235104680061,106000000.00000003,0.0006370000000000001,15.69
1.5889742016792299,0.7134660243988038,3.037442028522492e-06,2897.6691812276836,84900000.0,0.0004319999999999999,13.3
1.4881043471395972,0.8640101194381714,3.952236413955689e-06,2317.9595842957497,376000000.0,0.000894,0.09999999999999984
1.665119916200638,0.8372425317764283,7.105235241353513e-06,840.515300631523,290000000.0,0.00219,11.46
1.67545645236969,0.9047828793525696,9.729640215635302e-06,765.1608735322951,971999999.9999999,0.00322,0.68
1.6805553853511812,0.8881947487592698,3.416818201541901e-06,2526.9340276718135,318000000.0,0.001,2.4600000000000004
1.4951500810682774,0.6854816392064095,3.153141856193543e-06,1718.013404868543,121000000.0,0.000374,9.91
1.4223223686218263,0.7316209048032761,3.6448637247085576e-06,1228.5827025771139,169999999.99999997,0.0005620000000000001,9.11
1.476907266676426,0.7692423462867738,7.447593346238137e-06,698.9068090915679,339000000.0,0.00139,9.53
1.4551654860377312,0.6731743007898331,8.280654907226564e-06,943.4307664632796,240000000.0,0.0007900000000000001,11.21
1.6051800191402437,0.8744975924491883,8.635786324739457e-06,1043.5789376497266,782000000.0,0.00219,1.0899999999999999
1.5029555462300779,0.6492727249860765,4.740432649850846e-06,2106.767475605011,109000000.00000001,0.0003860000000000001,12.49
1.499447087198496,0.6320190668106079,5.00606206059456e-06,917.6273196935653,212000000.0,0.0004119999999999999,7.37
1.7523861587047578,0.7451020762324334,5.442766398191453e-06,2383.857250213623,122000000.00000004,0.000932,15.2
1.2998706579208374,0.6280289322137833,9.27468800544739e-06,455.52778244018543,377000000.0,0.0005840000000000001,7.35
1.5584402650594713,0.8800964534282685,2.8690499067306523e-06,2614.970833063125,148000000.0,0.000838,8.48
1.4953868106007577,0.8019586488604546,5.46356011927128e-06,710.0203931331633,347000000.0,0.00127,7.02
1.377451515197754,0.8826954066753389,2.9625658988952643e-06,2470.7483053207393,255000000.0,0.000736,3.37
1.3889909327030183,0.6192591458559037,3.6865803003311163e-06,2102.872535586357,97500000.00000001,0.00021500000000000005,9.98
1.5196152918040753,0.7255162328481675,6.974249944090844e-06,1280.2045345306394,194000000.0,0.0009580000000000001,12.93
1.5143766950815918,0.6462327271699906,7.16721784323454e-06,2247.598499059677,115999999.99999997,0.00049,14.63
1.4818706676363946,0.7481540612876416,6.849844820797445e-06,818.4007853269576,296000000.0,0.00111,9.62
1.4250399425625802,0.7363648407161236,3.821554183959961e-06,1351.1294797062872,160000000.00000003,0.000589,10.04
1.5867891043424607,0.6534725904464722,6.94805806875229e-06,2553.8745820522304,108000000.00000001,0.000523,15.3
1.5028369411826135,0.6500539094209672,7.1478645652532585e-06,1605.7327501475809,147000000.0,0.000549,13.23
1.3326076805591585,0.614847806096077,6.1933695152401935e-06,2718.7779843807216,88100000.00000001,0.00024800000000000007,13.44
1.4799515604972842,0.7442173663526774,6.874376267194749e-06,726.0420471429824,333000000.0,0.00113,8.6
1.4481808304786683,0.6930138990283014,8.574532628059389e-06,947.8713870048522,245000000.00000003,0.0009140000000000001,11.86
1.4943644039332868,0.6601314872503281,5.003967657685281e-06,1712.7333041280506,130999999.99999999,0.00045700000000000005,11.87
1.4818799190223217,0.6853812128305435,3.4073939621448525e-06,2409.3021750450134,95999999.99999999,0.0003640000000000001,12.13
1.4277887150645256,0.639708897471428,7.409279093146326e-06,2329.9678340554237,111000000.0,0.00041999999999999996,14.6
1.1997205138206484,0.5947785973548889,8.159191951155663e-06,2852.651804685592,86200000.00000001,0.00021000000000000012,13.89
1.4873600609600546,0.7121089249849321,5.510721787810327e-06,1536.4558361470697,155000000.0,0.0006760000000000002,12.49
1.2730524837970736,0.6823319390416146,9.475335955619813e-06,1473.0952978134153,175000000.0,0.0006410000000000001,14.04
1.4884165205061437,0.6300779163837433,3.2436700463294987e-06,1793.204631656408,111000000.0,0.00025000000000000006,9.02
1.7051086843013765,0.597639137506485,2.9164846539497383e-06,1485.6434911489484,127000000.00000001,0.00024100000000000008,6.78
1.2463550984859468,0.6088344633579255,9.370006859302523e-06,2503.153786063194,101000000.0,0.00029200000000000005,14.63
1.3967145323753358,0.6180311679840088,3.59254401922226e-06,2925.5083501338954,75400000.0,0.00019900000000000012,11.74
1.501446256041527,0.6434034883975983,4.213475704193116e-06,2337.918721139431,97799999.99999999,0.00032500000000000004,12.24
1.4381438925862313,0.6973836600780488,8.563987702131272e-06,764.2879635095595,297000000.0,0.0009769999999999998,10.47
1.2013915479183197,0.7017149984836579,1.0033972740173342e-05,1242.9713010787962,206999999.99999997,0.000751,13.94
1.6275978863239289,0.8157170668244362,9.39522209763527e-06,611.7624342441558,383000000.0,0.00259,11.12
1.743971621990204,0.7639672737568618,9.292473793029786e-06,1166.3655862212179,235000000.00000003,0.00185,14.32
1.600273633003235,0.8168250516057015,6.473776141181589e-06,2075.036533176899,523999999.99999994,0.00114,1.4200000000000004
1.4048458814620972,0.7888638272881509,3.3761787116527565e-06,783.8788181543349,301000000.0,0.0007110000000000002,3.9799999999999995
1.2576270639896394,0.6042780697345734,4.809760630130769e-06,2544.887095689773,85999999.99999999,0.00018200000000000006,11.49
1.495031724125147,0.7134476691484452,6.52812259271741e-06,1341.6895568370817,181000000.00000003,0.0008020000000000001,12.67
1.473763056099415,0.8350282967090608,3.694300144910813e-06,924.5317727327346,249000000.0,0.00102,6.86
1.5114405401051045,0.7016191095113755,4.0023921430110936e-06,2367.8102269768715,102999999.99999999,0.000475,13.24
1.7492986321449282,0.9058172464370728,7.274764582514764e-06,542.9429858922957,413000000.0,0.00347,9.06
1.4464364334940911,0.7441669609397651,8.306411713361742e-06,528.9784371852874,401000000.0,0.0014399999999999999,9.12
1.2765737235546113,0.658344241976738,9.224689573049547e-06,1444.1764652729032,168000000.0,0.0005250000000000001,13.36
1.364418536424637,0.8217964991927148,9.261810541152956e-06,470.54800391197193,436000000.0,0.00222,9.95
1.5970770299434662,0.7289917163550854,5.1956973671913155e-06,2006.2169730663297,129000000.0,0.000763,14.01
1.466749079525471,0.6345334142446518,8.201942428946497e-06,2796.0968315601344,101000000.0,0.000422,15.64
1.4462381154298785,0.7859799295663834,4.057906806468964e-06,1035.4227870702741,221000000.0,0.000842,8.24
1.4860691316425803,0.6355039447546006,3.618519455194474e-06,2757.267385721206,83400000.0,0.000257,12.13
1.4615457594394685,0.8286227703094483,3.195989757776261e-06,868.2342171669005,256000000.0,0.0008870000000000001,5.6
1.477794420719147,0.7472658623009921,5.678142175078393e-06,933.9653998613356,256000000.0,0.000919,9.23
1.5401267811655999,0.6639634341001511,5.831910923123361e-06,2238.889403641224,112999999.99999999,0.0005000000000000001,14.15
1.48721429631114,0.8026978388428688,4.539180755615235e-06,736.3047003746032,347000000.0,0.0010500000000000002,5.08
1.420222878456116,0.6345670938491822,8.338821917772294e-06,923.3964532613753,228000000.0,0.0005620000000000001,10.09
1.5005344178527595,0.8432094544172287,8.094033583998681e-06,1160.4646146297453,436000000.0,0.00184,7.14
1.6598799884319306,0.7372243031859399,9.367845803499223e-06,1227.3944467306135,220000000.0,0.00148,14.44
1.6154995143413544,0.7721317470073701,5.249808356165887e-06,1536.2874343991277,165000000.0,0.00106,12.76
1.4757286816835404,0.6756520003080368,3.9819598495960246e-06,923.6293584108352,211000000.0,0.0004669999999999999,6.89
1.6507450103759767,0.7121493369340898,7.051375634968282e-06,1956.5158635377882,142000000.00000003,0.000897,15.09
1.4906702533364298,0.6345134943723679,4.165826082229615e-06,2672.0042079687114,87899999.99999999,0.00028300000000000005,12.66
1.4299648985266686,0.7598293114453555,8.74040362238884e-06,518.3064490556716,407000000.0,0.00163,9.56
1.584048253297806,0.6321899592876435,6.271398384124042e-06,2842.9964482784267,93900000.0,0.00040600000000000006,14.97
1.4067334055900576,0.6256789416074754,8.232717499136925e-06,1018.2605236768721,205999999.99999997,0.00048100000000000004,10.33
1.3930346846580506,0.6198849856853486,3.6252010166645057e-06,2334.682412445545,90699999.99999999,0.000211,10.49
1.2314301788806916,0.6703341096639633,9.62899935245514e-06,1045.2436953783033,222000000.0,0.000626,12.25
1.3251733481884005,0.6127392590045929,3.6678630411624916e-06,1203.3281773328779,153999999.99999997,0.00020100000000000014,5.84
1.7087310433387757,0.9016736984252931,3.02781355381012e-06,1224.4125008583067,174000000.0,0.00136,9.14
1.4734229877591134,0.6577283173799515,8.066462859511376e-06,1328.2008022069929,177000000.0,0.000642,12.87
1.6549018621444704,0.7877257347106934,5.125046968460084e-06,1530.5969044566152,167000000.0,0.00116,12.69
1.5622665077447893,0.633088454604149,5.043628111481667e-06,2938.155263662338,85700000.00000001,0.0003400000000000001,14.16
1.481761132925749,0.7876878753304483,7.0353440493345274e-06,574.0694254636763,395000000.0,0.0016,8.47
1.4819527253508569,0.6843784958124162,5.978728786110879e-06,1330.1584422588346,171999999.99999997,0.0006249999999999999,11.63
1.6743248641490938,0.9004082500934601,9.273460090160371e-06,787.0764583349227,649000000.0,0.00314,4.78
1.6724212646484375,0.7609547663480044,5.122678339481355e-06,1907.5970277190206,139000000.0,0.000969,13.81
1.752545589208603,0.6875435560941697,8.224620684981347e-06,2693.9206123352046,119000000.0,0.0008189999999999998,16.65
1.4703327879309656,0.6311371922492982,6.445478610694409e-06,2337.811730802059,105000000.00000003,0.000376,13.94
1.715170043706894,0.8268106073141098,7.070721715688706e-06,981.2827706336974,258000000.0,0.00209,12.33
1.5718632951378824,0.8580967962741852,4.974018499255181e-06,882.3541849851607,266000000.0,0.00161,9.24
1.2669356882572176,0.6050148278474808,3.7650337815284736e-06,1012.7124488353728,180000000.00000003,0.00018000000000000004,4.45
1.3431188285350801,0.6163144737482071,6.47169374022633e-06,2306.4745143055916,100000000.0,0.00027499999999999996,13.05
1.4548701748251915,0.735134842246771,8.720168679952623e-06,780.8757871389388,298000000.0,0.0012899999999999997,11.4
1.588827618956566,0.8804677158594132,3.0247372984886173e-06,1210.3574275970457,175000000.0,0.00114,8.94
1.5020688112825156,0.6398795038461685,4.334291845560074e-06,2002.043306827545,109000000.00000001,0.0003380000000000001,11.52
1.3102402925491334,0.6952846571803094,9.948636382818223e-06,1769.4322969764469,162000000.00000003,0.000721,15.41
1.639099109172821,0.7179598040878773,2.897387087345124e-06,2789.406359195709,86800000.0,0.0004610000000000001,12.86
1.2600709676742554,0.6062105655670167,7.15214740484953e-06,882.644012570381,211000000.0,0.0002959999999999998,7.51
1.4898937448859215,0.7136208817362786,3.0191864371299747e-06,758.3537250757216,258000000.0,0.000492,4.14
1.6316889345645906,0.8485337287187577,5.12996280193329e-06,1016.6217684745787,237000000.0,0.00165,10.48
1.5129854377359153,0.6340948820114136,3.5826120078563696e-06,1389.4854038953779,141000000.00000003,0.00031,8.19
1.6375143885612489,0.8857979625463487,3.589142739772797e-06,1027.1745473146436,214000000.00000003,0.0014099999999999998,8.64
1.4222147047519684,0.6759644597768785,9.313680261373521e-06,2321.7210099101067,129000000.0,0.000604,15.94
1.5471793055534364,0.6883061304688455,9.487767398357393e-06,1626.2771673500536,168999999.99999997,0.000904,15.14
1.5531152084469797,0.8212292388081551,5.629329048097134e-06,2312.1666833758354,485999999.99999994,0.000996,0.3299999999999997
1.7465865790843964,0.7428774006664753,4.90393115580082e-06,2596.1989462375636,111000000.0,0.0008340000000000001,15.18
1.3395596623420716,0.615886652469635,5.474157303571702e-06,2533.3529263734813,90900000.00000001,0.00024100000000000008,12.72
1.62272207736969,0.8247399374842644,5.152103140950203e-06,1130.3446367383,218000000.00000003,0.00146,11.02
1.5503508925437928,0.705521996319294,4.459537327289582e-06,2355.9017404913902,107000000.00000001,0.0005470000000000001,13.84
1.2621018111705782,0.8631023973226548,2.9191637039184574e-06,2511.1398398876186,251000000.0,0.0005379999999999998,2.2299999999999995
1.5596977204084397,0.7904696792364121,5.130230769515038e-06,1225.6305217742918,199000000.00000003,0.00114,11.3
1.7498216092586518,0.7404966026544572,4.901695728302003e-06,2654.7690778970714,109000000.00000001,0.0008189999999999998,15.27
1.2634624421596528,0.6039477556943894,3.7876749038696295e-06,2759.7375512123103,77300000.0,0.00015100000000000007,10.7
1.617122519016266,0.8791832774877549,2.9861240983009343e-06,1347.4108576774595,161000000.00000003,0.00113,9.65
1.5023138903081419,0.6390383630990982,5.306056201457978e-06,1023.4479159116744,198000000.00000003,0.0004579999999999999,8.62
1.520147828757763,0.6418510794639588,6.237902253866197e-06,2211.11099421978,111999999.99999999,0.0004449999999999999,13.97
1.4152025878429415,0.7762357637286187,3.0385161936283117e-06,988.4329438209533,204000000.0,0.000639,6.86
1.4827402889728547,0.7014145508408547,8.304950982332231e-06,1148.8740071654317,211000000.0,0.0009289999999999998,12.98
1.667279076576233,0.8165193334221841,6.1148916259408005e-06,1099.0283191204069,229000000.0,0.00167,12.0
1.3764057755470278,0.6268693953752519,8.253986448049547e-06,628.7093013525008,314000000.0,0.0005330000000000002,7.18
1.6746920049190523,0.8907513231039048,3.0748091638088234e-06,969.8844254016875,217000000.00000003,0.00134,7.35
1.4869300849735738,0.7685743141919376,6.2343026846647275e-06,615.2282208204268,384000000.0,0.00127,7.36
1.668085938692093,0.8817751675844193,6.3492703344672925e-06,1374.1551265120504,565000000.0,0.00184,2.1200000000000006
1.4927359834313394,0.8184197410941124,4.474373072385788e-06,802.7817606925963,314000000.0,0.00113,6.2
1.5254799485206605,0.800938130915165,5.2078005522489555e-06,1044.7705835103986,231000000.0,0.0011999999999999997,10.27
1.6204356014728547,0.6713620930910111,6.5524482391774664e-06,2567.67164170742,109000000.00000001,0.0005840000000000001,15.45
1.464783462882042,0.659447667002678,8.03649450838566e-06,2278.5972356796265,121000000.0,0.0005310000000000001,15.149999999999999
1.5854862034320834,0.743803557381034,8.965269833803177e-06,1046.411946415901,241000000.0,0.00148,13.5
1.800890064239502,0.8934059232473375,5.086489990353585e-06,1112.562522292137,219000000.0,0.00218,11.21
1.5625773802399636,0.6551588952541352,2.991059541702271e-06,972.1999168395995,186000000.0,0.0003600000000000001,5.65
1.6026144146919252,0.7465537581592799,5.891532875597478e-06,1607.5629480183122,161000000.00000003,0.000985,13.5
1.6902665555477143,0.6003942579030991,2.934219121932984e-06,2804.579466581344,75600000.00000003,0.0002119999999999999,10.57
1.7682562708854677,0.7046191781759262,9.313086539506913e-06,2159.7015783190727,146000000.0,0.0010800000000000002,16.43
1.4857149794697764,0.6827503502368928,8.027663156390192e-06,1311.2400397658346,185000000.0,0.0007619999999999999,13.23
1.4064733564853669,0.6243490397930146,6.93886560201645e-06,2288.635365664959,105000000.00000003,0.00033899999999999995,13.77
1.3381900906562807,0.6154180258512497,6.133756272494794e-06,1779.672998934984,120000000.0,0.0002799999999999999,11.46
1.626264274120331,0.8745621711015702,4.065366506576538e-06,1050.8138984441755,217000000.00000003,0.00148,9.45
1.2447160363197327,0.6889969468116761,9.68252131342888e-06,1248.862065374851,201000000.0,0.0007020000000000001,13.5
1.6027425169944765,0.6923692300915719,8.435891062021257e-06,1750.7694493979213,156000000.0,0.0008830000000000001,15.08
1.4766152903437615,0.6666100502014161,5.956330493092538e-06,704.9910277128218,314000000.0,0.0006119999999999999,6.19
1.4880944207310678,0.6758432149887086,4.794969528913499e-06,1937.740623950958,120000000.0,0.000466,12.61
1.491162382811308,0.7573262851685286,8.846045643091203e-06,2163.154251873493,447000000.0,0.000943,4.65
1.1991023898124695,0.5935485184192658,9.10384088754654e-06,2629.984945058822,93700000.00000001,0.0002320000000000001,14.07
1.331984353065491,0.6165182411670685,8.562452286481859e-06,1493.9774498343465,147000000.0,0.00037300000000000007,12.21
1.413396692276001,0.636823743581772,7.915443778038026e-06,489.9637699127196,374000000.0,0.0006299999999999998,6.46
1.4981262166053058,0.6522598922252656,4.7042081058025365e-06,1032.4957519769666,195000000.0,0.00046299999999999987,8.24
1.25317799448967,0.6408721715211869,9.631376534700395e-06,912.5477373600005,232999999.99999997,0.0005180000000000001,10.9
1.4258911415934563,0.7974795117974282,3.1195102035999304e-06,902.679145336151,233999999.99999997,0.0007340000000000001,5.91
1.4395417883992196,0.7252562373876572,9.057260632514955e-06,834.6268832683562,279000000.0,0.00123,12.05
1.4194146394729616,0.8014294356107713,3.001527905464173e-06,1542.9211705923078,141000000.00000003,0.0006720000000000001,10.15
1.2990987360477448,0.6180547535419465,8.648717612028124e-06,2779.6239703893657,94099999.99999999,0.00030200000000000013,14.97
1.6610186576843262,0.7376172468066217,6.427039026282729e-06,1796.1313873529432,151999999.99999997,0.00101,14.46
1.4992532663047315,0.6632658183574677,4.8210829645395286e-06,2117.892310023308,111000000.0,0.00042800000000000005,12.92
1.2618271529674532,0.6041877329349519,8.200258687138558e-06,783.2394093275069,237000000.0,0.00033699999999999995,7.61
1.6627332508563997,0.8858941107988358,7.349861949682236e-06,1161.4643335342405,645000000.0,0.00211,2.11
1.5102983046323062,0.6222134113311768,6.573185594752432e-06,2873.39474260807,90600000.0,0.0003439999999999999,14.72
1.5056290877982976,0.6501530081033707,4.0355510711669926e-06,2467.6502794027324,94400000.0,0.0003290000000000001,12.47
1.6681812286376954,0.7390931122004987,5.022625774145127e-06,2235.750511288643,122000000.00000004,0.000813,14.509999999999998
1.4737123847007754,0.631186392903328,6.5749361459165825e-06,2087.2664749622345,113999999.99999999,0.0003990000000000001,13.57
1.6688739180564882,0.6391840606927872,2.990782499313355e-06,2340.328089892864,92700000.00000003,0.00030500000000000004,10.9
1.4842576257884503,0.6298771262168885,6.390189148485662e-06,2630.711898207664,96600000.00000001,0.00035899999999999994,14.39
1.5243967384099961,0.6693327516317368,8.721276432275773e-06,2400.6993621587753,123000000.00000003,0.000618,15.85
1.69225350022316,0.8560683310031891,4.4727414846420295e-06,1229.0389388799665,199000000.00000003,0.00154,10.93
1.503701224923134,0.6416254699230195,5.864545337855817e-06,1805.7017419487236,127000000.00000001,0.00044199999999999996,12.69
1.602248615026474,0.6745503902435304,7.78268936276436e-06,2190.410114824772,127000000.00000001,0.0006830000000000001,15.38
1.7464503049850466,0.6579374760389328,3.0439466834068306e-06,1640.7392378896473,128000000.0,0.0004210000000000001,9.11
1.2637023568153383,0.6045394957065583,3.7986322641372685e-06,2663.4784340858455,79600000.00000001,0.0001530000000000001,10.500000000000002
1.4062531828880311,0.789326660335064,3.5422030389308934e-06,692.9400861263274,345000000.0,0.0007370000000000001,2.8800000000000003
1.5155364688485862,0.6239364802837373,8.971531033515932e-06,2995.409399271011,96100000.00000001,0.0004119999999999999,16.05
1.493647413700819,0.6574007213115692,5.2174852490425115e-06,1117.321357131004,186999999.99999997,0.000512,9.46
1.590385901927948,0.7520247515290976,6.837701059877874e-06,1296.0157468914983,197000000.00000003,0.00118,13.16
1.4869013808667662,0.6719124376773835,7.232572779059411e-06,1329.096511006355,176000000.0,0.000658,12.56
1.5215726360678674,0.674273192882538,5.432627230882646e-06,2102.858528494835,116999999.99999997,0.0005059999999999999,13.71
1.673771917819977,0.7319215748459101,5.838349342346193e-06,2096.204675734043,131999999.99999999,0.0008839999999999999,14.79
1.254145610332489,0.6052502721548081,5.969717398285866e-06,1885.087454691529,111000000.0,0.00022400000000000002,11.0
1.4934953279793264,0.8666786313056947,9.457986384630204e-06,902.3065418004988,802000000.0,0.00222,2.35
1.6803934514522554,0.8782257735729219,3.088913500308991e-06,839.2245620489119,268000000.0,0.00128,5.56
1.7557549059391024,0.8385557591915132,5.944938428699971e-06,1183.547295629978,219000000.0,0.00187,12.28
1.7502541780471803,0.7389537155628205,7.099780343472958e-06,1958.9144289493559,149000000.0,0.00113,15.34
1.5898412346839905,0.7072833672165871,4.119653046131135e-06,2669.963344931602,96999999.99999997,0.000523,14.17
1.5103122532367708,0.8123215332627297,9.134413808584215e-06,522.1700966358184,419000000.0,0.00237,10.2
1.4650986626744271,0.6995975643396378,4.898900166153908e-06,759.2977136373519,307000000.0,0.000617,5.46
1.5012710720300675,0.6293809354305268,3.740619212388993e-06,1307.138383388519,149000000.0,0.00030500000000000004,7.879999999999999
1.2162864983081818,0.5965172231197358,9.87565490603447e-06,791.5816754102706,242000000.0,0.0003439999999999999,8.59
1.5143782004714013,0.8130360826849938,8.768696993589402e-06,1375.3607794642446,556000000.0,0.00155,4.17
1.2569453358650209,0.6037650972604752,9.143607318401337e-06,792.8919345140456,241000000.0,0.0003710000000000001,8.35
1.2816107511520387,0.6812775269150735,9.4503952562809e-06,1375.115431845188,184000000.0,0.000658,13.71
1.3611725091934206,0.6851642176508904,9.345788389444353e-06,2007.8144893050192,143000000.00000003,0.0006429999999999999,15.43
1.4223475813865663,0.8258106082677842,4.786267831921578e-06,2395.1575458049774,400000000.0,0.000789,0.6
1.530543923377991,0.8216877892613411,7.2308230623602875e-06,694.0130442380904,341000000.0,0.00193,10.04
1.6097930788993837,0.7525312554091216,7.246435746550561e-06,1273.1361687183378,203000000.0,0.00126,13.39
1.6298140704631807,0.7192586928606034,9.896711379289629e-06,1348.0409905314443,205000000.0,0.0012899999999999997,15.01
1.539117005467415,0.7948860615491867,4.2129230797290805e-06,1394.2992985248563,168999999.99999997,0.000957,11.06
1.4894419223070146,0.7611773248761893,5.092346996068955e-06,648.881897330284,376000000.0,0.00096,5.28
1.4127381920814515,0.6950299859046937,1.0109478890895846e-05,1612.1815443038938,174000000.0,0.000857,15.35
1.730677592754364,0.8024118572473526,2.9427753090858465e-06,2681.7961335182185,96399999.99999999,0.000761,13.22
1.4617113858461381,0.5986096143722535,2.9420651793479926e-06,2860.6418818235393,73400000.00000001,0.00016200000000000006,9.97
1.481720394641161,0.7186383716762067,6.580747660249472e-06,1165.4224172234533,204000000.0,0.0008449999999999999,11.86
1.5804479062557222,0.781921099126339,4.224867820739747e-06,1652.9517173767088,146000000.0,0.0008990000000000001,12.11
1.494659359753132,0.7490028720349075,4.2436457872390756e-06,1681.5714510157702,139000000.0,0.000697,12.03
1.558586159348488,0.7631131578236819,5.297018006443978e-06,1428.0107915401456,173000000.0,0.000983,12.31
1.4366111174225809,0.6614474684000016,8.281469553709031e-06,649.8916745185851,326000000.0,0.0007810000000000002,8.54
1.4323156759142877,0.7256842307746411,3.0791809260845192e-06,2119.216352701187,106000000.00000003,0.00042800000000000005,11.61
1.6482221603393556,0.8259931415319444,2.929965853691102e-06,2139.3448784947395,114999999.99999997,0.0008319999999999998,11.99
1.3409912288188937,0.6125106275081635,8.561498910188676e-06,3008.3565711975093,87800000.0,0.00029400000000000004,15.18
1.5021929539740086,0.645884656906128,4.210857152938844e-06,2118.6361759901047,105000000.00000003,0.00034200000000000013,11.78
1.5725070789456368,0.8961057990789414,3.025826066732407e-06,2507.556110620498,268000000.0,0.0008870000000000001,2.2500000000000004
1.2646411299705507,0.6051557153463364,3.815078526735306e-06,1118.0200725793836,165000000.0,0.00017800000000000002,5.11
1.5809176325798036,0.7831036493182183,4.633594423532487e-06,1496.2015971541402,163000000.0,0.0009949999999999998,11.96
1.2389567613601686,0.7332862336188556,1.005014842748642e-05,794.6883440017699,295000000.0,0.00117,12.6
1.3948223769664765,0.7611468236893416,3.155650883913041e-06,1043.662682175636,194000000.0,0.000585,7.43
1.7687711298465731,0.8951146334409714,3.4365683197975165e-06,661.9436591863631,363000000.0,0.00173,3.23
1.5493302270770075,0.713153086602688,5.021445214748383e-06,2038.838893175125,123000000.00000003,0.000644,13.76
1.4999460205435755,0.8097647264599801,6.480144087225199e-06,706.6964656114577,341000000.0,0.00157,8.81
1.5118853732943536,0.7450203258544207,7.917538702487946e-06,959.7475379705428,251000000.0,0.00128,12.26
1.268243658542633,0.6039305984973908,8.988252878189088e-06,1288.442865014076,162000000.00000003,0.00033400000000000004,11.14
1.2781081438064577,0.6200010001659394,9.434486389160158e-06,2963.244199752807,93499999.99999999,0.00031699999999999995,15.66
1.4017377197742464,0.7357205919921399,3.338987857103348e-06,593.4565812349318,351000000.0,0.000554,2.1500000000000004
1.4048766732215883,0.8161213383078576,3.1244811117649085e-06,1269.5278525352476,167000000.0,0.000754,9.12
1.7333621442317964,0.8219248428940774,5.142781749367715e-06,1424.9135106801984,181000000.00000003,0.00148,12.49
1.4266090437769892,0.6759592339396477,8.803101778030397e-06,1990.8296242356298,139000000.0,0.0006280000000000001,15.119999999999997
1.5493151798844338,0.7581821400672198,4.16945829987526e-06,1838.8481270521877,130999999.99999999,0.000748,12.56
1.7210366606712342,0.7504816230386496,3.914497941732407e-06,2764.1604393720622,98899999.99999997,0.0007219999999999999,14.56
1.488012143969536,0.6310230821371079,3.7649390697479253e-06,1886.394267901778,109000000.00000001,0.0002819999999999999,10.22
1.5265571370720865,0.736032984405756,5.2062047421932225e-06,1618.21967177093,150999999.99999997,0.0007800000000000001,12.79
1.7395069599151614,0.8539362967014313,2.8860767483711247e-06,2446.25936448574,111999999.99999999,0.0009400000000000001,11.71
1.2567652344703675,0.6048133760690689,5.006225720047952e-06,1104.4966727495191,169999999.99999997,0.00021599999999999994,6.62
1.3943286001682282,0.6761481776833534,8.761408984661104e-06,2095.7800298929214,133999999.99999997,0.000592,15.23
1.4419523745775225,0.7106482118368149,9.968696087598801e-06,1229.5484095811842,212000000.0,0.0010800000000000002,14.43
1.4033975958824159,0.6234585464000703,7.028960339725019e-06,2169.577769935131,109000000.00000001,0.0003439999999999999,13.57
1.403145718574524,0.6745756030082704,8.810885459184648e-06,1873.869804665446,144000000.00000003,0.000618,14.829999999999998
1.5271990545094014,0.7236367106437683,7.493605434894563e-06,1241.959474980831,201000000.0,0.00102,13.15
1.6893124401569368,0.7803655430674553,5.1163765639066705e-06,1727.985140867531,151999999.99999997,0.00111,13.35
1.7417234838008882,0.7179268352687359,9.06454446911812e-06,1778.8563687354324,167000000.0,0.0011999999999999997,15.73
1.4625011935830117,0.7229199394583703,3.548395603895188e-06,2130.639098584652,109000000.00000001,0.0004850000000000001,12.3
1.4830946557223799,0.6735544323921204,3.890820622444153e-06,2033.815562725067,110000000.0,0.00039199999999999993,11.71
1.5019238982349636,0.6529057413339615,3.520644426345826e-06,2108.4931045770645,102000000.0,0.00031400000000000004,10.97
1.4114564359188082,0.8275936245918275,3.0753878653049477e-06,1159.5670059323309,181000000.00000003,0.0008,8.34
1.412990427017212,0.6498551219701768,9.807056665420534e-06,2814.655110239982,108000000.00000001,0.00047900000000000004,16.51
1.344656950235367,0.6148259371519089,7.738704815506937e-06,1480.132147669792,144000000.00000003,0.00034200000000000013,11.61
1.655536597967148,0.8611244469881059,6.189828462898732e-06,843.0931270122527,285000000.0,0.00214,10.6
1.3063701152801515,0.6467823386192323,8.398525387048723e-06,2241.100735962391,116999999.99999997,0.000413,14.77
1.6265279531478882,0.6886274859309197,9.965039461851122e-06,2182.9897090792656,143000000.00000003,0.0008960000000000001,16.55
1.5014834739267828,0.685462622344494,3.1354764401912693e-06,2472.8045165538783,92500000.0,0.00034200000000000013,11.85
1.690223389863968,0.7516272336244584,9.35977527499199e-06,1149.4000926613805,233999999.99999997,0.0016800000000000003,14.219999999999999
1.712365883588791,0.6760844439268113,8.398567944765092e-06,2708.182513713836,115999999.99999997,0.000732,16.59
1.4816066756844521,0.7703328967094422,6.723556466400624e-06,662.0870083570479,361000000.0,0.00131,8.28
1.5544948741793634,0.7584717292338611,2.8968667984008793e-06,2451.4971226453777,97700000.0,0.0005499999999999999,12.48
1.4501432418823244,0.6234134674072266,6.875897288322449e-06,1112.4233454465864,185000000.0,0.00041799999999999997,9.99
1.695666378736496,0.8924402564764023,3.309226036071778e-06,897.571101784706,239000000.0,0.00145,7.1899999999999995
1.286912477016449,0.6759776562452317,9.128103584051133e-06,1718.2820960879324,152999999.99999997,0.000573,14.42
1.5976907014846804,0.6773379027843476,9.388171702623369e-06,2413.3351743221283,129000000.0,0.000739,16.4
1.6161469817161562,0.6967722058296204,4.406291574239731e-06,2778.0623286962505,95099999.99999997,0.0005149999999999999,14.56
1.4836086094379426,0.6306285828351975,5.518740162253381e-06,1990.1951327919958,112999999.99999999,0.00035800000000000003,12.47
1.4586068004369737,0.5990497827529908,2.940711677074433e-06,756.8089962005614,218000000.00000003,0.00019500000000000008,1.62
1.5598920464515686,0.8192911282181741,5.209478661417962e-06,1020.944520831108,236000000.00000003,0.00137,10.33
1.4921726301312448,0.6612460792064667,6.3418369591236125e-06,1277.2791758179662,175000000.0,0.000582,11.41
1.4896609291434288,0.6740583032369615,3.832095354795456e-06,2265.3727903962135,102000000.0,0.00038099999999999994,12.21
1.2891048431396486,0.6273987472057343,9.390288531780245e-06,817.0865774154662,250000000.0,0.000486,9.55
1.4997108187526467,0.6451562494039537,7.455989837646486e-06,1702.183770947158,141000000.00000003,0.0005330000000000002,13.6
1.4865843169391157,0.630337804555893,5.4956625103950506e-06,1899.2549944669006,116999999.99999997,0.000363,12.21
1.3574456691741945,0.6157738834619523,7.5704069882631315e-06,1110.3278696537016,184000000.0,0.000369,9.92
1.7008190274238588,0.9039749801158906,2.9761105179786688e-06,2481.505006551742,187999999.99999997,0.0010800000000000002,6.64
1.2807306468486788,0.6531575918197633,9.047491759061814e-06,2460.629969835281,113999999.99999999,0.00042800000000000005,15.52
1.5951108813285828,0.6486625850200654,4.809598535299302e-06,2942.887723445892,87399999.99999999,0.00038299999999999993,14.37
1.4349846974015237,0.6692996263504029,8.84151241183281e-06,1539.5086556673048,164000000.0,0.0006620000000000002,14.07
1.4396292909979822,0.6396772384643555,8.080587014555932e-06,2691.9063478708263,103999999.99999999,0.00042899999999999997,15.51
1.7591094553470614,0.8217095330357552,2.9438580274581917e-06,2564.9451017379756,102000000.0,0.000855,12.969999999999999
1.4142902791500094,0.8210201516747475,3.0161441862583165e-06,1152.6112928986547,180000000.00000003,0.000769,8.15
1.4170197844505312,0.6250381618738176,5.714035384356976e-06,2516.7300850152965,94400000.0,0.00029200000000000005,13.32
1.7092840790748598,0.8531520903110504,9.08284366130829e-06,595.9876924753188,395000000.0,0.00308,10.91
1.712993109226227,0.776223461329937,2.9480028152465824e-06,2849.6475815773006,90199999.99999999,0.0006559999999999999,13.44
1.6920150876045228,0.8339979887008667,5.105545833706857e-06,1230.0855219364164,204000000.0,0.0015600000000000002,11.62
1.4941340133547785,0.7946489810943604,5.282785162329674e-06,884.6798837184905,283000000.0,0.00115,8.47
1.757662117481232,0.8865645021200181,2.9467048048973087e-06,1780.1445648074148,136000000.0,0.00121,10.83
1.382994318008423,0.7868731051683426,3.1660374701023106e-06,1151.649236679077,181000000.00000003,0.0006559999999999999,8.33
1.4821692667901518,0.6336730599403382,5.0220062881708155e-06,2393.482506275177,97899999.99999999,0.00032500000000000004,12.969999999999999
1.5460035637021066,0.635705664753914,6.5760469231754555e-06,2660.2623909711833,99699999.99999999,0.0004229999999999999,14.89
1.8016308903694154,0.7448641709983349,5.754829823970795e-06,2523.1211185455318,120000000.0,0.000987,15.69
1.5581576094031335,0.6901966273784638,5.138487070798875e-06,2337.439499795437,110000000.0,0.000549,14.25
1.7743152201175691,0.8930744737386704,3.305615514516831e-06,1132.8204646706579,324000000.0,0.0014399999999999999,3.29
1.6156382024288178,0.6882512524724007,9.425174593925477e-06,1876.4054421335456,153999999.99999997,0.000917,15.7
1.5908699691295625,0.832744923233986,9.311528384685517e-06,525.8220732212066,423000000.0,0.00271,10.41
1.607051879167557,0.7762871593236924,5.263487324118615e-06,1461.4732116460798,171999999.99999997,0.00109,12.5
1.416827738285065,0.6209691882133485,3.3509179949760443e-06,2676.180258393287,81300000.00000003,0.00020100000000000014,10.93
1.7491926312446595,0.8425558894872666,8.15524597465992e-06,809.0656548738478,304000000.0,0.0026099999999999995,12.12
1.342832797765732,0.6837332010269166,9.40108296275139e-06,625.4945993423461,339000000.0,0.0009310000000000001,9.9
1.4339889094233513,0.6908568844199181,9.059852689504624e-06,1139.2546743154523,213000000.0,0.0008780000000000001,13.2
1.588126176595688,0.7110587283968927,2.9152308702468877e-06,1848.164854571223,116999999.99999997,0.00046500000000000014,10.53
1.503972352668643,0.7397386305034162,9.522228300571444e-06,910.5222225189208,266000000.0,0.00148,13.11
1.5083010345697405,0.6353063642978669,4.449277997016907e-06,1007.6289176940917,193000000.0,0.00039500000000000006,7.47
1.6912705063819886,0.7885575905442238,7.559105306863786e-06,1113.4980171918867,233999999.99999997,0.00174,13.18
1.5897051751613618,0.7269841253757477,2.96505218744278e-06,1748.7810291349886,124000000.00000003,0.0005250000000000001,10.31
1.5023778587579728,0.6549280911684037,4.307909399271012e-06,1677.532486617565,127000000.00000001,0.0004009999999999999,10.9
1.2849011063575746,0.6036942601203918,3.6470322906970984e-06,694.9024200439452,248000000.0,0.000187,1.8699999999999997
1.7489259839057925,0.8422263443470002,1.0008192360401155e-05,596.6183841228484,393000000.0,0.00334,11.89
1.4645940274000169,0.6655095040798188,4.669823765754701e-06,567.419484257698,364000000.0,0.0005069999999999999,3.0400000000000005
1.2683572769165041,0.6861254945397378,9.882225066423417e-06,464.62032198905933,400000000.0,0.000969,9.45
1.7388927519321442,0.7359356559813023,5.795366518199444e-06,2356.643743813038,124000000.00000003,0.000917,15.35
1.476849438250065,0.6639157980680467,6.030278436839581e-06,706.8334072828292,311000000.0,0.0006079999999999998,6.33
1.448237755894661,0.6231740713119507,6.857386089861394e-06,1201.266787946224,173000000.0,0.0004099999999999999,10.49
1.3401246249675751,0.6605657011270524,9.19743573665619e-06,841.7292982339858,260999999.99999997,0.0007049999999999998,10.73
1.7381755113601687,0.6703994393348695,8.459856897592545e-06,2854.210168123245,111000000.0,0.0007060000000000002,16.81
1.5157559137791397,0.6720920294523239,8.785138040781022e-06,2305.9873953461647,127000000.00000001,0.0006379999999999999,15.75
1.4062039375305178,0.6211035668849946,3.432514905929566e-06,2338.4219333529472,89900000.00000001,0.00020699999999999996,10.24
1.5055436085909606,0.6672401636838914,6.377542726695538e-06,1708.6033821105955,140000000.0,0.0005570000000000002,13.28
1.5548042938113213,0.653697270154953,3.975087612867356e-06,2933.679103851318,83500000.0,0.0003400000000000001,13.57
1.258388239145279,0.6067160904407501,6.029994823038579e-06,1075.7775157690046,174000000.0,0.000251,7.799999999999999
1.4978452786803247,0.6301329374313355,5.44737170636654e-06,1024.4255065917966,196000000.00000003,0.000424,8.55
1.3884793460369111,0.7530192475765944,3.464963078498841e-06,1457.483388483524,280000000.0,0.0005090000000000001,2.89
1.5868022918701172,0.6282853245735169,6.743433423340321e-06,2860.119447112083,94600000.00000003,0.000411,15.18
1.412324059009552,0.6229276031255723,7.870927572250367e-06,2850.8995026350017,93999999.99999999,0.0003439999999999999,15.17
1.409346127510071,0.6196733504533768,3.386399447917939e-06,2849.5367914438243,76800000.0,0.0001970000000000001,11.33
1.6479368269443513,0.8783026188611985,5.2908814549446114e-06,1586.88548207283,428000000.0,0.00149,2.7700000000000005
1.6855477273464203,0.7052109226584435,9.256024360656739e-06,1757.3449127376077,166000000.0,0.00109,15.62
1.4465910449624062,0.5998358130455017,2.9618695378303535e-06,2918.9248681068416,71399999.99999997,0.00016000000000000004,10.17
1.4820256926119328,0.6603298723697663,8.900016337633135e-06,2594.2610502243037,114999999.99999997,0.0005379999999999998,16.02
1.261143958568573,0.6048043727874757,8.070403516292573e-06,682.0003986358641,266000000.0,0.0003439999999999999,6.75
1.4865291103720666,0.7588190440088511,5.467066854238511e-06,750.6703138351439,333000000.0,0.00099,6.789999999999999
1.4755197644233704,0.7177364811301232,7.33853940665722e-06,899.307757616043,261999999.99999997,0.0009620000000000001,10.61
1.5027315661311151,0.6488913953304292,4.751510068774224e-06,1807.505192235112,122000000.00000004,0.00040400000000000006,11.7
1.4200083196163178,0.7540347788482905,2.937196075916291e-06,1741.2547040730713,125000000.00000001,0.000508,10.57
1.4988808616995812,0.8330966860055924,4.283582240343095e-06,877.6852786540984,277000000.0,0.00117,7.12
1.483545108139515,0.5977247893810272,2.9435509443283087e-06,2492.5682246685024,83200000.00000003,0.00016700000000000002,9.07
1.7494907319545747,0.7815029695630075,9.17826682329178e-06,1045.5936491489408,255000000.0,0.00208,13.83
1.7421198070049286,0.8870969742536545,3.136867910623551e-06,842.4662351608275,289000000.0,0.0014,4.83
1.4927830561995508,0.6765414476394654,8.948462247848512e-06,2006.872475147247,140000000.0,0.000686,15.35
1.5992000699043276,0.8555249065160752,8.215194985270502e-06,551.2978434562682,415000000.0,0.00271,9.77
1.585699412226677,0.8020800590515137,4.092845231294632e-06,1512.6873478293417,158000000.0,0.000993,11.48
1.7346200108528138,0.7230155959725381,5.659785352647306e-06,2629.459455609321,112999999.99999999,0.0008049999999999999,15.66
1.534847391396761,0.7344538383185865,9.571741908788682e-06,1010.3947967290877,247000000.0,0.00143,13.59
1.5781539022922517,0.8409907579421998,2.9533241987228398e-06,1714.57171626389,134999999.99999997,0.000888,10.78
1.6926151335239412,0.709027871489525,4.858216762542725e-06,2843.130782246589,98100000.0,0.000627,15.29
1.5091042572632434,0.655679351091385,3.42158716917038e-06,1201.377913355827,163000000.0,0.000365,7.49
1.2223454654216768,0.6431040018796922,9.508718311786653e-06,2103.2755002379417,124000000.00000003,0.00039399999999999993,14.829999999999998
1.3507627665996553,0.600705224275589,2.9442831873893743e-06,1478.046841919422,123000000.00000003,0.000156,5.69
1.4348855897784234,0.7395583011209965,3.970358282327653e-06,1467.2048315405843,151999999.99999997,0.0006150000000000001,10.74
1.47708822414279,0.6279493242502213,7.18386620283127e-06,1110.6282770633695,189999999.99999997,0.00049,10.56
1.524569593369961,0.7700070083141327,5.871568091213704e-06,1120.9696084260938,219000000.0,0.00112,11.36
1.3350271582603457,0.7609780389815569,1.0011107981204988e-05,598.5481590032576,364000000.0,0.00163,11.48
1.2565950751304629,0.6309651196002961,9.202226400375367e-06,1866.8574299663303,129000000.0,0.00038,13.96
1.6296130478382111,0.7702920109033585,7.162546247243882e-06,1183.5186854004858,217000000.00000003,0.00143,13.08
1.533561209589243,0.8249398425221444,6.283166257664562e-06,785.2504700422286,304000000.0,0.0016800000000000003,9.8
1.6062376141548158,0.6847172811627389,9.723642706871034e-06,2222.3312333226204,139000000.0,0.000838,16.39
1.4727122470736504,0.719630053639412,5.677611246705056e-06,997.2253739833831,228000000.0,0.000778,9.72
1.4843217059969904,0.7824398517608643,3.593962192535401e-06,1611.220810562372,141000000.00000003,0.000738,11.21
1.5268347680568697,0.7754452988505364,6.227244310081006e-06,1027.8459191322324,240000000.0,0.00124,11.110000000000001
1.567342020571232,0.6613051056861878,4.719553709030152e-06,2777.0979255437846,92700000.00000003,0.000413,14.25
1.6074367403984071,0.6485909700393677,3.00611037015915e-06,1434.4676509499548,139000000.0,0.000341,7.89
1.7443718612194063,0.6870131447911263,9.15405732393265e-06,2568.2904869318004,128000000.0,0.0008839999999999999,16.79
1.5729733899235727,0.8577752351760864,4.017522662878037e-06,1070.2622234821317,213000000.0,0.0013,9.29
1.5528504431247712,0.8159146025776863,6.2518773525953306e-06,866.5596246719359,278000000.0,0.00162,10.44
1.5094019439071418,0.7658393751829863,9.948487013578417e-06,731.814607977867,324000000.0,0.00187,12.56
1.4776221066713335,0.643676483631134,7.796694397926332e-06,1220.8954542875288,184000000.0,0.000595,11.93
1.5658770561218263,0.8569353371858598,6.838556177914144e-06,650.5754888057708,367000000.0,0.00227,9.27
1.538348811864853,0.8269024550914765,5.236719250679017e-06,927.3068159818648,258000000.0,0.0014099999999999998,9.63
1.4462128132581713,0.8070654407143594,3.2688773572444923e-06,792.362868785858,288000000.0,0.0008059999999999999,4.159999999999999
1.7810733497142794,0.7594886887818576,7.077993974089624e-06,1781.5317418426273,163000000.0,0.00133,15.04
1.2544036924839022,0.6048972219228745,3.887165874242784e-06,1666.5444541722534,112999999.99999999,0.00016700000000000002,7.99
1.418693232536316,0.6227545201778413,4.476756304502488e-06,2545.3754067420955,89500000.00000001,0.00025000000000000006,12.25
1.475169472396374,0.8411246448755265,9.210025101900101e-06,1054.8336356878278,687000000.0,0.00191,3.1699999999999995
1.7428095996379853,0.7962011218070985,7.52282026410103e-06,1179.2207434773443,227000000.00000003,0.00184,13.44
1.7778424322605135,0.9064505338668825,4.125214755535127e-06,1048.8729476928709,215000000.00000003,0.00192,9.83
1.7653617024421693,0.7169133871793748,9.86827364563942e-06,1766.691982746124,173000000.0,0.00127,16.1
1.4518546521663667,0.656716400384903,8.315775871276857e-06,1034.6329510211942,216000000.00000003,0.0006930000000000001,11.52
1.2671388924121858,0.6576389998197556,8.994062632322313e-06,2266.0311982035637,121000000.0,0.0004430000000000001,15.21
1.4538568407297137,0.6915062114596368,8.564786285161973e-06,1038.3434891700742,225999999.99999997,0.000886,12.41
1.551135563850403,0.7598471079021692,4.20468232035637e-06,1810.571441426873,132999999.99999997,0.000763,12.52
1.3221589028835299,0.6445930391550064,9.28693211078644e-06,615.8262789249419,326000000.0,0.000655,8.78
1.4803038418293,0.7826575085520745,8.514532297849656e-06,642.7690684795379,356000000.0,0.00176,10.52
1.5110943015664817,0.6487808346748353,5.864186048507691e-06,1984.8065376281736,120000000.0,0.00045600000000000013,13.33
1.210804957151413,0.597568166255951,6.92900624126196e-06,590.4781371355056,297000000.0,0.0002649999999999999,4.34
1.633700215816498,0.6860090017318726,9.566046059131623e-06,2191.173054277897,140000000.0,0.00087,16.29
1.4349368199706078,0.6329762578010559,8.176626846194268e-06,1019.6887999773024,208999999.99999997,0.0005479999999999999,10.68
1.6914763033390046,0.8932222992181779,2.90653532743454e-06,1947.321996092796,148000000.0,0.00113,9.56
1.4258043453097344,0.619772306084633,5.449141815304757e-06,2934.953153133392,82500000.0,0.0002630000000000001,13.68
1.4938969373703004,0.7489145882427694,7.977548524737359e-06,870.2343255281447,274000000.0,0.0013199999999999998,11.62
1.5080409407615663,0.7730931356549263,8.303322106599809e-06,755.2291750907897,311000000.0,0.00164,11.32
1.2597384810447694,0.6033917874097825,8.140184089541437e-06,1081.8539857864378,182000000.0,0.00031699999999999995,9.55
1.4131391465663912,0.7126538872718812,3.329476416110993e-06,690.1537925004958,297000000.0,0.00047900000000000004,3.38
1.4695217907428744,0.6590380132198335,5.431717246770859e-06,602.0561903715133,360000000.0,0.0005400000000000001,4.130000000000001
1.4396318793296816,0.6396549224853516,7.3755439668893825e-06,2432.843849062919,108000000.00000001,0.00041899999999999983,14.79
1.6403093934059145,0.8140372887253762,8.327590435743334e-06,757.4038505554198,320000000.0,0.00227,11.64
1.3489591777324679,0.6158535182476044,6.157599389553071e-06,898.002192378044,211000000.0,0.0003240000000000001,7.34
1.5541635900735857,0.6405581295490266,3.118536174297333e-06,2014.2399445176122,102000000.0,0.000279,9.890000000000002
1.5377099722623826,0.6626020342111588,3.1470202207565315e-06,2754.896685481071,83900000.0,0.00029999999999999987,12.16
1.6497407555580141,0.8983932405710221,2.964220225811005e-06,2421.5326011180878,182000000.0,0.00103,7.15
1.6233053863048554,0.7455424759536983,4.07561206817627e-06,2347.6179614663124,110000000.0,0.000697,13.8
1.3603491246700288,0.642058539390564,7.939660474658014e-06,2158.3041474223137,118000000.00000001,0.00041799999999999997,14.42
1.6773688852787019,0.7780127093195915,6.9417351186275494e-06,1278.083726763725,205999999.99999997,0.00148,13.34
1.6155391395092011,0.8244977608323097,6.419178052805365e-06,2038.342237472534,560000000.0,0.00117,0.5000000000000002
1.3341413855552675,0.6173117458820343,8.690880626440049e-06,914.493754506111,222000000.0,0.00042600000000000005,9.45
1.2529168903827668,0.6049279242753983,5.906657293438913e-06,2415.7980382442474,92300000.00000001,0.00021000000000000012,12.2
1.4902186632156373,0.6468803107738496,7.449117183685304e-06,2033.3250910043714,125000000.00000001,0.0005030000000000001,14.31
1.2871057212352754,0.6501679301261902,9.324060171842577e-06,1082.9076468944547,206999999.99999997,0.000554,11.78
1.7116730332374575,0.7000543937087059,1.0018020272254945e-05,2014.7956088185308,155000000.0,0.00106,16.46
1.5013347286731007,0.7901138663291932,6.431459800340236e-06,819.588929414749,296000000.0,0.00137,9.75
1.4940345995128157,0.6445285588502885,5.384564340114594e-06,834.7747772932051,240000000.0,0.0004780000000000001,7.21
1.8081188321113588,0.7486017879098654,5.85489845275879e-06,2453.765302896499,123000000.00000003,0.00103,15.66
1.4826153069734576,0.7269145779311658,5.7024924382567415e-06,640.0323957204818,371000000.0,0.0008689999999999999,5.88
1.4868824221193793,0.751156071200967,5.5173212587833415e-06,658.0072939395903,372000000.0,0.0009779999999999997,6.0
1.67761048078537,0.7325836457312108,6.190650280565024e-06,2000.086151063442,139000000.0,0.000941,14.79
1.7521290421485902,0.8979035049676896,5.654866807162763e-06,852.6784479618071,274000000.0,0.0024299999999999994,10.29
1.5353381864726545,0.682087254524231,8.260386586189271e-06,1612.4315112829206,160000000.00000003,0.0007680000000000001,14.43
1.7981963574886324,0.7933382034301758,6.0990217700600635e-06,1674.4681233540175,166000000.0,0.00149,14.17
1.2091587245464326,0.595769888162613,8.15326537191868e-06,974.2079973220824,194000000.0,0.00027499999999999996,8.59
1.2858568489551545,0.6522893697023392,9.396049678325655e-06,927.2340983152388,235000000.00000003,0.0005970000000000001,11.15
1.6398534893989565,0.6834075495600701,9.467539966106417e-06,2295.6028506159782,134999999.99999997,0.0008369999999999999,16.39
1.4586721658706667,0.6321727305650712,7.423212677240373e-06,830.7501971721648,246000000.0,0.0005259999999999999,8.7
1.5755905330181124,0.8310652345418931,6.508174328133465e-06,1674.4152661412952,389000000.0,0.00131,5.51
1.6261373698711397,0.7179709374904634,7.288287088274957e-06,1716.5408581495283,158000000.0,0.0009700000000000002,14.66
1.7439744114875795,0.7878737568855286,3.844906687736512e-06,2356.188364326954,113999999.99999999,0.0009019999999999999,13.75
1.398864108324051,0.8352310359477998,3.796804159879685e-06,2127.0918399095535,330000000.0,0.0007749999999999999,2.29
1.4770031511783601,0.6814684689044953,4.728048145771028e-06,1706.8990385159848,132999999.99999997,0.0004939999999999999,11.86
1.3953582644462588,0.625511196255684,8.357185155153276e-06,1019.5728689432143,205999999.99999997,0.0004780000000000001,10.38
1.4989469211548567,0.7373591199517251,6.358505463227631e-06,1185.2708756923673,205000000.0,0.000947,11.99
1.7544331669807436,0.7654459286481142,7.102598853409292e-06,1603.062368929386,176000000.0,0.0014,14.56
1.5003630682826044,0.6283805340528489,3.7828865349292763e-06,1395.5205231904981,140000000.0,0.000301,8.36
1.6468926072120669,0.6423884063959122,2.995749652385712e-06,1825.3854308277366,112999999.99999999,0.0003240000000000001,9.46
1.444195242226124,0.7394144285470248,8.806519746780397e-06,718.2375639677047,320000000.0,0.00135,10.99
1.4463365972042086,0.7662875477224589,2.9937239885330205e-06,2016.241133213043,111999999.99999999,0.0005470000000000001,11.69
1.6087143123149874,0.6967943921685219,9.37640428543091e-06,1637.4133639037607,170999999.99999997,0.00101,15.279999999999998
1.4881495490670205,0.6313953548669816,3.2575732767581944e-06,1113.9077246189115,168000000.0,0.00027200000000000005,5.81
1.4787931948900224,0.6280109524726868,3.2833814024925237e-06,2988.5247647762294,73700000.00000003,0.00022099999999999987,11.93
1.634622931480408,0.7449128217995168,5.166191726922989e-06,1958.7481692433355,133999999.99999997,0.0008619999999999999,13.93
1.2731682658195498,0.6300459891557694,9.15681251883507e-06,1695.198525674641,139000000.0,0.00039500000000000006,13.48
1.2015837371349336,0.5955627501010895,9.700031310319902e-06,2519.2656666040416,98799999.99999999,0.0002520000000000001,14.34
1.678427928686142,0.8389921814203263,4.079902887344361e-06,1435.283340513706,169999999.99999997,0.00127,11.3
1.5017491679638626,0.6491890847682954,4.744875758886338e-06,1911.459259688854,116999999.99999997,0.00039699999999999984,11.98
1.4908322386443615,0.8133817836642266,4.504646211862565e-06,669.3949848413466,367000000.0,0.00116,4.91
1.3751936674118044,0.6794798344373704,8.904355973005296e-06,2008.9446678757665,139000000.0,0.0006079999999999998,15.149999999999999
1.4213804662227632,0.6229941844940186,7.245613485574723e-06,1692.9044779390094,131999999.99999999,0.00038,12.54
1.4806490667164327,0.7062540650367738,5.983579374849797e-06,602.5255769491195,374000000.0,0.0008179999999999999,5.88
1.6640235722064973,0.7885786637663842,4.691082805395127e-06,1688.156912103295,150999999.99999997,0.0010699999999999998,12.79
1.3091763317584992,0.7405859302729368,1.0027564883232118e-05,797.7794408798217,295000000.0,0.00133,12.79
1.7523467302322389,0.813378618657589,8.277825444936753e-06,956.6487669944762,269000000.0,0.00228,12.98
1.4762599021196368,0.6587558627128601,6.500993104651571e-06,538.6060029268264,376000000.0,0.0006760000000000002,5.4
1.27233447432518,0.6818069145083429,9.494439989328386e-06,1266.4632797241209,196000000.00000003,0.0006760000000000002,13.35
1.2769048511981966,0.5987920582294465,2.9465345740318306e-06,1594.6419555693863,114999999.99999997,0.00013199999999999998,5.7
1.4305941000580789,0.7485304970294238,2.9543088674545292e-06,2017.8896486759184,111000000.0,0.00048700000000000013,11.47
1.4136768579483034,0.6179590344429017,4.700227916240693e-06,777.6041626930236,229000000.0,0.00030799999999999995,5.29
1.6567223131656648,0.8416102319955826,5.142833277583123e-06,1100.0990420579908,223999999.99999997,0.00162,10.94
1.4541894391179087,0.7563783969730139,2.9583330750465397e-06,924.0933060646056,210000000.0,0.0005970000000000001,6.2
1.439498868584633,0.6152439147233963,6.6359164509922275e-06,2993.3229386806483,83699999.99999997,0.0002869999999999999,14.47
1.5612523287534714,0.8434185326099396,5.229863807559014e-06,898.9471495151519,263000000.00000003,0.0015600000000000002,9.64
1.5145005617290737,0.6496438801288605,3.461553037166596e-06,1226.3309136033056,160000000.00000003,0.000354,7.55
1.5831032574176789,0.8677869737148286,4.283656924962998e-06,733.6976677179335,317000000.0,0.00153,6.46
1.5596513271331789,0.663864541053772,5.464972451329232e-06,2522.435069084167,102999999.99999999,0.0004740000000000001,14.45
1.6182710230350497,0.8508407503366471,5.892517127096654e-06,1730.987999588251,484000000.0,0.00133,2.37
1.2232847571372987,0.5944439470767975,4.833937585353852e-06,484.0015172958373,342000000.0,0.00019900000000000012,0.5300000000000004
1.4439470931887628,0.7938953652977944,3.8381185233593e-06,878.8202255964278,273000000.0,0.000838,5.91
1.7335150122642518,0.7467229597270489,7.281950160861016e-06,1730.490170419216,165000000.0,0.00123,14.93
1.5941775619983674,0.8740951895713807,2.9243090152740485e-06,1630.8291368186472,151999999.99999997,0.00102,9.570000000000002
1.7967239677906037,0.8522961705923081,7.075421787798406e-06,1006.9217830896376,251999999.99999997,0.00241,12.58
1.4417699083685875,0.8089578285813332,3.4655090272426613e-06,684.8509907722472,343000000.0,0.0008369999999999999,2.849999999999999
1.4638775423169137,0.6350323051214218,7.4111327528953565e-06,2664.376154541969,101000000.0,0.00040299999999999993,15.13
1.7542643129825595,0.6022560060024262,2.950259625911713e-06,1389.400467276573,138000000.0,0.0002799999999999999,6.61
1.2475516498088837,0.6668777257204056,9.461616516113283e-06,2183.8156804442406,129000000.0,0.00048100000000000004,15.42
1.5192348450422288,0.8008373245596886,6.304342046380044e-06,853.541001677513,282000000.0,0.00145,10.17
1.46005956530571,0.7692469105124474,4.293070524930955e-06,1279.7494158148763,179000000.00000003,0.0007900000000000001,10.4
1.8018683910369875,0.8914192825555802,2.992144346237183e-06,1812.5808630138633,130999999.99999999,0.0012899999999999997,11.25
1.5374067552387716,0.8658439189195634,3.116714954376221e-06,971.443086862564,218000000.00000003,0.0011,7.14
1.438583765923977,0.7459373932331801,2.9731210470199592e-06,2121.066629886627,107000000.00000001,0.0004799999999999999,11.74
1.4832420699298383,0.6360801726579667,3.5299036502838142e-06,698.8688856363295,254000000.00000003,0.0003330000000000001,3.6
1.463703913986683,0.659742745757103,8.067497804760933e-06,2063.134975731373,129000000.0,0.000552,14.78
1.677855008840561,0.6810225471854211,7.41982787847519e-06,2588.3640646934505,114999999.99999997,0.0006999999999999999,16.07
1.5037052080035211,0.8468168556690217,4.658683866262437e-06,2299.6716871857643,405000000.0,0.0009300000000000003,0.81
1.2746898651123049,0.5985249638557435,2.9356368780136114e-06,1490.6179085373876,121000000.0,0.00013300000000000012,5.26
1.5969289720058442,0.7813350006937981,5.2524690479040156e-06,1383.0057084560392,180000000.00000003,0.00112,12.18
1.3945750772953034,0.8715227633714676,9.593701481819154e-06,768.9926326274871,659000000.0,0.00229,5.27
1.3527568817138673,0.600638473033905,2.9895879626274116e-06,1893.5168739408252,99799999.99999999,0.00014999999999999993,7.25
1.4427772700786592,0.6389129161834718,9.485006570816041e-06,2917.8153276443477,102000000.0,0.00044600000000000005,16.31
1.4284494772553444,0.6406809836626054,7.465519949793817e-06,2138.106219470501,118000000.00000001,0.00043700000000000005,14.28
1.4746048361063004,0.8404646158218384,3.0247882008552557e-06,1355.262018740177,158000000.0,0.000851,9.47
1.3812621295452119,0.6304828763008118,7.7331091016531e-06,2618.761390447616,100000000.0,0.0003569999999999999,14.9
1.698266386985779,0.7253601863980293,6.921765536069871e-06,1997.7921545505521,143000000.00000003,0.000989,15.21
1.492527785897255,0.6718886196613313,7.154236122965814e-06,1428.109176456928,166000000.0,0.0006429999999999999,12.92
1.378715229034424,0.682889123260975,9.374385505914689e-06,1568.744249641895,168000000.0,0.0007070000000000001,14.52
1.2460490226745606,0.6082242250442506,9.49571192264557e-06,3010.5839967727657,88499999.99999997,0.00027200000000000005,15.3
1.5127448301762343,0.6215127378702164,5.403138175606728e-06,2994.2165613174434,81900000.00000001,0.0002959999999999998,14.07
1.497516667842865,0.7843195751309395,6.335929468274117e-06,836.3095968961715,292000000.0,0.0013,9.65
1.4584730789065363,0.7007181018590928,4.993717715144158e-06,664.1119271516799,360000000.0,0.0006320000000000001,4.159999999999999
1.564289000630379,0.8131646141409875,7.270620003342629e-06,775.1587331295012,309000000.0,0.00188,10.82
1.6335211336612703,0.7428215850144625,4.0645919144153605e-06,2435.171484947204,107000000.00000001,0.000686,13.98
1.3844572842121126,0.6548022240400315,8.055133745074274e-06,2383.479878306389,114999999.99999997,0.00046199999999999995,15.14
1.2738104045391083,0.5965778231620789,2.98024070262909e-06,2961.529970169067,67499999.99999999,0.00011800000000000008,9.67
1.7339069724082947,0.8222390636801721,9.258020192384721e-06,744.0938353538512,331000000.0,0.00269,12.33
1.749057823419571,0.7687353495508433,3.913479894399644e-06,2617.534205317497,105000000.00000003,0.0008170000000000001,14.36
1.2067052543163301,0.5984005808830262,5.973252713680268e-06,1782.5525272637603,113999999.99999999,0.00019399999999999995,10.340000000000002
1.4774880811572075,0.6845587134361267,5.4843003302812584e-06,1257.1509107947347,177000000.0,0.0005999999999999997,10.86
1.4962346825748682,0.6829811990261079,8.584500730037691e-06,1421.063609421253,177000000.0,0.000791,13.99
1.6766422748565675,0.8673848748207093,2.95759665966034e-06,1712.3613897711036,138000000.0,0.0010699999999999998,10.82
1.7155106306076051,0.8889467149972916,5.726733908057214e-06,851.6391664743422,277000000.0,0.00232,10.33
1.4794201612472535,0.8312355190515519,5.613812848925591e-06,572.2001492977141,392000000.0,0.00158,6.85
1.6323391020298006,0.871858897805214,5.362685605883599e-06,1670.5812998116014,439000000.0,0.0014,2.55
1.5479461491107942,0.786440634727478,7.1983238831162465e-06,885.4526579380034,274000000.0,0.00158,11.41
1.448855531215668,0.6238393306732178,6.932142473757268e-06,1016.2483453750609,200000000.0,0.0004269999999999999,9.42
1.3152945041656496,0.6162371903657914,8.695936024188997e-06,1670.7355827093122,134999999.99999997,0.00036099999999999994,12.87
1.5774078816175463,0.731422819197178,6.325621152296664e-06,1583.9746892452238,163000000.0,0.0009300000000000003,13.68
1.4385760679841042,0.8279336392879487,3.04096806049347e-06,1288.404308259487,196000000.00000003,0.0007879999999999999,6.88
1.4772919312119486,0.6938861399888993,7.1000073701143275e-06,878.1493753194808,259000000.0,0.000813,9.97
1.5080547753721476,0.6728309869766236,8.818498075008394e-06,1848.6632984131572,146000000.0,0.0006940000000000001,15.0
1.4841695934534074,0.6714299529790879,3.950848489999772e-06,1710.327539592981,125000000.00000001,0.00040899999999999997,10.82
1.3688106894493104,0.6569444954395295,8.993255078792573e-06,483.34228992462147,386000000.0,0.0008099999999999998,8.06
1.2573239028453829,0.6099247723817826,9.612769633531572e-06,1293.4699580073354,166000000.0,0.00036099999999999994,11.69
1.616684639453888,0.6712764233350754,7.723000079393388e-06,2378.5759061574936,120000000.0,0.0006540000000000001,15.64
1.38763747215271,0.6484503328800202,8.811682373285295e-06,928.139641880989,233999999.99999997,0.000642,10.8
1.4922560602426531,0.6268941789865494,4.433485954999925e-06,889.0003263950347,207999999.99999997,0.00035899999999999994,6.41
1.3367371559143069,0.6147034227848054,6.681865120306612e-06,2078.0291333794594,108000000.00000001,0.00028300000000000005,12.62
1.2142890393733978,0.5980294704437257,8.003152310848237e-06,665.7797396183013,263000000.00000003,0.00029200000000000005,6.31
1.6470703303813936,0.8920046836137773,3.0372886955738075e-06,1131.3440948724744,186000000.0,0.00127,8.55
1.7471123099327088,0.8464970111846924,5.064889237284661e-06,1285.6995984911916,198000000.00000003,0.00167,11.89
1.6172171473503114,0.6921582430601121,1.0091578364372254e-05,2048.916883766651,149999999.99999997,0.000939,16.42
1.3024482607841492,0.7190912872552873,9.832238107919695e-06,929.4496774673461,258000000.0,0.0010699999999999998,12.99
1.4696099549531938,0.6817113116383553,7.873583465814592e-06,962.1553421020507,237000000.0,0.0008059999999999999,11.14
1.669471174478531,0.7383140377700329,5.4065752327442175e-06,2117.5558790564537,129000000.0,0.000864,14.55
1.2060551583766939,0.5954335570335388,8.165973022580147e-06,1577.781170606613,131999999.99999999,0.00024800000000000007,11.26
1.5246476992964746,0.7636469755321742,8.478263527154924e-06,2375.735819339752,573000000.0,0.000901,0.4399999999999999
1.2534742176532747,0.6050254136323929,5.04358284175396e-06,1280.3837209939954,147000000.0,0.00021000000000000012,7.7
1.5121896944940092,0.6399668902158738,6.662687132135035e-06,2225.737266242504,112999999.99999999,0.00045099999999999996,14.21
1.288296264410019,0.6988273501396179,9.81487435102463e-06,467.4364924430846,403000000.0,0.00111,9.63
1.4768991351127625,0.7335915360599757,8.128595456480982e-06,871.4743256568908,272000000.0,0.00119,11.51
1.4804677270352842,0.6834235891699791,5.5548049062490476e-06,1061.1969530582426,204000000.0,0.000627,9.79
1.5065916895866396,0.6944130152463913,4.585845291614533e-06,2137.7094388008118,112999999.99999999,0.0005059999999999999,13.27
1.4108189284801484,0.6891436725854875,9.832292556762697e-06,1962.4997973442075,149999999.99999997,0.0007370000000000001,15.79
1.397220700979233,0.6221198916435242,6.725395679473878e-06,613.1056994199752,306000000.0,0.00042800000000000005,5.63
1.5439174219965937,0.8119019463658333,2.9622976183891304e-06,1869.9153345078228,128000000.0,0.0007499999999999999,10.790000000000001
1.5435278668999672,0.7891525760293008,4.112977325916291e-06,1500.089421868324,157000000.0,0.000904,11.4
1.295779037475586,0.6920970261096955,9.705655395984651e-06,1823.4643731266258,156000000.0,0.0006689999999999999,15.27
1.450163859128952,0.6979673400521279,4.651351630687715e-06,652.5820046663283,357000000.0,0.000583,3.62
1.437249018251896,0.8162362709641457,3.05160602927208e-06,977.8448492288588,213000000.0,0.000798,6.8
1.4000683128833773,0.7166690647602082,9.103391736745836e-06,634.495124220848,346000000.0,0.00119,10.29
1.252885240316391,0.627024006843567,9.85264015197754e-06,2929.457306861877,96999999.99999997,0.00033899999999999995,16.0
1.2600171804428102,0.6648754209280014,9.413996100425721e-06,1294.6363463997839,186000000.0,0.0005710000000000001,13.05
1.6557041108608248,0.8912599056959153,8.197867527604105e-06,526.1305272579192,429000000.0,0.00324,9.62
1.4249397039413454,0.6740727156400681,8.891409873962404e-06,1231.474421918392,196000000.00000003,0.0007399999999999999,13.14
1.73032985329628,0.7730408772826195,2.971109569072724e-06,2912.684559822082,88499999.99999997,0.0006540000000000001,13.579999999999998
1.4840521082282068,0.7506786357611418,8.605533421039583e-06,801.0740876197814,293000000.0,0.00145,11.75
1.5675127655267718,0.860167282819748,8.75302240252495e-06,1082.139268517494,751000000.0,0.00205,1.6800000000000004
1.5374137714505196,0.8223619535565377,8.482324033975602e-06,1342.3507586121557,546000000.0,0.00165,4.35
1.5156213350594046,0.7026102304458619,7.641204461455347e-06,1374.1592243313787,182000000.0,0.0008619999999999999,13.56
1.6953880012035372,0.6779260307550431,9.302809685468675e-06,2610.970392823219,124000000.00000003,0.000787,16.79
1.600712460279465,0.7645576726645232,9.121525913476945e-06,892.816662788391,276000000.0,0.00178,12.96
1.489992939680815,0.6308534681797028,4.174298405647279e-06,2858.232289552688,82599999.99999999,0.0002689999999999999,12.95
1.4799404583871365,0.5988612949848175,2.942877113819123e-06,1896.089447662234,101000000.0,0.0001750000000000001,7.63
1.416078007221222,0.6248714357614518,6.228060521185399e-06,2525.211304426193,95800000.0,0.0003070000000000001,13.7
1.5100626669824124,0.7064460217952729,6.5616525970399386e-06,1496.657311916351,165000000.0,0.000763,13.27
1.2059271275997163,0.6579481333494187,9.828514099121096e-06,1137.5047191977499,204000000.0,0.0005289999999999998,12.49
1.7610016465187075,0.6550072610378266,3.0133249461650855e-06,1905.3929317742584,111000000.0,0.0004049999999999999,10.14
1.7944565534591677,0.810643856227398,2.9861708283424384e-06,2764.9668902158733,94200000.00000001,0.00082,13.49
1.6161260068416596,0.6268474102020264,8.543081641197206e-06,2965.2050435543056,98000000.00000001,0.00045999999999999996,16.09
1.4497502848505974,0.6401466697454453,7.73766726255417e-06,751.3659745454787,278000000.0,0.000596,8.43
1.5678519085049631,0.7030935019254685,5.371409729123116e-06,2145.434945821762,120000000.0,0.000635,14.26
1.6793793082237245,0.6599331736564636,7.509958133101464e-06,2826.6332596540447,105000000.00000003,0.000591,16.19
1.4618011951446535,0.8578188210725785,3.616852819919587e-06,2411.4552438259125,336000000.0,0.0008239999999999998,1.9400000000000004
1.4869174495339395,0.7538334298878909,5.980317190289498e-06,645.3828811645507,375000000.0,0.00111,6.789999999999999
1.4985440365970135,0.6766679003834725,9.108683496713639e-06,1751.4113914221523,153999999.99999997,0.0007349999999999999,14.98
1.4150240242481233,0.754975849762559,8.12802739441395e-06,2436.8510693311687,404000000.0,0.0007810000000000002,4.480000000000001
1.437936593592167,0.7414577957242728,4.058755248785019e-06,1086.246699094772,199000000.00000003,0.000664,8.69
1.4406297728419306,0.8160253420472146,3.4973050653934485e-06,776.8568694591521,310000000.0,0.0008619999999999999,4.2
1.7303632736206056,0.8492440938949586,4.075284123420716e-06,1490.8283501863477,166000000.0,0.00137,11.6
1.4992344550788403,0.640570279955864,5.382916480302811e-06,924.2399334907531,217000000.00000003,0.00046800000000000005,7.959999999999999
1.4833041921257974,0.689478461444378,6.448950265534223e-06,1353.8223430514333,173000000.0,0.0006689999999999999,12.28
1.7363488912582399,0.8364705741405488,3.891374707221986e-06,1702.8012704104183,147000000.0,0.00122,12.11
1.470548973977566,0.601737266778946,2.9179570674896245e-06,1149.0881741046903,150999999.99999997,0.000187,4.55
1.6289984464645386,0.7413423037156464,4.837906405329705e-06,2100.956544280052,125000000.00000001,0.0007900000000000001,13.99
1.5322694063186646,0.8168150648474694,2.9473423361778265e-06,1791.5562652051447,129000000.0,0.000765,10.88
1.6212516009807587,0.7207372985780239,4.8296410292387015e-06,2376.1344999074936,111999999.99999999,0.000679,14.5
1.2057155907154085,0.5918607831001282,9.187637239694596e-06,2195.229560136795,106000000.00000003,0.000246,13.37
1.4854162797331811,0.6303037405014039,4.360626101493836e-06,2007.6097846031187,107000000.00000001,0.00030500000000000004,11.31
1.2528186142444613,0.6062659084796906,6.089898563921452e-06,1254.0578767657278,150999999.99999997,0.000244,8.83
1.508223370090127,0.6701265066862107,4.7948551028966915e-06,2236.880838871002,108000000.00000001,0.000444,13.32
1.676373338699341,0.8364461928606034,2.919535458087922e-06,2144.560359418392,115999999.99999997,0.0008839999999999999,11.87
1.2428805828094482,0.6435911446809769,9.631123274564745e-06,1126.9788369536398,199000000.00000003,0.0004910000000000001,11.96
1.4806637026369573,0.6899381294846535,6.667666906490923e-06,886.2507641315459,252999999.99999997,0.0007590000000000001,9.55
1.4848588518798354,0.6778127029538156,6.100657686591149e-06,880.8346390724181,248000000.0,0.000664,8.75
1.4591663584113121,0.7872226014733316,4.177407622337342e-06,1167.1594083309171,195000000.0,0.000863,9.65
1.497253192216158,0.6296732515096665,3.7333105504512795e-06,1680.6416837498543,119000000.0,0.00028900000000000014,9.56
1.7868954062461855,0.8549689024686814,8.224440649151803e-06,807.0724755525588,302000000.0,0.0028499999999999997,12.29
1.2199959576129915,0.6471174716949464,9.472685903310777e-06,1801.9586727023122,138000000.0,0.00041799999999999997,14.23
1.374600487947464,0.7442437145859003,9.640966832637788e-06,662.0729267597197,337000000.0,0.00146,11.38
1.390240788459778,0.6195024758577348,3.6674533188343053e-06,2212.835021317005,93999999.99999999,0.00021300000000000003,10.24
1.6940217196941376,0.828829711675644,4.025069147348405e-06,1597.0859508961437,155000000.0,0.00119,11.84
1.5151903051882984,0.6346447169780732,4.409406006336213e-06,1668.5957573354242,124000000.00000003,0.0003530000000000001,10.64
1.651312118768692,0.6828759670257569,9.43630948662758e-06,2352.898485958576,132999999.99999997,0.000833,16.47
1.3714495897293093,0.6299906373023988,7.97658993303776e-06,1895.3740056604145,126000000.00000001,0.0004009999999999999,13.61
1.503862399980426,0.659689012169838,3.3904021680355076e-06,1972.179368138313,107000000.00000001,0.0003259999999999999,10.56
1.4784376323223116,0.7109951600432397,5.176767528057099e-06,1564.7581517696378,149999999.99999997,0.0006339999999999999,12.22
1.4618886485695841,0.7271461755037308,4.734273672103883e-06,790.4356271028518,308000000.0,0.000699,5.59
1.4821269102394583,0.6335863709449768,5.024572476744653e-06,2496.9616830348964,95099999.99999997,0.0003200000000000001,13.15
1.7259501099586487,0.7359628334641457,5.681598111987115e-06,2330.819733440876,124000000.00000003,0.0008990000000000001,15.22
1.6074241161346436,0.857448023557663,3.3010182380676277e-06,628.1338185071944,362000000.0,0.00121,2.95
1.7208619594573975,0.8574999779462815,2.9391095042228706e-06,2002.156741917133,123000000.00000003,0.00102,11.67
1.3506534218788149,0.6577645272016526,8.180424496531487e-06,2224.5561629533768,121000000.0,0.0004669999999999999,14.89
1.4847781978547574,0.5982576370239259,2.951610624790192e-06,2246.8156665563583,89500000.00000001,0.00016999999999999993,8.54
1.6039293587207795,0.7519863221794367,4.090427160263062e-06,2168.3297231793404,116999999.99999997,0.000721,13.39
1.4791808299720288,0.6592246860265732,3.379664063453675e-06,481.3994765281676,347000000.0,0.00039500000000000006,1.28
1.4265978500247003,0.8233703747391702,3.1510281562805183e-06,994.3685233592986,215000000.00000003,0.000831,7.02
1.5476038545370103,0.6856280475854875,9.629222989082337e-06,1815.4377881437538,157000000.0,0.0008589999999999998,15.55
1.754792904853821,0.8869675666093827,1.0108155846595766e-05,507.7966600656508,457000000.0,0.00449,10.92
1.264544051885605,0.6013956427574159,8.160365834832193e-06,2073.8000720739365,109000000.00000001,0.000268,12.94
1.7980186700820924,0.7537747409194708,7.074207067489625e-06,1934.9111914634702,152999999.99999997,0.00127,15.4
1.242051887512207,0.6895204514265061,9.671651154756547e-06,1145.8283588290212,214000000.00000003,0.0007240000000000001,13.11
1.6240568697452546,0.8829366981983185,6.0503780916333206e-06,566.5079802274703,396000000.0,0.00241,8.01
1.526518850773573,0.6209271222352982,6.214105527848006e-06,2932.3359131813045,87499999.99999997,0.0003310000000000001,14.57
1.4473066225647928,0.8440701752901077,3.0722700953483587e-06,1159.3393161892889,181000000.00000003,0.0008830000000000001,8.41
1.4846988067030908,0.7021662488579751,9.284754365682603e-06,1230.0021871924398,205999999.99999997,0.00101,13.98
1.569393901526928,0.6924332320690155,2.971841394901276e-06,2756.4817219972606,85400000.0,0.0003710000000000001,12.61
1.4949811711907388,0.6284819304943086,6.496566358953715e-06,1565.8580064773557,140000000.0,0.0004300000000000001,12.08
1.4072980642318726,0.6484983444213868,8.609552413225176e-06,1317.8451284766195,177000000.0,0.0005780000000000001,12.72
1.6473556637763977,0.669004824757576,6.3753718137741095e-06,2752.3747384548183,102999999.99999999,0.000563,15.66
1.4813035480678083,0.6234044015407563,4.561798304319382e-06,1098.531737923622,176000000.0,0.0003380000000000001,7.76
1.472598807513714,0.6812517419457437,4.58241167664528e-06,1348.4231308102605,159000000.00000003,0.00051,10.32
1.3287191033363344,0.6131236016750337,4.88989806175232e-06,1659.7820930182932,120000000.0,0.00023900000000000006,9.9
1.4148944914340975,0.6229799151420594,6.38860671594739e-06,1976.8574759364126,113999999.99999999,0.00032999999999999994,12.68
1.478825419396162,0.7228265605866909,8.214590832591058e-06,952.7705162763594,249000000.0,0.00111,12.11
1.4958507064729931,0.7501042764633895,8.409098684787752e-06,845.3174978494643,280000000.0,0.00142,11.94
1.43674543350935,0.623725175857544,5.746935576200486e-06,1558.8872060179708,132999999.99999997,0.0003330000000000001,11.08
1.6139922916889191,0.817032976448536,5.934166058897973e-06,1019.8188126087188,242000000.0,0.00161,11.22
1.3634995579719544,0.6279052197933198,8.970391780138017e-06,2913.8678610324855,96899999.99999999,0.00036800000000000016,15.759999999999998
1.2293652176856995,0.6721656292676926,9.499351859092715e-06,1977.7061715722082,139000000.0,0.000501,15.06
1.346475237607956,0.6143473505973817,7.616744831204415e-06,1690.9014172852037,130000000.0,0.00032999999999999994,12.24
1.444644020497799,0.7475880213081837,8.536686509847643e-06,652.9905200004576,347000000.0,0.0013800000000000002,10.22
1.4767910823225976,0.7060018971562386,4.1185776293277745e-06,2033.6451679468153,114999999.99999997,0.0004969999999999999,12.55
1.5696765616536141,0.6837167322635651,4.510016828775407e-06,2679.959490895271,96399999.99999999,0.0004690000000000002,14.25
1.477229578793049,0.6850284889340401,5.473188593983651e-06,1159.4152376055715,188999999.99999997,0.000613,10.36
1.6843432903289797,0.7735001608729363,9.278595805168153e-06,958.7449133396148,268000000.0,0.00197,13.44
1.6439016044139863,0.6408798158168794,7.309007585048677e-06,2872.1295595169063,99400000.00000001,0.0004939999999999999,15.8
1.4748433515429498,0.6685182005167009,4.437914043664933e-06,760.4773640632628,269000000.0,0.0004830000000000001,5.4
1.5257358334958555,0.7714145824313164,9.13365486264229e-06,1912.7924665808675,479000000.0,0.00115,4.84
1.4414692595601084,0.6947360783815385,8.592009872198106e-06,859.2365980148314,268000000.0,0.0009440000000000002,11.22
1.6843440592288972,0.8801299184560777,3.477128744125367e-06,2340.3174355626106,284000000.0,0.0010399999999999997,3.99
1.2579804182052614,0.6025422781705857,8.21938754618168e-06,2926.143884658813,85599999.99999997,0.00023999999999999995,14.33
1.7706611752510073,0.7631878104060889,7.06933280080557e-06,1695.3290551900861,168999999.99999997,0.00137,14.81
1.4929813653230668,0.7171155229210854,4.562595009803773e-06,1854.0337700396774,128000000.0,0.0005939999999999999,12.66
1.3431747436523438,0.616044768691063,6.615190530195833e-06,1281.3384383916853,157000000.0,0.000321,10.11
1.6456141233444215,0.739513047784567,6.8680307865142835e-06,1607.3198448866603,168000000.0,0.00109,14.219999999999999
1.4501901000738144,0.772996772825718,4.26806139945984e-06,1040.9941822290418,220000000.0,0.00082,8.55
1.5688083082437516,0.6874767512083054,5.153141736984254e-06,2435.3689998388286,107000000.00000001,0.0005400000000000001,14.42
1.5967233896255495,0.8626923233270646,3.13179624080658e-06,847.788780927658,268000000.0,0.00115,5.42
1.5101714976131917,0.7061205804347993,2.9465454220771794e-06,1918.2156324386594,111999999.99999999,0.0004099999999999999,10.71
1.6700970590114594,0.8811965703964234,7.518391549587251e-06,614.3623888492583,387000000.0,0.0029,9.87
1.3027356147766114,0.8095397874712945,9.800973623991015e-06,1131.284713745117,691000000.0,0.00137,2.86
1.500671821832657,0.8394571870565415,3.1820448040962226e-06,836.3234549760817,265000000.0,0.000956,5.32
1.3275580286979676,0.6116339206695557,3.6760967075824743e-06,2766.2208974361415,78399999.99999999,0.000176,11.05
1.216757243871689,0.5955429553985596,9.017453938722611e-06,681.3452690839766,267000000.0,0.000323,7.09
1.4779449731111527,0.6889551579952241,7.153383977711202e-06,1048.7667769193647,218000000.00000003,0.0007680000000000001,11.22
1.5650151282548905,0.6550685852766037,2.945859074592591e-06,767.9337561130523,225999999.99999997,0.0003710000000000001,4.080000000000001
1.739877212047577,0.694975644350052,7.025002107024194e-06,2735.01905798912,112999999.99999999,0.0007659999999999999,16.31
1.5142140101641417,0.8066255807876588,6.188757192343474e-06,820.5096721649169,294000000.0,0.00146,9.71
1.7155385076999665,0.7734995931386949,8.207740500569345e-06,1184.7524642944334,227000000.00000003,0.00172,13.8
1.5851976513862611,0.7289317399263383,2.9870749711990363e-06,1651.5957396477459,130000000.0,0.0005330000000000002,9.94
1.5879089891910554,0.6794155284762383,7.664101243019105e-06,1995.523042976856,134999999.99999997,0.0007110000000000002,15.04
1.4688434511423112,0.653760462999344,7.98533418774605e-06,2512.441605329513,111999999.99999999,0.000493,15.45
1.4485101252794268,0.7337436005473138,4.196191638708115e-06,1542.4580052495,147000000.0,0.000617,11.28
1.599654132127762,0.7951778009533883,4.496482431888581e-06,1478.7532314658163,165000000.0,0.0010500000000000002,11.78
1.4600412458181382,0.7143596962094307,8.353979974985123e-06,867.2204911708831,270000000.0,0.00106,11.37
1.5191459253430368,0.8370724081993104,9.055446505546572e-06,1184.8682463169096,780000000.0,0.00178,0.7699999999999996
1.4870512939989569,0.8313932418823243,3.181858509778977e-06,828.7363797426223,267000000.0,0.0009180000000000001,5.11
1.6505848288536074,0.6895324543118477,5.327378243207932e-06,2768.6232626438136,100000000.0,0.0005750000000000001,15.3
1.4847900778055192,0.7598062265664339,7.087341807782651e-06,811.9939565658568,296000000.0,0.00124,10.08
1.6270446717739107,0.6863009244203568,8.574567675590516e-06,1963.4354040026662,144000000.00000003,0.0008430000000000001,15.51
1.598079550266266,0.8237847492098809,7.296693488955499e-06,1639.3889319151638,563000000.0,0.0014,2.35
1.5151980690658093,0.7257574640214444,7.135291054844857e-06,1229.2541489005087,201000000.0,0.000982,12.82
1.4311221197247506,0.6903942748904229,8.56664276123047e-06,613.910287618637,351000000.0,0.000997,9.05
1.421999090909958,0.6230251997709275,4.444024205207825e-06,2651.8545597791667,86899999.99999999,0.00024699999999999993,12.44
1.2538786590099336,0.6054449558258057,7.126320816576482e-06,1162.8181412816045,165000000.0,0.0002799999999999999,9.28
1.4810796506702901,0.5987486779689789,2.910396814346314e-06,1694.7479378432033,111000000.0,0.00017800000000000002,6.91
1.3581493735313417,0.7156985074281693,9.672197729349138e-06,945.1917111873626,252999999.99999997,0.00109,12.98
1.2015734374523164,0.5945366084575654,8.120988056063653e-06,2405.823051929474,96600000.00000001,0.00022099999999999987,13.23
1.5502526789903641,0.8600913584232331,4.541551887989045e-06,607.6956093311309,372000000.0,0.0016,5.67
1.444026191532612,0.7050227388739586,3.6517303287982947e-06,1825.8816953748462,121000000.0,0.000453,11.32
1.3876783668994905,0.666695585846901,8.361353516578675e-06,2194.430373609066,126000000.00000001,0.000527,15.09
1.7033956646919253,0.6738905668258668,8.370013177394867e-06,2713.235720992088,114999999.99999997,0.000714,16.55
1.3904063522815706,0.6709042578935623,8.956136405467988e-06,635.9852403402327,333000000.0,0.0008579999999999999,9.27
1.4901553317904475,0.8102458074688912,4.2727181315422065e-06,1098.3834713697431,211000000.0,0.00102,9.39
1.2979505717754365,0.6159100592136384,8.689208775758745e-06,2149.918854236603,111999999.99999999,0.0003310000000000001,14.02
1.4314926758408548,0.6233617991209031,5.7616865187883385e-06,1666.70461371541,127000000.00000001,0.00032700000000000003,11.4
1.4426038786768915,0.7931754559278489,2.9775316119194037e-06,1731.060051359236,129000000.0,0.0006500000000000001,10.84
1.7697490096092225,0.8120511397719384,4.091841578483582e-06,2004.5539289712904,130999999.99999999,0.00112,13.22
1.4462061613798143,0.6381030410528183,7.551710799336435e-06,1865.7332491129634,130000000.0,0.00045900000000000004,13.73
1.2638283848762513,0.6024675965309143,8.058361977338792e-06,2398.6404687166214,98299999.99999999,0.000257,13.54
1.6397597193717959,0.8834582179784776,4.654624611139298e-06,1662.9811022430656,385000000.0,0.00134,2.81
1.2281546294689178,0.5951541244983674,2.9266062974929816e-06,2352.792017161846,83099999.99999999,0.00010599999999999995,7.66
1.623473256826401,0.7169016346335412,8.359180569648744e-06,1508.0017149448393,180000000.00000003,0.0011,14.669999999999998
1.599285238981247,0.6746885687112809,6.649800697341562e-06,2354.8817560076714,115999999.99999997,0.000605,15.13
1.4806430630385876,0.7485916368663311,5.5534424334764485e-06,871.1017966270446,280000000.0,0.000923,8.27
1.476465891301632,0.7484252505004406,4.106438875198365e-06,1660.9155870974062,139000000.0,0.0006680000000000001,11.78
1.498872169107199,0.780823963880539,5.944832921028138e-06,935.0537806749343,260999999.99999997,0.00118,10.050000000000002
1.5136814430356027,0.6653006672859193,6.371381727978588e-06,1807.1320205926893,133999999.99999997,0.0005459999999999999,13.55
1.497106619551778,0.6492039173841477,5.28591012954712e-06,941.1572217941283,216000000.00000003,0.0004939999999999999,8.12
1.6421274840831759,0.8679860293865205,6.512631349265576e-06,1441.5018931031225,570000000.0,0.00174,2.0699999999999994
1.7511842072010042,0.8882957786321641,5.975034035742284e-06,883.1662237644194,271000000.0,0.00242,10.83
1.4448924690485,0.6415800780057908,9.99980202317238e-06,2952.3155391216274,102999999.99999999,0.00046299999999999987,16.69
1.262165290117264,0.60409854054451,4.77613314986229e-06,2758.943542838096,80799999.99999999,0.0001789999999999999,11.88
1.3798307955265046,0.8249979123473168,9.398800909519197e-06,1068.7586963176725,543000000.0,0.0016800000000000003,5.87
1.5788666993379594,0.6548505663871765,3.945197492837907e-06,3006.9439411163326,80799999.99999999,0.00034500000000000004,13.72
1.379027420282364,0.7064698532223702,9.252674192190172e-06,630.1433891057967,344000000.0,0.00111,10.25
1.4509024634957315,0.6865284204483033,8.559576094150544e-06,1042.4384027719495,223999999.99999997,0.0008520000000000001,12.34
1.2310106456279755,0.600486508011818,3.675882667303086e-06,1393.467180430889,131999999.99999999,0.0001459999999999999,6.31
1.5413181245326997,0.6858903095126153,9.655582696199419e-06,1907.951936125755,151999999.99999997,0.000838,15.72
1.4983762096613646,0.6277076929807663,5.489481315016747e-06,1299.9607920646665,158000000.0,0.0004009999999999999,10.14
1.2969698131084444,0.6821469023823739,9.366169571876528e-06,1591.8612778186796,165000000.0,0.000636,14.36
1.5331628009676934,0.7888936534523965,8.597911417484284e-06,1702.0456977188585,456000000.0,0.00124,5.38
1.3325797498226166,0.616182491183281,8.650028556585312e-06,1301.5136420726774,165000000.0,0.0003879999999999999,11.48
1.2483605325222016,0.663701069355011,9.038988769054415e-06,1953.8880437612531,134999999.99999997,0.00047000000000000004,14.66
1.4785724490880967,0.6312399029731751,5.953037381172181e-06,2442.1388953924175,100000000.0,0.000354,13.78
1.3265856206417086,0.6168901115655899,8.269244849681856e-06,2835.9021544456477,92199999.99999999,0.00030200000000000013,14.92
1.2069103538990023,0.5982765913009644,5.876633189618589e-06,2643.037915229797,85300000.0,0.000176,12.26
1.4401424512267114,0.6352022588253022,7.375794827938081e-06,2598.8737046718593,102000000.0,0.00039300000000000007,14.96
1.3373806357383728,0.612777015566826,7.6110429316759124e-06,1772.0120418816803,125000000.00000001,0.00031899999999999995,12.4
1.2985086858272554,0.6244679778814316,9.166992157697679e-06,1403.2212197780607,159000000.00000003,0.0004099999999999999,12.39
1.480323176085949,0.6354843378067018,6.669294426217676e-06,837.8400206565856,242999999.99999997,0.0005129999999999999,8.3
1.335913646221161,0.6388049304485321,9.021180450916292e-06,1126.517906785011,196000000.00000003,0.0005189999999999999,11.59
1.3376137733459474,0.7078623935580254,9.68965244293213e-06,1031.499460339546,236000000.00000003,0.0009769999999999998,13.25
1.5251887276768685,0.697671626508236,5.1596419066190725e-06,2021.0182219743726,122000000.00000004,0.0005780000000000001,13.63
1.7304491043090822,0.8808750092983246,7.0587912127375615e-06,750.3903955221175,316000000.0,0.00271,11.02
1.5285413414239886,0.8685602009296418,3.090915590524674e-06,1046.4152991771696,201000000.0,0.0010800000000000002,7.78
1.6421455800533296,0.7139072209596634,8.083074241876604e-06,1663.7152824550865,166000000.0,0.0010399999999999997,14.94
1.7321779131889345,0.7218009755015374,9.863131672143937e-06,1562.0366409420965,187999999.99999997,0.00134,15.66
1.4740215450525285,0.6270606637001038,3.576995640993119e-06,1389.3480896949766,138000000.0,0.00027000000000000006,7.87
1.4925025798380376,0.7942302569746972,5.435388788580895e-06,622.3805546760558,381000000.0,0.00126,6.42
1.2313847959041597,0.835968241095543,3.3067641556262978e-06,2462.85106241703,312000000.0,0.0005259999999999999,1.2199999999999998
1.6657781660556794,0.6805724009871483,8.55362030863762e-06,2412.78412938118,126000000.00000001,0.0007749999999999999,16.19
1.5522291496396066,0.8373745322227478,7.247395589947701e-06,669.8559522628783,354000000.0,0.00216,9.92
1.4956425055861475,0.7474788174033166,7.044841721653939e-06,972.1754789352416,250000000.0,0.00114,11.29
1.493474180996418,0.6540551215410233,6.009081460535527e-06,947.8050023317336,221000000.0,0.000565,8.98
1.4788898527622225,0.7541398320347071,8.032013744115831e-06,776.789367198944,304000000.0,0.00137,10.87
1.2164164066314698,0.6891897529363633,9.862454295158388e-06,1668.0615879595277,164000000.0,0.000618,14.86
1.5313174188137055,0.6430823206901551,5.0811664164066324e-06,2655.999988317489,94099999.99999999,0.00037199999999999993,13.91
1.5516149908304215,0.6714873701334,9.318728357553484e-06,2518.395066261291,123000000.00000003,0.0006500000000000001,16.38
1.7702002644538881,0.8669805854558945,5.09191182255745e-06,1205.8477774262426,208999999.99999997,0.00187,11.62
1.5839729368686677,0.875302854180336,6.103756055235863e-06,564.5050406455993,397000000.0,0.00229,8.03
1.3286982178688052,0.6105004012584687,6.519115690141917e-06,2979.598224163055,81400000.00000001,0.00023900000000000006,13.899999999999999
1.3974448442459109,0.6887927234172821,9.68087512254715e-06,1935.3517442941663,149999999.99999997,0.000719,15.61
1.5140125896781684,0.6449462771415712,3.2755397260189063e-06,2769.467860460281,82400000.00000001,0.00026399999999999997,11.92
1.5623730674386025,0.8629415810108185,7.89655962586403e-06,1096.0459262132642,475000000.0,0.00204,6.27
1.754562556743622,0.8421682298183442,4.031553983688355e-06,1642.7297629415987,152999999.99999997,0.00131,12.12
1.5437443882226944,0.7727418646216393,9.255773812532426e-06,2045.06079852581,619000000.0,0.00109,1.4700000000000004
1.3159417748451234,0.6121338844299317,3.800502091646195e-06,1781.397361308336,109000000.00000001,0.00019199999999999992,8.72
1.5209094420075417,0.7178372584283352,9.093749493360522e-06,1138.611428439617,221000000.0,0.00117,13.72
1.311506098508835,0.8138815239071847,3.4346573948860174e-06,1898.2637133449314,252999999.99999997,0.000605,4.1
1.470436763763428,0.6286207795143128,5.538912937045098e-06,713.4647220373153,266000000.0,0.0004249999999999999,6.0
1.7245494961738588,0.8220723554491998,8.274114161729814e-06,854.3946146965026,292000000.0,0.00238,12.41
1.5395380407571795,0.6888184592127801,8.388594001531601e-06,1542.421646416187,168000000.0,0.000833,14.41
1.478371075540781,0.684803692996502,4.843588173389436e-06,967.3767834901809,218000000.00000003,0.0005769999999999999,8.2
1.610335671901703,0.8782293319702149,5.1184275746345525e-06,564.5875930786132,386000000.0,0.00205,6.73
1.4794697999954225,0.7307947888970375,6.33988879621029e-06,884.2235356569289,269000000.0,0.000921,9.46
1.3776218354701997,0.6823417827486993,9.351338833570482e-06,2116.4544597268105,138000000.0,0.000629,15.62
1.6115272521972657,0.8766164302825928,6.309496080502869e-06,1199.4468718767164,407000000.0,0.00189,5.8
1.4723548471927643,0.7521172430366279,4.8811723738908775e-06,704.0328830480574,365000000.0,0.0008319999999999998,4.65
1.515045002102852,0.8215251937508584,2.9518626332283024e-06,1694.6963239461181,133999999.99999997,0.0007770000000000001,10.58
1.4792768754065038,0.7330473449081183,7.238175481557847e-06,899.1275280714034,266000000.0,0.0010500000000000002,10.67
1.2802587926387787,0.7036226436495782,1.0008370101451876e-05,1333.9588716626165,198000000.00000003,0.000829,14.44
1.3330622792243958,0.8197493299841881,9.546528548002244e-06,1056.8620562553403,538000000.0,0.00158,6.08
1.35954487323761,0.7261445693671704,9.843928545713427e-06,926.5242069959639,260000000.0,0.0011999999999999997,13.14
1.4712684765458108,0.6347468465566636,7.491085559129716e-06,1699.1820484399793,138000000.0,0.0004740000000000001,13.31
1.4748482197523118,0.6335374295711518,4.30254003405571e-06,497.64442443847645,350000000.0,0.0003860000000000001,2.22
1.667245388031006,0.8658670574426651,4.09805166721344e-06,1202.6994600892065,196000000.00000003,0.0014700000000000002,10.35
1.3427132070064547,0.6101952552795411,7.831651389598848e-06,3004.281252622604,84999999.99999999,0.00027299999999999997,14.74
1.7359303057193758,0.892239859700203,5.113547623157502e-06,952.5781422853469,248000000.0,0.00213,10.32
1.6131514549255372,0.8380635380744935,6.068984210491182e-06,1871.6893550008533,502999999.99999994,0.00124,1.9099999999999993
1.7429283678531649,0.8751103073358537,2.9709814786911018e-06,1807.0713914930818,132999999.99999997,0.00115,11.23
1.6035675287246705,0.8647555679082871,3.1316472887992864e-06,841.9996052980422,267000000.0,0.00117,5.52
1.491898937523365,0.7382651500403882,3.029607236385346e-06,840.1891887187957,240000000.0,0.000573,4.87
1.6873106360435488,0.6785762384533883,8.507445186376573e-06,2565.171897411346,121000000.0,0.0007550000000000001,16.4
1.4703744649887087,0.6293519943952561,5.337826371192933e-06,2082.4683755636215,108000000.00000001,0.0003330000000000001,12.44
1.2998060882091524,0.6492879688739778,9.426452368497849e-06,735.1786941289901,287000000.0,0.0006339999999999999,9.72
1.4635724678635598,0.6848718345165253,9.305853813886644e-06,1444.4281458854673,179000000.00000003,0.000816,14.41
1.7338487148284913,0.8950317710638047,5.241942688822747e-06,561.1727684736251,387000000.0,0.00245,6.86
1.407767790555954,0.7585159052163363,3.0008572041988377e-06,1131.790980696678,177000000.0,0.0005589999999999999,7.879999999999999
1.503606325015426,0.6493614882230759,4.0747289955616e-06,2359.210468828678,97400000.00000003,0.0003330000000000001,12.25
1.451702418923378,0.7830463841557503,3.933115273714066e-06,1283.3487540483472,175000000.0,0.000789,10.050000000000002
1.5875079810619355,0.6566309541463853,7.900654867291452e-06,2577.5683969259258,111999999.99999999,0.000565,15.78
1.4967279095202686,0.8052522048354149,5.429486721754075e-06,725.6865054368972,340000000.0,0.00128,7.1899999999999995
1.4695613265037537,0.7407661719247699,7.638462930917741e-06,703.6406844854354,335000000.0,0.00122,9.4
1.3274329304695132,0.6111139386892319,4.864729344844819e-06,787.5180542469024,225999999.99999997,0.00026399999999999997,4.88
1.695327311754227,0.8584035158157349,5.396173208951951e-06,1033.6512625217435,238000000.0,0.00185,10.92
1.6086368143558503,0.6611502707004547,9.49369314312935e-06,2765.7612711191173,113999999.99999999,0.000614,16.74
1.5344166286289693,0.6917679771780968,5.448818981647493e-06,2046.6102212667463,122000000.00000004,0.00058,13.89
1.4590125247836114,0.8341830611228943,3.21011558175087e-06,903.2930731773375,241000000.0,0.0009109999999999999,6.17
1.4754950791597368,0.7612669441848994,4.289394706487656e-06,1443.757817149162,160000000.00000003,0.0007569999999999999,11.19
1.3239400863647461,0.6698560953140259,9.153124392032624e-06,1387.8154307603834,178000000.00000003,0.00062,13.46
1.5391739398241044,0.7626370009034873,5.857274539768697e-06,1232.1457192301748,200000000.0,0.0010699999999999998,11.98
1.4571697130799295,0.63509860932827,7.630058303475381e-06,1705.9862306341527,138000000.0,0.00047000000000000004,13.36
1.730785346031189,0.7223641835153104,4.760097339749337e-06,2869.308397173881,98899999.99999997,0.0006909999999999999,15.4
1.439225994050503,0.640182137489319,7.356364831328393e-06,2335.8350917696953,111000000.0,0.00042600000000000005,14.62
1.6039564311504366,0.7247931316494942,5.922230705618859e-06,1873.1488678604362,140000000.0,0.0008340000000000001,14.23
1.5101258575916292,0.6297560244798661,3.100578278303147e-06,696.6143399477004,251000000.0,0.000288,2.58
1.6222665309906008,0.7934996321797372,8.306645363569261e-06,842.0320898294448,290000000.0,0.00198,12.23
1.6172217071056367,0.6429592698812485,4.980759620666505e-06,3007.509738206863,85200000.00000001,0.000378,14.509999999999998
1.411360627412796,0.8913562864065171,9.569732517004015e-06,508.44255089759815,476000000.0,0.0029100000000000003,9.24
1.6115514814853669,0.7223769620060921,2.9083507061004646e-06,2277.7064070105553,101000000.0,0.00049,11.78
1.6470568120479585,0.884962633252144,7.379716500639916e-06,1075.4575133323667,515000000.0,0.00224,5.1
1.5270066663622857,0.6598732888698579,5.5606023520231255e-06,2233.0635711550713,111000000.0,0.0004669999999999999,13.85
1.6043455481529236,0.6738783359527588,3.743078172206879e-06,3025.3687798976894,81799999.99999997,0.0003860000000000001,13.89
1.5360013559460641,0.8480392903089524,3.284187704324723e-06,753.133401274681,306000000.0,0.00106,4.319999999999999
1.4012985706329346,0.7559845436364413,7.923129826784135e-06,2494.4468140602107,450000000.0,0.000754,3.02
1.5024539418518545,0.830368995666504,4.481564700603486e-06,767.3488110303878,321000000.0,0.00122,6.17
1.459985102713108,0.7357950869947673,2.9362034797668464e-06,909.7016900777816,207999999.99999997,0.000534,6.07
1.7426944792270662,0.7849082931876183,7.955474838614466e-06,1196.6445222496984,225999999.99999997,0.00181,13.739999999999998
1.5177084513008596,0.7528033588081599,5.245171546936036e-06,1393.2305872440336,174000000.0,0.0008839999999999999,12.02
1.7002431571483614,0.6971287205815316,8.416245251893999e-06,2150.579907000065,139000000.0,0.000925,15.94
1.3866631507873537,0.678495016694069,8.903769552707673e-06,1920.9211990237234,143000000.00000003,0.000622,14.989999999999998
1.6492271304130555,0.7380045622587205,3.7636996805667885e-06,2704.172387719154,97200000.0,0.0006230000000000002,14.17
1.5138125460594893,0.7621080111712218,7.905987828969957e-06,863.8973087072371,277000000.0,0.00146,11.73
1.642443734407425,0.6660205453634263,7.68301282823086e-06,2622.0153570175166,111999999.99999999,0.000622,15.99
1.2484347581863404,0.7272225916385652,1.0054755926132203e-05,934.4339668750762,260999999.99999997,0.0010800000000000002,13.25
1.5535843580961228,0.7146004378795624,6.03884343802929e-06,1750.7729697972534,145000000.0,0.0007680000000000001,13.85
1.6966857969760896,0.7555642973631621,3.947975844144822e-06,2578.22673022747,103999999.99999999,0.000745,14.26
1.5953665494918825,0.5992959022521973,2.9016991853713994e-06,1460.7756510376928,126000000.00000001,0.00021000000000000012,6.45
1.6343245804309847,0.6219285428524017,6.716025484725834e-06,2997.7935850620265,89500000.00000001,0.00039500000000000006,15.23
1.2156842350959778,0.5989173889160156,4.820523560047151e-06,2431.039914488792,87499999.99999997,0.00015800000000000002,10.91
1.4451900556683541,0.7789243921637535,3.1500716507434853e-06,828.9197385311126,265000000.0,0.0006930000000000001,4.55
1.331198036670685,0.6130681514739991,4.857695430517197e-06,1778.251679614186,113999999.99999999,0.0002359999999999999,10.23
1.607237219810486,0.5965407192707062,2.9278880357742316e-06,2676.307067275047,78899999.99999999,0.000189,9.860000000000001
1.4447318628430368,0.815916918218136,3.114200502634049e-06,898.9293426275252,236000000.00000003,0.0008139999999999999,5.98
1.7051840722560885,0.7826398685574533,9.627306640148164e-06,890.1313990354537,287000000.0,0.0022,13.39
1.498089646920562,0.7027739837765694,4.056207418441773e-06,2244.8490858078003,107000000.00000001,0.00048199999999999995,13.02
1.4885841563344002,0.6874649718403817,6.451413880102337e-06,1444.4272518157957,164000000.0,0.0006540000000000001,12.649999999999999
1.619770520925522,0.7395471051335335,8.950260728597643e-06,1162.2039154171941,224999999.99999997,0.00143,13.95
1.6679618775844576,0.6019042164087296,2.9318475723266606e-06,953.7180811166762,182000000.0,0.0002559999999999999,4.0200000000000005
1.566042132675648,0.8653395920991899,4.206870913505555e-06,930.781915783882,248000000.0,0.0014,8.43
1.3841748833656313,0.7813588678836824,9.849404096603395e-06,1659.9209345877168,734000000.0,0.0010800000000000002,0.5399999999999997
1.256041842699051,0.605244916677475,8.939898759126665e-06,2825.4057019948955,90500000.00000001,0.00026199999999999997,14.66
1.486801191419363,0.6339143961668016,3.6483947634696965e-06,2840.6426608562465,81100000.0,0.0002540000000000001,12.32
1.5770120322704317,0.6555372744798661,6.9374899342656145e-06,2454.7578692436214,111000000.0,0.000532,15.14
1.4079739451408388,0.7602389071136714,2.9770288467407234e-06,1345.706723630428,153999999.99999997,0.0005409999999999999,8.95
1.2527116656303408,0.6038791894912721,9.135102659463883e-06,691.7684078216552,270000000.0,0.00038,7.51
1.5418921172618867,0.6885293975472451,4.515675127506257e-06,2477.3624837398525,102000000.0,0.0004830000000000001,13.89
1.6019450783729554,0.6517644613981247,6.880529768764974e-06,2651.1797606945033,105000000.00000003,0.0005149999999999999,15.439999999999998
1.484537771344185,0.62686967253685,5.36917680501938e-06,1667.6299944519994,127000000.00000001,0.000354,11.36
1.4136959731578829,0.8215600535273553,3.0719603002071385e-06,2141.6948288679123,152999999.99999997,0.000655,8.54
1.5367530450224878,0.8443906098604202,6.323589516803623e-06,701.5932649374007,341000000.0,0.00192,9.02
1.351389366388321,0.6159744232892991,6.080038994550706e-06,1000.7918179035186,193000000.0,0.00031899999999999995,8.02
1.245332032442093,0.5974195003509521,3.7183427512645727e-06,584.4565778970717,284000000.0,0.00016000000000000004,0.21000000000000005
1.4907566316425802,0.6677934139966966,5.677674353122712e-06,1623.3045812696216,142000000.00000003,0.0005189999999999999,12.35
1.7354848623275758,0.7852808475494385,6.9121096283197414e-06,1371.5543895959852,198000000.00000003,0.00157,13.71
1.3234656751155855,0.6126594632863999,4.831993490457535e-06,1458.8556364178655,131999999.99999999,0.00023900000000000006,8.97
1.5254902705550195,0.8274554550647736,2.9668325185775762e-06,1680.3983990103004,134999999.99999997,0.0008080000000000001,10.7
1.4932742871344091,0.6635981529951096,4.886071518063546e-06,1914.3041521310804,120000000.0,0.00044199999999999996,12.43
1.4893731884658339,0.7861098155379296,4.2373923063278205e-06,1296.1272820830343,179000000.00000003,0.000882,10.51
1.4806808553636075,0.7754163399338723,4.7474580109119426e-06,709.437534213066,365000000.0,0.0009360000000000001,4.75
1.6671827137470248,0.8806507140398027,6.071479938924314e-06,1432.5811639428136,535000000.0,0.00177,2.19
1.431609021127224,0.6405119508504868,7.409439519047738e-06,2246.3284730911255,113999999.99999999,0.0004300000000000001,14.47
1.5842558383941652,0.7463178399950267,2.9930706024169927e-06,1813.004558905959,125000000.00000001,0.000583,10.41
1.5512323513627053,0.850745165348053,3.2642615139484413e-06,754.5411139726638,305000000.0,0.00109,4.36
1.6673424482345582,0.7440068978816271,2.956319928169251e-06,2950.5473673343654,85499999.99999999,0.000534,13.55
1.8043605208396913,0.8489738345146179,5.0863185077905666e-06,1427.2363036870954,181000000.00000003,0.00172,12.58
1.7230122327804567,0.7486809018999339,6.127655811607839e-06,1972.7813750505445,143000000.00000003,0.00106,14.77
1.6905283570289613,0.7810702443122864,5.136766716837884e-06,1717.2511825338004,152999999.99999997,0.00112,13.34
1.4119120359420778,0.6449238806962968,8.383224844932557e-06,1522.1168771386144,156000000.0,0.0005259999999999999,13.27
1.7478752195835114,0.7389103174209596,9.963871628046037e-06,1358.664587140083,212000000.0,0.00161,15.34
1.5023984782397748,0.6536463797092439,5.759103223681451e-06,1804.2011484503744,129000000.0,0.0004720000000000001,12.83
1.6215545833110812,0.719200810790062,7.403116360306741e-06,1657.3519278317688,163000000.0,0.0009949999999999998,14.57
1.3445332825183869,0.6608445972204209,8.333733767271043e-06,1986.0538020730016,131999999.99999999,0.0004960000000000001,14.509999999999998
1.471066899597645,0.6282381981611252,4.399222403764725e-06,2107.8921779990196,102999999.99999999,0.00029200000000000005,11.51
1.5387446433305743,0.8861216872930527,9.339432477951051e-06,506.61753118038166,456000000.0,0.0032100000000000006,9.83
1.4118469119071961,0.6239658057689668,6.274469971656801e-06,2302.91797965765,102000000.0,0.0003149999999999999,13.33
1.530477659404278,0.6713942795991898,5.454314872622491e-06,2206.693209707737,112999999.99999999,0.0004979999999999999,13.91
1.3421506941318513,0.686353598535061,9.334487020969393e-06,946.5650767087935,246000000.0,0.0008390000000000001,12.15
1.7139274477958681,0.8546537786722184,4.063570946455002e-06,1405.1313996315,174000000.0,0.0014,11.24
1.6032451987266543,0.6954934939742089,5.383535131812096e-06,2467.712193727493,109000000.00000001,0.0006029999999999999,14.829999999999998
1.322227692604065,0.6181048393249512,8.206990525126458e-06,2514.1581445932384,99900000.00000001,0.0003149999999999999,14.49
1.6908334493637087,0.7591533031314612,6.137677632272245e-06,1700.267565436661,160000000.00000003,0.00114,14.09
1.5072138005867601,0.6596839964389801,3.3714510500431067e-06,1878.4069661051033,111000000.0,0.00032999999999999994,10.27
1.4644603416323663,0.804111559689045,3.89722827076912e-06,1182.9493865370748,189999999.99999997,0.000894,9.47
1.7601990401744845,0.7904487311840058,3.901768177747727e-06,2354.752190411091,114999999.99999997,0.000935,13.82
1.7130191624164584,0.8813352048397065,4.0478379428386696e-06,1207.137770950794,196000000.00000003,0.0016,10.42
1.7614600360393526,0.7612473148852588,1.0035774350166323e-05,1144.9275463819502,242999999.99999997,0.00197,14.75
1.4567721202969552,0.6459142595529557,7.363401770591737e-06,652.4443179368972,319000000.0,0.0006379999999999999,7.22
1.2987514793872834,0.6744018316268922,9.160436391830446e-06,1625.709684565663,159000000.00000003,0.000587,14.2
1.5907916307449341,0.651280975341797,3.001266092061997e-06,1223.3005389571188,159000000.00000003,0.00034999999999999994,6.89
1.4521280452609064,0.7385649528354407,3.162232100963593e-06,704.1886001825332,298000000.0,0.0005640000000000002,3.1699999999999995
1.3408431351184846,0.689037685096264,9.617196679115297e-06,1622.1135407686231,167000000.0,0.0007160000000000001,14.82
1.4723340019583704,0.6333619594573975,9.605576753616334e-06,2990.3333187103267,99600000.0,0.00043900000000000005,16.41
1.4515214413404467,0.6256435096263886,3.6624876260757454e-06,472.79196977615345,346000000.0,0.00030799999999999995,0.68
1.5697285473346712,0.7072973862290383,6.346070030704142e-06,1833.4115687757728,141000000.00000003,0.0007619999999999999,14.26
1.4185641646385194,0.6180159330368042,8.391875743865967e-06,2978.501349687576,91000000.0,0.00033600000000000004,15.42
1.4246068060398103,0.7992713078856469,3.336102277040482e-06,772.5148200988768,302000000.0,0.0007640000000000001,3.8399999999999994
1.4116918444633486,0.6566065102815629,8.685554027557374e-06,838.8099372386931,260000000.0,0.0007160000000000001,10.31
1.5834904789924622,0.8884620040655137,2.971164226531983e-06,2239.8447915911674,177000000.0,0.0009739999999999999,7.58
1.453732989728451,0.6353911846876145,8.609700113534929e-06,2843.731969594955,101000000.0,0.0004249999999999999,15.83
1.4843976460397246,0.6694827049970627,4.005035728216172e-06,1118.0042773485181,178000000.00000003,0.0004500000000000001,8.2
1.4514709755778314,0.7882085725665093,4.077078431844712e-06,980.2697896957396,237000000.0,0.0008650000000000001,7.65
1.6319503962993622,0.7490356653928757,7.235384821891786e-06,1376.0578557848928,192000000.0,0.00123,13.75
1.758646506071091,0.7076139673590661,8.215744271874429e-06,2282.938577234745,136000000.0,0.000997,16.21
1.616614955663681,0.6708290934562684,8.692516177892686e-06,2504.3168216943736,121000000.0,0.000679,16.18
1.3367521941661835,0.6643866866827012,9.101113438606263e-06,1248.9510998129842,191000000.0,0.000629,12.85
1.4107526779174806,0.8798172801733017,3.063711822032929e-06,2492.8296655416484,294000000.0,0.0007569999999999999,1.1500000000000001
1.5954484820365906,0.8545055866241456,7.186903968453408e-06,673.6552268266677,354000000.0,0.00238,10.01
1.367939954996109,0.6642364561557771,9.443619400262833e-06,2490.7586276531215,120000000.0,0.0005149999999999999,16.05
1.4686440601944926,0.7873052090406418,2.9661645293235785e-06,1901.926530525088,119000000.0,0.0006299999999999998,11.42
1.502115359902382,0.6762809157371522,4.310118228197099e-06,2335.7234820723534,102999999.99999999,0.0004229999999999999,13.09
1.4777284853160382,0.6899632439017297,7.554763063788415e-06,1147.5045904517171,204000000.0,0.0007839999999999999,12.21
1.5322864808142187,0.8609350115060806,3.6866616606712347e-06,937.7393424510955,242000000.0,0.00122,7.4
1.583901008963585,0.7530808690935374,1.0088697791099549e-05,912.4930500984191,275000000.0,0.00176,13.7
1.559672422707081,0.6931157469749452,3.1737030744552617e-06,2922.9019880294795,82799999.99999997,0.00038099999999999994,13.27
1.342765921354294,0.6399069875478746,8.829656749963762e-06,1421.2825447320936,163000000.0,0.00048399999999999995,12.809999999999999
1.5021839428693058,0.6983385264873505,5.528499022126198e-06,1750.129248946905,138000000.0,0.000613,13.129999999999999
1.4929245471954347,0.8003397792577744,5.366204962134362e-06,640.5939459800719,377000000.0,0.00127,6.41
1.5466139405965806,0.739686781167984,4.183080732822419e-06,2039.2036363482473,120000000.0,0.0006620000000000002,13.05
1.6058444738388062,0.7411351528018714,2.990623116493226e-06,1929.3356239795683,119000000.0,0.000574,10.75
1.4687950596213342,0.653490623831749,8.193059965968134e-06,1516.9748961925504,159000000.00000003,0.0005970000000000001,13.51
1.340125447511673,0.6144469946622849,7.518888786435128e-06,2298.2009425759315,102999999.99999999,0.000301,13.65
1.4911094427108766,0.746745427697897,8.206664457917215e-06,859.620228409767,276000000.0,0.00134,11.77
1.4386619701981547,0.769229780137539,2.9816730618476875e-06,1949.882201850414,114999999.99999997,0.0005549999999999999,11.5
1.4526628866791726,0.6855194002389908,9.54163545370102e-06,1991.9396489858625,146000000.0,0.000732,15.67
1.4838392615318299,0.7488903243094683,5.5900961011648184e-06,774.6302634477614,319000000.0,0.0009490000000000001,7.25
1.4690543219447136,0.793931119143963,4.287639200687409e-06,1118.8773363828657,205999999.99999997,0.0009220000000000002,9.46
1.6007114410400392,0.7266915544867516,4.82527531683445e-06,2183.816574513912,119000000.0,0.0007030000000000001,14.1
1.4011040925979616,0.6482773125171662,8.246359750628472e-06,1732.5203791260717,142000000.00000003,0.0005039999999999999,13.83
1.221839815378189,0.6420913070440293,9.86211383342743e-06,2595.023542642593,110000000.0,0.00038299999999999993,15.89
1.4946039497852326,0.7802906557917596,2.9583747982978826e-06,2077.356308698654,111000000.0,0.0006100000000000001,11.89
1.7970006108283998,0.8486798733472825,8.127841934561731e-06,870.4199194908141,284000000.0,0.0027300000000000002,12.64
1.3211440086364747,0.6426234483718872,8.426742404699327e-06,2545.0144261121745,107000000.00000001,0.00039300000000000007,15.25
1.4876623190939429,0.625829565525055,5.403066098690034e-06,1467.9383412003515,140000000.0,0.000365,10.68
1.514472844451666,0.6984884664416314,7.294896364212037e-06,1458.3013132214544,170999999.99999997,0.000792,13.579999999999998
1.766408729553223,0.904933923482895,5.291304424405099e-06,766.8269723653792,296000000.0,0.00248,9.06
1.4674514919519426,0.6306945830583573,3.3907616138458257e-06,2775.1890867948528,80899999.99999997,0.0002320000000000001,11.65
1.4789856031537056,0.7118823409080506,6.705619731917978e-06,818.0482238531112,287000000.0,0.000872,9.07
1.608482623100281,0.8297914534807206,6.272662363946439e-06,1913.2324978709219,510000000.0,0.00121,1.9
1.2105323731899262,0.5961862921714783,8.241531535983086e-06,770.1397240161895,235000000.00000003,0.00028599999999999996,7.1899999999999995
1.8061444759368899,0.6955846801400185,8.02639800310135e-06,2820.8839446306224,116999999.99999997,0.0008839999999999999,16.88
1.8042238354682925,0.8464664340019227,4.01056343317032e-06,1779.510175809264,143000000.00000003,0.00136,12.64
1.4934073358774187,0.7394870772957802,7.438303247094155e-06,968.4908688068389,249000000.0,0.00114,11.64
1.4813316173851492,0.8367421925067903,3.024106234312058e-06,1413.7229621410368,152999999.99999997,0.000838,9.79
1.7541227281093599,0.7156533300876619,5.792174428701402e-06,2793.3038324117656,108000000.00000001,0.0007770000000000001,15.93
1.4575673237442972,0.7540239337831737,9.435654640197755e-06,728.1615138053893,318000000.0,0.00161,11.86
1.6868889033794405,0.8821517139673234,5.057502239942552e-06,942.6212608814238,250000000.0,0.00196,10.14
1.266458433866501,0.6037666082382203,8.922126948833466e-06,1004.5750737190245,200000000.0,0.0003550000000000001,9.68
1.5425453513860703,0.822980059683323,8.290253758430483e-06,592.6192104816436,390000000.0,0.00232,10.17
1.5905039370059968,0.8514619410037995,2.8980776071548465e-06,2453.0045986175533,126000000.00000001,0.000822,10.49
1.4869429774582388,0.7879125505685807,7.304304957389832e-06,696.0120350122451,341000000.0,0.00154,9.62
1.5678051844239236,0.7343544658273459,6.930499881505967e-06,1384.3176066875455,185000000.0,0.0010399999999999997,13.44
1.4939904637634756,0.668639972805977,6.47782444395125e-06,1517.8689658641813,153999999.99999997,0.00058,12.69
1.7007295846939088,0.8386689305305481,2.928614020347596e-06,2179.2409494519234,114999999.99999997,0.0009090000000000001,12.07
1.5584488213062289,0.7187465742230416,2.9495127797126776e-06,1542.932793498039,136000000.0,0.0004850000000000001,9.43
1.5944366812705995,0.6350375533103944,9.437266618013384e-06,2998.671263456344,101000000.0,0.0004939999999999999,16.58
1.7563982605934145,0.8863759607076646,4.960762709379197e-06,1073.638156056404,225999999.99999997,0.002,10.82
1.6706871628761293,0.7831418842077256,5.129377320408822e-06,1629.557518288493,159000000.00000003,0.00113,13.04
1.1951571822166445,0.6586569875478745,9.778364419937135e-06,1830.7938817888496,142000000.00000003,0.0004470000000000002,14.65
1.4604101300239565,0.657742390036583,8.050581738352777e-06,2417.2780215740204,115999999.99999997,0.0005109999999999998,15.36
1.490838445723057,0.844818064570427,9.142105281352999e-06,1046.8442291021345,678000000.0,0.00196,3.3
1.7328881800174714,0.7341327745467425,9.772249460220337e-06,1395.4948931932447,205000000.0,0.00151,15.27
1.425689832866192,0.6233327686786652,7.509253427386285e-06,917.5090789794921,220000000.0,0.00044600000000000005,9.08
1.3401971697807313,0.6146877765655518,5.730403415858746e-06,1089.015334844589,176000000.0,0.00029400000000000004,8.19
1.4244091451168062,0.7871745586395265,3.711195349693299e-06,795.2223271131514,309000000.0,0.0007619999999999999,4.400000000000001
1.6186758220195772,0.81799546033144,3.996578216552735e-06,1492.5217181444166,161000000.00000003,0.0010800000000000002,11.34
1.351459050178528,0.6159283429384232,7.411770701408387e-06,1382.410407066345,150999999.99999997,0.00034200000000000013,11.09
1.490753571689129,0.6278720855712892,6.740357376635076e-06,1392.5105258822439,155000000.0,0.00045099999999999996,11.57
1.5636155471205713,0.7601479578763247,5.264471888542176e-06,1485.1051867008207,167000000.0,0.0009589999999999999,12.5
1.667825746536255,0.8281974524259568,3.905167579650879e-06,1573.7208649516103,155000000.0,0.00114,11.6
1.5166099280118943,0.6961827367544174,7.471830591559411e-06,1463.466204702854,170999999.99999997,0.0007950000000000001,13.69
1.5729210242629053,0.7060167655348778,5.215170234441758e-06,2187.083952128887,118000000.00000001,0.000635,14.26
1.5370457164943219,0.8389259397983552,3.360512465238572e-06,635.9940320253371,359000000.0,0.0011,2.9099999999999997
1.26864829659462,0.5980323672294617,2.970371901988984e-06,2385.0499391555786,84099999.99999999,0.00012500000000000003,8.07
1.4553354889154435,0.8420487731695175,3.0846420824527747e-06,1238.1195947527883,170999999.99999997,0.00087,8.92
1.6567420721054078,0.879951748251915,6.645756801590325e-06,703.1597495079039,339000000.0,0.00254,9.87
1.41759831905365,0.6718724370002748,8.859465509653094e-06,1756.11905939877,149999999.99999997,0.0006320000000000001,14.6
1.494009290635586,0.8182330593466759,5.178666561841965e-06,626.2786239385604,378000000.0,0.00135,6.28
1.5766100943088532,0.7305839560925961,5.964736789464952e-06,1679.6049633994696,152999999.99999997,0.0008709999999999999,13.7
1.4476812019944192,0.6324644833803178,7.3238156884908685e-06,2665.467888116836,99400000.00000001,0.00038099999999999994,14.98
1.75867635011673,0.7917602330446244,3.946515738964081e-06,2307.3730543255806,116999999.99999997,0.0009520000000000003,13.76
1.7854928791522982,0.7611704450100661,3.860854148864747e-06,2886.8601769208904,97100000.00000001,0.0007800000000000001,14.81
1.4402903839945795,0.737271885573864,3.975311040878296e-06,1562.8121346235273,144000000.00000003,0.000604,11.14
1.5998792946338656,0.8092852637171746,6.7247649803757675e-06,2136.6035863757133,537000000.0,0.00112,1.2
1.457742427289486,0.6655851513147355,8.80308946967125e-06,2507.874324917793,118000000.00000001,0.0005479999999999999,15.88
1.5625819489359858,0.6813710555434228,9.464824199676515e-06,2197.482466697693,137000000.0,0.0007709999999999998,16.1
1.4091746985912323,0.6484111368656159,8.49050158262253e-06,629.7280192375182,325000000.0,0.0007020000000000001,8.37
1.4036540865898133,0.6255797535181046,8.216959670186045e-06,1310.6004819273946,167000000.0,0.0004500000000000001,11.77
1.5032469615340234,0.8177522644400598,5.459141522645951e-06,747.1220493316649,328000000.0,0.00136,7.71
1.4278879299759866,0.6233911514282227,6.385795194655658e-06,1575.136102735996,134999999.99999997,0.0003510000000000001,11.56
1.4801970385015013,0.7304392307996751,5.834179937839509e-06,846.5900570154189,284000000.0,0.0008679999999999997,8.28
1.3884992122650148,0.8056270748376847,3.106046319007874e-06,1138.0991637706754,184000000.0,0.000714,8.16
1.3193220376968384,0.7364751275628806,1.0082521080970766e-05,884.5558315515517,273000000.0,0.00127,13.27
1.410906457901001,0.6216598212718965,3.4509023427963263e-06,1467.7414223551748,128000000.0,0.0002249999999999999,7.62
1.4405614838004113,0.7394525516778231,2.9332069158554083e-06,1998.8668262958524,111000000.0,0.00046299999999999987,11.28
1.799617373943329,0.7472475584596396,9.279894441366196e-06,1508.8351741433141,194000000.0,0.00162,15.439999999999998
1.4603464096784593,0.703698867559433,3.584769099950791e-06,2157.2946682572365,107000000.00000001,0.00043399999999999987,12.14
1.4751879662275316,0.7090194046497346,7.2815521210432065e-06,564.2278790473937,385000000.0,0.00106,7.7
1.5720064982771875,0.6500923544168473,6.429420869797469e-06,2551.3088256120677,105000000.00000003,0.00048399999999999995,14.94
1.2681183636188509,0.6041498601436616,9.046781420707703e-06,1378.951549530029,152999999.99999997,0.00032799999999999995,11.53
1.6604297518730164,0.6398338526487352,2.985054731369019e-06,1737.7463839948175,118000000.00000001,0.00032799999999999995,9.12
1.4939455881714823,0.6581131249666214,5.113383546471597e-06,1411.7326140403745,152999999.99999997,0.00048199999999999995,10.84
1.547161263227463,0.7868044763803482,8.461612403392794e-06,741.0227805376052,319000000.0,0.00187,11.46
1.6862586200237275,0.758071342483163,3.968795120716095e-06,2487.606659531593,107000000.00000001,0.000756,14.09
1.7928193509578707,0.7576041240245105,7.0237553119659434e-06,1869.5737440139053,157000000.0,0.0013,15.23
1.4792391501367093,0.7230637639760972,5.74081962555647e-06,852.070853114128,279000000.0,0.0008210000000000001,8.15
1.379918146133423,0.7000063911080361,9.21533563733101e-06,632.4917376041411,342000000.0,0.00106,10.1
1.8107290506362916,0.7504254441708327,4.833409160375596e-06,2796.720594167709,106000000.00000003,0.0008830000000000001,15.53
1.4273457393050195,0.6205640494823457,5.559332713484765e-06,902.6102274656295,211000000.0,0.0003530000000000001,7.29
1.506948451884091,0.8391915589571,4.256405591964722e-06,856.2476485967635,284000000.0,0.00121,6.93
1.4747243866324427,0.7906869739294052,4.358722060918809e-06,703.8735896348952,363000000.0,0.000935,4.17
1.2170085847377778,0.6950904786586762,1.0029033541679384e-05,1582.9393565654752,173000000.0,0.00067,14.88
1.5191892094910147,0.7169991329312325,9.584991961717608e-06,1167.556934058666,220000000.0,0.0011999999999999997,14.09
1.208318728208542,0.5979375422000885,4.957523107528687e-06,1132.4612721800802,168000000.0,0.00018299999999999995,6.19
1.4767979845404626,0.7273257337510587,7.5128715634346016e-06,891.5381431579589,267000000.0,0.0010500000000000002,10.82
1.5522455960512163,0.7865086868405343,7.177836358547212e-06,896.9553112983702,271000000.0,0.00158,11.49
1.5266685381531717,0.6979748189449311,6.51790356449783e-06,1677.8467055410144,149000000.0,0.0007110000000000002,13.77
1.7065368175506592,0.7375434055924416,5.511556774377824e-06,2265.585280954838,125000000.00000001,0.000882,14.97
1.508204982429743,0.8373125016689301,4.363804161548615e-06,626.3851672410964,369000000.0,0.00128,4.98
1.6868459701538088,0.7461043450981379,8.854521930217744e-06,1267.6397636532781,215000000.00000003,0.00151,14.36
1.611836224794388,0.7466423269361259,1.013086372613907e-05,1005.6969821453093,257000000.0,0.00169,14.15
1.6068305969238283,0.6761377528309823,5.478811845183373e-06,2677.1583706140514,101000000.0,0.0005250000000000001,15.01
1.4972436178475619,0.7339256890118123,5.952777549624444e-06,1296.1335033178327,186999999.99999997,0.0008610000000000001,12.14
1.5234003134071827,0.8534827172756195,5.18230639398098e-06,596.871331334114,382000000.0,0.00173,6.68
1.5767954528331758,0.679528458416462,9.432841241359712e-06,2301.8802627921104,132999999.99999997,0.0007550000000000001,16.25
1.4690406024456026,0.6308975994586945,6.470298951491714e-06,2240.3317242860794,108000000.00000001,0.00038099999999999994,13.77
1.7451047301292422,0.7365803204476834,5.883086577057839e-06,2345.9487333893776,125000000.00000001,0.000935,15.39
1.7245203495025636,0.6611374586820603,3.0540295243263252e-06,1358.6388081312177,151999999.99999997,0.00043999999999999996,7.79
1.44735866189003,0.6622631907463075,8.227643325924875e-06,1994.1657707095144,132999999.99999997,0.000563,14.72
1.4669572725892068,0.6264042913913728,3.5817933976650244e-06,1668.5694474726913,118000000.00000001,0.0002599999999999999,9.06
1.6976765513420107,0.7330862335860729,3.7425267994403844e-06,2909.422695636749,92400000.00000001,0.000605,14.5
1.34358948469162,0.6150822937488556,6.85112588107586e-06,796.1973100900649,236000000.00000003,0.000352,7.15
1.4554768815636636,0.7335544668138028,4.325851023197175e-06,930.2110522985457,240000000.0,0.0006930000000000001,7.23
1.4985779576003553,0.7341435335576535,5.330377832055093e-06,1466.5425866842268,164000000.0,0.0007749999999999999,12.28
1.4257202222943308,0.7726925969123841,2.9533500671386726e-06,1809.2774897813795,123000000.00000003,0.000573,11.01
1.4754934385418894,0.6915349915623665,7.376541048288346e-06,919.4123297929763,248000000.0,0.00082,10.54
1.5570726469159129,0.6494998186826707,3.0520541369915012e-06,441.8504536151885,346000000.0,0.00039000000000000016,0.6
1.5173697106540205,0.8289218366146088,6.345913738012315e-06,712.4468982219695,337000000.0,0.00174,8.98
1.2629068672657013,0.742941001430154,9.224142581224442e-06,2119.2641109228134,517000000.0,0.0007280000000000002,2.84
1.6815991938114168,0.8859649032354355,5.157401889562607e-06,882.360741496086,264000000.00000003,0.00204,9.87
1.4452206015586855,0.6398429900407792,7.925520151853563e-06,1664.5377054810522,143000000.00000003,0.0004960000000000001,13.47
1.433440773189068,0.6692783385515214,8.797499597072602e-06,1340.6869694590566,182000000.0,0.000695,13.43
1.2189399003982544,0.5949080586433411,4.892948970198632e-06,606.2093675136565,289000000.0,0.00019599999999999997,1.9
1.568947219848633,0.8820631563663484,8.219325169920923e-06,525.7381796836852,432000000.0,0.00295,9.46
1.5212053991854193,0.7201167091727257,4.303013592958451e-06,2091.745503246784,115999999.99999997,0.0005840000000000001,13.15
1.480256896466017,0.6574883401393891,8.019670233130455e-06,1427.981100976467,167000000.0,0.000627,13.23
1.4134844720363617,0.6522276163101197,8.056863069534303e-06,1894.782895222306,133999999.99999997,0.0005059999999999999,14.21
1.5661103367805482,0.6865708932280541,7.504661783576012e-06,1805.0934113562105,145000000.0,0.0007420000000000001,14.63
1.5472790256142617,0.7637085679918528,4.155568212270737e-06,1772.1790652722118,134999999.99999997,0.000773,12.36
1.694754695892334,0.878006860613823,4.969754591584207e-06,998.0874806642531,239000000.0,0.00189,10.37
1.5032851684838535,0.6447429925203324,4.229633241891862e-06,2008.5643902420995,109000000.00000001,0.00034600000000000017,11.52
1.2673777878284456,0.6271544247865678,9.07271409034729e-06,2696.3427215814586,100000000.0,0.000332,15.309999999999999
1.8021427631378175,0.8524824321269989,2.9671479463577274e-06,2341.0303816199303,110000000.0,0.0010399999999999997,12.54
1.7490105986595155,0.8200411722064019,7.102422207593919e-06,1087.399750947952,240000000.0,0.00202,12.85
1.7001475632190706,0.8814161449670792,7.899541586637498e-06,615.5612617731093,385000000.0,0.00307,10.32
1.4259006544947626,0.6226877689361573,5.758654594421388e-06,614.3532246351241,302000000.0,0.0003990000000000001,4.88
1.5432412013411523,0.7467819705605507,2.9277353286743168e-06,2565.581604838371,94300000.00000001,0.0005069999999999999,12.74
1.477558283507824,0.8349846929311753,3.2438884675502785e-06,838.4967148303984,269000000.0,0.0009310000000000001,5.29
1.4306780174374583,0.7822834298014641,3.3079541027545934e-06,761.5282684564589,304000000.0,0.000708,3.4299999999999997
1.4279969349503518,0.620258179306984,4.556351333856584e-06,1664.560792967677,121000000.0,0.000277,10.16
1.5992930710315705,0.8586318880319596,8.250326901674273e-06,538.9199703931807,419000000.0,0.00275,9.730000000000002
1.4890191793441774,0.6530443489551545,7.893597275018693e-06,2505.679532885551,111999999.99999999,0.0005000000000000001,15.43
1.2627643704414369,0.6039958566427232,8.026343032717705e-06,1177.2388517856596,168999999.99999997,0.00031100000000000013,10.050000000000002
1.4801779344677926,0.7295165844261647,6.398750942200423e-06,1093.353360891342,218000000.00000003,0.0008960000000000001,11.32
1.5035663880407812,0.6460979729890824,6.239028025418521e-06,1522.7924212813375,148000000.0,0.0005030000000000001,12.14
1.4487231865525247,0.8126482173800469,3.6802291870117196e-06,868.1177645921706,276000000.0,0.0008889999999999999,5.71
1.684418034553528,0.8904699772596361,6.445482483133675e-06,686.2210035324096,344000000.0,0.00265,9.53
1.6407306432724,0.6872073367238045,8.614531666040421e-06,2020.3304216265676,142000000.00000003,0.0008539999999999998,15.65
1.2647565543651582,0.6018330931663514,9.027986347675324e-06,1866.6515517979858,121000000.0,0.00029999999999999987,13.02
1.463287675380707,0.6886227607727051,3.429031223058701e-06,1885.1005304604766,113999999.99999999,0.000389,10.93
1.564849703013897,0.7785139292478562,9.440271317958834e-06,724.3196964263915,329000000.0,0.00203,12.04
1.467739610373974,0.657792752981186,8.111180797219278e-06,1231.232017278671,187999999.99999997,0.000658,12.47
1.3375418007373812,0.6377473443746567,9.079224795103075e-06,827.0534425973891,252999999.99999997,0.0005620000000000001,9.81
1.4863163106143475,0.6747512608766556,5.969490632414818e-06,1349.158205091953,168000000.0,0.000592,11.58
1.478229707479477,0.7293953865766526,6.533033328130843e-06,1004.384934902191,237000000.0,0.0009220000000000002,10.73
1.5810410410165787,0.7114496111869812,2.890691757202149e-06,2584.938585758209,91100000.0,0.0004249999999999999,12.35
1.2569871962070467,0.6016464114189148,9.022404193878175e-06,2269.5702612400055,105000000.00000003,0.0002819999999999999,13.87
1.6882518410682679,0.8083226814866067,5.177262157201768e-06,1410.9422191977499,181000000.00000003,0.00135,12.4
1.5687302827835083,0.74227375946939,2.9188649654388435e-06,2672.5852042436595,91800000.00000001,0.0005000000000000001,12.93
1.599588418006897,0.8295355528593064,4.166498243808747e-06,1285.0487530231474,185000000.0,0.00119,10.61
1.3524273633956911,0.8134885355830194,9.640441745519639e-06,1150.733485817909,687000000.0,0.0014700000000000002,2.849999999999999
1.6089004755020142,0.8721924394369126,2.9278997182846073e-06,1506.2321275472639,150999999.99999997,0.0010500000000000002,9.84
1.5752840459346773,0.8603524446487427,4.088848769664765e-06,1040.5387282371519,220000000.0,0.00134,9.19
1.7446456253528597,0.7428659979254008,9.967741876840592e-06,1301.962502300739,219000000.0,0.00167,15.18
1.7396989166736605,0.8464846909046174,6.075884088873864e-06,1075.0565975904462,237000000.0,0.002,11.89
1.707652884721756,0.7504764955490828,1.0061891019344331e-05,1128.1299889087675,242000000.0,0.00179,14.64
1.4814036682248117,0.6319936215877534,3.7810175418853767e-06,2093.6822444200516,101000000.0,0.00027499999999999996,10.790000000000001
1.549092596769333,0.737608589977026,6.933291897177697e-06,1284.8066836595533,196000000.00000003,0.00106,13.05
1.2811874985694887,0.6560294330120088,9.305361896753313e-06,1245.4456761479375,187999999.99999997,0.0005509999999999998,12.63
1.4009873986244203,0.7600781243294478,3.2557170093059544e-06,899.4444012641906,233999999.99999997,0.000607,5.93
1.5178614344447852,0.8086850300431252,6.322846151888372e-06,808.8410943746566,297000000.0,0.00152,9.84
1.538166305422783,0.7107412666082383,7.245567485690118e-06,1461.3776206970213,174000000.0,0.0008830000000000001,13.73
1.5504984140396119,0.70537388920784,4.971740201115609e-06,2154.3493792414665,116999999.99999997,0.0006010000000000002,13.92
1.7688442289829256,0.7605191197246314,6.1143568381667145e-06,1990.1929721236227,144000000.00000003,0.00116,14.88
1.6936172962188722,0.7279778391122819,7.949199870228769e-06,1686.4018253982065,168000000.0,0.00115,15.06
1.8103624463081363,0.6437790691852571,3.0151396989822393e-06,2302.690736949444,94999999.99999999,0.000385,11.24
1.7527339696884157,0.7684867288917304,6.073346637189389e-06,1822.7451499551532,153999999.99999997,0.00122,14.44
1.502800723537803,0.6309211492538452,4.971182987093926e-06,1021.5342342853545,194000000.0,0.0004049999999999999,8.05
1.4272660151124001,0.6193605601787567,4.644453316926957e-06,1285.262584686279,150999999.99999997,0.0002929999999999999,8.54
1.2968048572540285,0.6491399556398393,8.498970568180086e-06,2022.8929743170736,126000000.00000001,0.00042899999999999997,14.39
1.3409844338893893,0.6354912221431733,8.973896741867067e-06,1123.8286197185514,195000000.0,0.000505,11.47
1.502760272473097,0.6567150413990022,3.434879988431931e-06,1081.9191783666608,176000000.0,0.0003710000000000001,6.92
1.4636207163333894,0.7248757503926755,4.593654423952103e-06,1556.789085268974,148000000.0,0.000627,11.7
1.6795597672462466,0.6827167466282845,6.323767310008407e-06,2764.2926126718517,105000000.00000003,0.0006280000000000001,15.87
1.6229230284690859,0.7189296416938306,2.9413396120071416e-06,2058.2476556301117,109000000.00000001,0.0005039999999999999,11.25
1.4595989629626276,0.6611141860485078,8.208583518862725e-06,1034.691661596298,217000000.00000003,0.0007120000000000001,11.55
1.4151336014270783,0.6464306563138963,7.976570010185243e-06,2591.1760628223415,107000000.00000001,0.0004359999999999999,15.37
1.793220216035843,0.8001360788941384,8.32207900285721e-06,1142.2898545861242,237000000.0,0.00212,13.81
1.5306171633303167,0.8247477069497109,6.396712487563492e-06,765.8407390117644,312000000.0,0.00171,9.730000000000002
1.252781367301941,0.7480012580752373,7.280560463666917e-06,2747.4786639213557,398000000.0,0.0005689999999999998,3.05
1.6186342656612398,0.8753257602453233,4.256469011306763e-06,720.4474806785582,320000000.0,0.00165,6.46
1.7509229779243471,0.8943981796503068,9.318319261074068e-06,527.9290229082106,441000000.0,0.00417,10.45
1.5915213704109192,0.6992956370115281,6.301346004009248e-06,2053.6142885684967,129000000.0,0.0007120000000000001,14.71
1.6519650757312776,0.7918310925364495,1.0054140090942384e-05,716.6318893432616,341000000.0,0.00241,12.649999999999999
1.3398047626018526,0.7323082633316518,9.575869590044023e-06,474.234104156494,409000000.0,0.0014099999999999998,9.95
1.5272085160017015,0.664332863688469,3.171468168497086e-06,2661.197960376739,86499999.99999999,0.00030300000000000005,11.97
1.351535761356354,0.6369716674089433,8.234362021088601e-06,2665.8381074666972,102000000.0,0.000378,15.29
1.7903321564197543,0.8961202293634416,7.042009443044663e-06,761.2420916557311,304000000.0,0.0030299999999999997,11.23
1.3226111233234408,0.6159871548414231,8.381491452455522e-06,1983.0613136291502,118000000.00000001,0.000341,13.55
1.337632441520691,0.6157762169837953,5.499869570136071e-06,2421.7585772275925,93700000.00000001,0.000244,12.52
1.4960259888321163,0.7629904557019472,5.194714576005937e-06,1219.1368192434309,197000000.00000003,0.000928,11.110000000000001
1.476821266114712,0.7333955056965352,5.807790763676167e-06,1178.8190081715582,201000000.0,0.0008319999999999998,11.32
1.483757268637419,0.7840200752019882,4.976817294955255e-06,1039.9657785892484,230000000.0,0.001,9.66
1.4791966617107393,0.7085413768887521,5.955875866115094e-06,740.3210848569869,319000000.0,0.0007929999999999999,7.1
1.4769672363996507,0.638815149664879,4.927886664867402e-06,659.0200513601302,301000000.0,0.0004379999999999999,4.57
1.4505559578537943,0.6374362349510193,6.8162890002131476e-06,551.3673573732375,364000000.0,0.0005530000000000001,5.16
1.7555420815944673,0.7639930207282305,8.191265866160394e-06,1383.9765563607214,203000000.0,0.00161,14.52
1.4263895049691202,0.7321310508996249,3.4591443538665777e-06,1837.5122565776107,122000000.00000004,0.000508,11.47
1.802910590171814,0.7927831247448922,8.157913967967035e-06,1259.7987353801725,219000000.0,0.00198,14.18
1.5641354888677599,0.7048704743385316,5.066978529095651e-06,2205.292910337448,115999999.99999997,0.0006119999999999999,14.14
1.3218037247657777,0.6124880969524384,4.88417248427868e-06,1364.4423261284826,140000000.0,0.00024199999999999997,8.55
1.4670772746205332,0.6261111438274384,3.666996449232102e-06,992.3229664564132,185000000.0,0.0002850000000000001,5.67
1.468502962589264,0.6882741585373879,8.187487408518792e-06,1104.615807533264,213000000.0,0.000831,12.44
1.429324619472027,0.7402003906667233,4.025370806455613e-06,774.7508138418196,309000000.0,0.0006370000000000001,4.5
1.4078727185726168,0.776412570476532,2.9899284243583684e-06,1705.1863269880412,129000000.0,0.000583,10.72
1.7072541296482087,0.7244996443390846,7.966880515217782e-06,1784.7128789871929,161000000.00000003,0.00112,15.29
1.7713079273700716,0.600032776594162,2.943752050399781e-06,1798.3177695423362,111000000.0,0.0002669999999999999,8.23
1.2612975955009462,0.6289473474025727,9.07478940486908e-06,2383.631572127342,109000000.00000001,0.00034799999999999995,14.89
1.515448980778456,0.8043327748775483,6.0150183141231545e-06,2330.05940169096,428000000.0,0.000932,2.3299999999999996
1.4057371437549593,0.624733829498291,6.938284918665887e-06,2499.2548972368236,98899999.99999997,0.0003290000000000001,14.13
1.545470228791237,0.7669480998069048,2.9232993125915535e-06,2396.0970640182495,100000000.0,0.0005750000000000001,12.49
1.4566684395074845,0.8122375264763833,3.495732098817826e-06,658.6866378784179,357000000.0,0.0008669999999999999,2.57
1.4908883213996889,0.7351846776902676,7.545888423919679e-06,973.0420559644698,247000000.0,0.00112,11.74
1.5338647574186326,0.6891633376479149,4.156118750572205e-06,2555.69215118885,97799999.99999999,0.0004520000000000001,13.67
1.3252335011959078,0.6120961993932724,3.613657861948014e-06,2555.4995536804195,83200000.00000003,0.000176,10.46
1.5671104431152345,0.7793830946087837,6.832833781838418e-06,2044.1336855292318,382000000.0,0.00101,5.05
1.5793133676052096,0.677275648713112,8.729970932006838e-06,1960.4137837886808,142000000.00000003,0.0007590000000000001,15.37
1.6683236718177796,0.7350942425429822,4.728601396083833e-06,2415.295198559761,112999999.99999999,0.0007489999999999998,14.61
1.4444613620638849,0.6621134072542191,8.247258678078653e-06,760.1035684347152,287000000.0,0.000756,9.48
1.5280925430357457,0.815218748152256,2.9700043201446537e-06,1983.5867658257482,130000000.0,0.000736,10.48
1.5042652599513533,0.6630163818597794,3.311034321784974e-06,2102.15612500906,102000000.0,0.000321,10.83
1.538423676788807,0.8084667786955834,8.154339745640756e-06,662.040814757347,354000000.0,0.00207,10.59
1.4644876688718798,0.6487473338842392,7.740934297442437e-06,2508.0149918794627,110000000.0,0.00046800000000000005,15.27
1.4822378955781461,0.7435394100844861,6.216715082526208e-06,850.7189452648162,286000000.0,0.000986,9.01
1.4979435894638302,0.6252408295869828,4.4444487392902384e-06,1389.7642418742178,143000000.00000003,0.0003310000000000001,9.250000000000002
1.5878878176212312,0.7575509626418353,7.2298600897192965e-06,1169.9196621775625,216000000.00000003,0.0013,12.98
1.4798628598451615,0.685906720161438,5.432052701711655e-06,1547.538314014673,149000000.0,0.0005640000000000002,12.07
1.4825951993465425,0.6838477894663811,9.461449623107912e-06,1937.7303421497343,148000000.0,0.0007529999999999999,15.55
1.54189150929451,0.7601850148290397,4.939563646912575e-06,1501.8854960799215,162000000.00000003,0.0008899999999999998,12.21
1.4810646392405034,0.6738963156938553,7.605308279395104e-06,1243.2688400149343,187999999.99999997,0.0006999999999999999,12.48
1.4894351519644262,0.7693447485566139,6.596496453508736e-06,824.5385736227034,296000000.0,0.00123,9.64
1.3022213816642763,0.6164730191230774,8.58464738726616e-06,2260.9794810414314,108000000.00000001,0.0003259999999999999,14.2
1.4953392393887044,0.6578949451446534,5.092030838131905e-06,1602.640926837921,138000000.0,0.00046500000000000014,11.55
1.5963041603565218,0.8206186786293984,3.893776297569275e-06,1444.2550688982008,164000000.0,0.00106,11.01
1.3266133904457094,0.6097850739955902,3.6137523651123055e-06,2917.7531898021693,74000000.0,0.00016900000000000004,11.270000000000001
1.2669996678829194,0.604141840338707,8.07857219874859e-06,1473.4249487519262,141000000.00000003,0.00029499999999999996,11.28
1.3464691758155825,0.6007197439670563,2.9419621229171757e-06,1374.178074300289,130000000.0,0.00015699999999999989,5.21
1.8020538926124574,0.8935357779264451,4.010314971208573e-06,1353.6107093095777,175000000.0,0.00173,11.23
1.421402406692505,0.8002174705266953,3.499509513378144e-06,689.5494759082793,344000000.0,0.000787,2.87
1.5637400865554811,0.7346840534359217,5.9327125772833835e-06,1589.433468878269,160000000.00000003,0.000891,13.39
1.5870530873537065,0.8479262620210648,8.319776713848115e-06,1277.09075063467,749000000.0,0.00179,0.06000000000000029
1.4668355897068979,0.7115722417831422,8.327654272317888e-06,951.9172757863997,247000000.0,0.00103,12.01
1.4837937757372857,0.7447444483637811,5.667164161801339e-06,759.2310309410094,324000000.0,0.0009400000000000001,7.17
1.467330774664879,0.6338672965765,7.65401589870453e-06,1567.7575692534444,147000000.0,0.00048700000000000013,12.969999999999999
1.689906281232834,0.8759037941694261,8.829058021306994e-06,531.8093597888945,426000000.0,0.00331,10.180000000000001
1.624375355243683,0.7699552953243256,5.166753008961678e-06,1614.0968464314935,158000000.0,0.00103,12.95
1.788388001918793,0.9024221599102021,3.1727336347103125e-06,887.7907246351241,241000000.0,0.00161,6.62
1.2030512988567352,0.5935759127140046,8.261648505926134e-06,2095.113128423691,107000000.00000001,0.0002300000000000001,12.62
1.4944885298609736,0.816075249016285,8.950492084026337e-06,1300.814367830753,574000000.0,0.00161,4.130000000000001
1.5139201886951925,0.6471517860889435,7.17186836898327e-06,1918.7151193618772,129000000.0,0.000517,14.01
1.5453489750623703,0.8010440513491631,9.341095358133317e-06,583.9029997587203,389000000.0,0.00234,10.83
1.4434227392077448,0.8424640864133836,3.1340964436531074e-06,1070.2380836009977,198000000.00000003,0.0009050000000000001,7.799999999999999
1.405849885940552,0.8002872571349144,2.985318839550019e-06,1355.4472401738165,156000000.0,0.0006710000000000002,9.15
1.799912112951279,0.8969137340784074,4.046275407075882e-06,1304.7364279627798,181000000.00000003,0.00177,11.06
1.543359375,0.8574273079633713,4.2977879643440255e-06,845.2518582344054,279000000.0,0.00135,7.43
1.3386264503002168,0.6124131828546524,7.675959929823877e-06,2930.714070796966,87200000.0,0.000277,14.61
1.6164732456207276,0.7422574745491147,3.8107098937034613e-06,2492.02612042427,102999999.99999999,0.0006410000000000001,13.8
1.456269371509552,0.684309321641922,9.4347922205925e-06,1993.7521144747732,145000000.0,0.0007219999999999999,15.599999999999998
1.2630291581153872,0.6042288422584534,8.13053746521473e-06,889.4928097724913,215000000.00000003,0.00032999999999999994,8.35
1.6124250233173372,0.72513410076499,3.806580752134324e-06,2687.1606260538097,96399999.99999999,0.0005640000000000002,14.059999999999999
1.525350630283356,0.8197011575102807,5.6172808855772026e-06,2240.2374371886253,399000000.0,0.0009779999999999997,2.72
1.5660160258412363,0.814477600157261,4.179831326007844e-06,1314.1513913869856,180000000.00000003,0.0010800000000000002,10.7
1.2801344275474549,0.6899261310696603,9.578687369823456e-06,1734.299181960523,159000000.00000003,0.0006519999999999998,14.94
1.5628836035728455,0.6322540640830995,6.60899822600186e-06,2764.854088425636,97100000.00000001,0.00041700000000000005,15.04
1.350622433423996,0.6312991261482239,8.779634535312654e-06,2831.2161117792125,99100000.0,0.000374,15.64
1.439140431582928,0.6329741925001146,6.883678361773492e-06,554.4382631778716,357000000.0,0.000523,5.16
1.589302843809128,0.7812237292528154,2.909470975399018e-06,2406.7027419805527,101000000.0,0.0006370000000000001,12.52
1.5444932878017428,0.855880755186081,4.307585000991822e-06,746.4891970157622,316000000.0,0.00137,6.33
1.4042321026325226,0.6193078547716141,4.556814044713975e-06,1985.8273416757581,106000000.00000003,0.00025799999999999993,10.950000000000001
1.6530573785305025,0.6815526455640794,9.418215781450273e-06,2409.3021005392075,130999999.99999999,0.000816,16.53
1.4733232185244562,0.6535913407802583,8.151271209120752e-06,1621.5929500758646,150999999.99999997,0.0005840000000000001,13.8
1.7375802397727969,0.7930115193128586,6.180872984230519e-06,1459.6880152821539,184000000.0,0.00148,13.5
1.516020004078746,0.6463187724351883,7.131104961037637e-06,2187.3696073889732,118000000.00000001,0.0004939999999999999,14.5
1.498344760760665,0.8309801638126374,3.4157899320125584e-06,637.7056539058684,357000000.0,0.000999,2.849999999999999
1.4974927548319104,0.7713342189788819,7.90129229426384e-06,770.3438699245452,307000000.0,0.00152,10.97
1.6772153556346894,0.8181425705552102,2.9322764873504643e-06,2332.2963640093803,108000000.00000001,0.000807,12.47
1.2568590581417085,0.6044473350048065,6.986138463020326e-06,2747.8961199522014,87300000.0,0.00022600000000000005,13.47
1.3681285321712495,0.6308712333440781,7.77715665102005e-06,2310.1024255156517,109000000.00000001,0.00037199999999999993,14.41
1.4660484418272974,0.6708483695983888,4.5031468868255625e-06,689.4474774599074,309000000.0,0.0004939999999999999,4.33
1.481237453967333,0.6593812733888627,7.147876664996148e-06,858.4422171115874,251000000.0,0.00067,9.38
1.5905416309833529,0.7802585899829865,8.406426519155503e-06,854.1433066129683,284000000.0,0.00181,12.33
1.5623043358325959,0.599973624944687,2.9535686969757086e-06,2878.938347101211,72400000.00000001,0.00018400000000000008,10.48
1.5158108577132225,0.6391167640686036,4.279151231050492e-06,1315.7087489962576,152999999.99999997,0.00038400000000000006,9.03
1.4903718441724778,0.6609757125377655,5.985302701592447e-06,1123.771622776985,192000000.0,0.000576,10.35
1.5018316715955735,0.6454893976449967,5.2101328819990165e-06,1229.6371832489965,169999999.99999997,0.00046500000000000014,9.890000000000002
1.5529080346226694,0.6657470405101776,6.722611278295518e-06,2097.115807235241,123000000.00000003,0.0005679999999999999,14.48
1.747431528568268,0.9015536606311799,8.30199718475342e-06,531.4440578222274,427000000.0,0.00383,9.83
1.4770317301154139,0.70677387714386,6.7091199476271876e-06,984.9486798048018,233999999.99999997,0.000822,10.57
1.6383358597755433,0.7899599567055703,4.097807794809342e-06,1811.323335394263,137000000.0,0.0009369999999999999,12.54
1.4032514691352846,0.6789127707481385,9.316061198711397e-06,2227.3110523819923,132999999.99999997,0.0006159999999999999,15.79
1.7325088977813723,0.8507012486457826,8.219727590680124e-06,738.8455718755721,329000000.0,0.0027300000000000002,11.6
1.7599714636802675,0.8169352009892464,6.1481235176324856e-06,1313.7732371687887,202000000.0,0.00171,12.98
1.3254266738891602,0.6428086906671525,8.234530791640283e-06,2144.734889268875,119000000.0,0.000411,14.47
1.2022379815578461,0.596794867515564,7.101585291326047e-06,1893.9460087567566,112999999.99999999,0.00021500000000000005,11.46
1.404528057575226,0.6211346805095673,3.452570021152497e-06,2221.786893904209,93099999.99999999,0.00020899999999999998,9.98
1.7232729792594912,0.8777213394641877,6.144604317843915e-06,871.9325363636016,276000000.0,0.00234,10.91
1.499217900261283,0.7668715741485358,7.548797369003297e-06,825.3293782472609,290000000.0,0.0014099999999999998,10.98
1.672371679544449,0.8931880027055741,6.1090057268738755e-06,547.5088506937026,400000000.0,0.0026,7.98
1.4319139614701273,0.8445511043071747,2.9691998958587652e-06,2384.976401925087,147000000.0,0.0007049999999999998,8.9
1.6926583349704745,0.6630411833524704,9.36459431052208e-06,2839.370176196098,112999999.99999999,0.0006710000000000002,16.98
1.3725513696670533,0.6310203820466996,7.754769936203957e-06,2512.0923966169353,102999999.99999999,0.00036200000000000007,14.75
1.4117013037204744,0.7786229655146599,3.015744268894196e-06,1046.6230958700178,193000000.0,0.000636,7.35
1.6171064972877505,0.7984145924448968,2.913214802742005e-06,2331.5464630723,105000000.00000003,0.0007089999999999999,12.38
1.4676471278071406,0.6587461709976197,8.109461903572084e-06,1945.6214755773542,133999999.99999997,0.000563,14.57
1.4685730800032617,0.661377838253975,8.11117881536484e-06,1222.2746312618253,189999999.99999997,0.000675,12.5
1.6361549556255341,0.8472297191619874,6.171462304890157e-06,874.9762475490569,276000000.0,0.00196,10.73
1.7480736672878268,0.741575206629932,7.144929230213166e-06,1896.8057092279194,152999999.99999997,0.00116,15.24
1.4119933247566225,0.860364979505539,9.597632229328157e-06,852.4275124073027,737000000.0,0.00214,3.62
1.789072233438492,0.7506773024797441,9.29089915752411e-06,1430.3917735815046,202000000.0,0.00167,15.23
1.4764783233404162,0.6665244072675706,3.831995427608491e-06,793.569192290306,238000000.0,0.0004300000000000001,5.47
1.744815641641617,0.6833072975277902,8.941240370273591e-06,2661.9132161140437,123000000.00000003,0.000833,16.83
1.7976593971252444,0.7963844016194345,6.142990306019784e-06,1627.446303144097,169999999.99999997,0.00153,14.07
1.5889056712388994,0.831243896484375,6.448941034264864e-06,1685.0768839940426,414000000.0,0.00131,4.58
1.278790819644928,0.6224587082862855,9.44903925061226e-06,711.4146202802657,278000000.0,0.00048399999999999995,8.56
1.2062937319278717,0.5981982529163361,5.97544214129448e-06,1893.2302873581646,109000000.00000001,0.00019100000000000003,10.64
1.506215479038656,0.7069142013788224,7.162822611629964e-06,1356.4781770110128,182000000.0,0.0008359999999999999,13.19
1.572146084904671,0.707109770178795,1.0017462432384493e-05,1435.074798762798,193000000.0,0.00113,15.17
1.5602912306785586,0.7331078913062812,4.956177324056626e-06,1875.593477860093,132999999.99999997,0.0007420000000000001,13.39
1.4181401610374451,0.6246564388275146,5.748416751623155e-06,2625.0991523265834,91800000.00000001,0.000288,13.5
1.5934874653816224,0.703447249531746,1.0037110328674318e-05,1537.9346460103986,184000000.0,0.0011,15.42
1.5760737955570223,0.7935600891709328,7.2070365324616446e-06,2080.16387373209,452000000.0,0.00111,3.6600000000000006
1.3063027381896974,0.6475644886493683,8.586967408657075e-06,1826.3502810150383,136000000.0,0.0004449999999999999,13.95
1.5380450069904328,0.6649454355239869,8.003287389874459e-06,1930.6375011801717,136000000.0,0.000633,14.75
1.58438401222229,0.7046169742941857,8.211274042725564e-06,1546.781651675701,171999999.99999997,0.0009639999999999999,14.56
1.5232675753533842,0.7002971112728119,6.54964434541762e-06,1630.9539340436456,152999999.99999997,0.0007269999999999998,13.67
1.4305428788065913,0.7626141037791968,9.39678254723549e-06,621.2824881076812,357000000.0,0.0016800000000000003,11.01
1.5421725243330002,0.6641890972852708,8.061900213360787e-06,2184.4592243433,126000000.00000001,0.0006100000000000001,15.22
1.7581158578395846,0.8159690782427789,4.082069575786591e-06,1922.0621809363363,134999999.99999997,0.00114,12.98
1.5225822910666467,0.6492465645074845,3.956631124019623e-06,2789.052456617355,86399999.99999999,0.00031699999999999995,13.05
1.3499099314212801,0.658981266617775,8.211860045790673e-06,2158.790037035942,124000000.00000003,0.00047600000000000013,14.79
1.487417694926262,0.6644243538379669,6.753804519772531e-06,1131.1014294624326,196000000.00000003,0.000636,11.09
1.525008411705494,0.8897942394018175,9.424269407987596e-06,750.2819895744323,592000000.0,0.00268,6.27
1.4998320534825327,0.8314920186996461,4.3938104808330544e-06,612.267956137657,373000000.0,0.00125,4.97
1.7516734778881076,0.7362806875258685,7.991782307624819e-06,1771.1026985198257,165000000.0,0.00124,15.38
1.6143976271152498,0.6501120775938035,6.750121034681798e-06,2736.10945045948,102000000.0,0.0005030000000000001,15.49
1.325996732711792,0.611840906739235,3.5977540016174324e-06,2664.7623181343074,80500000.00000001,0.00017399999999999997,10.68
1.2932798087596895,0.8697001844644547,2.8852777481079106e-06,2471.24108672142,216000000.00000003,0.000604,4.2
1.6739656805992127,0.6397131800651551,8.220245584845545e-06,2937.5961720943446,101000000.0,0.0005279999999999999,16.28
1.4721851795911791,0.7581362988799811,8.631505310535432e-06,726.9984036684035,319000000.0,0.00151,11.19
1.567025649547577,0.7099149450659753,7.49117161333561e-06,1541.86724871397,168999999.99999997,0.000916,14.17
1.4947675153613091,0.6565001159906388,8.993437826633455e-06,2680.477082729339,111999999.99999999,0.0005279999999999999,16.14
1.4428761586546899,0.6230649948120117,6.937794826924802e-06,1295.694440603256,162000000.00000003,0.000402,10.94
1.468213324248791,0.8398873507976533,3.0539986491203316e-06,1327.1988108754156,161000000.00000003,0.0008539999999999998,9.38
1.2611358761787417,0.6051088929176331,5.810102179646493e-06,2841.9017344713207,81799999.99999997,0.00020100000000000014,12.94
1.5902271866798403,0.6544810473918915,6.7743334025144585e-06,2568.6797052621837,107000000.00000001,0.0005199999999999998,15.26
1.5267211630940438,0.7763401150703431,7.3022250533103955e-06,2319.2067369818687,416000000.0,0.0009310000000000001,3.939999999999999
1.5600005239248278,0.7662536021322013,6.1880430206656464e-06,1199.842683970928,206999999.99999997,0.00117,12.21
1.6139129698276522,0.8333785504102708,2.938512444496155e-06,1927.8230816125867,124000000.00000003,0.0008589999999999998,11.44
1.5405153885483742,0.6756714507937432,8.99570694565773e-06,2253.693036735058,130999999.99999999,0.0006900000000000001,15.85
1.2707384705543519,0.6042643457651139,8.042248770594599e-06,1579.0301859378812,133999999.99999997,0.00029,11.61
1.3974308252334595,0.6192937642335892,3.7227234840393074e-06,1465.4306247830389,129000000.0,0.00023099999999999998,7.959999999999999
1.4991044986993076,0.6692118555307389,7.1935233622789395e-06,1517.3349082469938,158000000.0,0.0006280000000000001,13.25
1.4246452510356904,0.7281733319163323,3.0683894157409674e-06,2011.191017925739,110000000.0,0.00043399999999999987,11.35
1.5201383896172047,0.7217181533575059,8.053883194923402e-06,1158.0837443470953,214000000.00000003,0.0010800000000000002,13.16
1.622772252559662,0.6660639166831971,8.498191595077517e-06,2602.7054637670512,115999999.99999997,0.000642,16.2
1.7369221150875094,0.746088231727481,8.154693558812143e-06,1544.8579117655752,184000000.0,0.0013800000000000002,14.94
1.4709448099136353,0.7489325847476721,5.403217867016793e-06,1026.6265571117399,229000000.0,0.0008740000000000001,9.84
1.491873248666525,0.6397017627954483,7.0100838020443925e-06,1115.662485361099,193000000.0,0.0005589999999999999,10.84
1.4767400175333025,0.8211307212710381,3.7172692120075234e-06,1172.3098084330557,189999999.99999997,0.000948,9.24
1.4888264402747156,0.7239513270556928,5.428723916411401e-06,1474.219590425491,162000000.00000003,0.0007280000000000002,12.3
1.5732035726308824,0.6906939402222634,4.002865910530091e-06,2772.5787013769145,92400000.00000001,0.00044899999999999996,13.97
1.4093159437179568,0.741677269153297,3.119100689888001e-06,802.2111952304839,260000000.0,0.000534,4.64
1.6619083106517794,0.7195025771856308,3.803145051002503e-06,2891.5802687406535,91599999.99999999,0.0005479999999999999,14.379999999999999
1.3519930958747866,0.689500080049038,9.350401103496552e-06,706.0961723327636,312000000.0,0.0009520000000000003,10.55
1.5497361660003663,0.6694640368223191,4.22446769475937e-06,2755.260124802589,91599999.99999999,0.0004009999999999999,13.83
1.4047996401786806,0.7564415585249663,3.1232655048370367e-06,949.5778679847716,210000000.0,0.0005790000000000002,6.53
1.485680989176035,0.6338839530944825,4.218994438648224e-06,2566.225111484527,90500000.00000001,0.00028599999999999996,12.47
1.702577841281891,0.7796631529927255,3.986795574426651e-06,2235.2788150310516,118000000.00000001,0.000872,13.579999999999998
1.6744619965553285,0.8017980113625527,5.38142727315426e-06,1381.2934160232542,185000000.0,0.00134,12.47
1.6222256004810334,0.6953448235988617,7.285269558429719e-06,2019.3852409720419,136000000.0,0.000792,15.17
1.618010759353638,0.8006332129240037,6.18500366434455e-06,1087.6683443784711,229000000.0,0.00152,11.91
1.3599110662937166,0.7502361439168453,9.494330465793611e-06,480.4130196571349,412000000.0,0.00158,10.08
1.4764165610074997,0.6797437906265259,6.950299285352231e-06,551.303058862686,377000000.0,0.000822,6.709999999999999
1.531640835106373,0.6881193056702615,9.300320059061052e-06,1547.9085147380827,173000000.0,0.0008889999999999999,14.85
1.4179338276386262,0.7344597011804581,3.0193464457988743e-06,1726.0561389848588,124000000.00000003,0.000453,10.44
1.441370026767254,0.657552319765091,8.410860031843187e-06,941.143289208412,235000000.00000003,0.0007129999999999999,10.950000000000001
1.47670294046402,0.7677396912127734,7.172878697514535e-06,573.1915235519408,393000000.0,0.0014399999999999999,8.38
1.3571893751621247,0.6334274500608444,8.790603786706925e-06,615.7155632972716,320000000.0,0.000595,8.04
1.328391355276108,0.6131209015846253,3.643816679716111e-06,1289.5004749298093,143000000.00000003,0.00019900000000000012,6.39
1.460416701436043,0.6290456235408783,3.5549905896186834e-06,2099.2825478315353,98899999.99999997,0.00024800000000000007,10.29
1.2414184033870699,0.630711516737938,9.661144614219667e-06,2789.139255881309,101000000.0,0.0003490000000000001,15.8
1.4282190307974816,0.6897664323449135,8.682626098394395e-06,756.8699419498442,297000000.0,0.000938,10.39
1.4165168702602389,0.6178884655237198,4.696657031774522e-06,884.5392167568206,205999999.99999997,0.00030300000000000005,6.09
1.2868583142757417,0.6256019085645677,8.907200455665589e-06,1890.1572395116089,126000000.00000001,0.00037199999999999993,13.79
1.4729621440172196,0.769635620713234,7.656549856066705e-06,680.1893115043639,345000000.0,0.00143,9.64
1.492958638072014,0.8192808911204339,5.329887375235558e-06,614.503726363182,381000000.0,0.0014099999999999998,6.52
1.3226524829864503,0.615695858001709,8.442265748977662e-06,1877.7463044971225,123000000.00000003,0.00034700000000000003,13.32
1.3010936200618746,0.6241554021835327,9.185974150896074e-06,1313.0504190921781,168000000.0,0.00041799999999999997,12.02
1.4998708046972753,0.7669164922088385,9.389351010322572e-06,1949.5039358735082,541000000.0,0.0010800000000000002,3.4299999999999997
1.319072735309601,0.6116091012954712,3.871718049049378e-06,1291.0710945725439,144000000.00000003,0.00020400000000000005,6.66
1.4031095802783968,0.7567477259784937,3.26214823126793e-06,964.3516987562178,212000000.0,0.000596,6.73
1.523369796574116,0.850126674771309,4.2610635757446295e-06,920.4405844211577,257000000.0,0.00128,8.0
1.660020536184311,0.8283602088689804,7.741096079349518e-06,791.6432172060012,307000000.0,0.00228,11.59
1.67141250371933,0.8142734304070474,5.159846767783166e-06,1318.3581754565237,191000000.0,0.00139,12.0
1.3997456789016725,0.6229676753282547,6.87536020576954e-06,608.5904985666274,310000000.0,0.00044199999999999996,5.72
1.5104674011468888,0.6420014619827271,4.2068375349044805e-06,1119.9271976947782,176000000.0,0.00039699999999999984,7.98
1.4819169491529467,0.8339521944522859,3.356489300727845e-06,756.683975458145,306000000.0,0.0009530000000000001,4.23
1.3277417957782747,0.6401326596736908,8.489350855350496e-06,2644.5184946060176,103999999.99999999,0.0003860000000000001,15.39
1.4953836366534234,0.7050097525119782,5.198409691452981e-06,1746.9646520912645,137000000.0,0.0006100000000000001,12.86
1.6159833133220673,0.8766778975725175,5.216164708137513e-06,803.5179525613784,292000000.0,0.00194,9.0
1.7818374931812289,0.7560896929353477,8.20216690003872e-06,1554.5748099684713,185000000.0,0.00152,15.07
1.52925965487957,0.6611332654953004,3.9006466567516336e-06,2770.901575684547,88200000.0,0.0003490000000000001,13.25
1.4506443277001382,0.7156364232301713,8.303724110126496e-06,711.6036415100097,322000000.0,0.00109,10.0
1.4322465017437935,0.61938995718956,4.597190260887146e-06,1198.4366476535795,161000000.00000003,0.00029699999999999996,8.04
1.5409741669893267,0.6909978389739991,3.5005932748317723e-06,2798.4166443347926,88600000.00000001,0.0004009999999999999,13.4
1.4746087297797204,0.6833088397979737,4.764657586812974e-06,1141.5382027626035,185000000.0,0.0005530000000000001,9.45
1.745084595680237,0.8848547369241715,2.9349309206008915e-06,1817.9959077388046,136000000.0,0.00118,10.72
1.518965269625187,0.7268077298998833,2.9376024603843697e-06,1336.6062119603155,152999999.99999997,0.0005000000000000001,8.53
1.4521078303456307,0.7274171434342862,9.916383892297747e-06,1023.5265195369719,244000000.00000003,0.0012899999999999997,13.77
1.3920355796813966,0.6979888379573823,9.174138307571412e-06,846.4042395353316,272000000.0,0.00098,11.72
1.4452174544334413,0.7307465828955174,9.581253975629808e-06,906.5534472465514,264000000.00000003,0.00133,12.99
1.5587647855281832,0.7907612085342408,2.9513757228851325e-06,2210.5386033654213,108000000.00000001,0.000667,12.25
1.60402969121933,0.8747439622879029,7.608827009797098e-06,1093.3184921741483,496000000.0,0.00214,5.66
1.637630867958069,0.7216741025447846,4.035194337368012e-06,2741.92202091217,96500000.00000003,0.000583,14.4
1.7927094876766207,0.7570706706494094,4.873032689094544e-06,2583.3262801170345,112999999.99999999,0.0009300000000000003,15.2
1.6852011144161225,0.697973245382309,3.029219418764115e-06,1963.7687057256696,111999999.99999999,0.00048199999999999995,10.74
1.4982612289488317,0.837973988056183,3.3244212269783027e-06,753.4557878971099,304000000.0,0.000984,4.290000000000001
1.5525708585977556,0.685480709373951,6.583990091457964e-06,1925.7795736193655,132999999.99999997,0.0006519999999999998,14.349999999999998
1.4768226116895677,0.6252728193998337,4.56177055835724e-06,779.9127250909804,231000000.0,0.00035600000000000003,5.67
1.2470480382442475,0.6075590014457704,9.451109141111376e-06,2172.9771718382835,111000000.0,0.00030599999999999996,14.12
1.5877542078495026,0.7468243639916182,3.871105134487153e-06,2280.844070017338,110000000.0,0.000661,13.39
1.253329235315323,0.7067638412117959,9.940441936254503e-06,606.1490923166274,349000000.0,0.00106,10.7
1.5711240515112879,0.6793401807546616,9.41485580801964e-06,2295.8031967282295,132999999.99999997,0.0007489999999999998,16.22
1.6856997549533845,0.8935560375452043,3.5872401595115666e-06,1083.2349509000776,203000000.0,0.0014999999999999998,9.18
1.7706816673278811,0.6652807474136353,9.16648292541504e-06,2957.366734743118,110000000.0,0.0007179999999999999,17.3
1.5495940491557123,0.8583698719739915,6.496888697147371e-06,610.155940055847,387000000.0,0.00219,8.55
1.6532092273235321,0.8848439723253251,2.912104547023774e-06,1833.51425640285,148000000.0,0.0010800000000000002,9.67
1.4449578344821932,0.7849956527352334,2.9600124359130866e-06,1463.1054475903509,146000000.0,0.0006339999999999999,9.5
1.5547585085034372,0.6855169817805291,8.43086487054825e-06,1645.0957041233776,160000000.00000003,0.000813,14.68
1.4265054658055307,0.6540786355733872,8.58206367492676e-06,1028.663024306297,217000000.00000003,0.0006760000000000002,11.53
1.3063891589641572,0.64843887090683,8.475142419338227e-06,1935.7532933354375,130000000.0,0.00043700000000000005,14.18
1.4467342570424082,0.6842957451939583,8.796250611543657e-06,1162.073493003845,206999999.99999997,0.0008239999999999998,13.04
1.4720150649547579,0.77329940199852,2.953509867191315e-06,1120.2267110347746,179000000.00000003,0.000642,7.67
1.4583585619926454,0.6365377485752106,7.522514536976815e-06,1798.2183042913673,132999999.99999997,0.00046500000000000014,13.57
1.5476259112358095,0.7698883518576622,8.055513739585878e-06,2211.348406970501,431000000.0,0.000996,4.5
1.5137121710926296,0.6654942512512207,8.502555012702944e-06,2431.3367456197734,120000000.0,0.0005840000000000001,15.74
1.553793226182461,0.6396010547876358,3.1101393699646003e-06,1806.527480483055,111999999.99999999,0.0002850000000000001,9.250000000000002
1.4896979816257956,0.6796774953603745,4.624687552452088e-06,2039.5286306738851,114999999.99999997,0.0004610000000000001,12.79
1.4845807939767839,0.6611030727624894,7.078553587198259e-06,936.1908882856368,231000000.0,0.0006689999999999999,9.97
1.4864652603864672,0.7082950249314309,5.179976150393487e-06,1657.5186811387537,143000000.00000003,0.000622,12.55
1.627176493406296,0.7175533398985864,8.073341354727745e-06,1563.0945488810537,174000000.0,0.0010699999999999998,14.68
1.4953635871410371,0.6284605443477631,6.48088706098497e-06,1382.3847770690916,155000000.0,0.00044600000000000005,11.37
1.5625910952687265,0.806419949233532,6.044360138475896e-06,959.5503956079482,255000000.0,0.0014999999999999998,10.78
1.7456546008586884,0.8896287828683854,8.037905901670457e-06,618.5475289821624,379000000.0,0.00335,10.58
1.697841399908066,0.6367709219455719,2.9747182130813605e-06,2745.116755366325,81600000.0,0.00029200000000000005,11.77
1.7136618733406068,0.7870239391922952,4.820286989212037e-06,1830.900778993964,144000000.00000003,0.0011,13.4
1.6402024626731875,0.9013857364654542,3.0114907920360573e-06,2487.3779267072673,241000000.0,0.0009660000000000002,3.5500000000000003
1.4637346744537354,0.6885485127568246,3.4438385963439947e-06,1785.1773109287021,119000000.0,0.00039500000000000006,10.63
1.5627345442771914,0.6360848754644395,5.9506358951330194e-06,2764.669686555862,94999999.99999999,0.000402,14.71
1.7894670367240908,0.7918435379862786,7.94868876039982e-06,1264.2089948058126,218000000.00000003,0.00191,14.05
1.4046874880790712,0.6231665253639221,7.226604007184507e-06,1985.461853444576,116999999.99999997,0.00036099999999999994,13.3
1.680969536304474,0.836098998785019,6.145742971450092e-06,1005.9317499399184,248000000.0,0.00188,11.52
1.2585632622241976,0.6052635490894318,5.80930307507515e-06,2747.836217284202,84200000.00000003,0.00020299999999999992,12.77
1.5368194788694383,0.7192593589425088,5.382147207856179e-06,1796.6654263436792,138000000.0,0.0007129999999999999,13.44
1.4100384950637819,0.8243649646639825,3.0865087807178504e-06,1225.6799936294553,171999999.99999997,0.000783,8.81
1.4549017667770388,0.6859113559126855,8.106250673532487e-06,524.9531120061873,388000000.0,0.00102,8.02
1.739423328638077,0.8896453768014909,3.105122774839402e-06,848.8740324974059,269000000.0,0.0014,5.59
1.806457829475403,0.7997240379452706,5.063599988818169e-06,1922.4124699831007,143000000.00000003,0.00128,14.04
1.4035716354846957,0.6218304634094238,8.156290307641031e-06,2899.879172444343,93199999.99999997,0.000341,15.3
1.485225646197796,0.7723026037216187,5.395725101232529e-06,882.0224106311797,282000000.0,0.00103,8.37
1.704994171857834,0.8930983275175095,5.933781318366528e-06,1371.3546022772787,543000000.0,0.00187,1.8800000000000001
1.3238397896289826,0.6121745109558105,4.8572566062212e-06,2426.7845153808594,91299999.99999997,0.00021999999999999998,11.8
1.6122184574604035,0.6528772652149201,4.895228520035744e-06,2954.140484333038,88200000.0,0.00040299999999999993,14.55
1.476120436191559,0.6843905255198479,4.775955930352212e-06,1050.6680905818937,200000000.0,0.000565,8.86
1.500333344936371,0.655999106168747,4.284599661827088e-06,1397.5078538060186,148000000.0,0.0004210000000000001,9.8
1.4909062609076502,0.6615437060594559,5.933209344744684e-06,1224.5016098022459,179000000.00000003,0.000563,10.84
1.4626300111413004,0.7219593688845635,9.983302146196367e-06,1106.1478704214094,231000000.0,0.00123,14.13
1.3472822427749636,0.6141262024641038,7.539376258850099e-06,1893.1376580148933,119000000.0,0.0003200000000000001,12.78
1.336655241250992,0.6150511175394059,6.758838169276715e-06,1184.6746429800985,168000000.0,0.0003259999999999999,9.65
1.3996398746967318,0.6483949095010758,8.700881272554399e-06,1221.61678224802,187999999.99999997,0.0005930000000000001,12.32
1.3846639037132265,0.6531178414821626,7.95086619257927e-06,2183.6338117718697,121000000.0,0.0004669999999999999,14.71
1.2263404548168184,0.5991256535053253,3.7339754104614264e-06,2676.6415238380428,78500000.00000003,0.00012999999999999996,10.12
1.5232513189315797,0.8171213194727899,9.023709088563921e-06,1403.4510329365728,727000000.0,0.00149,0.3200000000000003
1.7411791026592256,0.8500824987888337,2.9319760799407963e-06,2177.907072007656,115999999.99999997,0.000984,12.07
1.5167127661406996,0.6548792123794557,3.4185344874858863e-06,1581.1678320169447,128000000.0,0.0003439999999999999,9.27
1.2929697811603547,0.7489768434315921,9.898581832647324e-06,454.6965956687926,417000000.0,0.00152,10.340000000000002
1.585587939620018,0.8667448282241822,3.863718867301942e-06,777.9313921928405,299000000.0,0.00135,6.14
1.3801516771316529,0.6301352441310883,8.448414087295533e-06,1460.683189332485,155000000.0,0.00045099999999999996,12.59
1.7495975732803346,0.8471329003572464,2.9250562787055977e-06,2260.0159347057343,112999999.99999999,0.0009679999999999999,12.2
1.690131014585495,0.6865470528602601,9.581429213285448e-06,2368.104301393032,134999999.99999997,0.0008889999999999999,16.64
1.5201143369078638,0.7190338343381882,3.976664125919343e-06,2249.9662190675735,108000000.00000001,0.000539,13.16
1.3444108486175539,0.7535260643810034,7.0553551986813556e-06,2717.442020773887,380000000.0,0.0006689999999999999,3.5500000000000003
1.5297395110130312,0.7926016241312027,3.5289540290832528e-06,1697.2351931035516,136000000.0,0.0007879999999999999,11.52
1.3376865506172182,0.6109850943088532,4.604875892400742e-06,2931.828379631042,77700000.00000001,0.00020299999999999992,12.55
1.2381412088871002,0.6450337618589402,9.48736894130707e-06,1524.388652294874,157000000.0,0.00044600000000000005,13.45
1.534552936255932,0.7398742966353894,4.975465044379235e-06,1681.7613337188957,145000000.0,0.0007719999999999999,12.809999999999999
1.5305934727191925,0.8421806395053865,2.92142927646637e-06,2335.871897637844,130999999.99999999,0.0007709999999999998,10.2
1.5252574369311334,0.7154567308723927,7.163951382040978e-06,1371.2793514132497,183000000.0,0.000906,13.37
1.4572943419218065,0.7163899317383767,4.5113830566406255e-06,1071.9821900129316,201000000.0,0.000639,8.99
1.5440362170338633,0.8479768663644791,4.235220193862916e-06,1017.2255635261535,228000000.0,0.00128,9.02
1.6257991075515748,0.667445781826973,8.562792330980303e-06,2591.0935103893275,116999999.99999997,0.0006540000000000001,16.23
1.506147692911327,0.6394244045019151,5.956953786313535e-06,1698.7983249127863,132999999.99999997,0.0004500000000000001,12.41
1.4565520182251932,0.7273072220385075,4.574467569589616e-06,1463.7672081589697,156000000.0,0.0006400000000000002,11.32
1.424911165237427,0.8065790489315987,3.3804056942462926e-06,782.7357500791549,302000000.0,0.0007950000000000001,4.07
1.6002825915813448,0.8598321408033371,3.2109179198741917e-06,746.5108036994933,307000000.0,0.00118,4.3
1.2671687543392183,0.751637225970626,9.700787752866746e-06,2007.9391375184057,634000000.0,0.0007770000000000001,1.3899999999999995
1.4976805932819846,0.6275527328252793,5.561143815517426e-06,1477.5245934724805,141000000.00000003,0.000387,10.950000000000001
1.4900032974779607,0.6305698692798615,6.483472598716618e-06,2626.2469142675395,97500000.00000001,0.000369,14.49
1.5850075006484987,0.8690233647823334,5.654298849403859e-06,741.1295473575591,320000000.0,0.002,8.82
1.414763081073761,0.7761236473917962,6.582059374079109e-06,2463.6145234107967,499000000.0,0.000767,0.22000000000000042
1.4843269743025305,0.7863649159669877,5.038489058613778e-06,965.2218520641326,252999999.99999997,0.00103,8.92
1.448777961730957,0.7261882022023202,4.397752702236176e-06,784.854620695114,305000000.0,0.0006449999999999998,5.1
1.5486684858798982,0.6387031316757202,3.0034037828445442e-06,694.4885402917861,252999999.99999997,0.00032999999999999994,2.86
1.4514955893158914,0.7400348603725434,4.381840080022813e-06,1413.9773622155187,161000000.00000003,0.000673,10.99
1.2554268300533296,0.6037690132856369,7.073914848268033e-06,2847.468882799148,84999999.99999999,0.00022300000000000013,13.63
1.37772753238678,0.6889735847711563,9.171566069126131e-06,488.76482248306263,397000000.0,0.0011,9.01
1.5782263576984408,0.8179539665579797,9.555025905370714e-06,532.6501578092574,417000000.0,0.0026099999999999995,10.64
1.372367298603058,0.6447276413440705,8.865248978137971e-06,1023.0621993541716,214000000.00000003,0.0005930000000000001,11.26
1.3279552280902864,0.5991595923900604,3.01467114686966e-06,2965.298324823379,68499999.99999999,0.00013800000000000005,10.03
1.4277022495865823,0.6231972277164459,4.416926413774491e-06,2755.938574671745,84400000.0,0.0002449999999999999,12.63
1.4071899712085725,0.759281935170293,3.0976920723915105e-06,885.8585655689238,232000000.0,0.0005899999999999999,5.71
1.4443060263991356,0.698766602575779,8.760263890028001e-06,974.6770113706588,240000000.0,0.0009589999999999999,12.32
1.7522386550903322,0.8442576438188554,2.920802593231202e-06,2314.5200982689857,111000000.0,0.0009520000000000003,12.28
1.6791261434555056,0.8422004252672196,2.9377806186676033e-06,2049.996957182884,120000000.0,0.000923,11.8
1.4972164168953896,0.8326044380664827,3.435770362615586e-06,640.7111436128615,357000000.0,0.00101,2.95
1.494600684195757,0.6450350224971771,7.525539055466653e-06,1598.030637949705,148000000.0,0.0005440000000000001,13.33
1.4955496095120908,0.6300926506519319,3.7428163588047036e-06,997.10676074028,186000000.0,0.0003179999999999998,6.13
1.4319736853241922,0.8746921330690385,8.307058840990067e-06,589.1416519880294,434000000.0,0.00252,8.81
1.7186169147491457,0.8981614083051682,5.2020412832498555e-06,776.7904847860335,296000000.0,0.00228,8.99
1.6135744392871858,0.7660642761737109,5.115306362509728e-06,1637.1737252920864,155000000.0,0.00099,12.96
1.7949473440647128,0.7449240893125535,5.632020197808744e-06,2530.640766024589,119000000.0,0.0009679999999999999,15.62
1.506774600595236,0.7748198345303536,2.9244817495346077e-06,2147.8241235017776,108000000.00000001,0.0005930000000000001,11.95
1.3280280053615572,0.6130901992321015,3.6418748795986184e-06,1376.120291650295,133999999.99999997,0.0001970000000000001,6.88
1.6337636053562166,0.658730909228325,3.0909205973148354e-06,568.0839270353316,296000000.0,0.00043700000000000005,2.22
1.435740150511265,0.6227517396211625,6.324181269854308e-06,1291.002884507179,159000000.00000003,0.00036999999999999994,10.44
1.3256335079669954,0.612294825911522,4.764875382184983e-06,1766.0854030400512,113999999.99999999,0.0002300000000000001,10.04
1.525870317220688,0.8259303063154221,4.2229796350002295e-06,1115.0047481060026,206999999.99999997,0.00113,9.63
1.454956814646721,0.7550326053053141,4.656722038984299e-06,1143.5585021972654,200000000.0,0.000789,9.91
1.4700462967157366,0.6453384339809418,6.5172745995223535e-06,666.2242412567138,314000000.0,0.0005710000000000001,6.34
1.326014792919159,0.6154966682195664,7.816746696829798e-06,503.2094120979308,361000000.0,0.0004229999999999999,4.89
1.5356474809348584,0.6200350016355515,6.81594478338957e-06,2915.196299552917,90399999.99999997,0.000354,14.92
1.5047532353550197,0.6963875994086266,3.5488777160644538e-06,2582.022055983543,93800000.00000001,0.000411,13.03
1.4565949469804764,0.7734000876545907,4.42399349808693e-06,1140.7408416271207,201000000.0,0.0008399999999999999,9.700000000000001
1.4842295095324518,0.7641139794141055,7.618468835949899e-06,774.1814404726027,307000000.0,0.0013800000000000002,10.51
1.5121670901775361,0.6739682793617249,5.707245759665967e-06,1924.235329031944,126000000.00000001,0.000527,13.49
1.3402931034564973,0.6106497019529343,6.878328397870065e-06,3001.8239021301265,82100000.0,0.000251,14.21
1.501685678958893,0.698090073466301,8.687640607357027e-06,1281.1462879180906,196000000.00000003,0.0009329999999999999,13.79
1.5761143147945404,0.7808885514736176,4.119825154542924e-06,1692.457186989486,142000000.00000003,0.0008689999999999999,12.13
1.4837298542261126,0.7477342229336501,5.325477853417398e-06,671.0511744022368,370000000.0,0.00091,5.54
1.2528774440288546,0.6043913215398788,3.916071116924287e-06,1555.5859655141828,119000000.0,0.0001679999999999999,7.6
1.412885767221451,0.7368593148887158,3.4903946518898016e-06,1539.6245680749414,141000000.00000003,0.0005330000000000002,10.45
1.4309741333127024,0.6403880238533021,7.432304590940477e-06,2160.700887441635,116999999.99999997,0.000435,14.31
1.795183038711548,0.792340461909771,6.019516654312611e-06,1695.6851836293934,164000000.0,0.00146,14.16
1.6123262465000154,0.7771740004420281,2.928879797458649e-06,2555.2503317594524,97200000.0,0.000629,12.88
1.4708086520433428,0.6292214244604112,4.370354920625688e-06,2216.3536697626114,99500000.00000001,0.00028900000000000014,11.75
1.5288056194782258,0.7042961016297341,2.9480662345886234e-06,1538.2567159831522,134999999.99999997,0.000433,9.29
1.4825336180627346,0.6565326422452927,8.07055225968361e-06,1521.1073048412798,159000000.00000003,0.000613,13.55
1.483827003836632,0.6712378710508348,5.020539090037346e-06,1140.3698772192,185000000.0,0.0005379999999999998,9.58
1.4268261149525643,0.6328954428434372,7.817868530750276e-06,706.6566050052642,289000000.0,0.000554,7.799999999999999
1.6461613297462465,0.8634905576705934,3.456651598215104e-06,1371.985778212547,168000000.0,0.00122,10.29
1.7760657012462617,0.636313632130623,2.9783097505569465e-06,2423.7520545721054,90800000.00000003,0.0003400000000000001,11.31
1.430581645667553,0.833483237028122,3.028730630874634e-06,1117.2885745763776,186000000.0,0.0008319999999999998,7.98
1.4306131258606911,0.6958212241530419,8.608925104141237e-06,656.1000943183898,336000000.0,0.00101,9.55
1.5068569757044317,0.6382545858621598,6.016397006809713e-06,1602.867107838392,139000000.0,0.0004579999999999999,12.11
1.569421434402466,0.6637306183576585,8.78140339255333e-06,2606.9899946451183,115999999.99999997,0.0006029999999999999,16.18
1.6645338356494905,0.679976624250412,9.286809444427491e-06,2476.864412426948,128000000.0,0.0007990000000000001,16.56
1.2187158644199372,0.8077343970537186,9.876581579446794e-06,999.7242987155913,528000000.00000006,0.00137,6.51
1.4864777661859991,0.6685740977525712,4.029919683933259e-06,1216.9313356280325,166000000.0,0.0004430000000000001,8.74
1.4771554917097094,0.6272446006536484,7.220536507666112e-06,1302.064128220081,166000000.0,0.0004690000000000002,11.46
1.3787616670131684,0.6549237370491029,8.507737874984743e-06,1692.95977987349,147000000.0,0.0005279999999999999,13.91
1.4251683220267297,0.620319476723671,5.503963038325311e-06,1100.7197499275205,178000000.00000003,0.0003400000000000001,8.55
1.4523397117853165,0.7475155223160983,4.382583588361741e-06,801.0685741901397,308000000.0,0.0007250000000000001,5.250000000000001
1.4653030246496201,0.6997476696968079,4.815161183476449e-06,1154.410421848297,186999999.99999997,0.0006060000000000001,9.77
1.4379773452878,0.6225875079631806,6.318557640537621e-06,1198.0343163013456,169999999.99999997,0.0003770000000000001,9.98
1.337791693210602,0.6155399948358536,6.613968221470714e-06,2629.2532980442043,91500000.0,0.00026399999999999997,13.6
1.418938583135605,0.6239239722490311,6.248781695961953e-06,2093.703255057335,109000000.00000001,0.00032500000000000004,12.91
1.510900776833296,0.641880226135254,6.622164545580746e-06,1906.568922102451,126000000.00000001,0.000475,13.57
1.3433067440986635,0.6840660810470581,9.325747251510621e-06,2039.1840785741804,141000000.00000003,0.00062,15.43
1.5016505118459464,0.6791455999016762,5.74114626646042e-06,1788.0640383809803,133999999.99999997,0.0005509999999999998,13.18
1.4194835901260376,0.6228289246559143,6.5306080598384156e-06,715.0855213403701,267000000.0,0.00041799999999999997,6.66
1.4648608446121216,0.7060417816042901,9.257085800170899e-06,1131.558112800121,219000000.0,0.0010399999999999997,13.59
1.348244369029999,0.6153049618005753,7.44495289027691e-06,1581.0451582074163,136000000.0,0.00032999999999999994,11.8
1.6187702357769014,0.7979603111743928,5.1109227091074e-06,1329.3666690587995,186999999.99999997,0.00122,11.87
1.4372411504387856,0.6251260489225389,7.039483413100244e-06,819.8940306901931,241000000.0,0.00044600000000000005,8.04
1.4484094932675362,0.6589166522026063,8.015704333782197e-06,2180.046357214451,124000000.00000003,0.000527,14.93
1.6951044023036959,0.8141226813197137,2.9249473810195927e-06,2448.504671454429,103999999.99999999,0.0007950000000000001,12.68
1.424707067012787,0.7562880177050829,3.7109360396862037e-06,1447.0779821276662,152999999.99999997,0.000639,10.48
1.6798887848854067,0.7766980111598969,7.993456453084947e-06,1110.971003770828,235000000.00000003,0.0017,13.4
1.4777644492685795,0.6237960398197174,4.615121871232987e-06,885.1667791604995,208999999.99999997,0.00034999999999999994,6.46
1.6936795413494112,0.5997048497200013,2.924993693828583e-06,1279.670253396034,144000000.00000003,0.00024699999999999993,5.83
1.3711811184883118,0.7293279111385346,9.554702758789064e-06,721.5182781219481,315000000.0,0.0012899999999999997,11.62
1.5844532847404482,0.8027251616120339,6.12022338807583e-06,1014.7890746593474,242999999.99999997,0.00151,11.28
1.7404711067676546,0.7436749555170536,7.1524654924869545e-06,1833.32178927958,157000000.0,0.00118,15.1
1.620959919691086,0.85824593603611,5.871995963156224e-06,1624.0885592997072,466999999.99999994,0.00143,2.79
1.6235924541950226,0.6986058756709099,6.027446575462819e-06,2330.2347883582115,118000000.00000001,0.0006830000000000001,15.11
1.2638940811157229,0.6052720606327058,6.966477736830712e-06,1796.1198855191467,119000000.0,0.000255,11.53
1.4882060542702675,0.6287352204322816,4.399429768323899e-06,1883.3781238645313,111999999.99999999,0.00030899999999999987,11.02
1.7800035774707796,0.8634168148040772,2.962623059749604e-06,2104.2401641607285,119000000.0,0.00109,12.02
1.6253013789653779,0.7236581191420556,4.042567044496537e-06,2666.301012039184,98500000.00000001,0.000592,14.29
1.5850344836711885,0.8162339016795159,6.6966382805258045e-06,1845.2550675719974,431000000.0,0.00121,4.15
1.5000969596207143,0.6394925147294999,6.915818616747857e-06,1409.953564405441,159000000.00000003,0.0005239999999999999,12.11
1.640571302175522,0.7826024562120438,3.7553287446498877e-06,2079.7535330057144,121000000.0,0.00082,12.91
1.714708596467972,0.9005260884761811,7.180609598755838e-06,540.3716415166854,413000000.0,0.00319,8.99
1.795673042535782,0.7434181820601226,7.826059430837632e-06,1879.9103070050476,159000000.00000003,0.0012899999999999997,15.62
1.657830709218979,0.7141964346170426,4.817847847938538e-06,2670.592695474624,102999999.99999999,0.000646,15.0
1.693120050430298,0.8626447409391403,2.88627701997757e-06,2505.110085010528,119000000.0,0.000923,10.96
1.3783992648124697,0.7032552927732468,1.0004970073699953e-05,1327.321447432041,199000000.00000003,0.000935,14.61
1.3934226930141451,0.7734326496720315,9.340422570705416e-06,483.8094413280486,419000000.0,0.00181,10.04
1.4079968512058259,0.6217402964830399,3.4331983327865606e-06,2016.3034200668333,100000000.0,0.00021300000000000003,9.42
1.5109114162623885,0.8086903855204582,5.178661659359933e-06,954.4301331043242,255000000.0,0.00123,9.4
1.5386205017566683,0.811997826397419,1.0007541477680208e-05,503.4908205270766,428000000.0,0.00256,10.84
1.529427418112755,0.7965049847960473,6.193311206996442e-06,917.6923632621764,265000000.0,0.0014099999999999998,10.52
1.4678809314966204,0.6321356534957886,7.750930875539781e-06,1314.513862133026,168999999.99999997,0.0005149999999999999,11.99
1.669160842895508,0.6667610049247742,6.35843755863607e-06,2855.442494153976,100000000.0,0.000554,15.77
1.417948365211487,0.6223455101251603,5.399550914764405e-06,1896.6532330960033,113999999.99999999,0.00029999999999999987,11.65
1.5310717441141606,0.7485468216240406,7.310680687427522e-06,1066.163659095764,230000000.0,0.00121,12.4
1.4956799425184728,0.6461187511682511,7.345619738101961e-06,2354.105480015278,112999999.99999999,0.000477,14.87
1.3999860584735873,0.798676635324955,3.005010545253754e-06,1425.4471212625501,149999999.99999997,0.0006599999999999999,9.59
1.4278088942170144,0.63162499666214,7.405849233269692e-06,612.5478744506835,323000000.0,0.000539,6.42
1.4863381862640381,0.7380238875746727,6.600934425368906e-06,1044.7907745838163,231000000.0,0.000989,11.24
1.3952316999435426,0.6437168598175049,8.67353042960167e-06,1229.3710857629774,185000000.0,0.0005640000000000002,12.2
1.6456552505493165,0.6209934532642365,8.735227435827257e-06,3026.1361896991725,95700000.00000001,0.000453,16.2
1.5380011707544328,0.8689788043498994,8.814861059188844e-06,949.6938735246657,575000000.0,0.00226,5.32
1.544101242721081,0.6916858658194542,8.456285595893861e-06,1521.5141251683233,170999999.99999997,0.0008650000000000001,14.43
1.3187367260456087,0.6193661749362946,8.911035656929017e-06,2944.137632846832,92500000.0,0.00031699999999999995,15.43
1.4185508072376252,0.6251087665557862,5.671097360551358e-06,2410.6723368167877,97200000.0,0.0002959999999999998,13.129999999999999
1.3176192104816438,0.6127001702785493,3.6591833531856545e-06,1660.6144998222587,113999999.99999999,0.0001899999999999999,8.14
1.5060778291895986,0.6448288410902024,4.190104842185975e-06,1905.338170006871,112999999.99999999,0.0003510000000000001,11.24
1.4433914422988894,0.6216402143239975,3.2399737834930424e-06,794.806733727455,221000000.0,0.000246,3.2699999999999996
1.7363651990890505,0.6499062985181809,7.907367199659348e-06,3006.7642331123348,100000000.0,0.0005790000000000002,16.53
1.4975909639149905,0.709922280907631,2.9571514725685124e-06,1335.478492081165,151999999.99999997,0.00044600000000000005,8.39
1.6001358389854432,0.8042011588811875,4.16979417204857e-06,1506.265729665756,160000000.00000003,0.00103,11.55
1.78158558011055,0.6998560175299645,8.298558980226517e-06,2574.8009532690044,126000000.00000001,0.0009369999999999999,16.59
1.6829735219478608,0.725273309648037,7.1759808212518705e-06,1868.2984467595813,150999999.99999997,0.00102,15.05
1.4765824958682061,0.7369504317641259,7.871556028723718e-06,846.0621833801268,281000000.0,0.00118,10.99
1.4392663702368738,0.6390601247549058,7.534041106700899e-06,1930.183686316013,127000000.00000001,0.000453,13.86
1.2063735902309418,0.5952348232269288,8.198491290211679e-06,1066.3009732961652,179000000.00000003,0.00027000000000000006,9.16
1.4655369445681574,0.632580229640007,6.7714955434203154e-06,2433.0246746540065,103999999.99999999,0.0003860000000000001,14.349999999999998
1.6776311159133912,0.7795256361365319,1.0002336502075197e-05,834.3470394611358,302000000.0,0.00222,13.36
1.5500617772340777,0.6625049114227296,5.790429823100568e-06,2358.098916709423,109000000.00000001,0.000492,14.34
1.529706732183695,0.6932321324944497,5.3416716903448115e-06,2034.4364941120145,122000000.00000004,0.000576,13.78
1.5833363324403764,0.6807568520307542,3.6142065227031714e-06,2962.304383516311,84000000.0,0.000391,13.73
1.7279961347579957,0.8230947688221932,4.1223809123039255e-06,1723.6254476010797,147000000.0,0.00119,12.41
1.2209512174129487,0.6970469355583192,9.951645880937578e-06,721.4454859495162,307000000.0,0.0008929999999999999,11.38
1.4068665862083436,0.6207539856433869,4.4614953994750986e-06,2320.0628086924553,94700000.00000001,0.0002489999999999999,11.69
1.7845450580120088,0.7073985815048218,9.901469498872758e-06,2116.8969497084618,151999999.99999997,0.00114,16.72
1.6850568115711213,0.7842341288924218,5.166320234537125e-06,1652.9849190264938,158000000.0,0.00115,13.17
1.4698602899909021,0.7659539725631476,5.005779072642327e-06,1040.5827611684797,227000000.00000003,0.000903,9.55
1.3087155997753144,0.835302221775055,3.03836077451706e-06,2362.904466688633,178000000.00000003,0.000589,6.81
1.5067891756072642,0.6666663587093354,4.59434661269188e-06,2315.9902468323708,103999999.99999999,0.00041799999999999997,13.2
1.4375770613551142,0.7085821598768235,3.606976509094239e-06,1732.4479548260567,126000000.00000001,0.00045999999999999996,11.0
1.4685413762927058,0.6549366116523744,6.569105334579945e-06,576.8709927797316,367000000.0,0.000633,5.42
1.2178130507469178,0.6846739411354066,9.771764218807221e-06,1602.0088382065294,166000000.0,0.000602,14.56
1.4244507908821107,0.6230777621269227,6.9670771434903156e-06,1783.7529834359882,126000000.00000001,0.00036700000000000003,12.63
1.370027267932892,0.6453491985797882,8.91520193219185e-06,832.7134251594542,256000000.0,0.000627,10.020000000000001
1.2088624298572541,0.6571235775947571,9.822485089302064e-06,1031.4667522907255,219000000.0,0.0005440000000000001,12.01
1.5046470355242492,0.638510325551033,5.193228393793107e-06,1795.8119902759788,123000000.00000003,0.00039699999999999984,11.92
1.3229514241218567,0.6119226694107056,3.7186719477176674e-06,2560.5786889791484,83500000.0,0.0001789999999999999,10.63
1.5417267948389055,0.8043061181902886,8.15702484548092e-06,1592.630214989185,436000000.0,0.00134,5.88
1.7206889390945437,0.8952638000249864,6.167012050747872e-06,747.8034049272536,311000000.0,0.0026099999999999995,9.99
1.5211698330938817,0.7988275229930878,6.139750704169274e-06,891.4007544517516,271000000.0,0.0014,10.27
1.4969460245221855,0.6967079982161523,4.590749025344849e-06,2040.6410023570058,116999999.99999997,0.000514,13.03
1.4845317989587785,0.6714522778987885,3.945994824171067e-06,1613.8258036226032,130999999.99999999,0.00041500000000000006,10.47
1.493425103276968,0.7900075301527978,5.389459416270257e-06,781.7840129137038,322000000.0,0.00118,7.45
1.4819965146481993,0.812012515962124,9.344890296459199e-06,1404.0474891662595,744000000.0,0.0014,0.010000000000000368
1.5068060114979744,0.7375859040766956,8.984663218259812e-06,929.3972253799437,258000000.0,0.0013800000000000002,12.87
1.5109406366944313,0.676433725655079,4.241451770067216e-06,2453.453049063682,99400000.00000001,0.00041799999999999997,13.29
1.4732087999582293,0.7387250382453204,5.278440415859223e-06,940.0623589754103,248000000.0,0.0008300000000000001,8.7
1.4673027545213702,0.7649838913232089,4.293528854846955e-06,1363.0422130227087,168999999.99999997,0.000773,10.82
1.5648000866174698,0.8430164963006974,5.189706638455391e-06,913.9788448810576,259000000.0,0.00155,9.700000000000001
1.7270812153816224,0.8987998992204667,4.101634442806245e-06,969.2377150058745,232000000.0,0.00181,9.15
1.6325465798377992,0.6846442043781281,9.242432177066804e-06,2134.5717757940292,140000000.0,0.000853,16.03
1.7739624559879306,0.8504509538412095,1.0028302550315858e-05,597.1236079931258,392000000.0,0.00364,12.03
1.4885575510561468,0.7100573748350144,7.767571046948435e-06,1131.793029606342,213000000.0,0.000939,12.61
1.3294816195964814,0.6108600229024888,3.580451995134354e-06,2846.8936234712596,75999999.99999999,0.00017100000000000006,11.08
1.7514986693859103,0.7895338833332063,7.1362009346485144e-06,1330.3237706422804,205000000.0,0.00167,13.739999999999998
1.5489323884248736,0.7049118250608445,9.092124164104463e-06,1350.8209139108656,194000000.0,0.0010500000000000002,14.4
1.4479330882430077,0.8810969173908234,8.505983620882035e-06,719.5829898118972,444000000.0,0.00251,8.41
1.7495177149772645,0.8166606143116951,5.138749510049821e-06,1520.8914056420324,171999999.99999997,0.0014399999999999999,12.85
1.5475861474871637,0.6709907680749894,3.182911396026612e-06,2915.5583977699275,80200000.0,0.000323,12.82
1.5470645964145662,0.6409544080495835,5.090670764446259e-06,2760.271608829498,91599999.99999999,0.00036700000000000003,14.07
1.515508320182562,0.6740226119756699,6.720454864203931e-06,1725.6635213270781,142000000.00000003,0.0006060000000000001,13.69
1.5102907095104456,0.7735848918557168,5.947323121130468e-06,1033.21897983551,238000000.0,0.00115,10.76
1.467203848063946,0.7217676311731339,5.497306302189828e-06,1186.3341107964513,195000000.0,0.000741,10.88
1.6813716351985932,0.8637545049190521,6.12276777625084e-06,877.250239253044,275000000.0,0.00215,10.83
1.3062530100345613,0.6158934742212296,8.89830130338669e-06,707.9880237579345,274000000.0,0.00044800000000000005,7.9
1.4764849662780763,0.6475457668304444,5.485364899039269e-06,675.6173372268676,308000000.0,0.000501,5.3
1.321498614549637,0.6118876218795777,3.6418483853340157e-06,2440.756663680076,85999999.99999999,0.00017699999999999988,10.22
1.5016015950590373,0.645412364602089,7.426138103008271e-06,1808.57422016561,134999999.99999997,0.000523,13.85
1.3942813932895661,0.6195105314254761,3.6709806025028236e-06,1782.4081163853405,111000000.0,0.00022300000000000013,9.08
1.674424159526825,0.6675797671079636,5.429273620247842e-06,2971.869587898254,92300000.00000001,0.000493,15.29
1.2554011702537538,0.6043005734682083,3.946879565715791e-06,1280.8601111173627,143000000.00000003,0.00017399999999999997,6.25
1.4974795058369639,0.6809395238757134,5.775377325713635e-06,1727.6017386466262,138000000.0,0.0005620000000000001,13.03
1.248275488615036,0.7309308663010597,1.0055622518062594e-05,877.0182281732558,274000000.0,0.00113,13.04
1.4996805153787138,0.756199211999774,5.910229012370111e-06,1122.463673353195,217000000.00000003,0.00101,11.26
1.5286588959395886,0.6944918498396874,4.360899388790132e-06,2390.7806277275085,103999999.99999999,0.000488,13.62
1.470426790416241,0.6317692548036576,6.565317045897246e-06,2296.7501655220985,107000000.00000001,0.0003860000000000001,13.97
1.2967564523220063,0.6771576896309853,9.641633778810503e-06,614.2089813947676,339000000.0,0.000857,9.91
1.2040319859981539,0.5979179084300995,6.0941371768713004e-06,998.3805865049361,186999999.99999997,0.00021700000000000007,6.77
1.4930488519370557,0.6824271842837334,5.824753351509572e-06,1656.721208244562,143000000.00000003,0.000574,12.84
1.2061912000179291,0.5984456062316895,7.16268951445818e-06,885.2277994155883,207999999.99999997,0.000251,7.09
1.5618850126862527,0.8510347992181778,5.04854290187359e-06,2063.3317083120346,403000000.0,0.00111,2.3799999999999994
1.6829419970512391,0.8360319525003433,4.073544889688493e-06,1476.5566885471342,166000000.0,0.00125,11.45
1.5606406062841416,0.8289714127779008,8.364431858062745e-06,1339.041545987129,623000000.0,0.0017,2.65
1.4774019397795202,0.6766677483916284,4.390155106782914e-06,1172.6208329200742,176000000.0,0.0004979999999999999,9.090000000000002
1.4205368220806123,0.6203837335109711,4.59081181883812e-06,1877.493096515536,111000000.0,0.00027000000000000006,10.790000000000001
1.4932949468493464,0.767462281510234,4.689563661813737e-06,1318.880312144756,179000000.00000003,0.0008650000000000001,11.1
1.4936596758663656,0.7596977580338717,5.358140483498574e-06,1192.3633441329,202000000.0,0.000934,11.110000000000001
1.7220130383968355,0.67279671728611,7.485733717679978e-06,2854.856804013252,107000000.00000001,0.000664,16.45
1.512250227481127,0.8391103684902191,4.3855855762958535e-06,770.7216888666152,315000000.0,0.00125,6.27
1.5075199490413072,0.8021640881896019,5.80636002123356e-06,863.0400449037551,283000000.0,0.00133,9.42
1.274865084886551,0.6818420335650445,9.589814335107805e-06,831.3589096069335,271000000.0,0.0007969999999999999,11.53
1.4060686469078065,0.6216104686260224,3.4267656505107885e-06,1784.0113230049608,110000000.0,0.00021799999999999996,8.770000000000001
1.4151378214359285,0.6247090458869935,6.215598698705436e-06,2420.1481342315674,98600000.0,0.00031100000000000013,13.52
1.572148257493973,0.8146339818835259,5.82479663938284e-06,967.9532349109649,251999999.99999997,0.00152,10.67
1.604748809337616,0.6732358843088151,8.736641436815263e-06,2398.510232567787,125000000.00000001,0.0006980000000000002,16.05
1.7389663159847262,0.6737524330615998,9.116183876991274e-06,2793.8542068004604,116999999.99999997,0.0007569999999999999,17.01
1.438460259139538,0.7075806409120561,3.6573043465614325e-06,1623.592099174857,132999999.99999997,0.00046800000000000005,10.65
1.78810772895813,0.7405258677899839,9.709033310413362e-06,1487.080633640289,198000000.00000003,0.0016,15.58
1.5892769426107407,0.5979003489017487,2.9344803094863897e-06,2759.406298398971,76600000.00000003,0.000187,10.08
1.255496942996979,0.6042820304632187,8.09566652774811e-06,583.6239755153655,304000000.0,0.000352,5.72
1.5045165047049525,0.7581586461514235,5.332307636737824e-06,1263.1047070026395,191000000.0,0.000926,11.5
1.6809820353984835,0.6857480943202973,6.113567486405373e-06,2777.591675519943,103999999.99999999,0.000627,15.81
1.5421349734067917,0.6955185726284981,7.296600550413133e-06,1628.3867526799438,157000000.0,0.0007770000000000001,14.13
1.3518018543720247,0.7493045635521413,9.753702640533448e-06,609.1662049293517,356000000.0,0.00151,11.14
1.545537878572941,0.868516704440117,3.117337048053742e-06,981.1387509107589,216000000.00000003,0.00112,7.25
1.5201775833964348,0.8651041388511659,3.22876650094986e-06,1005.70510327816,214000000.00000003,0.0011,7.54
1.3448021471500398,0.6357323616743088,8.870917290449144e-06,1321.4003965258596,170999999.99999997,0.00048100000000000004,12.32
1.5079962752759457,0.674646931886673,8.952525675296785e-06,1797.7475952357051,149999999.99999997,0.000717,14.989999999999998
1.5110699672251942,0.6427144557237626,4.217660546302796e-06,1789.779609069228,118000000.00000001,0.00035600000000000003,10.94
1.4624993070960046,0.7642204474657774,2.928215563297272e-06,2038.3465588092802,111000000.0,0.000543,11.59
1.2564849078655245,0.6054253309965134,5.913785085082055e-06,1997.5616335868833,106000000.00000003,0.00022099999999999987,11.270000000000001
1.262882047891617,0.8527091771364212,9.237249314785005e-06,715.2351289987563,458000000.0,0.00197,8.49
1.5359880343079568,0.8513408839702606,5.143093422055245e-06,781.5116941928862,306000000.0,0.00158,8.16
1.7102927327156068,0.6877670958638192,9.655630052089692e-06,2403.9208441972733,134999999.99999997,0.000908,16.77
1.5273905999958517,0.8227865114808083,7.253977432847024e-06,681.4705878496169,347000000.0,0.00195,9.93
1.459301081299782,0.7692367449402809,4.393882244825364e-06,963.7836664915084,242999999.99999997,0.0008390000000000001,7.78
1.48264025375247,0.6835524290800096,5.617033571004868e-06,973.94260764122,222000000.0,0.0006410000000000001,9.15
1.2838569045066834,0.7353015862405301,5.302418664097787e-06,2526.533484458923,373000000.0,0.00047099999999999996,1.7599999999999996
1.2493127882480621,0.6035100102424622,5.061839371919633e-06,901.7739742994307,202000000.0,0.000222,5.27
1.5924042105674745,0.6461911886930466,2.9789839982986456e-06,571.1920857429503,293000000.0,0.00038299999999999993,1.98
1.4580247744917871,0.7264092832803727,4.73555812239647e-06,1077.22270488739,205000000.0,0.0006959999999999999,9.36
1.4185387015342714,0.6467313319444657,9.930695384740831e-06,2872.481599450111,106000000.00000003,0.00047099999999999996,16.61
1.676073056459427,0.8889266520738602,4.1961486637592324e-06,810.1427853107451,281000000.0,0.00177,7.6
1.4086711585521698,0.6225389420986176,7.067174091935159e-06,1966.6512608528135,116999999.99999997,0.0003550000000000001,13.14
1.4783339984714987,0.691949298977852,4.940408229827882e-06,1736.858572810888,133999999.99999997,0.0005330000000000002,12.34
1.483732379972935,0.6896528273820878,7.474136218428613e-06,1246.5095445513723,191000000.0,0.0007640000000000001,12.649999999999999
1.5370332844555379,0.768009114637971,7.371839150786401e-06,945.5544054508208,257000000.0,0.00143,11.9
1.4778239451348782,0.7228002794086934,6.743571475148202e-06,905.2138328552245,260000000.0,0.0009199999999999999,10.1
1.2183090269565584,0.5990511953830719,3.831704825162888e-06,2344.4256857037544,87000000.00000003,0.000134,9.42
1.332649648189545,0.6136147320270539,4.8585456460714345e-06,1556.9447278976438,126000000.00000001,0.00024299999999999986,9.540000000000001
1.5688172042369843,0.7101365134119988,5.248082473874093e-06,2101.119041442871,122000000.00000004,0.0006590000000000001,14.13
1.3313766717910769,0.6428463488817215,8.707898080348969e-06,1617.2732803970573,148000000.0,0.000464,13.43
1.5192034229636193,0.7684203933924437,9.948636800050737e-06,722.9170501232146,328000000.0,0.00192,12.51
1.5562339782714845,0.7898693338036538,6.319346392527223e-06,1000.2558976411818,246000000.0,0.00142,11.26
1.4238468647003175,0.6732122361660005,8.990839719772341e-06,1616.7049966752527,160000000.00000003,0.000667,14.379999999999999
1.5615064010024071,0.8186612203717233,7.794391587376596e-06,1496.1710497736929,465999999.99999994,0.0014399999999999999,5.13
1.4946391224861146,0.7628057587891818,9.687562108039857e-06,729.2098104953765,322000000.0,0.00178,12.22
1.7320325553417206,0.7909950658679009,9.302274584770205e-06,920.9239035844802,280000000.0,0.00225,13.37
1.4003412544727327,0.6237026005983353,7.909713611006737e-06,795.86523771286,250000000.0,0.0004669999999999999,8.35
1.4305514082312585,0.619127717614174,4.5812626183033e-06,2981.51883482933,77899999.99999999,0.00023700000000000004,13.129999999999999
1.5698427334427836,0.652881681919098,7.188380345702172e-06,2475.3669202327724,111000000.0,0.000527,15.24
1.3273316323757174,0.854280772805214,2.92900037765503e-06,2495.3387230634685,169999999.99999997,0.000639,7.22
1.4741529732942582,0.6547709852457048,4.179968595504762e-06,659.1169089078902,299000000.0,0.00043399999999999987,3.83
1.4911630243062974,0.6596793830394746,4.4201676845550545e-06,911.9357466697692,216000000.00000003,0.00046199999999999995,7.07
1.5651207983493807,0.8554711639881135,6.085144877433778e-06,738.6881411075591,323000000.0,0.00198,9.29
1.7592293143272402,0.8343983799219132,9.902350693941117e-06,654.6336710453032,365000000.0,0.00316,12.29
1.727370321750641,0.6971490785479546,7.055761687457563e-06,2639.886692166328,115999999.99999997,0.0007800000000000001,16.19
1.483220458030701,0.6815760344266892,6.783712580800058e-06,1256.537728011608,184000000.0,0.0006760000000000002,11.98
1.6676413714885714,0.8785055011510849,5.836194336414338e-06,824.902832508087,286000000.0,0.00221,10.180000000000001
1.501921319961548,0.7051777571439743,5.552897632122041e-06,1690.4222052544353,143000000.00000003,0.000648,13.04
1.339530909061432,0.638045945763588,9.020752578973771e-06,1023.0519175529479,211000000.0,0.0005330000000000002,11.08
1.5353497333824635,0.7071317866444589,8.091386973857881e-06,1354.7760173678396,187999999.99999997,0.0009589999999999999,13.85
1.4730214387178422,0.7146732419729234,7.4045780301094065e-06,776.9189327955245,302000000.0,0.0009710000000000001,9.52
1.4720014572143556,0.7025367334485054,4.634543418884278e-06,1758.2723610103128,131999999.99999999,0.0005409999999999999,12.21
1.5301540799438955,0.8104453280568124,5.792067095637323e-06,904.4509679079055,266000000.0,0.00142,10.07
1.3748862683773042,0.6417588382959366,8.83465874195099e-06,960.8464241027831,223999999.99999997,0.000587,10.81
1.4134444892406466,0.6573718070983887,8.573554009199143e-06,634.7120851278304,329000000.0,0.0007640000000000001,8.62
1.3155050039291383,0.6127088516950607,3.6763606071472173e-06,1765.0812882930038,109000000.00000001,0.00018800000000000012,8.5
1.4952238820493222,0.7927273079752922,5.528248369693757e-06,773.5415846109389,324000000.0,0.00123,7.639999999999999
1.5527204900979996,0.8404977858066559,7.127090714871885e-06,670.9718257188796,354000000.0,0.00216,9.8
1.4644823759794237,0.7816837549209595,3.1385800242424016e-06,1745.3836575150488,161000000.00000003,0.000605,8.12
1.4651033610105515,0.7259137474000454,9.649154394865037e-06,999.499887228012,246000000.0,0.00128,13.45
1.3166719436645509,0.6699646890163422,9.243457943201066e-06,1142.1390548348425,206999999.99999997,0.0006680000000000001,12.55
1.5427398562431336,0.712589617073536,3.3941645622253426e-06,2696.9708800315852,92300000.00000001,0.000453,13.37
1.2413773834705353,0.6437438696622849,9.617021441459657e-06,1228.6944985389707,186000000.0,0.0004780000000000001,12.4
1.6958471775054933,0.6305404722690583,7.704797580838205e-06,3019.738674163818,94800000.0,0.00047900000000000004,16.04
1.3355073630809786,0.6895556151866914,9.54029843211174e-06,1812.5853613018987,155000000.0,0.0006810000000000001,15.18
1.6771344423294068,0.6396193027496339,2.972052097320557e-06,2831.4153403043742,79299999.99999999,0.00028900000000000014,11.97
1.505038420110941,0.6977084398269654,7.180959761142731e-06,1425.0738844275472,173000000.0,0.000774,13.35
1.420735001564026,0.6910517603158951,9.991355150938035e-06,1915.0527864694593,153999999.99999997,0.000773,15.85
1.51952141225338,0.6617147147655488,4.695293933153153e-06,2458.8144868612285,100000000.0,0.0004099999999999999,13.54
1.5023792300373318,0.6474083840847016,4.149337053298951e-06,2238.4668067097664,101000000.0,0.00033699999999999995,12.02
1.7864837586879732,0.8056794896721841,6.165640398859978e-06,1488.8719394803045,183000000.0,0.00162,13.64
1.5505364120006562,0.6412372648715974,3.1314082145690924e-06,2111.4823892712593,98400000.00000003,0.0002760000000000001,10.17
1.3544220685958863,0.6356070399284364,8.733657598495484e-06,1422.349691390991,161000000.00000003,0.00047099999999999996,12.68
1.3204327940940859,0.61168152987957,7.78123562037945e-06,2889.0203237533565,87899999.99999999,0.0002709999999999999,14.509999999999998
1.3350758135318757,0.6351789504289628,9.076098680496218e-06,825.283110141754,251999999.99999997,0.000545,9.700000000000001
1.4986893575638534,0.6540188491344453,4.4087083935737616e-06,1101.4436483383176,182000000.0,0.000444,8.35
1.4590400710701943,0.6916521236300469,3.376590937376023e-06,1101.1357158422468,176000000.0,0.00043900000000000005,7.63
1.5363488763570787,0.7064312160015107,4.525613605976105e-06,2235.7181385159492,111000000.0,0.0005549999999999999,13.64
1.6078189194202424,0.8260658025741577,2.927769541740418e-06,2021.3641524314878,121000000.0,0.0008170000000000001,11.38
1.6147867619991303,0.7991398975253106,4.198044151067735e-06,1592.6206968724725,152999999.99999997,0.00101,11.91
1.768724137544632,0.8969582587480546,4.734891176223756e-06,1057.8336864709852,223999999.99999997,0.00204,10.55
1.4652520895004273,0.7330821018666029,4.896090105175972e-06,742.3061430454253,338000000.0,0.0007399999999999999,5.04
1.7621662437915804,0.6641335040330888,7.662579178810122e-06,3004.653632640838,102000000.0,0.000642,16.67
1.515395612642169,0.6942199811339379,1.016188830137253e-05,1708.9642556384204,168999999.99999997,0.000934,15.7
1.6007466673851014,0.7101187482476236,3.0595178008079533e-06,2961.272925138473,82900000.00000001,0.0004269999999999999,13.44
1.4387035444378855,0.619685509800911,4.5455214381217965e-06,1106.6290289163587,173000000.0,0.00030200000000000013,7.48
1.532045352458954,0.7182954758405686,4.257565498352051e-06,2189.964346587658,111999999.99999999,0.000574,13.35
1.4483375608921052,0.6376907140016557,7.380932524800302e-06,2560.5102926492686,103999999.99999999,0.00040899999999999997,14.98
1.6929700434207917,0.8455847024917603,1.0122441887855531e-05,523.9285081624984,435000000.0,0.0032,11.09
1.2493922352790834,0.755395494773984,6.819090873003007e-06,2694.643765687942,435000000.0,0.000549,1.7599999999999996
1.4721583753824234,0.6268684387207032,3.622275173664094e-06,1113.8549745082853,169999999.99999997,0.00028100000000000005,6.31
1.6099232017993927,0.7042767986655236,2.9144473075866705e-06,2766.449928283691,86100000.00000003,0.00041500000000000006,12.74
1.5188726708292963,0.6924340009689331,1.0136377453804018e-05,1878.4455973654983,158000000.0,0.0008870000000000001,16.01
1.5472427040338517,0.8582244515419007,4.414909094572068e-06,663.0591601133345,347000000.0,0.00148,5.69
1.5056982949376108,0.7682527866214515,7.604748353362084e-06,2377.469941973686,413000000.0,0.0008809999999999998,4.1
1.4956025406718256,0.6612166464328767,5.890919856727124e-06,1514.5302861928938,149999999.99999997,0.0005289999999999998,12.02
1.339457130432129,0.6400361716747285,9.04089218378067e-06,470.38081288337696,380000000.0,0.000677,7.63
1.449347573518753,0.7191311851143838,8.249385729432107e-06,518.0954486131667,400000000.0,0.00128,8.72
1.5377444028854372,0.7368717581033707,3.896796435117722e-06,2173.414781689644,111999999.99999999,0.000607,13.05
1.4834101371467114,0.6868690609931947,3.1149717569351204e-06,1106.3051521778104,173000000.0,0.0004080000000000001,7.14
1.4111864089965822,0.6194681704044342,4.516463905572892e-06,1887.1746789664028,110000000.0,0.00026199999999999997,10.67
1.7932954967021943,0.8066525056958199,4.045096725225449e-06,2189.4154995679855,123000000.00000003,0.0010800000000000002,13.64
1.4881718918681146,0.6268427342176438,6.286195065826178e-06,1480.6742519140241,144000000.00000003,0.0004099999999999999,11.51
1.5490307316184044,0.6426366269588472,9.373912364244462e-06,2920.3859269618983,103999999.99999999,0.000502,16.48
1.7439322471618655,0.7947802439332009,7.159191019833089e-06,1259.237967431545,214000000.00000003,0.00173,13.5
1.480002757161856,0.7097993910312653,5.957195833325387e-06,659.5560461282729,355000000.0,0.0008099999999999998,6.17
1.2871129274368287,0.6494692593812943,9.14116171002388e-06,2551.814571022987,111000000.0,0.00041999999999999996,15.66
1.556906993687153,0.771242979168892,4.802674978971482e-06,1483.4779798984525,164000000.0,0.0009419999999999999,12.04
1.475518409907818,0.8181687757372856,3.993777960538865e-06,1074.3297934532163,213000000.0,0.000993,8.78
1.7160549223423005,0.7251518324017525,4.734354823827744e-06,2799.8214513063426,101000000.0,0.0007020000000000001,15.26
1.6450948476791383,0.7439240120351315,7.261756107211114e-06,1468.1444615125654,183000000.0,0.00119,14.059999999999999
1.2801598548889161,0.6763552933931352,8.97640347480774e-06,1964.3375575542448,139000000.0,0.000536,14.88
1.531613610684872,0.7661272924393416,8.24199675023556e-06,850.106507539749,281000000.0,0.00158,12.05
1.349860417842865,0.6639727592468262,9.014686018228532e-06,1355.5952087044714,179000000.00000003,0.000613,13.23
1.5022068522870542,0.7752252325415612,4.890983387827874e-06,1227.1821051836012,195000000.0,0.0009530000000000001,10.86
1.2529614686965944,0.6053145736455918,5.9852094501256955e-06,1772.3616138100622,115999999.99999997,0.00022699999999999993,10.71
1.4735939830541611,0.6304845124483109,6.044051490724088e-06,2208.490252494812,107000000.00000001,0.000365,13.39
1.6182172536849977,0.769644396007061,4.024076968431473e-06,2025.7826074957845,124000000.00000003,0.0008,13.01
1.6910919070243837,0.6813553243875504,7.244046360254289e-06,2677.9860556125636,111999999.99999999,0.000692,16.16
1.565408916771412,0.82781380712986,8.309576004743578e-06,1369.3889528512952,630000000.0,0.00167,2.3600000000000008
1.4617278769612314,0.789947721362114,4.244865983724595e-06,1123.790994286537,204000000.0,0.0008920000000000001,9.42
1.545418828725815,0.6853110238909722,9.624977856874468e-06,2003.7007257342336,147000000.0,0.0008189999999999998,15.87
1.55479324311018,0.7138769164681436,5.338361680507661e-06,1957.201614975929,129000000.0,0.0006850000000000001,13.85
1.6317849755287173,0.678265455365181,2.9381106495857244e-06,962.4290019273757,189999999.99999997,0.0004610000000000001,6.05
1.8026852130889894,0.8459381192922593,2.9579308629035957e-06,2447.7574527263637,106000000.00000003,0.001,12.68
1.696224457025528,0.8305671483278275,5.9499694183468825e-06,1098.7088382244108,230000000.0,0.00177,11.87
1.544063624739647,0.6413173824548722,3.123497694730759e-06,1405.7549759745596,138000000.0,0.00029999999999999987,7.67
1.517725720256567,0.6926158592104913,4.5568676590919506e-06,2250.2806335687637,109000000.00000001,0.0004979999999999999,13.49
1.6608215868473055,0.7277193501591683,9.833834856748581e-06,1302.8778806328771,212000000.0,0.0014099999999999998,14.93
1.2731244742870331,0.65790334045887,9.693251073360445e-06,609.0288907289504,332000000.0,0.0007120000000000001,9.43
1.4141719579696657,0.7328940443694593,3.1590116918087012e-06,926.4669120311736,208999999.99999997,0.0005149999999999999,6.41
1.4833597607910634,0.667485997080803,6.271396480500699e-06,805.4836392402648,271000000.0,0.0006339999999999999,8.01
1.4897778511047364,0.7695614218711854,6.3947222949937e-06,842.6694869995116,291000000.0,0.00119,9.53
1.4209193944931031,0.7967996433377267,2.9714896678924565e-06,1459.4726562499998,147000000.0,0.0006599999999999999,9.62
1.7328304052352907,0.7939142614603043,8.280645519495012e-06,1046.52065038681,251000000.0,0.00201,13.33
1.547150766849518,0.7825528398156166,9.134593009948732e-06,1903.3080358058212,636000000.0,0.00114,1.0299999999999996
1.5077876776456833,0.8018527328968049,5.856422446668149e-06,859.0833395719527,284000000.0,0.00134,9.46
1.4579890966415407,0.6361514568328858,7.572887018322946e-06,1761.709602549672,134999999.99999997,0.00046800000000000005,13.5
1.239695155620575,0.6087573051452637,9.767330706119539e-06,699.4337141513823,274000000.0,0.00041500000000000006,8.17
1.330144250392914,0.6640330374240876,9.36530923843384e-06,474.10207986831654,390000000.0,0.000848,8.56
1.4690941527485848,0.6332606524229051,7.679770410060884e-06,1477.9139608144758,153999999.99999997,0.0004969999999999999,12.66
1.6345793008804324,0.7684581544250251,2.905226051807404e-06,2679.9726784229274,93300000.00000001,0.000602,13.02
1.4619632229208948,0.6798471719026566,9.30022993683815e-06,2193.311780691147,134999999.99999997,0.0006689999999999999,15.83
1.4902775444090368,0.7862664073705674,5.198086857795716e-06,997.2010850906371,242999999.99999997,0.00106,9.58
1.4249166548252108,0.6239605218172074,5.285432502627373e-06,2759.735837578773,87200000.0,0.00027000000000000006,13.36
1.318480807542801,0.7158737182617189,9.68921184539795e-06,601.7925888299941,353000000.0,0.00119,10.64
1.437231592833996,0.7168180949985982,9.008442968130114e-06,873.7472742795943,267000000.0,0.00114,12.17
1.4041499733924867,0.6240233480930328,7.596590518951417e-06,723.0970561504363,272000000.0,0.00046800000000000005,7.53
1.468791264295578,0.6737467199563981,7.62569509446621e-06,765.0913596153258,290000000.0,0.0007770000000000001,9.18
1.338706433773041,0.6153655886650086,6.599648671224714e-06,2185.4901239275932,103999999.99999999,0.000279,12.84
1.6032830178737643,0.7269432105123997,8.42092138528824e-06,1318.6500519514082,200000000.0,0.0011999999999999997,14.16
1.3429195404052736,0.6170247226953507,6.0388412997126585e-06,1563.425540924072,130999999.99999999,0.000288,10.82
1.5238527953624728,0.8128397896885873,3.89316275715828e-06,1310.982473194599,175000000.0,0.0009750000000000001,10.31
1.5830019414424898,0.6383335411548615,3.0454510152339943e-06,2855.631813406944,78399999.99999999,0.0002559999999999999,11.78
1.449794201552868,0.7019105851650239,3.790405899286271e-06,1124.8553842306135,180000000.00000003,0.0005090000000000001,8.4
1.4353776052594187,0.6883756309747696,8.646360039711e-06,857.0919483900069,267000000.0,0.0009070000000000001,11.14
1.7077943444252015,0.6771841138601303,7.3391984254121794e-06,2780.4847359657283,109000000.00000001,0.000675,16.33
1.4897201277315617,0.7800844609737397,4.921611070632935e-06,1127.9231235384939,211000000.0,0.0009769999999999998,10.3
1.5010031014680865,0.6277712970972061,5.152742445468903e-06,1557.7545315027235,132999999.99999997,0.000365,10.88
1.7886263251304628,0.7526164446026088,9.978913694620133e-06,1317.3613250255582,220000000.0,0.00183,15.33
1.229487830400467,0.5956665694713593,2.894148528575898e-06,1501.1613741517065,120000000.0,0.0001129999999999999,4.81
1.4707656383514405,0.7056890711188317,5.672998063266278e-06,1172.8211417794225,194000000.0,0.0006959999999999999,10.83
1.7179368674755098,0.6530423909425737,6.965451292693616e-06,3005.245506763458,96300000.0,0.000539,16.1
1.6151265621185305,0.7930939033627511,8.09993888437748e-06,858.9161485433577,284000000.0,0.00191,12.22
1.5301890581846238,0.8240257725119592,8.937762737274171e-06,1340.7014608383176,740000000.0,0.0015900000000000003,0.40999999999999975
1.6167474925518037,0.8225102797150613,6.169821850955487e-06,959.7584903240203,256000000.0,0.00172,11.12
1.6237841427326203,0.7268124550580979,6.650251334533097e-06,1739.7635169327257,153999999.99999997,0.0009530000000000001,14.39
1.5154625426977875,0.8248559966683389,2.967797994613648e-06,1674.6578151360152,134999999.99999997,0.0007929999999999999,10.67
1.459141829609871,0.7108518362045289,4.099070757627488e-06,1851.1152286082504,124000000.00000003,0.0005129999999999999,12.0
1.4292345598340035,0.7190908022224903,3.955985873937608e-06,748.6814558506011,304000000.0,0.000563,4.31
1.2002614796161652,0.654698270559311,9.805688351392747e-06,2034.1491624712942,131999999.99999999,0.00042800000000000005,15.04
1.454020991921425,0.8407896548509598,3.137594938278199e-06,989.6415770053862,215000000.00000003,0.000923,7.109999999999999
1.5322511225938797,0.6617290824651719,8.023442745208742e-06,2280.620440840721,122000000.00000004,0.000582,15.309999999999999
1.7414993584156038,0.7407962473109365,6.0773269310593615e-06,2191.9588297605515,131999999.99999999,0.0009939999999999999,15.22
1.4779098227620127,0.7609699789434672,4.9277085065841686e-06,1219.899497926235,194000000.0,0.00086,10.76
1.5882357180118563,0.6959970742464067,8.364735186100007e-06,1649.2837220430372,163000000.0,0.0009050000000000001,14.829999999999998
1.415278422832489,0.7995992928743363,3.3170385062694555e-06,830.5649757385253,279000000.0,0.0007550000000000001,4.72
1.4798956498503686,0.6304236263036729,4.381146013736726e-06,699.3283629417418,259000000.0,0.00037199999999999993,4.67
1.7386762619018556,0.9002618730068208,3.0820654630661015e-06,961.9714617729186,218000000.00000003,0.00145,7.36
1.6201314210891724,0.8751307368278505,3.5656056106090553e-06,2502.2992044687267,345000000.0,0.0009239999999999999,1.36
1.4820728905498983,0.7592288699001074,8.376286685466767e-06,757.3607116937636,309000000.0,0.00148,11.22
1.6467408120632172,0.8174476280808449,4.1560136079788216e-06,1519.3949937820432,161000000.00000003,0.00113,11.64
1.2709106862545014,0.6218909651041031,9.306284397840502e-06,2883.9625716209407,95600000.00000001,0.00032199999999999986,15.55
1.6696024954319002,0.662890774011612,6.65494509600103e-06,2848.711490631103,101000000.0,0.0005560000000000001,15.86
1.4167578220367434,0.7363354068249465,3.408290177583695e-06,1015.3191089630126,199000000.00000003,0.000558,7.36
1.4437157034873964,0.7647002253681422,9.140196651220323e-06,1767.5749510526655,405000000.0,0.00118,7.16
1.5673825755715372,0.8694461524486542,4.415655940771104e-06,2196.893386542797,408000000.0,0.00106,0.38999999999999996
1.4326396510005,0.8846026092767716,2.8300845623016364e-06,2419.626370072365,192000000.0,0.000752,5.4
1.3472241640090943,0.6155600398778915,6.1340279951691636e-06,685.1573586463927,261999999.99999997,0.00033699999999999995,5.66
1.3369184017181397,0.7533522840589285,7.774026468396187e-06,2495.519250631332,494000000.0,0.0006779999999999999,1.7399999999999998
1.4818615078926087,0.7831096976995469,8.286501795053483e-06,658.1010222434996,350000000.0,0.00171,10.43
1.253126746416092,0.8564410775899888,2.9842941164970404e-06,2526.235312223434,275000000.0,0.000521,0.9000000000000005
1.4758496046066285,0.6788455501198769,6.2587275542318834e-06,588.1621986627578,370000000.0,0.000721,5.66
1.5669291257858278,0.8080783858895303,6.20693051069975e-06,936.2764209508895,260999999.99999997,0.0015600000000000002,10.83
1.4899557620286943,0.63347707092762,5.515786156058312e-06,823.8460421562194,237000000.0,0.0004409999999999998,7.12
1.4732445627450945,0.7302564427256585,5.4389548748731626e-06,1283.8080450892446,183000000.0,0.0007619999999999999,11.48
1.4478823006153108,0.6478648692369462,8.131663575768472e-06,838.2775932550429,255000000.0,0.000661,9.71
1.4158745884895325,0.6456681221723557,8.265194565057756e-06,1628.693241626024,148000000.0,0.0005149999999999999,13.56
1.5011361211538317,0.6272597998380661,5.164226353168488e-06,1465.7104313373563,140000000.0,0.0003710000000000001,10.52
1.4342630848288538,0.6185962647199631,8.927327543497087e-06,3022.090077400207,92099999.99999999,0.00035600000000000003,15.78
1.5114882454276086,0.6653440564870835,3.2417176067829138e-06,2443.355426192283,92099999.99999999,0.00031,11.55
1.4364101037383081,0.6224770009517671,7.25723883509636e-06,1206.6405937075613,174000000.0,0.00041799999999999997,10.73
1.2568853437900545,0.5987201571464539,5.055035769939423e-06,485.0627779960631,344000000.0,0.0002359999999999999,1.0200000000000002
1.5138400901108982,0.6386836856603623,5.873999617993833e-06,2320.1691284775734,106000000.00000003,0.0004080000000000001,13.83
1.63817013502121,0.7928378731012345,5.111569941043855e-06,1431.8983554840086,176000000.0,0.00119,12.3
1.6240199267864228,0.8806078165769577,5.485570907592774e-06,731.5504848957061,321000000.0,0.00211,8.62
1.6861775279045106,0.7286894492805005,6.893120542168618e-06,1903.9317984133957,148000000.0,0.00101,14.989999999999998
1.3665342628955843,0.8458231329917908,3.6783992052078252e-06,2367.2142550349236,369000000.0,0.000745,0.6499999999999999
1.5308935180306436,0.8252369463443757,5.13741384446621e-06,934.2544823884963,257000000.0,0.00136,9.47
1.2312718033790588,0.6466470390558243,9.940217882394792e-06,604.5260578393935,329000000.0,0.0006159999999999999,9.16
1.5630309820175172,0.7088952541351319,9.164036065340043e-06,1339.1411229968069,197000000.00000003,0.0011,14.45
1.717043924331665,0.900183802843094,8.215529814362528e-06,933.441400527954,646000000.0,0.00287,3.24
1.4914365358650685,0.6298570722341538,3.769375920295716e-06,1777.8830155730245,113999999.99999999,0.0002850000000000001,9.9
1.4732802137732508,0.7060604453086854,5.6086568981409085e-06,1363.8498932123182,169999999.99999997,0.0006649999999999999,11.75
1.458379103243351,0.7334571115672589,4.9395120143890385e-06,1130.6590512394903,200000000.0,0.000736,10.03
1.6855755507946015,0.7347394287586213,3.977782100439072e-06,2798.4895110130306,96500000.00000003,0.000646,14.57
1.3291552662849428,0.7124944612383843,9.950903207063677e-06,1130.5154785513876,223999999.99999997,0.000996,13.91
1.4421415194869043,0.8373466014862061,3.0209899246692664e-06,1241.864740848541,168999999.99999997,0.000831,8.79
1.7019411921501162,0.8396201312541962,8.530128031969071e-06,704.0939778089522,344000000.0,0.00267,11.43
1.5106337372213603,0.8523343563079835,3.163933783769608e-06,890.6133770942687,240000000.0,0.00102,6.28
1.4656981229782107,0.7077047467231751,7.721346065402032e-06,687.7681910991668,333000000.0,0.001,8.95
1.5948158204555514,0.8055988848209382,7.228938423097135e-06,868.0058568716048,280000000.0,0.00181,11.55
1.669643121957779,0.7503627229481936,6.937821790575982e-06,1543.7906533479688,176000000.0,0.0011999999999999997,14.13
1.5942523419857026,0.8725375950336457,4.622655421495439e-06,852.3705899715422,274000000.0,0.00165,8.47
1.4640114873647692,0.7580933745950461,7.788997188210488e-06,545.8822399377822,399000000.0,0.00148,8.82
1.5825748443603518,0.8946072310209275,9.339837402105333e-06,733.6569875478743,558000000.0,0.0028799999999999997,6.84
1.490987540781498,0.652725648880005,7.163860373198987e-06,1225.9596511721609,183000000.0,0.0006060000000000001,11.7
1.2557602643966677,0.605699497461319,7.053404636681081e-06,1254.648186266422,155000000.0,0.0002760000000000001,9.75
1.3966888189315798,0.6768540278077126,8.963208287954332e-06,1822.7490801364181,148000000.0,0.000636,14.82
1.5145202569663525,0.7418844362720848,2.8823892474174506e-06,2177.0752891898155,105000000.00000003,0.0004979999999999999,11.7
1.5304775454103947,0.8509228348731995,5.317627415060998e-06,731.1183512210845,327000000.0,0.00165,7.86
1.4754988029599192,0.7176173061132431,6.3175390847027315e-06,998.058572411537,232000000.0,0.0008319999999999998,10.4
1.3307898938655855,0.6164799571037293,8.51226380467415e-06,1588.0959033966062,140000000.0,0.0003659999999999999,12.52
1.4112981140613556,0.6198587894439698,5.6129946559667594e-06,607.1525365114211,301000000.0,0.000374,4.56
1.6239385306835177,0.6871788918972016,9.902611047029496e-06,2218.5452580451965,141000000.00000003,0.0008759999999999998,16.55
1.4757930591702462,0.8959569722414018,9.786002904176713e-06,657.0495218038558,707000000.0,0.00275,5.49
1.7281986594200136,0.7463770955801011,1.0040519535541536e-05,1216.666057705879,230000000.0,0.00173,14.95
1.482611104846001,0.6794881403446198,5.30296628177166e-06,1010.09364426136,211000000.0,0.000598,9.08
1.612921088933945,0.7882582917809487,9.235943168401719e-06,750.2723038196563,323000000.0,0.00216,12.14
1.6028171539306642,0.7761662721633912,7.11535255610943e-06,1079.6267837285993,232000000.0,0.00148,12.61
1.3884192645549776,0.700282707810402,1.006187391281128e-05,1419.5800870656965,189999999.99999997,0.0009070000000000001,14.89
1.4886163964867594,0.6255348712205887,5.390521481633187e-06,1378.6583319306371,148000000.0,0.00037199999999999993,10.3
1.3857904314994813,0.7216198682785034,9.896975904703142e-06,1028.6397784948347,241000000.0,0.00116,13.63
1.2730769097805024,0.5967140972614289,2.9670953750610357e-06,2913.5936796665187,69499999.99999997,0.00011899999999999997,9.48
1.4488087981939317,0.7864819049835206,4.0661396384239204e-06,1151.031397283077,196000000.00000003,0.0008390000000000001,9.38
1.4540388330817224,0.7401224870234728,4.320220053195954e-06,865.2654588222503,269000000.0,0.000708,6.33
1.4836091615259648,0.6648344010114671,5.890361547470094e-06,793.1303530931472,272000000.0,0.0005930000000000001,7.37
1.6143851459026337,0.6723518639802933,8.696146309375764e-06,2451.8805295228954,123000000.00000003,0.000692,16.12
1.570429927110672,0.7232056304812432,9.92387655377388e-06,1200.9345665574072,221000000.0,0.0013199999999999998,14.55
1.731597501039505,0.8907719045877458,3.40893042087555e-06,2483.185932040214,292000000.0,0.00109,3.5600000000000005
1.4680295884609225,0.7732763573527337,8.888217002153397e-06,638.1659507751464,355000000.0,0.00173,10.76
1.3475467801094057,0.6152143031358719,7.721383929252625e-06,913.4260863065718,217000000.00000003,0.000385,8.73
1.2189265966415406,0.5937538325786591,2.974335610866547e-06,1122.0061331987379,159000000.00000003,0.00011699999999999994,2.5899999999999994
1.4801797673106194,0.7136942535638809,5.4831512719392785e-06,1465.7420963048933,161000000.00000003,0.0006810000000000001,12.18
1.5369940146803858,0.7980388417840004,6.215878870338202e-06,2195.8775743842125,379000000.0,0.0009679999999999999,3.99
1.3192564666271211,0.6824097141623497,9.07681903243065e-06,1963.8879895210264,142000000.00000003,0.0005930000000000001,15.09
1.5525861069560052,0.8261992782354356,5.565119311213494e-06,2235.6422170996666,450000000.0,0.00103,1.4799999999999998
1.2631813645362855,0.6853285163640976,9.580009162425995e-06,936.2624138593673,248000000.0,0.0007709999999999998,12.14
1.5681192666292192,0.8681005418300629,2.9988505244255073e-06,1338.2798358798025,161000000.00000003,0.0010399999999999997,9.570000000000002
1.475943244993687,0.7736775621771813,4.703266203403474e-06,815.2193129062651,312000000.0,0.0009109999999999999,6.04
1.4861911945044997,0.7913762614130975,6.363273622468115e-06,575.0938802957534,394000000.0,0.00146,7.6
1.4064590692520142,0.7831572085618973,9.492798388004305e-06,490.3723597526549,419000000.0,0.00196,10.3
1.613306450843811,0.6549371659755707,8.883106321096422e-06,2781.3131660223003,110000000.0,0.000582,16.42
1.4827990584075452,0.7348951846361161,7.722419813275338e-06,909.4871878623961,263000000.00000003,0.00114,11.37
1.5153017945587637,0.6470009475946427,6.059787206351758e-06,2026.512950658798,119000000.0,0.00045999999999999996,13.55
1.3153716623783114,0.8678741276264191,2.972198128700257e-06,2505.2686333656306,272000000.0,0.0006010000000000002,0.8199999999999995
1.373508471250534,0.629052445292473,7.935271084308626e-06,1906.806632876396,125000000.00000001,0.00039699999999999984,13.6
1.4983665324747564,0.6292184203863145,4.312215447425843e-06,2935.1432919502254,80799999.99999999,0.00027299999999999997,13.19
1.1995647668838503,0.5929386913776398,9.125125169754029e-06,2519.162699580192,96399999.99999999,0.00023500000000000002,13.91
1.2744582295417788,0.6324551224708558,9.57782828807831e-06,600.7116585969924,323000000.0,0.0005660000000000001,8.51
1.4526814341545107,0.7583099741488696,4.245852321386338e-06,949.392944574356,242000000.0,0.000774,7.36
1.260584717988968,0.6034607023000718,9.055297762155534e-06,897.643819451332,219000000.0,0.000363,9.06
1.4910227827727796,0.8332707613706589,8.306011170148851e-06,1201.2203708291051,440000000.0,0.00174,7.08
1.6659598588943483,0.6809961766004563,8.647630095481874e-06,2400.5917757749557,127000000.00000001,0.000785,16.21
1.343759322166443,0.6148728758096695,5.71579683572054e-06,998.877465724945,191000000.0,0.000299,7.59
1.4926328413188459,0.8286257922649384,4.3096123337745675e-06,928.2956570386885,260000000.0,0.00114,7.719999999999999
1.4827020294964315,0.6315924167633057,5.118997409939767e-06,2656.4549952745433,91299999.99999997,0.00031100000000000013,13.45
1.5832241445779802,0.7300157345831395,6.933338627219201e-06,1485.6607392430303,175000000.0,0.00101,13.79
1.4628489285707476,0.7901607647538186,4.319776952266694e-06,1085.326552391052,213000000.0,0.0009090000000000001,9.18
1.4058070063591004,0.6186682462692261,3.4216109514236457e-06,2921.515434980392,74800000.00000001,0.00019500000000000008,11.52
1.6456846475601197,0.7351670678704978,8.953940093517305e-06,1267.6663994789121,212000000.0,0.0013800000000000002,14.34
1.728386074304581,0.89708711206913,5.140591487288476e-06,862.5831753015517,268000000.0,0.00221,9.74
1.5757058143615723,0.8131654009222985,7.73037549853325e-06,1603.8655415177343,505999999.99999994,0.00137,3.89
1.4646811589598656,0.6901331216096879,8.189753606915475e-06,1023.5958099365233,227000000.00000003,0.000857,12.0
1.5665509656071663,0.6599036604166032,7.938635751605034e-06,2458.239153027534,115999999.99999997,0.000576,15.599999999999998
1.8010412693023683,0.8028657406568528,5.079657599329949e-06,1856.5985579043625,147000000.0,0.00131,13.88
1.4610505521297457,0.8180339232087136,2.9910416007041935e-06,1556.082285940647,141000000.00000003,0.000745,10.24
1.5238860055804253,0.7638409171253443,6.925864689052106e-06,991.0636693239211,247000000.0,0.00128,11.61
1.483981177210808,0.7422403201460839,6.414649332873524e-06,612.238898873329,382000000.0,0.00114,7.25
1.5401066601276399,0.6908838048577309,7.3951449245214475e-06,1647.4029906094072,155000000.0,0.0007550000000000001,14.18
1.3487576365470888,0.8721855908632279,2.855803191661835e-06,2440.376460552215,184000000.0,0.0006710000000000002,6.13
1.3630971372127534,0.7530057404190302,9.99995431303978e-06,707.9913020133971,325000000.0,0.00155,12.29
1.5482270121574404,0.7706071883440019,8.038280367851258e-06,2341.691844165325,505999999.99999994,0.000947,2.2799999999999994
1.2149460375308991,0.5953524649143219,9.912640064954759e-06,1576.7970234155653,138000000.0,0.00029200000000000005,12.38
1.4939107730984689,0.6733711302280426,4.816287919878961e-06,2024.0942314267156,115999999.99999997,0.0004579999999999999,12.86
1.4816358223557473,0.7034203872084618,6.746546499431135e-06,571.3620334863662,381000000.0,0.0009300000000000003,6.92
1.5818668931722641,0.7604807484894992,2.919212102890015e-06,2590.6698703765865,94800000.0,0.0005620000000000001,12.85
1.603320908546448,0.8252404242753983,2.9317753911018377e-06,2102.2811457514763,121000000.0,0.0008020000000000001,11.23
1.6999725937843324,0.839228716492653,3.780204355716706e-06,1611.9759641587732,151999999.99999997,0.00119,11.64
1.6055836737155915,0.63568574488163,3.028043866157532e-06,2769.457951188087,80600000.0,0.00025900000000000006,11.58
1.3896241486072543,0.6715503126382828,8.680423110723497e-06,2266.7125165462494,126000000.00000001,0.000549,15.42
1.548098972439766,0.8404885590076447,8.243027523159982e-06,533.4563106298446,418000000.0,0.0025,9.64
1.6141013145446779,0.5974523663520813,2.9312104582786565e-06,2118.6976432800293,94300000.00000001,0.000198,8.59
1.7270381033420563,0.6893873602151871,9.377872943878175e-06,2406.880736351013,133999999.99999997,0.000921,16.65
1.4069306194782258,0.624555265903473,6.9575281515717515e-06,2600.382894277572,96200000.0,0.0003240000000000001,14.29
1.464561688899994,0.7336976174265147,7.949921473860742e-06,733.3997189998626,319000000.0,0.00118,10.020000000000001
1.5171338461339474,0.6416012674570084,3.3210648000240334e-06,2920.18312215805,77899999.99999999,0.00025900000000000006,12.28
1.696461832523346,0.8328398019075395,4.095845550298692e-06,1536.7403551936147,161000000.00000003,0.00124,11.71
1.5126888412982227,0.7991664424538613,4.109308391809464e-06,1312.1923357248304,177000000.0,0.0009419999999999999,10.51
1.6893778324127198,0.7598549220710994,2.961321294307709e-06,2900.952503085136,88100000.00000001,0.000596,13.49
1.4982396505773068,0.6324858605861664,4.188470751047135e-06,2859.2343926429744,83000000.0,0.0002760000000000001,13.02
1.4457325190305712,0.687601800262928,8.572728723287583e-06,951.1575400829314,242999999.99999997,0.000879,11.78
1.4998156562447549,0.6528922230005265,5.828032173216344e-06,1703.5335972905157,134999999.99999997,0.0004799999999999999,12.55
1.6162492990493775,0.8044047787785531,2.9422988295555122e-06,2269.242025911808,108000000.00000001,0.0007349999999999999,12.37
1.4761503204703332,0.6657198607921601,7.67792446911335e-06,1028.9846658706663,217000000.00000003,0.0007110000000000002,11.21
1.5507986068725588,0.7068902850151063,6.367022287100554e-06,1744.6871679276226,146000000.0,0.000756,14.0
1.3934711694717408,0.6184798121452332,3.7303096055984505e-06,887.400984764099,201000000.0,0.0002489999999999999,4.56
1.482970929890871,0.7850220993161202,6.766981765627862e-06,652.5467634201049,365000000.0,0.00142,8.44
1.2580159306526186,0.629744052886963,9.12465161085129e-06,2174.843318760395,115999999.99999997,0.0003600000000000001,14.56
1.4973016608506442,0.8410176783800126,3.2086840569972996e-06,839.8875147104262,266000000.0,0.000963,5.39
1.5196794748306275,0.7133744090795517,5.453981295228005e-06,1751.37816183269,140000000.0,0.0006840000000000003,13.28
1.6092561900615694,0.750691319257021,5.19363321363926e-06,1778.8092810660598,144000000.00000003,0.0008979999999999999,13.44
1.648625296354294,0.8141165480017662,9.426915287971497e-06,642.8245753049849,369000000.0,0.0025799999999999994,11.44
1.2615130484104158,0.6038626492023469,8.113940164446832e-06,989.3290251493453,197000000.00000003,0.000323,8.99
1.7769661366939546,0.9069453835487367,4.1519268155097965e-06,963.3580893278121,232000000.0,0.00197,9.22
1.536772133409977,0.66570543050766,4.7263178825378424e-06,2570.877775549888,97899999.99999999,0.0004249999999999999,13.91
1.5139159999787808,0.6467011123895646,7.1754842102527625e-06,2139.0670090913773,120000000.0,0.000499,14.43
1.5278468996286394,0.6746300429105759,9.342102348804475e-06,2416.9029593467712,127000000.00000001,0.0006630000000000001,16.25
1.703711485862732,0.8892897695302964,3.0837366878986363e-06,878.7653893232344,240000000.0,0.00137,6.54
1.6868790686130526,0.8864078968763353,4.088443011045457e-06,1085.687309503555,211000000.0,0.00164,9.87
1.3329611063003541,0.6155410408973694,6.098570376634598e-06,2293.3596298098564,99100000.0,0.00026100000000000006,12.7
1.7475784778594972,0.7363705672323705,7.04699219018221e-06,2003.5362914204595,146000000.0,0.0011,15.39
1.7395350694656373,0.9011906683444978,5.893203109502794e-06,1329.1485533118246,551000000.0,0.00197,1.6000000000000003
1.6541962444782259,0.6777125224471093,9.156911820173265e-06,2494.053423404693,126000000.00000001,0.0007680000000000001,16.49
1.3221851885318758,0.6120553493499756,4.883062437176705e-06,2308.5872009396553,94300000.00000001,0.000222,11.57
1.503642272204161,0.643901252746582,5.253560945391655e-06,1317.2935247421262,160000000.00000003,0.00045700000000000005,10.36
1.3160386562347413,0.615981736779213,8.62159749865532e-06,1771.239975467324,129000000.0,0.0003550000000000001,13.129999999999999
1.4735331594944001,0.74759154394269,5.587875902652742e-06,1009.9662393331527,233999999.99999997,0.000894,9.91
1.4740731194615366,0.790980014204979,6.207433797419072e-06,2429.8152625560756,462000000.0,0.0008489999999999999,1.2899999999999996
1.4815176084637642,0.771688735485077,4.963533028960229e-06,823.9013254642485,306000000.0,0.0009580000000000001,6.81
1.4990587905049326,0.8293427824974061,7.164794817566872e-06,548.9107519388198,406000000.0,0.00205,8.76
1.4949193976819517,0.6343475550413132,5.004748404026032e-06,816.5291994810103,233999999.99999997,0.00041999999999999996,6.58
1.4633899793028833,0.7455403447151184,4.569596588611604e-06,876.7351806163787,271000000.0,0.0007680000000000001,6.78
1.510860287770629,0.8304829090833664,4.2917975485324866e-06,1025.6953090429304,228000000.0,0.00116,8.92
1.4283605530858041,0.714278268814087,4.1411655545234685e-06,641.3793116807936,358000000.0,0.000576,3.0
1.482849904149771,0.8294675588607788,2.9674667119979865e-06,2187.29767203331,136000000.0,0.000721,9.87
1.4943572893738748,0.7818238466978074,6.041074484586717e-06,850.4793345928191,291000000.0,0.00122,9.23
1.5210162788629533,0.7150097072124482,3.436852037906647e-06,2574.8472958803172,94999999.99999999,0.00045900000000000004,13.18
1.678969430923462,0.8757136166095735,3.1861445307731635e-06,743.9786493778228,307000000.0,0.00131,4.45
1.5062423128634692,0.6463843882083894,4.8112552613019954e-06,1693.651035428047,128000000.0,0.0004099999999999999,11.39
1.4819883093237878,0.7477115940302611,5.748299404978753e-06,858.157455921173,285000000.0,0.000947,8.42
1.8036127567291262,0.7492295365780592,5.964519932866097e-06,2381.7202001810074,126000000.00000001,0.0010500000000000002,15.599999999999998
1.525700917840004,0.6661823272705079,8.578454196453095e-06,2451.2286782264705,120000000.0,0.000595,15.83
1.2131373703479769,0.5949389398097993,9.918656140565873e-06,1679.8959691077469,131999999.99999999,0.0002869999999999999,12.67
1.4654347792267801,0.7362791676074267,5.137072652578355e-06,1246.4917004108427,186999999.99999997,0.0007590000000000001,10.98
1.5595394879579545,0.8562715977430344,7.862828984856607e-06,1151.828423142433,474000000.0,0.00195,6.1
1.630017936229706,0.6911628261208534,5.369079381227494e-06,2666.908830404281,102999999.99999999,0.0005840000000000001,15.149999999999999
1.4066696763038637,0.6246434211730958,7.140742458403111e-06,620.311677455902,308000000.0,0.00046800000000000005,6.14
1.5041609086096288,0.8470279902219773,3.73982521891594e-06,892.0120745897292,260000000.0,0.00112,6.68
1.6231081902980806,0.6977327004075051,2.9607730507850652e-06,2931.0037493705745,81500000.0,0.0004049999999999999,13.1
1.5011618033051493,0.6258263915777207,4.39407166838646e-06,1481.7254170775411,134999999.99999997,0.00032700000000000003,9.67
1.4843858912587167,0.7661548655480147,6.72825262695551e-06,729.7820150852202,334000000.0,0.00127,8.71
1.424857270717621,0.81863661557436,2.9949072599411015e-06,1352.1113917231557,157000000.0,0.0007420000000000001,9.23
1.344516921043396,0.6167177975177766,6.025350138545037e-06,1671.917994506657,125000000.00000001,0.00028399999999999996,11.15
1.4527147963643074,0.7143834650516511,8.806629687547684e-06,920.1979935169219,255000000.0,0.0011,12.29
1.4963856618851425,0.8333666682243348,5.1390937268733985e-06,600.6687432527541,381000000.0,0.00149,6.34
1.2783834099769593,0.6292906880378724,9.281539589166642e-06,1495.8137571811674,152999999.99999997,0.0004119999999999999,12.91
1.449199801683426,0.8233740493655205,9.429807960987093e-06,1218.0097326636312,796000000.0,0.00158,0.5699999999999998
1.659642666578293,0.8449172705411911,2.9374021887779243e-06,1956.0435339808462,124000000.00000003,0.0009300000000000003,11.52
1.4418757975101473,0.7640599038451911,4.091275811195375e-06,1026.7563462257383,219000000.0,0.0007569999999999999,8.14
1.785499978065491,0.7594236318022013,4.89437559247017e-06,2498.946517705917,115999999.99999997,0.000947,15.06
1.2144417107105256,0.655154424905777,9.83238309621811e-06,920.1582074165343,238000000.0,0.0005599999999999998,11.47
1.470341867208481,0.7352935798466206,8.594128787517549e-06,841.8773412704467,279000000.0,0.00128,11.83
1.6855532705783844,0.7803821593523026,3.893023401498795e-06,2206.4977064728737,118000000.00000001,0.000851,13.4
1.4717650562524798,0.7075924471020699,7.630693122744561e-06,883.7107121944426,264000000.00000003,0.0009360000000000001,10.660000000000002
1.4878564283251763,0.8133870139718057,6.220072865486146e-06,575.346603989601,394000000.0,0.00163,7.71
1.6478093862533572,0.792415152490139,7.182095468044282e-06,1051.6234040260313,240000000.0,0.0016800000000000003,12.649999999999999
1.6532857418060305,0.6412927955389024,8.092531442642212e-06,2890.239611268043,102000000.0,0.0005239999999999999,16.16
1.6207563221454622,0.7224930569529534,5.105978295207025e-06,2236.876256763935,119000000.0,0.000721,14.48
1.4299453273415568,0.771142852306366,2.969871640205384e-06,1875.9316410869358,119000000.0,0.0005640000000000002,11.270000000000001
1.4702292904257777,0.6696103781461716,7.702529713511468e-06,850.0197827816008,260000000.0,0.0007529999999999999,9.97
1.4585884541273118,0.6566793143749238,8.262838870286943e-06,1133.851923048496,201000000.0,0.000675,12.03
1.5741042494773867,0.718409849703312,5.751472249627114e-06,1873.276812955737,137000000.0,0.0007640000000000001,14.029999999999998
1.3713282108306886,0.6574192017316819,8.103088885545732e-06,2173.77520352602,123000000.00000003,0.00047900000000000004,14.79
1.552628754079342,0.7614151161164046,2.9095865488052373e-06,2456.3949853181834,97899999.99999999,0.000558,12.55
1.5173361450433733,0.8316954910755158,5.402366816997529e-06,796.2199598550795,305000000.0,0.00146,8.44
1.4146367847919465,0.7343881711363793,3.0711663067340856e-06,1117.7184730768201,176000000.0,0.0004979999999999999,7.76
1.499602271988988,0.8364922553300859,3.308386981487275e-06,749.1771429777144,304000000.0,0.0009769999999999998,4.21
1.4002905607223513,0.6242630302906037,7.1764815002679835e-06,2193.1141167879105,109000000.00000001,0.00034999999999999994,13.73
1.2675763607025148,0.6041433244943619,5.875300601124764e-06,2995.3813850879665,77600000.00000001,0.0001970000000000001,13.25
1.5398879617452623,0.6925755321979523,4.263153702020646e-06,2519.4347947835918,99799999.99999999,0.0004740000000000001,13.77
1.4841986283659936,0.7450089074671269,6.370558502152563e-06,1013.3618414402007,239000000.0,0.001,10.78
1.4544092059135438,0.6761598855257035,4.173292875289917e-06,595.1971113681792,346000000.0,0.0004850000000000001,2.86
1.384308296442032,0.6240334331989289,9.12004515528679e-06,2982.5392663478847,94800000.0,0.000363,15.86
1.7102472424507142,0.7265764251351358,5.701371908187867e-06,2416.3183867931366,120000000.0,0.0008340000000000001,15.35
1.4059047996997835,0.6202429622411728,4.488276511430741e-06,2208.7892815470695,98000000.00000001,0.0002520000000000001,11.46
1.4677919760346414,0.7087290018796921,4.106746375560761e-06,1945.6312358379362,119000000.0,0.000505,12.29
1.6184736728668214,0.719982098042965,9.01267245411873e-06,1361.8581667542455,198000000.00000003,0.00121,14.58
1.354753375053406,0.646572294831276,7.99709764122963e-06,2256.395995616913,115999999.99999997,0.00042600000000000005,14.71
1.4878409676253797,0.6798966810107232,9.378670066595079e-06,2212.765693664551,134999999.99999997,0.0006909999999999999,15.95
1.5798142075538637,0.866838338971138,4.263965219259263e-06,731.2294393777846,318000000.0,0.00151,6.37
1.495310613512993,0.6603205472230912,4.1728266179561625e-06,2011.6068720817564,111000000.0,0.00038299999999999993,11.77
1.5050585232675078,0.8001218587160112,6.034781835973263e-06,2387.531206011772,472000000.00000006,0.0008979999999999999,0.9099999999999999
1.4734015122056008,0.6824468269944192,7.792047679424286e-06,1054.5404553413389,218000000.00000003,0.0007839999999999999,11.72
1.791744661331177,0.8058023259043694,5.101059749722482e-06,1781.064227223396,151999999.99999997,0.00134,13.68
1.4891117423772813,0.6311943233013154,3.25444319844246e-06,2014.0019357204435,101000000.0,0.0002449999999999999,9.66
1.7472407877445222,0.6856209799647331,9.089366257190706e-06,2615.7133579254146,126000000.00000001,0.000866,16.84
1.5605391874909402,0.6388119399547577,5.08372686803341e-06,2862.9054427146907,89200000.0,0.000363,14.23
1.562495291233063,0.8612004607915879,5.219115585088731e-06,793.7331795692443,299000000.0,0.00173,8.64
1.702768260240555,0.8251745223999024,9.81322753429413e-06,625.6020367145537,380000000.0,0.0028799999999999997,11.75
1.522150082141161,0.6974859595298768,7.581998437643052e-06,1464.2294049262998,171999999.99999997,0.0008170000000000001,13.79
1.6824272632598878,0.7032182469964028,8.266411215066911e-06,1956.6196501255033,148000000.0,0.0009679999999999999,15.599999999999998
1.4965414233505727,0.6825199708342553,3.359319388866425e-06,2599.0446954965587,91000000.0,0.000354,12.49
1.2658527910709383,0.5980359792709351,2.9639289975166327e-06,1264.1604170203207,138000000.0,0.0001349999999999999,4.27
1.5390034988522532,0.6703614592552186,7.820970863103867e-06,1796.4840140193699,143000000.00000003,0.0006620000000000002,14.48
1.3498430371284487,0.6166783064603806,8.434762656688691e-06,1116.4456903934476,187999999.99999997,0.00040400000000000006,10.58
1.6774976491928102,0.6363489657640458,8.250817567110063e-06,2961.2821638584132,99799999.99999999,0.0005159999999999999,16.27
1.500342781841755,0.8478516697883607,5.224607929587365e-06,557.6355308294295,387000000.0,0.0016800000000000003,6.55
1.506800344772637,0.6296976238489151,3.101937204599381e-06,573.8526135683059,289000000.0,0.00029200000000000005,1.43
1.405743795633316,0.6434474140405656,8.555167824029923e-06,1325.8978649973867,174000000.0,0.0005499999999999999,12.59
1.685223001241684,0.6622102260589601,6.511360602453352e-06,2916.3241684436794,98400000.00000003,0.0005459999999999999,15.87
1.5622282147407534,0.6827706992626191,9.408364921808244e-06,2030.7940170168874,144000000.00000003,0.0008030000000000002,15.8
1.6776939690113069,0.6902079641819001,5.05883488059044e-06,2905.1990360021587,95099999.99999997,0.0005570000000000002,15.3
1.4847446948289873,0.7739249959588052,5.448358982801438e-06,954.1537165641784,256000000.0,0.00103,9.35
1.4273770853877068,0.6230841904878617,7.0230256766080865e-06,1676.7604527994988,131999999.99999999,0.000374,12.35
1.2263802945613862,0.6008275240659714,3.728253901004792e-06,1810.5967361479995,107000000.00000001,0.00014000000000000007,7.93
1.5311758026480675,0.8501318067312241,3.0031797289848334e-06,1423.0025112628934,152999999.99999997,0.000926,9.91
1.7918854236602786,0.6960839241743089,9.272454351186754e-06,2528.8648456335063,131999999.99999999,0.000993,16.89
1.7020292222499849,0.6830159828066826,6.118832282721997e-06,2877.0556598901744,101000000.0,0.000617,15.919999999999998
1.6299401521682741,0.867266321182251,5.788174524903298e-06,1537.3953543603418,451000000.0,0.00153,3.1699999999999995
1.7460740804672243,0.7422316543757916,8.192589536309243e-06,1617.8169585764406,178000000.00000003,0.00134,15.14
1.4841027840971948,0.8153998240828515,4.388272970914841e-06,963.0193859338759,250000000.0,0.0010699999999999998,8.11
1.329537695646286,0.6151133984327317,7.523653686046602e-06,598.3817130327224,306000000.0,0.00040299999999999993,5.85
1.5945048987865449,0.6803251147270203,6.389462511986495e-06,2308.631606400013,116999999.99999997,0.000613,14.98
1.531725747138262,0.6717173874378205,4.244448959827424e-06,2645.507708191871,94099999.99999999,0.00040600000000000006,13.66
1.4773495316505434,0.7137519076466561,7.365212872624398e-06,988.7986183166503,239000000.0,0.0009329999999999999,11.28
1.6366086423397066,0.8774559885263444,4.16209039092064e-06,679.9441874027251,334000000.0,0.0016800000000000003,5.92
1.2651437222957613,0.6035412847995758,3.774819344282151e-06,2845.150709152221,75199999.99999997,0.00014999999999999993,10.9
1.6895564138889314,0.8851104766130449,4.066013216972352e-06,687.7364516258239,329000000.0,0.00178,5.99
1.743918013572693,0.7836857557296754,9.935435980558397e-06,924.4671761989592,282000000.0,0.0023,13.82
1.608802092075348,0.8593463569879533,3.31480422616005e-06,633.4503293037413,359000000.0,0.00122,3.0599999999999996
1.6051960408687593,0.6739750385284424,8.749999135732652e-06,2375.0526756048203,126000000.00000001,0.0007060000000000002,16.03
1.4963206093758346,0.7148444965481758,6.469753635115922e-06,1351.0105311870573,180000000.00000003,0.000804,12.68
1.7370119333267213,0.797187227010727,5.138333424925805e-06,1681.97928648442,158000000.0,0.00126,13.32
1.330352944135666,0.6129487663507462,4.871807798743249e-06,1988.566845655441,105000000.00000003,0.00023099999999999998,10.82
1.505928033962846,0.6773086130619049,6.660518983379007e-06,1637.1332779526708,148000000.0,0.000618,13.41
1.6372415721416476,0.8202027127146722,7.1579847484827055e-06,873.0932623147963,280000000.0,0.00199,11.64
1.38475159406662,0.6285221546888352,7.963057518005373e-06,501.2215971946715,368000000.0,0.0005479999999999999,5.95
1.5859663546085359,0.8108998283743859,5.211187437176705e-06,1127.293065190315,218000000.00000003,0.00133,10.94
1.6384922325611115,0.7448785912245512,6.2071658819913875e-06,1675.1771671697495,159000000.00000003,0.00103,13.98
1.4698437720537187,0.6266656458377838,4.486815989017487e-06,1977.5968343019483,108000000.00000001,0.0002959999999999998,11.25
1.6567888498306276,0.7898749440908432,5.224166288971902e-06,1486.27682775259,171999999.99999997,0.0011999999999999997,12.64
1.3330935180187227,0.6150427669286729,6.141504541039468e-06,2090.733304619789,106000000.00000003,0.000268,12.25
1.6922138929367068,0.7052193626761437,5.892843768000604e-06,2651.8696844577785,110000000.0,0.000717,15.69
1.4772061944007875,0.7519423708319665,2.9175289869308476e-06,1004.9268901348113,192000000.0,0.000587,6.92
1.481319846957922,0.6712915867567063,3.990589678287507e-06,1016.3676291704177,193000000.0,0.0004579999999999999,7.58
1.5317531123757364,0.7977792799472809,2.9502975940704353e-06,2029.6075493097303,114999999.99999997,0.0006869999999999999,11.8
1.6184704184532166,0.6506310045719147,5.867027819156648e-06,2852.7630418539043,95099999.99999997,0.00045600000000000013,15.14
1.5542608022689821,0.7060781478881837,6.160401940345765e-06,1820.1111089438198,140000000.0,0.00073,14.059999999999999
1.7237506091594696,0.6629784554243089,3.033726572990418e-06,1538.8941690325735,134999999.99999997,0.0004269999999999999,8.71
1.7950366437435152,0.6964530363678932,9.6893547475338e-06,2498.1455057859416,134999999.99999997,0.00102,17.11
1.756631648540497,0.7429190352559091,8.457308858633043e-06,1584.2826031148431,182000000.0,0.0014,15.19
1.5428253293037415,0.7189132913947106,5.987393505871297e-06,1667.1036109328268,150999999.99999997,0.000785,13.57
1.5234039075672627,0.7857182979583741,9.521888256073e-06,625.1873373985289,367000000.0,0.00213,11.270000000000001
1.7272266983985902,0.6925014048814774,9.845041304826738e-06,2321.7606469988823,140000000.0,0.000969,16.83
1.2600710928440095,0.6010780423879624,8.175533488392831e-06,2274.7587710618973,102000000.0,0.0002599999999999999,13.35
1.6799736678600312,0.8393523663282395,2.920244753360749e-06,2126.557931303978,116999999.99999997,0.0008990000000000001,11.82
1.5359759017825128,0.6415139615535737,5.907447688281537e-06,2501.5025138854976,102000000.0,0.00041999999999999996,14.29
1.4989700742065908,0.7563634637743235,7.431959435343743e-06,890.7115012407302,271000000.0,0.0012899999999999997,11.22
1.4467683702707292,0.6985446989536286,3.3182378411293036e-06,896.5293616056441,207999999.99999997,0.00045399999999999987,6.28
1.4760352358222009,0.7843873232603074,7.53842966258526e-06,649.1880416870116,360000000.0,0.00157,9.39
1.5849042266607285,0.6839917212724687,6.3074504546821125e-06,2218.052960932255,120000000.0,0.000624,14.81
1.4823631145060063,0.746172819659114,6.713290890678764e-06,898.7251222133635,268000000.0,0.00106,10.26
1.4916062615811827,0.630523055791855,3.1925730407238013e-06,462.41211891174305,342000000.0,0.0002959999999999998,0.030000000000000145
1.6279108285903932,0.7188025429844856,5.0402151495218285e-06,2358.820356428623,113999999.99999999,0.000695,14.65
1.467276880145073,0.7489113025367261,4.756350591778756e-06,762.7413719892501,333000000.0,0.0007900000000000001,5.170000000000001
1.2301647305488588,0.5992575466632843,3.650776535272599e-06,913.0788892507552,196000000.00000003,0.00015399999999999998,3.23
1.6019158065319063,0.7005235254764558,1.010457766056061e-05,1628.3513996750114,177000000.0,0.0010699999999999998,15.65
1.7374184131622317,0.7714896440505982,3.932215511798859e-06,2519.203677773475,108000000.00000001,0.0008300000000000001,14.18
1.2480335533618927,0.6098241806030273,9.32206851243973e-06,2621.6917783021922,97899999.99999999,0.000288,14.78
1.4778330557048323,0.7074947342276574,8.814145088195802e-06,1098.4871834516523,222000000.0,0.00103,13.19
1.6220404207706454,0.7409315826371313,7.956388682127e-06,1299.6924966573713,203000000.0,0.00127,13.91
1.6357620477676393,0.6531621158123017,9.637030869722368e-06,2905.4180085659023,109000000.00000001,0.0005930000000000001,16.94
1.4619930222630502,0.7332730930298568,8.485804587602617e-06,801.6848862171172,292000000.0,0.00124,11.270000000000001
1.536432608217001,0.8528079092502595,4.3747627735137945e-06,738.8729900121688,320000000.0,0.00136,6.29
1.2694846987724306,0.5983170926570893,2.9864220023155218e-06,2257.9667270183563,87399999.99999999,0.00012599999999999992,7.79
1.5068886073306205,0.6484139621257783,7.961252570152285e-06,2600.9150147438045,109000000.00000001,0.0004910000000000001,15.58
1.6891736984252932,0.8795965969562531,2.932535588741303e-06,1665.1451233774421,143000000.00000003,0.00113,10.36
1.774532461166382,0.7639427494257689,3.855251967906952e-06,2816.712066531181,99300000.00000003,0.000792,14.669999999999998
1.5618374928832055,0.658900871872902,6.971116527915002e-06,2246.748127043247,118000000.00000001,0.0005509999999999998,14.8
1.555612599849701,0.8451451957225801,2.9647859930992133e-06,1579.8430815339086,142000000.00000003,0.000903,10.4
1.6013991415500641,0.8373022109270096,5.521369978785516e-06,957.6121270656585,251999999.99999997,0.00165,10.46
1.5441237330436708,0.790012188255787,2.925095915794373e-06,1996.70984596014,115999999.99999997,0.0006739999999999999,11.5
1.4756874650716783,0.6641685873270036,3.257591843605042e-06,707.4339240789412,256000000.0,0.00038200000000000007,3.7899999999999996
1.5216043576598168,0.7517382737249136,6.2648606114089495e-06,1181.1213120818136,207999999.99999997,0.0010500000000000002,12.03
1.4928894974291327,0.8328066587448121,3.002210915088654e-06,1500.4149749875066,146000000.0,0.000823,10.14
1.4755642086267473,0.7209810420870781,3.521188288927079e-06,2241.6031658649445,105000000.00000003,0.0004780000000000001,12.54
1.199508047103882,0.5971069157123566,9.681966394186022e-06,2734.246730804443,93499999.99999999,0.0002449999999999999,14.64
1.428038661181927,0.6731815248727799,8.956865936517717e-06,1418.2626381516454,176000000.0,0.000701,13.83
1.2120401680469515,0.5983164668083192,4.9574356973171244e-06,2090.8730030059814,97299999.99999999,0.00016299999999999995,10.180000000000001
1.4739639669656754,0.7184662878513337,5.490820944309235e-06,1361.612483859062,171999999.99999997,0.0007070000000000001,11.78
1.52359866052866,0.6804493591189386,3.1078487634658818e-06,2675.8672595024104,87200000.0,0.00033400000000000004,12.27
1.3039754927158358,0.6458844512701035,8.454167515039445e-06,2331.35312050581,113999999.99999999,0.00040600000000000006,14.94
1.6282861948013307,0.7299559235572816,2.973740637302399e-06,2928.374588489532,85200000.00000001,0.00048199999999999995,13.43
1.6142598509788515,0.8420939773321152,6.926227889955045e-06,1564.3731057643888,580000000.0,0.00154,1.9699999999999995
1.4819909133017064,0.660809737443924,8.011154517531396e-06,1414.9448573589323,168999999.99999997,0.0006429999999999999,13.24
1.216001468896866,0.5955390393733979,9.832104802131654e-06,897.5158184766768,219000000.0,0.00033600000000000004,9.3
1.5617350414395335,0.7849889606237412,8.766847610473634e-06,1864.658838137984,551000000.0,0.00118,2.849999999999999
1.418558442592621,0.6701243430376054,8.833420604467393e-06,1143.1340426206586,205999999.99999997,0.0007340000000000001,12.63
1.6239028751850129,0.7709883704781533,4.056678265333176e-06,2014.2274275422094,125000000.00000001,0.0008149999999999999,13.02
1.715892952680588,0.6872724205255509,3.081273347139359e-06,1864.8077752441166,120000000.0,0.00047299999999999995,9.95
1.527137815207243,0.8483540654182434,3.3530940711498265e-06,743.8581734895705,314000000.0,0.0010699999999999998,4.240000000000001
1.548973971605301,0.6377088189125062,3.0125098824501044e-06,583.0526649951934,291000000.0,0.0003349999999999999,1.7099999999999997
1.4689166843891146,0.7313230723142624,5.46660414338112e-06,1195.3844428062437,196000000.00000003,0.0007800000000000001,10.99
1.4250997737050057,0.6214238584041596,5.428486615419389e-06,1374.2726966738699,146000000.0,0.000323,9.98
1.339705127477646,0.6102579295635224,4.6542568206787115e-06,2991.924166679382,75800000.00000001,0.00020100000000000014,12.71
1.3264224350452425,0.6426520496606828,9.020197451114656e-06,1301.2809976935384,176000000.0,0.0005059999999999999,12.46
1.411635857820511,0.7645916741341353,9.599319517612459e-06,595.1842963695525,367000000.0,0.00172,11.02
1.5916339695453645,0.7295076414942742,4.101590424776078e-06,2411.366730928421,106000000.00000003,0.00062,13.85
1.6056068480014802,0.7418415147811175,2.8760010004043586e-06,2496.3371753692622,95500000.00000003,0.0005289999999999998,12.36
1.7049535095691681,0.7570961315184832,2.9548934102058416e-06,2963.106513023376,85900000.0,0.0005880000000000001,13.65
1.4866409607231619,0.8054019078612328,9.030147194862368e-06,1400.2206847071645,567000000.0,0.00145,3.97
1.4615688800811768,0.6302150309085847,3.5069815218448644e-06,2328.9877101778984,92099999.99999999,0.00024199999999999997,10.8
1.4780073992908003,0.7092169404029847,6.703933382406832e-06,898.7634927034377,257000000.0,0.0008459999999999997,9.88
1.4527906760573388,0.8050105243921281,3.924756854772568e-06,963.1395637989043,241000000.0,0.000916,7.37
1.7127552151679994,0.8826061785221101,2.9762665629386906e-06,1608.924765139818,145000000.0,0.00119,10.55
1.4534769460558892,0.7269323654472829,4.614763259887696e-06,1365.5782416462896,166000000.0,0.0006529999999999999,10.91
1.4935656778514386,0.7233541175723076,4.022982984781266e-06,2041.4825826883314,115999999.99999997,0.0005549999999999999,12.68
1.612611097097397,0.8940935343503953,7.050586596131326e-06,933.5004091262816,424000000.0,0.0023999999999999994,7.09
1.6467825829982758,0.6440345406532288,6.878875806927682e-06,2881.821051239967,97899999.99999999,0.000488,15.67
1.5409414798021317,0.7018154919147492,2.9328001141548163e-06,1637.4906450510023,128000000.0,0.0004269999999999999,9.69
1.5153298482298851,0.6480052560567856,7.120866023004056e-06,1874.8611230403183,130999999.99999999,0.0005220000000000001,13.91
1.4652227863669396,0.7909697592258454,4.399613767862321e-06,1025.9127914905546,229000000.0,0.0009329999999999999,8.66
1.3461935341358187,0.6393959552049637,8.445052444934845e-06,1732.5608078390358,139000000.0,0.0004430000000000001,13.579999999999998
1.5638118848204614,0.7366587661206723,5.2927131056785595e-06,1740.7426815479992,144000000.00000003,0.0008099999999999998,13.33
1.5017761230468751,0.8322751790285111,4.290513932704926e-06,620.8070665597915,371000000.0,0.00123,4.76
1.4840688720345498,0.6303353101015091,3.2690154612064368e-06,1900.3951568156479,106000000.00000003,0.00024699999999999993,9.35
1.4025025963783266,0.7612651448696852,3.4680067896842964e-06,1262.0295137166975,168000000.0,0.0006230000000000002,9.29
1.281488907337189,0.8144224360585214,9.694873064756394e-06,1038.8637632131574,532000000.0,0.00148,6.3
1.4705139085650445,0.7486803710460663,4.8343193531036385e-06,804.4136613607405,312000000.0,0.0008099999999999998,5.94
1.5706504940986634,0.7508830636739732,9.415289103984834e-06,924.3162274360656,267000000.0,0.00164,13.22
1.581486064195633,0.7092358723282814,4.126574933528901e-06,2609.0748906135555,98700000.0,0.0005310000000000001,14.08
1.473568131029606,0.6820571422576905,4.771221488714219e-06,1422.252833843231,153999999.99999997,0.000521,10.84
1.4709349751472474,0.7300890415906907,4.003683269023896e-06,1855.4434943944214,125000000.00000001,0.000574,12.14
1.6136480927467347,0.6831436514854432,2.977782785892487e-06,871.6399520635604,208999999.99999997,0.0004690000000000002,5.32
1.469203443825245,0.7119296506047249,8.103253066539765e-06,930.7854920625686,252999999.99999997,0.00101,11.59
1.4182962834835053,0.6929313853383064,9.239792764186861e-06,1141.6321173310278,214000000.00000003,0.0008889999999999999,13.33
1.327250111103058,0.6637578606605531,9.181090027093889e-06,1044.6042120456693,219000000.0,0.000664,11.94
1.640521949529648,0.8526262521743775,9.36637505888939e-06,517.9722905158995,431000000.0,0.0029999999999999996,10.39
1.487077159434557,0.7913153484463692,4.695297271013261e-06,690.5986666679381,369000000.0,0.0010399999999999997,4.89
1.32932106256485,0.6131115317344666,3.629331827163697e-06,1112.3889237642286,166000000.0,0.00020400000000000005,5.24
1.4940215282142164,0.7826816752552986,6.0668388530612e-06,827.0012885332106,300000000.0,0.00124,9.0
1.4693690478801729,0.7739349737763406,2.933805644512177e-06,1014.9255692958831,194000000.0,0.0006540000000000001,7.029999999999999
1.6088726520538332,0.6933499261736871,7.394901156425477e-06,1953.7147060036657,139000000.0,0.000787,15.05
1.6476482033729554,0.7697594448924066,2.9182107448577884e-06,2719.1950678825374,92700000.00000003,0.000611,13.14
1.4895889878273012,0.7689795076847077,5.5413031578063975e-06,654.890939593315,376000000.0,0.00113,6.32
1.5693707272410393,0.8644937485456468,4.144354045391083e-06,975.5494743585585,235000000.00000003,0.0013800000000000002,8.770000000000001
1.4673631623387338,0.6830874726176263,9.382320225238801e-06,1543.1765019893644,170999999.99999997,0.0007950000000000001,14.69
1.4987356513738634,0.643758836388588,3.4179086387157447e-06,2323.7311020493507,93599999.99999999,0.0002760000000000001,11.08
1.4812413945794107,0.686473497748375,5.904801964759827e-06,1415.9498289227483,163000000.0,0.0006119999999999999,12.0
1.2768698036670687,0.6806106224656105,9.662671476602556e-06,730.5833995342254,300000000.0,0.000826,10.8
1.2939800798892975,0.6632627964019776,8.60252892971039e-06,1978.6494150757787,132999999.99999997,0.00048199999999999995,14.56
1.7825696647167208,0.7977098062634469,3.685808628797532e-06,2460.6962054967876,111000000.0,0.0009369999999999999,13.83
1.5902284562587738,0.6780942723155022,6.576122181490065e-06,2262.0373144745827,119000000.0,0.0006159999999999999,14.96
1.5849079549312592,0.7063474416732789,4.9533944875001915e-06,2351.6558781266212,111000000.0,0.0006119999999999999,14.379999999999999
1.3529917716979982,0.6890162631869317,9.571927368640902e-06,1430.8042377233503,182000000.0,0.0007550000000000001,14.32
1.7442634999752047,0.8453932106494905,4.0601425468921665e-06,1570.5299489200113,159000000.00000003,0.00134,11.89
1.3326337695121766,0.6152923822402955,6.126316130161286e-06,2608.14781486988,90600000.0,0.000251,13.27
1.7549025714397433,0.6422105938196183,2.971766293048859e-06,2726.893752813339,82699999.99999999,0.0003290000000000001,11.95
1.6735690891742707,0.879058313369751,2.9195166826248176e-06,1711.356441490352,143000000.00000003,0.0011,10.19
1.6858244240283968,0.7292479276657106,4.749256491661072e-06,2596.287533640861,107000000.00000001,0.0007250000000000001,14.96
1.5266817010939122,0.7145103871822358,6.308204693719746e-06,1562.7269372344015,160000000.00000003,0.0007900000000000001,13.419999999999998
1.4259086832404138,0.6224917352199555,5.414698541164399e-06,1558.242544531822,130999999.99999999,0.0003129999999999999,10.73
1.5202821604907515,0.7041411191225052,2.9367851018905646e-06,2141.729399561882,102999999.99999999,0.0003990000000000001,11.28
1.4359992519021036,0.6150664776563645,7.3709591031074536e-06,2973.1470644474025,87000000.00000003,0.0003070000000000001,14.86
1.7787657201290132,0.7622342761605979,4.898720756173135e-06,2414.7419929504395,119000000.0,0.0009639999999999999,14.91
1.4461757495999337,0.6853616863489151,4.158319234848023e-06,592.4617797136306,355000000.0,0.0005059999999999999,2.76
1.7932778656482697,0.7037227481603623,6.881332367658616e-06,2867.4330860376353,111000000.0,0.0008279999999999999,16.53
1.56511649787426,0.6825180485844613,7.594051241874696e-06,1832.1781065315006,143000000.00000003,0.000723,14.68
1.2804205656051637,0.6291016548871995,9.323739111423493e-06,1402.6183560490606,161000000.00000003,0.0004210000000000001,12.58
1.393478286266327,0.8018509760499001,3.025883227586747e-06,1370.2598884701727,155000000.0,0.000673,9.38
1.706819361448288,0.696904693543911,9.400932759046555e-06,2048.8553792238235,149000000.0,0.00101,16.16
1.5663609668612481,0.7531708460301162,7.851160347461701e-06,1059.7190558910368,233999999.99999997,0.00137,12.92
1.5630342900753023,0.7130919277668,3.885858684778214e-06,2573.6189931631084,98200000.0,0.0005149999999999999,13.76
1.418672186136246,0.6203158557415009,5.571593821048737e-06,1187.5541433691976,166000000.0,0.00033400000000000004,9.08
1.5554373487830164,0.691828988492489,7.3361726552248015e-06,1724.2924980819223,149999999.99999997,0.0007590000000000001,14.39
1.6216648757457734,0.7667853254824878,5.1821800768375405e-06,1636.4211607724426,156000000.0,0.00101,13.03
1.2709402799606324,0.6040356159210205,3.7386984825134283e-06,801.5633672475814,220000000.0,0.00018499999999999997,2.849999999999999
1.489202190935612,0.7472419727593661,4.210321843624116e-06,1688.835031352937,138000000.0,0.000682,12.0
1.4666458681225778,0.7956616356968881,4.339983731508256e-06,1043.5623228549955,223999999.99999997,0.0009440000000000002,8.81
1.6335583090782166,0.7806808501482011,6.665415076538921e-06,1191.1990791559217,214000000.00000003,0.00143,12.78
1.6347352266311648,0.6446149617433549,3.0072600543498997e-06,1917.3440635204313,108000000.00000001,0.0003200000000000001,9.79
1.4826401084661485,0.7269395157694817,4.002932876348496e-06,1953.796401619911,120000000.0,0.0005640000000000002,12.42
1.4681374981999398,0.7444620307534934,4.751599460840226e-06,874.421253800392,274000000.0,0.0007900000000000001,6.98
1.4805479742586614,0.759995022788644,6.891073651611806e-06,579.2213529348372,391000000.0,0.00133,7.959999999999999
1.6123696446418763,0.673488736152649,7.721905782818795e-06,2295.782186090946,123000000.00000003,0.00067,15.53
1.324624800682068,0.6392103105783463,1.0026087045669557e-05,2907.5774848461147,102000000.0,0.00040899999999999997,16.49
1.734811806678772,0.6430736035108567,2.979510128498078e-06,1834.5619197934864,113999999.99999999,0.000365,9.65
1.675948065519333,0.6798158928751946,8.58676400780678e-06,2483.9019328355785,124000000.00000003,0.00077,16.31
1.4885172486305238,0.7231562219560147,7.33087693154812e-06,1070.324659347534,223999999.99999997,0.000985,12.05
1.454787938296795,0.8241176739335061,3.486509799957276e-06,1125.4679709672926,296000000.0,0.000855,3.6600000000000006
1.6230668485164643,0.7697466641664505,5.226105794310571e-06,1594.467435032129,160000000.00000003,0.0010399999999999997,12.94
1.6628305792808533,0.7351145781576635,5.821888893842698e-06,2004.6142414212225,136000000.0,0.0009019999999999999,14.57
1.3712520182132721,0.7577090632170439,9.668230056762697e-06,1777.0440988242624,474000000.0,0.0009949999999999998,5.29
1.3315166831016543,0.795629096031189,5.174282804131509e-06,2537.112265825271,383000000.0,0.0006620000000000002,1.4700000000000004
1.48199302777648,0.7254416495561601,7.410218492150308e-06,983.1019043922423,242999999.99999997,0.00102,11.48
1.6973008632659914,0.7022142067551613,9.261313408613206e-06,1863.1408009678123,159000000.00000003,0.00106,15.82
1.472561377286911,0.6310579419136048,6.420111943036319e-06,2438.4189695119853,102000000.0,0.00036999999999999994,14.1
1.5221967838704586,0.6426295369863511,5.996666915714742e-06,2273.839294910431,109000000.00000001,0.00043399999999999987,13.94
1.456405082345009,0.669026193022728,8.223315373063089e-06,931.8194836378096,241000000.0,0.000769,11.0
1.4667453691363337,0.7407529793679715,5.177367925643921e-06,1019.0590023994445,225999999.99999997,0.0008099999999999998,9.44
1.3409093499183655,0.6167216688394547,6.067512996494771e-06,1464.1024842858312,138000000.0,0.0002929999999999999,10.46
1.6231137692928315,0.874989813566208,4.8191652595996864e-06,2039.4400805234907,454000000.00000006,0.0011999999999999997,0.5099999999999996
1.4675648376345636,0.6848174750804902,7.829304665327072e-06,868.8589483499526,260999999.99999997,0.000831,10.48
1.499131152033806,0.8825644969940186,9.42779126763344e-06,795.1534837484359,638000000.0,0.00251,5.32
1.4533506318926812,0.6584448873996736,8.02365167438984e-06,2073.355607688427,128000000.0,0.0005379999999999998,14.74
1.498110478743911,0.6318479865789414,3.222013592720032e-06,1305.4980263113973,145000000.0,0.000266,6.94
1.7303848564624789,0.7175398260354996,6.94581387937069e-06,2289.192743599415,130000000.0,0.000928,15.75
1.3173148691654206,0.6921556591987611,9.528041183948519e-06,737.302854657173,302000000.0,0.0009419999999999999,10.98
1.5027103509753943,0.7129252329468728,9.059221208095552e-06,1140.5867636203764,219000000.0,0.00111,13.64
1.723967903852463,0.725537207722664,5.638967953622342e-06,2534.072875976562,115999999.99999997,0.0008189999999999998,15.51
1.474940398335457,0.6737434566020967,8.012030705809595e-06,1227.897025644779,192000000.0,0.0007250000000000001,12.69
1.672645139694214,0.7323623422533274,8.90518605709076e-06,1376.6715228557584,200000000.0,0.00134,14.69
1.4684925824403765,0.730967089533806,5.569905906915665e-06,1095.1112508773801,212000000.0,0.0008,10.45
1.4833926536142827,0.7448722153902054,5.353878140449525e-06,665.8788323402404,371000000.0,0.000901,5.54
1.2645731270313265,0.7431056510657073,9.294221162796021e-06,2006.8692713975904,450000000.0,0.000763,4.74
1.6069133698940279,0.647935876250267,7.770818993449212e-06,2726.656153798103,106000000.00000003,0.0005279999999999999,15.86
1.4965092044323685,0.6608428806066514,4.151655822992326e-06,2118.7655180692673,107000000.00000001,0.000378,12.02
1.559401720762253,0.8117360159754754,4.1383938789367685e-06,1332.548066973686,177000000.0,0.0010500000000000002,10.73
1.228211545944214,0.6405866414308549,9.47523018717766e-06,2312.816523015499,115999999.99999997,0.00038,15.16
1.7456023871898652,0.7402327548712493,9.294222205877306e-06,1419.2322194576261,201000000.0,0.00152,15.1
1.5450916707515718,0.8563204854726792,4.3525939583778385e-06,743.8662946224212,317000000.0,0.00139,6.4
1.2962291300296784,0.6139222919940949,8.841649889945985e-06,601.9901782274245,312000000.0,0.00045600000000000013,6.91
1.6206014871597292,0.7283311665058136,8.448324382305147e-06,1348.6337587237356,198000000.00000003,0.00122,14.3
1.7164009630680086,0.899731519818306,6.928275354206563e-06,992.061674594879,460000000.0,0.00249,5.98
1.4784869670867922,0.8303948611021043,9.15975046157837e-06,1149.3098661303518,680000000.0,0.00177,2.81
1.5136618047952652,0.7058904737234116,2.9446578621864326e-06,2253.0153691768646,99400000.00000001,0.00039399999999999993,11.53
1.2320447266101837,0.6715729326009751,9.610044479370119e-06,1259.7484067082403,193000000.0,0.000592,13.14
1.2319981455802917,0.6010345458984375,3.651525259017945e-06,1610.5154827237127,118000000.00000001,0.00014299999999999998,7.18
1.4358813509345056,0.8352516263723374,3.0992158055305488e-06,1033.2873761653898,204000000.0,0.0008709999999999999,7.44
1.4904258482158186,0.6790026158094407,5.750199690461159e-06,1641.7752783745525,143000000.00000003,0.0005570000000000002,12.66
1.5202387735247613,0.6537363946437836,9.725208580493928e-06,2827.792271971702,110000000.0,0.000539,16.68
1.4746723517775537,0.7758783325552941,3.885711818933487e-06,1481.1580926179884,153999999.99999997,0.0007590000000000001,10.96
1.256599009037018,0.6054763913154603,7.0210132077336325e-06,1563.0876943469045,130999999.99999999,0.0002630000000000001,10.91
1.620151537656784,0.8737152814865113,5.102907463908197e-06,862.1428459882735,271000000.0,0.00185,9.45
1.49379181265831,0.8005550712347032,8.244422957301142e-06,613.6000454425811,374000000.0,0.00194,10.17
1.5805272102355958,0.8690840542316437,4.218326032161713e-06,831.4539790153502,279000000.0,0.00146,7.43
1.5572957441210749,0.8593755304813385,6.215695027261973e-06,680.2695542573928,351000000.0,0.00207,8.78
1.4177643656730654,0.7142317950725556,3.221066892147065e-06,768.1279182434081,259000000.0,0.00047099999999999996,4.51
1.5066454662010076,0.6569861322641374,3.3938618600368505e-06,2574.2720365524287,89100000.0,0.000299,11.91
1.4710105195641519,0.6017013520002366,2.9202268123626714e-06,1346.8567207455633,131999999.99999999,0.00018299999999999995,5.62
1.4846891574561598,0.7484846368432045,5.762053161859513e-06,766.1959826946257,322000000.0,0.000976,7.44
1.535022819042206,0.6707729279994965,3.4154661595821385e-06,2879.2906850576396,83200000.00000003,0.00033699999999999995,13.03
1.2884343802928926,0.6723507642745973,8.8701328933239e-06,2064.93678689003,132999999.99999997,0.0005129999999999999,14.989999999999998
1.5304703727364541,0.6386574089527131,4.141800582408906e-06,2937.987625598907,81900000.00000001,0.00030200000000000013,13.35
1.6450464069843294,0.6944683939218522,5.988213784992696e-06,2541.6787266731258,111000000.0,0.0006590000000000001,15.42
1.6651757061481478,0.688037095963955,7.2419383972883236e-06,2429.4817745685573,120000000.0,0.0007309999999999999,15.81
1.668506419658661,0.8869487017393113,2.9645131230354314e-06,1406.6391363739965,157000000.0,0.0011999999999999997,9.85
1.2929759144783022,0.7194590069353581,9.824259996414187e-06,608.0801337957381,351000000.0,0.0011999999999999997,10.86
1.4761719748377802,0.7215991996228696,5.581237524747849e-06,670.0355857610701,368000000.0,0.0008020000000000001,5.4
1.6732317209243777,0.7900402441620827,2.93395084142685e-06,2630.6866407394405,96600000.00000001,0.0006940000000000001,13.08
1.7515433371067048,0.8907854944467546,3.978526234626771e-06,1241.283670067787,191000000.0,0.00167,10.58
1.315491932630539,0.616639593243599,8.88160115480423e-06,807.0213645696639,245000000.00000003,0.00043700000000000005,8.74
1.688021117448807,0.7772619590163231,5.133022993803025e-06,1755.7455897331236,149999999.99999997,0.00109,13.44
1.6985415995121003,0.7830300182104112,2.9364429712295536e-06,2760.3859752416606,92800000.00000001,0.0006739999999999999,13.31
1.3482286870479585,0.6526061654090882,8.13360057771206e-06,2320.135973393917,115999999.99999997,0.00044199999999999996,14.97
1.4785192362964155,0.7049489289522172,5.576328679919244e-06,1465.0122746825216,160000000.00000003,0.000651,12.15
1.2771933853626252,0.6775203064084053,9.076902896165849e-06,1805.5332563817499,148000000.0,0.0005599999999999998,14.6
1.5292497128248217,0.8674043834209443,3.0398325622081764e-06,1198.0111822485921,176000000.0,0.00103,8.770000000000001
1.6597901523113252,0.8457872539758683,2.9440278410911566e-06,1933.3479106426237,125000000.00000001,0.000938,11.51
1.4906011797487737,0.77766752243042,6.202996268868447e-06,746.6256916522979,331000000.0,0.00126,8.25
1.2408692121505738,0.6874186500906945,9.677112311124802e-06,1612.1005471795795,166000000.0,0.0006299999999999998,14.6
1.58209245800972,0.8763096302747727,8.602232068777086e-06,958.5852473974227,582000000.0,0.00234,5.02
1.513323409482837,0.7510485414415599,5.302398115396501e-06,1376.1942759156225,176000000.0,0.0008799999999999999,11.99
1.510473106428981,0.6350297838449479,5.299599424004556e-06,1488.6440262198446,142000000.00000003,0.00041700000000000005,10.96
1.4753720730543138,0.6313894718885422,4.247819989919663e-06,2559.31082367897,90299999.99999999,0.00027799999999999987,12.4
1.7323827087879182,0.7707491174340249,5.070408284664155e-06,2023.836702108383,134999999.99999997,0.0010399999999999997,14.14
1.413888144493103,0.6217917054891586,3.4473967552185065e-06,1117.6082789897916,167000000.0,0.0002359999999999999,5.54
1.2035743653774262,0.5940557777881623,8.17051772773266e-06,2200.3948241472244,102999999.99999999,0.00022699999999999993,12.83
1.345975559949875,0.6156964927911759,6.699292218312622e-06,1006.3044279813765,195000000.0,0.00033899999999999995,8.56
1.572081443667412,0.6622082501649857,3.0935289263725287e-06,436.62908673286427,350000000.0,0.0004449999999999999,0.8499999999999996
1.4430260717868806,0.6727539449930192,9.323057353496552e-06,2420.5807894468307,125000000.00000001,0.000592,16.09
1.7256881117820742,0.8012994199991227,5.1316619813442236e-06,1602.6563216000793,164000000.0,0.0012899999999999997,13.06
1.4033839881420136,0.7522411365062,8.941557675600053e-06,2246.50639295578,542000000.0,0.000826,2.03
1.24069322347641,0.5944451093673706,2.90167248249054e-06,2891.9922858476634,68600000.00000001,0.00010100000000000002,9.08
1.4983363319188359,0.6674478828907013,5.58187484741211e-06,1810.9949324280021,130000000.0,0.0005000000000000001,12.92
1.482255030423403,0.7460627652704717,6.6386441867798576e-06,742.7279949188231,328000000.0,0.0011,8.45
1.1971344351768494,0.5945024728775025,8.1688581854105e-06,2751.6261041164394,88600000.00000001,0.0002119999999999999,13.739999999999998
1.4426833480596544,0.8363104462623597,3.033633321523667e-06,1059.3417584896085,196000000.00000003,0.000863,7.58
1.4061117410659791,0.6196963995695115,3.711949288845063e-06,1213.2335379719732,156000000.0,0.00023999999999999995,6.52
1.3242911696434023,0.612471628189087,4.943589001893998e-06,1869.9977751821277,110000000.0,0.000233,10.53
1.452771569788456,0.7125792548060418,4.199448555707932e-06,1068.084344267845,197000000.00000003,0.000592,8.56
1.2031440675258638,0.5968440055847168,7.071275800466539e-06,2001.2476220726965,108000000.00000001,0.0002119999999999999,11.72
1.3306550145149232,0.6143949061632157,7.869515135884286e-06,703.6853879690169,269000000.0,0.00040299999999999993,7.15
1.262899124622345,0.6689157217741013,9.179611563682557e-06,1679.1024683043358,152999999.99999997,0.000532,14.189999999999998
1.6630032777786257,0.7099850311875344,2.9445506334304813e-06,3019.292682409286,80100000.0,0.0004449999999999999,13.38
1.5390382647514345,0.8253380745649338,6.247823886573315e-06,800.0467270612716,298000000.0,0.0016800000000000003,9.93
1.4510163590312006,0.7554416801780462,8.327260613441469e-06,636.1643522977828,357000000.0,0.00142,9.9
1.4074996054172517,0.7796162724494935,2.9922227859497076e-06,1142.1931087970731,178000000.00000003,0.0006249999999999999,7.98
1.70880087018013,0.904994559288025,7.982734933495523e-06,776.365503668785,451000000.0,0.00309,7.76
1.3324934005737306,0.6146584957838059,8.386217445135119e-06,2933.933466672897,89900000.00000001,0.0002980000000000001,15.05
1.2966643095016481,0.7542272072285414,7.078596509993078e-06,2749.941453337669,388000000.0,0.0006190000000000001,3.3199999999999994
1.5002773236483338,0.6403701692819596,4.330127239227296e-06,2110.0306063890457,105000000.00000003,0.0003330000000000001,11.78
1.4125216305255892,0.6241759479045869,6.97806652635336e-06,2698.3821690082546,93700000.00000001,0.0003200000000000001,14.44
1.680721038579941,0.6318790376186372,6.919807255268098e-06,3017.773956060409,91900000.00000001,0.00044800000000000005,15.630000000000003
1.4305449619889261,0.7421036191284657,3.956740647554399e-06,1367.1674504876135,161000000.00000003,0.000626,10.31
1.4175201773643495,0.6184399545192719,4.62115713953972e-06,1194.8129832744596,161000000.00000003,0.00028900000000000014,7.959999999999999
1.4468238249421121,0.6324121356010438,8.031704261898995e-06,1312.1242374181745,169999999.99999997,0.0005109999999999998,12.07
1.698726511001587,0.6984644070267678,9.390909165143969e-06,1951.275199651718,153999999.99999997,0.00103,16.0
1.2626400947570802,0.8473638117313386,3.3228167593479163e-06,2457.6587527990337,276000000.0,0.000589,2.8999999999999995
1.3507185637950898,0.7080636754631997,9.987165302038194e-06,1226.201646029949,211000000.0,0.0009639999999999999,14.28
1.512967747449875,0.7498643495142461,6.13812454044819e-06,1187.756426632404,205999999.99999997,0.00101,11.91
1.783952021598816,0.7097496941685677,9.883883982896806e-06,2040.054306387901,156000000.0,0.00117,16.59
1.4624957442283633,0.7809808373451234,8.224046781659128e-06,579.5336812734603,388000000.0,0.00173,9.65
1.7483696758747103,0.842065653204918,2.9155312776565557e-06,2340.64831584692,110000000.0,0.0009360000000000001,12.28
1.2237048089504243,0.6004111111164093,3.7832649648189553e-06,2025.1490473747251,97500000.00000001,0.00013800000000000005,8.58
1.5784989774227143,0.8016924306750298,3.4750064909458167e-06,1787.562297657132,131999999.99999999,0.0008369999999999999,11.8
1.7349995255470276,0.888893821835518,3.1043006181716923e-06,846.5867787599562,269000000.0,0.00139,5.6
1.6880742609500887,0.7272393509745598,4.882877498865129e-06,2592.3022180795665,108000000.00000001,0.0007309999999999999,15.05
1.5879387617111207,0.6011465460062028,2.9099349379539495e-06,1151.4593213796613,152999999.99999997,0.00021700000000000007,4.94
1.4097974896430971,0.7389550767838956,9.309492707252503e-06,690.4866099357604,328000000.0,0.00139,11.270000000000001
1.496404003724456,0.6250946670770646,4.47075191140175e-06,1297.762647271156,151999999.99999997,0.00033600000000000004,8.800000000000002
1.4892254479229452,0.8282499432563782,4.2105183601379404e-06,963.1771892309188,247000000.0,0.00111,7.98
1.5577783763408661,0.7862289682030679,8.86475455760956e-06,1848.8726038485763,587000000.0,0.00118,2.19
1.4668849781155588,0.6305177718400956,6.946160599589349e-06,1892.6328998059032,124000000.00000003,0.00041899999999999983,13.33
1.7685679078102114,0.8631909370422364,8.277889072895051e-06,733.4139496088027,329000000.0,0.00298,11.71
1.538126237690449,0.7709860861301423,5.321877866983414e-06,1277.6676863431928,191000000.0,0.00103,11.67
1.5664185583591463,0.6584375828504563,7.991625010967255e-06,2522.9499042034145,113999999.99999999,0.0005660000000000001,15.7
1.5663333266973496,0.728003802895546,9.874658554792405e-06,1136.6304680705068,230000000.0,0.0013800000000000002,14.31
1.194813358783722,0.7035029858350754,1.0021976053714753e-05,1143.8882276415823,220000000.0,0.0007749999999999999,13.579999999999998
1.5168898522853853,0.6554306566715241,3.3474783301353462e-06,2771.4846581220622,84000000.0,0.00029200000000000005,12.31
1.255961859226227,0.6044475674629212,4.955293416976929e-06,1879.2343903332946,107000000.00000001,0.00019500000000000008,9.99
1.589120364189148,0.7091974362730981,2.8791068792343145e-06,2274.4537070393562,100000000.0,0.0004409999999999998,11.67
1.4557636052370073,0.698980624973774,4.511557251214982e-06,751.6089379787444,304000000.0,0.00057,4.94
1.497645190358162,0.8039564520120621,4.944645747542382e-06,973.0068147182463,250000000.0,0.00113,9.090000000000002
1.4689071580767632,0.7602500159293414,2.9622195959091194e-06,2168.0938377976418,106000000.00000003,0.00053,11.97
1.468512497842312,0.7210529252886773,5.576788470149041e-06,1087.6707285642622,210000000.0,0.0007590000000000001,10.340000000000002
1.262001943588257,0.6053224951028824,8.793844223022463e-06,491.03248119354237,362000000.0,0.0004,5.28
1.7200408458709717,0.5957476437091828,2.9137897491455083e-06,1602.1752189844844,120000000.0,0.00023900000000000006,7.2
1.3732987582683565,0.7060044497251511,9.326899856328965e-06,740.7491952180861,305000000.0,0.0010699999999999998,11.14
1.483883535861969,0.7383870854973794,6.631781963631512e-06,592.2974944114684,386000000.0,0.00117,7.44
1.6348057329654695,0.8515615046024323,2.9528681635856635e-06,1774.898303672671,132999999.99999997,0.0009639999999999999,11.03
1.4490551590919496,0.8866480261087418,2.991864383220673e-06,2446.2925940752025,223999999.99999997,0.0008149999999999999,4.92
1.413519483804703,0.7581418175250293,2.9557274580001836e-06,1542.3088818788526,138000000.0,0.0005239999999999999,9.83
1.3364330649375917,0.6155787348747254,6.591922568157316e-06,2518.2241499423976,94099999.99999999,0.0002669999999999999,13.43
1.445497950911522,0.6659986853599549,8.163531377911568e-06,656.6543430089949,326000000.0,0.0008030000000000002,8.55
1.7478869497776033,0.8729728907346727,5.10653404891491e-06,1112.9445135593412,223000000.0,0.00192,11.13
1.4733255520462991,0.6991942584514619,4.868461385369301e-06,944.5672780275344,229000000.0,0.0006299999999999998,8.06
1.2814990997314455,0.654077884554863,9.635920822620394e-06,2540.218189358711,114999999.99999997,0.0004449999999999999,15.99
1.4810868658125402,0.5982818841934204,2.953708469867707e-06,2369.4396689534187,86300000.0,0.0001679999999999999,8.81
1.4091514706611634,0.7331876780837775,9.076534688472748e-06,630.559131503105,351000000.0,0.00133,10.45
1.603738671541214,0.8466472953557969,5.624173566699029e-06,1936.285078525543,466999999.99999994,0.0011999999999999997,1.9999999999999998
1.4935304917395116,0.7552033167332411,7.059044212102891e-06,910.1348668336867,267000000.0,0.0011999999999999997,10.87
1.5044844154268504,0.8074836820363999,7.332057282328607e-06,682.175189256668,346000000.0,0.00177,9.84
1.4786387756466868,0.7313423898071051,5.796388112008572e-06,892.2799974679946,265000000.0,0.0008610000000000001,8.82
1.627064037322998,0.6699522435665132,7.725799709558487e-06,2473.6327975988384,116999999.99999997,0.0006449999999999998,15.79
1.4945858784019947,0.6530811220407486,5.874997064471246e-06,1134.556598961353,187999999.99999997,0.0005409999999999999,10.19
1.5753168135881426,0.8987798184156419,2.9667010903358467e-06,2472.0801711082454,235000000.00000003,0.000916,3.99
1.4977033317089081,0.6965617373585702,8.536857575178148e-06,1278.6427065730093,195000000.0,0.0009050000000000001,13.66
1.7882362246513368,0.8913664966821672,2.943918108940125e-06,1909.2713594436643,130999999.99999999,0.00124,10.92
1.5978385984897614,0.8864254027605057,8.486903578042984e-06,822.648137807846,484999999.99999994,0.0026099999999999995,7.28
1.3930482029914857,0.7462072838097812,1.001689374446869e-05,800.1315146684645,296000000.0,0.00149,12.93
1.5021852359175683,0.7997694477438927,2.9470636248588566e-06,1790.1343591511247,127000000.00000001,0.000695,10.87
1.5500234797596932,0.8698795169591904,3.0547640621662144e-06,1236.2926378846166,171999999.99999997,0.00106,9.090000000000002
1.5016043722629548,0.8043584927916527,4.875325068831445e-06,1013.4225636720656,237000000.0,0.00112,9.46
1.3277875363826752,0.6836661860346794,9.260774344205858e-06,2021.8461304903028,141000000.00000003,0.0006060000000000001,15.33
1.4375375792384149,0.7810708478093148,6.428128831088544e-06,2480.887874960899,451000000.0,0.0008,1.7300000000000004
1.6955893993377686,0.6775898873806,8.457326591014863e-06,2619.8894828557964,119000000.0,0.000745,16.46
1.521973753720522,0.8402706652879716,6.059546880424024e-06,700.9134739637374,342000000.0,0.00178,8.54
1.7177160859107972,0.5972063183784485,2.9233931899070745e-06,2103.0253469944,95700000.00000001,0.00022699999999999993,8.9
1.360521697998047,0.7319445714354516,9.529576390981676e-06,611.720785498619,354000000.0,0.00134,10.78
1.301131081581116,0.7863139405846596,5.351612880825998e-06,2589.767530560493,388000000.0,0.0006119999999999999,1.38
1.4800563521683217,0.6747715294361115,3.860055774450303e-06,1929.8770576715467,113999999.99999999,0.00039699999999999984,11.43
1.481629590690136,0.7431786138564349,5.2674072235822685e-06,1296.4143157005308,183000000.0,0.0008120000000000001,11.48
1.2647238850593567,0.6015583544969559,8.987641215324404e-06,1971.0924401879308,115999999.99999997,0.00029499999999999996,13.259999999999998
1.5390501871705056,0.6641634821891785,8.012013390660287e-06,2044.4953367114065,130999999.99999999,0.00062,14.95
1.606200170516968,0.7393156439065934,2.902388453483582e-06,2335.693381726742,100000000.0,0.0005330000000000002,12.0
1.7944014072418215,0.7010786309838296,9.836024492979051e-06,2353.0238792300224,141000000.00000003,0.0010699999999999998,17.02
1.4183458149433137,0.6223080217838288,4.334372371435166e-06,2662.7396345138545,86100000.00000003,0.00024100000000000008,12.31
1.7313037276268006,0.8795088440179826,2.9668658971786505e-06,1724.8688004910944,138000000.0,0.00117,10.9
1.4807880632579329,0.6847421184182167,8.09913466870785e-06,1256.2552765011785,192000000.0,0.0007839999999999999,13.07
1.415481609106064,0.6974628075957299,9.358024567365648e-06,1131.8736821413038,217000000.00000003,0.0009300000000000003,13.44
1.5401511132717134,0.6893718257546425,6.515930693596603e-06,1831.985732540488,138000000.0,0.0006649999999999999,14.11
1.2156094372272492,0.5947422623634339,9.801866501569749e-06,1093.5030430555341,186000000.0,0.00032199999999999986,10.44
1.547552262246609,0.6166523069143296,8.17056153714657e-06,2988.310039043426,92300000.00000001,0.00038200000000000007,15.61
1.4719997450709343,0.6938111186027528,7.589488074183465e-06,880.9250891208648,260000000.0,0.000855,10.47
1.5315699622035028,0.7107834443449975,5.4237100332975395e-06,1849.2579478770492,133999999.99999997,0.0006710000000000002,13.55
1.7784821391105654,0.8085538521409036,5.125632137060166e-06,1697.347296401858,158000000.0,0.00137,13.44
1.595905351638794,0.7541130300611258,5.1928007304668434e-06,1689.2617866396902,149999999.99999997,0.000917,13.16
1.335446745157242,0.6153679132461548,5.5351672321558e-06,2315.8147111535072,96800000.0,0.00024699999999999993,12.31
1.574876180291176,0.7003392666578293,8.249767497181894e-06,1557.9321160912511,169999999.99999997,0.000928,14.56
1.5185964100062848,0.7734216213226319,2.95625650882721e-06,2243.149012327194,105000000.00000003,0.000592,12.26
1.4815825313329698,0.7072626829147339,6.467308646067978e-06,1267.3207297921178,186999999.99999997,0.00076,12.15
1.5303841687738897,0.7600421268492937,3.903745234012605e-06,1868.9463119953868,127000000.00000001,0.0007060000000000002,12.36
1.3176851928234101,0.6120632350444795,3.706225067377091e-06,1453.5618871450422,127000000.00000001,0.00019399999999999995,7.34
1.8044568657875062,0.7518313799053431,7.0061695873737345e-06,2013.603590428829,148000000.0,0.00124,15.53
1.3911350548267365,0.7670711193233729,3.2135971784591683e-06,1088.8111144304273,188999999.99999997,0.000607,7.87
1.2030656039714813,0.5977362871170044,7.01011222600937e-06,1675.40942505002,123000000.00000003,0.00022099999999999987,10.87
1.4757451370358468,0.8316401034593582,2.97548258304596e-06,1453.4117579460142,149000000.0,0.0008030000000000002,9.77
1.3829445898532868,0.651885348558426,7.97638162970543e-06,2380.679577589035,113999999.99999999,0.0004500000000000001,15.06
1.3276336312294008,0.6428299695253373,8.252502351999285e-06,2045.5463528633115,123000000.00000003,0.00041799999999999997,14.27
1.631130748987198,0.6253219485282898,8.761867940425875e-06,2998.676478862762,97500000.00000001,0.000464,16.22
1.6358535647392274,0.800839774310589,2.9278304576873787e-06,2386.5540623664856,103999999.99999999,0.0007240000000000001,12.57
1.531427648663521,0.8226258829236032,6.125776074826719e-06,807.7116608619689,296000000.0,0.00161,9.78
1.5047578509896995,0.8052112564444542,2.9583668708801276e-06,1847.2546543925998,124000000.00000003,0.0007089999999999999,11.26
1.4483743384480479,0.6223565071821213,5.660246185958386e-06,1014.9172246456145,194000000.0,0.000369,8.3
1.213923579454422,0.5965947926044465,9.88324186205864e-06,689.9866014719008,271000000.0,0.0003530000000000001,7.76
1.749917954206467,0.8005141273140908,3.6093872785568246e-06,2336.7228284478188,113999999.99999999,0.000921,13.46
1.5173909023404122,0.66859789788723,8.718223124742508e-06,2422.9186326265335,122000000.00000004,0.000607,15.86
1.8125969409942628,0.7970914453268052,3.086712181568146e-06,2917.4262583255763,88499999.99999997,0.000787,13.88
1.4829787708818913,0.6234383761882782,4.550525099039078e-06,1197.8885084390638,163000000.0,0.0003330000000000001,8.3
1.4846948437392713,0.6319896697998048,6.731910608708859e-06,927.8999567031859,220000000.0,0.000501,9.03
1.5243846282362938,0.8536451876163483,6.021058954298497e-06,583.8388502597808,392000000.0,0.00198,7.86
1.5354251705110074,0.7169795326888562,8.603128492832186e-06,1204.763978719711,210000000.0,0.00111,13.7
1.3790324628353121,0.7710435390472413,6.467922734096647e-06,2615.4155582189555,404000000.0,0.0006980000000000002,2.6200000000000006
1.466996106505394,0.753032135590911,4.731513887643815e-06,707.9670876264571,362000000.0,0.000807,4.41
1.5511564046144486,0.8421468794345857,3.6078641712665566e-06,1256.6881179809568,178000000.00000003,0.0010800000000000002,9.82
1.3986560046672822,0.7040228158235551,9.14699211716652e-06,797.9549020528792,287000000.0,0.0010399999999999997,11.42
1.7417057275772097,0.7156496286392212,6.92740646749735e-06,2400.58596432209,126000000.00000001,0.0009090000000000001,15.91
1.4105377435684205,0.6187770187854768,4.604714423418046e-06,1463.4106606245039,133999999.99999997,0.0002760000000000001,9.32
1.5664039358496666,0.7279798284173012,9.03487715125084e-06,1147.2340226173399,223000000.0,0.0012899999999999997,13.84
1.642102360725403,0.6769112080335618,9.057567298412324e-06,2465.359896421432,126000000.00000001,0.0007529999999999999,16.38
1.4747120663523676,0.7384491048753262,7.296358764171601e-06,715.3428643941878,333000000.0,0.00115,9.01
1.4193823456764223,0.6933383971452713,1.0060489118099215e-05,1786.9084812700746,162000000.00000003,0.000813,15.67
1.5358531929552557,0.8497357159852982,2.9753219485282903e-06,1457.1572765707967,149999999.99999997,0.000919,9.99
1.5284002617001535,0.6876998037099838,9.998766034841538e-06,2062.434956431389,147000000.0,0.0008250000000000002,16.23
1.5919218778610231,0.8367597699165344,2.9520733356475834e-06,1802.042221650481,130000000.0,0.000873,11.12
1.1583368182182312,0.8541832923889161,9.70805135369301e-06,406.92004561424244,482000000.0,0.00213,9.570000000000002
1.6527324199676514,0.7423827175050974,6.192516118288041e-06,1762.5815346837041,152999999.99999997,0.00101,14.219999999999999
1.3234652280807497,0.6136350363492966,7.67422653734684e-06,2689.2251819372173,92500000.0,0.000279,14.23
1.477176868915558,0.7738309130072595,2.9698286652565007e-06,918.2254523038863,218000000.00000003,0.0006710000000000002,5.92
1.3356534004211427,0.6124006032943726,7.61815893650055e-06,1866.1912176758049,120000000.0,0.00031400000000000004,12.66
1.3683493673801423,0.6265382677316667,8.188831105828286e-06,485.39283871650684,369000000.0,0.000545,6.1
1.448238542675972,0.7189208596944809,8.330928713083269e-06,670.5818623304366,339000000.0,0.00114,9.700000000000001
1.3354580640792848,0.6108587354421616,3.7220262885093694e-06,693.5745030641555,250000000.0,0.00021999999999999998,2.3299999999999996
1.51225306391716,0.8255460619926454,6.242318034172059e-06,716.497704386711,336000000.0,0.00167,8.800000000000002
1.478033173084259,0.6874079257249833,4.8835181593894965e-06,892.1972960233687,240000000.0,0.000589,7.43
1.258806574344635,0.6052184343338013,8.869346201419831e-06,2722.449257969856,92900000.0,0.000266,14.52
1.4922699205577374,0.6284123986959458,6.658806530758739e-06,1303.7049695849416,164000000.0,0.00045999999999999996,11.17
1.5163486886769535,0.6472840636968613,7.1239098384976395e-06,1983.4625646471975,126000000.00000001,0.000512,14.12
1.3109260797500613,0.6698906332254411,9.277880668640138e-06,1036.4400148391721,223000000.0,0.000688,12.08
1.2268686532974244,0.6379412680864335,9.979233711957933e-06,2740.5329346656795,105000000.00000003,0.00036999999999999994,16.09
1.6271113514900208,0.721154934167862,5.049068719148637e-06,2310.7951804995537,115999999.99999997,0.000708,14.58
1.8022626399993897,0.7434777505695821,9.810123115777971e-06,1490.7653555274007,199000000.00000003,0.00166,15.7
1.6063420057296753,0.7414481520652771,2.8916764259338383e-06,2389.7151201963425,98500000.00000001,0.000536,12.13
1.4907833442091942,0.6283670067787172,4.260516583919526e-06,2931.535422801971,80299999.99999999,0.000266,13.11
1.795932286977768,0.8898194164037705,2.96768742799759e-06,1855.2659284323452,130000000.0,0.00126,11.19
1.571757446229458,0.7101617798209191,4.174064338207246e-06,2532.30008482933,101000000.0,0.000539,13.98
1.3945464670658112,0.6728046655654908,8.748397797346116e-06,2258.779399096966,127000000.00000001,0.0005599999999999998,15.46
1.419253957271576,0.6377459049224854,8.243216112256051e-06,738.7883514165877,281000000.0,0.0005939999999999999,8.61
1.594445264339447,0.8114592745900154,7.772401556372644e-06,1732.9345755279062,585000000.0,0.00131,1.8699999999999997
1.6159256815910341,0.5977134168148042,2.941399276256562e-06,2233.9205369353294,90800000.00000003,0.00019599999999999997,8.88
1.5741182640194895,0.7795206472277642,7.718302980065347e-06,2327.0187452435493,539000000.0,0.0009909999999999997,1.28
1.4175537407398224,0.756148098036647,2.941940009593964e-06,1642.742037773132,130999999.99999999,0.0005159999999999999,10.21
1.260656100511551,0.601092267036438,9.020158022642137e-06,2066.738784313202,111999999.99999999,0.00029,13.47
1.7281697630882265,0.876367548108101,9.369356602430346e-06,527.6657938957213,432000000.0,0.00357,10.56
1.6128208100795747,0.6996077969670297,7.1646868586540235e-06,1936.675265431404,140000000.0,0.000809,14.97
1.4651354849338534,0.6950334861874581,3.0358306765556342e-06,796.3501960039138,228000000.0,0.00042800000000000005,4.94
1.526498229056597,0.6668920755386353,4.761993035674096e-06,2463.5490328073497,101000000.0,0.00043099999999999996,13.73
1.4937186576426031,0.7938548505306244,6.524126717820765e-06,724.7855067253112,335000000.0,0.00142,8.81
1.6124401509761812,0.7227646172046662,9.442510396242144e-06,1277.8790593147276,210000000.0,0.0012899999999999997,14.53
1.5592587232589723,0.8266168266534806,5.615156546235085e-06,916.6468232870101,260999999.99999997,0.00154,10.17
1.675552421808243,0.681900429725647,2.9738716483116155e-06,1714.2149265855548,123000000.00000003,0.00043900000000000005,9.78
1.51375680975616,0.6989947557449342,4.379098027944565e-06,2236.398860812187,109000000.00000001,0.0005039999999999999,13.35
1.4794653072953226,0.6251968502998353,4.4824986755847935e-06,1762.2834276407955,116999999.99999997,0.0003039999999999999,10.68
1.5792782306671145,0.6839130163192749,7.493503317236901e-06,1909.071199595928,139000000.0,0.000726,14.84
1.5969826340675355,0.6319537281990052,8.285861968994141e-06,2898.0491608381267,100000000.0,0.00046800000000000005,15.97
1.4004257440567018,0.7414506644010544,9.548791199922564e-06,720.4131335020064,317000000.0,0.0014399999999999999,11.74
1.487922401726246,0.6273286879062653,6.279638648033143e-06,1113.0186468362806,185000000.0,0.00044199999999999996,9.8
1.5080588562414052,0.7162290103733541,5.477924078702927e-06,1652.275279164314,147000000.0,0.0006980000000000002,12.98
1.5058625791221858,0.6735153079032898,8.785798102617265e-06,1971.5747162699697,140000000.0,0.000679,15.21
1.5011088263243437,0.7679153379052878,5.559933423995972e-06,1113.5641038417814,219000000.0,0.00103,10.84
1.6248479604721071,0.799318626523018,5.22410099208355e-06,1306.048810482025,191000000.0,0.00126,11.91
1.5353723824024201,0.7925419494509698,2.941399276256562e-06,1903.4655969589946,121000000.0,0.0006850000000000001,11.19
1.326944321393967,0.734547970443964,9.75088381767273e-06,609.2934608459472,354000000.0,0.00135,11.01
1.5076877804473043,0.7789128229022027,8.946990460157396e-06,1740.9504316747186,442000000.0,0.00122,6.01
1.5042706131935122,0.7218748077750207,6.286319883540274e-06,1376.0919049382208,178000000.00000003,0.000829,12.72
1.4576299577951433,0.8116650894284249,2.9663927555084232e-06,1562.127351760864,140000000.0,0.0007179999999999999,10.12
1.7698119342327119,0.8470210164785386,2.9091701507568366e-06,2430.674239993095,108000000.00000001,0.000956,12.21
1.4060505867004396,0.6237404376268387,8.10800138115883e-06,1273.2056081295011,169999999.99999997,0.0004409999999999998,11.49
1.4833491235971452,0.6770612642168999,5.888463087379933e-06,1258.0823823809621,178000000.00000003,0.000605,11.14
1.4412011548876764,0.747409637644887,4.281696766614915e-06,1184.3169406056402,186999999.99999997,0.0007030000000000001,9.700000000000001
1.2959970474243165,0.6566693454980851,9.06755292415619e-06,1503.4162923693655,162000000.00000003,0.0005189999999999999,13.47
1.4570829749107361,0.716152223199606,4.381939798593522e-06,1643.6103563755748,139000000.0,0.0005679999999999999,11.69
1.2655462503433228,0.6847059577703477,9.354081720113756e-06,1797.3368912935255,151999999.99999997,0.000596,14.829999999999998
1.6252018153667451,0.7740352794528008,2.913986265659333e-06,2619.8425441980357,95200000.00000001,0.00062,12.94
1.3993163466453553,0.6172167509794235,3.487816363573075e-06,2981.076121330261,72900000.00000001,0.00019300000000000006,11.7
1.5974013626575472,0.654020118713379,5.784982904791833e-06,2758.687615394592,97500000.00000001,0.00046299999999999987,15.0
1.5676014617085459,0.7615703266113997,5.196514204144479e-06,1503.2593086361883,165000000.0,0.0009580000000000001,12.51
1.570719087123871,0.8642294526100159,4.153561741113664e-06,588.2514566183089,373000000.0,0.00155,5.07
1.8073273301124575,0.7449115432798863,8.098907068371773e-06,1835.7891980558632,163000000.0,0.00136,15.68
1.4845782995224,0.755112137272954,6.507040146738292e-06,852.7331352233886,286000000.0,0.0011,9.6
1.4915655814111235,0.758658741787076,8.951751083135607e-06,2297.727681696415,601000000.0,0.0008929999999999999,0.38999999999999996
1.7021615266799928,0.7351411979645491,6.653999621048571e-06,1939.1293376684187,146000000.0,0.00103,14.97
1.5677261039614678,0.7951568305492401,9.329973399639131e-06,643.0410146713256,363000000.0,0.00226,11.28
1.5020700450986626,0.6455272346735001,6.284416560083629e-06,1426.4725819230077,156000000.0,0.0005129999999999999,11.78
1.685914993286133,0.852129203081131,1.013338214159012e-05,512.0580941438674,444000000.0,0.00323,10.94
1.4524414122104645,0.7013999596238137,3.8349700868129736e-06,1032.3886126279829,195000000.0,0.0005189999999999999,7.79
1.4658052772283556,0.6382590472698212,6.442961153574289e-06,659.4504714012145,309000000.0,0.0005310000000000001,6.14
1.318524169921875,0.6090108633041382,4.95474173128605e-06,692.5490796566008,255000000.0,0.000268,3.9499999999999997
1.464044438302517,0.7156905703246594,5.046065479516984e-06,716.6282385587691,343000000.0,0.0006900000000000001,4.89
1.5892413586378098,0.8349634140729905,2.9453054070472723e-06,1822.0115844160316,129000000.0,0.0008610000000000001,11.12
1.479641803354025,0.6871397942304612,6.649414652958513e-06,1064.3193423748014,212000000.0,0.0007200000000000002,10.86
1.4049441754817964,0.7622925940901042,7.617619872093201e-06,2460.2841883897777,526000000.00000006,0.0007529999999999999,0.68
1.4597376376390458,0.6295652389526368,3.5439992249012e-06,2207.11487531662,95399999.99999999,0.0002449999999999999,10.55
1.4882118992507458,0.7876124158501626,6.702913900837303e-06,697.1265673637389,346000000.0,0.0014099999999999998,8.7
1.4837999783456326,0.7913168594241143,4.6910819709301e-06,807.040587067604,316000000.0,0.00101,6.15
1.4547045394778253,0.7836768820881844,4.156946122646333e-06,960.6784135103225,244000000.00000003,0.0008619999999999999,7.47
1.4903573222458364,0.6674924433231354,5.432791516184807e-06,1694.1400263458488,136000000.0,0.0004979999999999999,12.36
1.5024392344057562,0.642408460378647,6.729219146072866e-06,1597.2261149436233,144000000.00000003,0.0005030000000000001,12.77
1.684954458475113,0.7743772432208061,9.302929639816286e-06,950.3247141838073,270000000.0,0.00199,13.419999999999998
1.6456379234790803,0.7927773177623749,4.159972310066224e-06,1776.520788669586,140000000.0,0.0009710000000000001,12.51
1.2328634798526765,0.6937669426202775,1.0009689807891848e-05,604.9321144819259,346000000.0,0.0009289999999999998,10.52
1.4466059625148775,0.7785134822130204,3.033060878515244e-06,874.4235634803771,235000000.00000003,0.000679,5.49
1.4763155847787859,0.8141426637768746,4.252192795276643e-06,969.1994935274123,246000000.0,0.00103,7.959999999999999
1.7994357347488406,0.7917879045009614,9.279091268777848e-06,1075.3439664840696,251000000.0,0.00227,14.13
1.5115982897579672,0.8082441464066507,5.3554382771253594e-06,925.0857979059218,264000000.00000003,0.00127,9.39
1.500105705857277,0.629060670733452,3.73658311367035e-06,1581.4033448696134,125000000.00000001,0.0002929999999999999,9.19
1.332283490896225,0.6157654702663422,6.094957195222379e-06,2493.76568198204,93300000.00000001,0.0002540000000000001,13.09
1.7725867688655854,0.8484467804431916,5.728227078914643e-06,1202.6685029268262,215000000.00000003,0.00191,12.19
1.4886173240840437,0.6835257142782212,5.876579783856869e-06,1577.3080214858053,149000000.0,0.0005859999999999998,12.6
1.6729354262351992,0.6393850833177567,6.280111189931632e-06,3012.593567371368,90699999.99999999,0.0004430000000000001,15.4
1.5379111737012865,0.7214271381497384,5.563675269484521e-06,1726.6096984967587,144000000.00000003,0.000747,13.41
1.6881811916828158,0.7820155486464501,4.016006231307984e-06,2132.8733041882515,122000000.00000004,0.0008870000000000001,13.35
1.4888847067952158,0.6462364822626114,6.240246918052436e-06,845.1950848102568,245000000.00000003,0.0005419999999999998,8.19
1.609220463037491,0.828713482618332,4.130103468894959e-06,1326.2076973915098,180000000.00000003,0.00118,10.78
1.490771046280861,0.6300084203481675,3.236880630254746e-06,1684.4073887914417,115999999.99999997,0.00025299999999999997,8.67
1.3839436411857606,0.7729377150535585,1.0064953088760377e-05,574.5879113674163,379000000.0,0.00185,11.5
1.6229492068290712,0.6997855603694917,4.943520575761796e-06,2651.3386070728297,102000000.0,0.000583,14.88
1.3021643400192262,0.6147122204303742,8.771297812461853e-06,603.5889983177184,312000000.0,0.00045900000000000004,6.89
1.7113193035125733,0.8581096887588502,7.2721030563116085e-06,796.1828559637069,303000000.0,0.00249,11.46
1.5302441194653513,0.6695035457611085,3.704527974128724e-06,2793.3571040630336,87499999.99999997,0.0003569999999999999,13.23
1.5207048118114472,0.8002513244748116,5.071946933865548e-06,1063.0419403314588,225999999.99999997,0.00116,10.22
1.7793742239475252,0.7930216670036316,5.862140879034997e-06,1670.2355369925497,165000000.0,0.00142,13.95
1.4334677651524546,0.6232140362262726,5.673033267259599e-06,524.6544927358626,355000000.0,0.0004080000000000001,3.57
1.519012335687876,0.6397543072700501,6.596099404618145e-06,2346.5592339634895,109000000.00000001,0.000444,14.4
1.4852839305996897,0.6332140892744065,5.031938403844835e-06,2597.9452878236766,92599999.99999999,0.00031600000000000004,13.33
1.4180487871170044,0.7367079667747022,3.0192421376705177e-06,1531.0497507452963,137000000.0,0.0004669999999999999,9.71
1.4868010975420476,0.6668613553047181,6.118669718503953e-06,860.7232868671416,250000000.0,0.00062,8.46
1.4768401846289636,0.6606216162443161,7.070498861372472e-06,516.4663046598433,381000000.0,0.000756,6.3
1.4318976715207101,0.6387758731842041,7.813320800662042e-06,642.0287787914275,317000000.0,0.000613,7.44
1.405259442329407,0.7826816126704217,3.2303198575973515e-06,914.6208614110946,233999999.99999997,0.0006830000000000001,6.03
1.6580450534820559,0.6943134337663651,4.9834597408771525e-06,2821.88269495964,97299999.99999999,0.0005660000000000001,15.17
1.2600404262542726,0.6025478571653367,7.198760882019997e-06,3008.0069899559016,80500000.00000001,0.00021799999999999996,13.92
1.6169360160827637,0.8920956820249558,4.152811765670777e-06,2052.8565645217896,384000000.0,0.00116,1.17
1.4135300874710084,0.6736036151647569,8.715870559215546e-06,2212.384819984436,129000000.0,0.00058,15.41
1.7011195957660676,0.7324599690735341,3.9704978466033945e-06,2865.5336350202556,94600000.00000003,0.000636,14.69
1.4678857639431955,0.8605807900428772,9.014987468719483e-06,917.5397753715514,531000000.0,0.00216,6.41
1.4714623153209687,0.6872767746448517,3.4181618988513954e-06,2209.9271714687347,102000000.0,0.00037300000000000007,11.7
1.471988993883133,0.6286940395832062,5.364885985851289e-06,1982.7569201588628,111999999.99999999,0.0003380000000000001,12.2
1.513654462248087,0.8525925189256669,3.1402618885040287e-06,891.9216990470885,238000000.0,0.00102,6.3
1.474047589302063,0.6816205635666848,9.41088354587555e-06,1655.1349237561224,163000000.0,0.0007749999999999999,14.95
1.5656981885433199,0.8637517154216767,3.111533969640732e-06,884.4706714153289,239000000.0,0.00113,6.36
1.7901908934116366,0.8516792088747025,4.069229245185853e-06,1657.8946467489002,151999999.99999997,0.00142,12.29
1.4802711948752405,0.7254215978085995,5.732108540832997e-06,762.5516057014464,317000000.0,0.000844,7.13
1.7552536547183992,0.6929458379745485,6.04945506900549e-06,2972.330033779144,99799999.99999999,0.0006720000000000001,16.16
1.590207213163376,0.704781760275364,3.4213040769100197e-06,2893.833547830581,87399999.99999999,0.0004409999999999998,13.72
1.207690554857254,0.5948792338371277,8.217203751206399e-06,1692.3196259886024,126000000.00000001,0.000244,11.58
1.7168193876743318,0.7774224132299424,3.949613273143769e-06,2341.7510762810707,113999999.99999999,0.000857,13.8
1.5027623254805804,0.6467436611652375,5.141672849655152e-06,2118.134528398514,110000000.0,0.0004,12.91
1.6887434363365175,0.7087575227022171,9.974694639444352e-06,1655.1960837095974,178000000.00000003,0.00118,15.78
1.689640063047409,0.8337377965450288,6.045592851936818e-06,1051.1333048343656,239000000.0,0.00183,11.7
1.4251065865159036,0.6404924422502518,7.451538905501367e-06,2340.6828120350838,111000000.0,0.000422,14.65
1.4766965657472613,0.7231490939855576,5.41710701584816e-06,883.0645233392714,265000000.0,0.000785,8.06
1.4677304953336716,0.7414557226002217,7.61227908730507e-06,544.9640303850173,397000000.0,0.00133,8.43
1.4303457275032998,0.7353151336312295,4.204758256673813e-06,658.8468253612517,364000000.0,0.0006540000000000001,3.18
1.6221274495124818,0.7413204856216908,6.916805528104306e-06,1494.4256395101545,177000000.0,0.00111,13.899999999999999
1.4814526028931143,0.7724305495619774,5.32246282696724e-06,962.0774835348128,252999999.99999997,0.001,9.22
1.5001099772751332,0.6756640568375588,4.604413390159608e-06,2192.1669244766235,109000000.00000001,0.00044600000000000005,13.1
1.5025971215218308,0.6437677949666978,4.180842071771622e-06,2444.712102413177,94800000.0,0.0003200000000000001,12.45
1.2269459009170534,0.5975670576095582,4.759766891598702e-06,2986.0879778861995,73400000.00000001,0.00014900000000000004,12.06
1.7451869845390322,0.7991894021630288,2.9483453631401066e-06,2744.6167469024654,94300000.00000001,0.000751,13.37
1.652327460050583,0.7910775661468507,2.9109358787536627e-06,2549.6382564306255,98400000.00000003,0.0006890000000000002,12.83
1.3352205812931062,0.59894278049469,2.98735785484314e-06,2920.5546081066127,70399999.99999997,0.00013899999999999994,9.84
1.5452732741832735,0.6400118529796601,3.128512620925904e-06,1598.00036996603,123000000.00000003,0.00029200000000000005,8.52
1.7257241606712344,0.9020551264286042,6.9446273744106305e-06,1133.1562623381612,620000000.0,0.00233,2.0799999999999996
1.6501900255680086,0.8193410262465478,9.950850635766984e-06,573.9372521638869,404000000.0,0.00278,11.39
1.415609496831894,0.6222898542881012,4.50999116897583e-06,2432.582557201385,92300000.00000001,0.00025299999999999997,12.04
1.1962618589401246,0.656838431954384,9.805481612682344e-06,1928.4509047865865,137000000.0,0.00043700000000000005,14.85
1.4448263660073282,0.6416677057743073,8.128872081637384e-06,875.596135854721,242000000.0,0.0006190000000000001,9.84
1.601501923799515,0.7833187490701676,6.212344311177731e-06,1170.5446913838384,214000000.00000003,0.00134,12.25
1.530284768342972,0.7619801681488753,6.804795652627946e-06,1039.1976237297056,236000000.00000003,0.00124,11.84
1.5961525797843934,0.8598870187997819,5.184726759791375e-06,891.961634159088,263000000.00000003,0.00172,9.730000000000002
1.5683786988258364,0.8070055916905404,5.049786567687989e-06,1145.899064838886,213000000.0,0.00125,10.790000000000001
1.7366530179977417,0.724410666525364,3.837166815996171e-06,3050.951093435287,88100000.00000001,0.000589,14.79
1.6046357095241548,0.6101547360420227,2.9747837185859684e-06,547.3687797784804,290000000.0,0.0002709999999999999,0.29000000000000015
1.5138059064745903,0.6485471516847611,7.09828331321478e-06,1814.6906625479457,133999999.99999997,0.000527,13.77
1.4815569408237936,0.7403597787022591,5.991153448820115e-06,1115.2763962745664,215000000.00000003,0.000906,11.14
1.554959173500538,0.6558691889047623,7.2244134843349465e-06,2265.277571976185,118000000.00000001,0.0005459999999999999,14.9
1.2573076486587527,0.7087968349456788,9.851848661899567e-06,725.5126833915709,309000000.0,0.00102,11.55
1.616233652830124,0.8704913467168809,3.678694605827332e-06,688.0069822072982,334000000.0,0.00139,4.71
1.6356333911418917,0.8694764882326127,6.195045121014119e-06,779.9106389284133,304000000.0,0.00223,10.09
1.4879028864204884,0.8158348783850671,4.279261797666551e-06,1043.9495295286176,223999999.99999997,0.0010500000000000002,8.9
1.201348239183426,0.5965724229812622,7.085526950657369e-06,2100.734405219555,103999999.99999999,0.00020899999999999998,11.97
1.494647589325905,0.6580833971500397,5.104395315051079e-06,1505.9973970055578,145000000.0,0.0004740000000000001,11.21
1.4942843981087208,0.6608943969011307,5.921708956360818e-06,1420.5871447920797,158000000.0,0.0005400000000000001,11.66
1.5498858958482744,0.8198650404810907,5.239100709557534e-06,991.1788552999495,242000000.0,0.00137,10.15
1.4413530617952348,0.6223588228225708,5.702136904001237e-06,1283.6679369211195,157000000.0,0.00034999999999999994,9.9
1.3904563665390015,0.6278117448091508,8.041568681597711e-06,1690.9654829651115,137000000.0,0.0004159999999999999,13.1
1.467619988322258,0.7136363893747331,4.70613718032837e-06,918.9135134220122,241000000.0,0.000667,7.559999999999999
1.7001676976680757,0.9035031616687775,3.074769943952561e-06,2507.0945471525188,247000000.0,0.00102,3.1699999999999995
1.3919156134128572,0.6193997025489808,3.681538045406342e-06,1892.6293607801197,106000000.00000003,0.00021999999999999998,9.4
1.4806863471865654,0.6903083145618439,6.976505920290948e-06,1222.95144200325,191000000.0,0.0007280000000000002,12.13
1.4047725141048433,0.6828619167208673,8.956757038831712e-06,870.7645833492278,261999999.99999997,0.000873,11.4
1.5804057240486147,0.5987040281295777,2.940474689006806e-06,2827.3360729217525,74500000.0,0.0001860000000000001,10.29
1.5552035987377169,0.6542744010686875,6.389025213196875e-06,2351.944960653782,111000000.0,0.0005000000000000001,14.6
1.7246463596820834,0.6456077098846437,2.9626051187515265e-06,2878.3639818429942,78200000.0,0.00032199999999999986,12.32
1.4582173928618432,0.6839901119470597,9.506041556596758e-06,2069.080464541912,142000000.00000003,0.0007150000000000001,15.78
1.4253289684653283,0.6324467271566392,7.616864576935769e-06,639.2250508069991,315000000.0,0.000554,6.89
1.7301445305347445,0.896679899096489,7.092357203364373e-06,649.4320482015609,362000000.0,0.00305,9.99
1.4877997018396856,0.6266101866960526,6.2673529237508785e-06,1293.451778590679,162000000.00000003,0.0004249999999999999,10.74
1.5158116422593595,0.8487643629312516,8.239547803997995e-06,1088.8207256793974,454000000.00000006,0.00194,6.9
1.4820011749863626,0.6869503766298295,5.927997902035714e-06,835.0600600242614,269000000.0,0.0006850000000000001,8.04
1.417769891023636,0.708526410162449,3.3902492523193366e-06,560.6361031532286,350000000.0,0.0004889999999999999,2.0199999999999996
1.3947837173938753,0.7951000213623047,1.0043761014938356e-05,468.2664871215819,430000000.0,0.00218,10.75
1.4783674970269205,0.7344852346926928,3.071235984563828e-06,793.503627181053,260000000.0,0.000554,4.3
1.344650834798813,0.6159698635339738,6.623225124552847e-06,1681.659619323909,127000000.00000001,0.00029999999999999987,11.57
1.4435235410928728,0.760932443663478,9.976506263017655e-06,711.7108553647994,327000000.0,0.00173,12.4
1.4113004028797151,0.7655619833618403,1.0016588330268862e-05,651.7426967620848,348000000.0,0.00176,12.0
1.5362198151648045,0.6466913670301438,9.228658914566041e-06,2858.980998396873,106000000.00000003,0.00051,16.38
1.6131850719451906,0.6994461447000504,3.487071186304093e-06,2975.2011895179744,85100000.00000003,0.0004359999999999999,13.88
1.7228788018226624,0.80007693618536,4.110174357891084e-06,1979.6722680330274,130999999.99999999,0.00103,13.11
1.553813548386097,0.6607010990381241,6.973787598311902e-06,2135.7290744781494,122000000.00000004,0.000561,14.61
1.6230890572071077,0.6729870289564134,5.512127339839936e-06,2763.538315892219,98700000.0,0.000517,15.16
1.505480824224651,0.811959345638752,5.409901410341264e-06,847.4732488393782,291000000.0,0.00131,8.65
1.3289010643959047,0.7486352931708098,8.367735922336579e-06,2387.914314866066,399000000.0,0.000732,4.71
1.520983810722828,0.847150531411171,5.338134393095971e-06,712.0506763458251,336000000.0,0.00162,7.65
1.7553622305393222,0.7376226671040059,9.272926032543184e-06,1485.780321061611,194000000.0,0.00148,15.27
1.5807067394256593,0.6852644920349121,5.1484045833349235e-06,2535.550624132156,103999999.99999999,0.000532,14.59
1.5013033781200649,0.6271512061357499,5.137245804071427e-06,1377.171494066715,148000000.0,0.0003770000000000001,10.12
1.5572976127266884,0.6614950329065323,7.967100918293001e-06,2371.7822805047035,119000000.0,0.0005859999999999998,15.48
1.5409555256366732,0.7484063733369113,6.232452623546124e-06,1289.6787673234937,193000000.0,0.00103,12.54
1.4777272626757623,0.7320082928985358,5.3952565491199505e-06,776.0171890258788,318000000.0,0.0008239999999999998,6.54
1.5499061957001687,0.6663830995559693,5.460959821939469e-06,2422.253891825676,106000000.00000003,0.00048199999999999995,14.28
1.496699069067836,0.6588746219873429,5.026155143976212e-06,1800.2821803092954,126000000.00000001,0.00044899999999999996,12.16
1.3946020245552064,0.62542043030262,8.305197775363924e-06,1311.4901930093763,167000000.0,0.0004470000000000002,11.79
1.452971398830414,0.710498481988907,4.121636986732483e-06,1746.690535917878,130000000.0,0.0005220000000000001,11.7
1.3022639572620394,0.6152034938335419,8.928519159555437e-06,708.916813135147,273000000.0,0.000444,7.9
1.6260738909244539,0.809331674873829,9.205785810947419e-06,659.3008637428283,360000000.0,0.00245,11.38
1.3534970819950105,0.5994252026081086,2.971422910690308e-06,2382.413774728775,85100000.00000003,0.000145,8.46
1.553070241212845,0.6412948787212372,3.130158185958863e-06,2220.728576183319,94999999.99999999,0.00027299999999999997,10.44
1.491847810149193,0.826724374294281,2.9584031701087956e-06,1563.2383078336713,141000000.00000003,0.000789,10.19
1.5141243338584902,0.7623593609780074,3.939738422632218e-06,1760.4449875652788,132999999.99999997,0.0007179999999999999,12.06
1.5695807263255122,0.657823795080185,5.817752450704575e-06,2559.421464800834,102999999.99999999,0.000477,14.69
1.4880523435771467,0.7682469528168441,6.133439175784589e-06,719.0034091472625,343000000.0,0.0011999999999999997,7.81
1.6820556163787843,0.8931871622800828,7.081383988261224e-06,557.5467944145201,408000000.0,0.00296,9.06
1.6185220777988436,0.7789301723241807,6.185891039669515e-06,1256.5775513648985,202000000.0,0.0013,12.61
1.6679817438125613,0.881313791871071,3.2848294079303746e-06,1714.1759879887102,258000000.0,0.00112,5.15
1.6627654552459719,0.6849986448884011,6.326889082789422e-06,2662.4924242496486,108000000.00000001,0.0006379999999999999,15.74
1.605180698633194,0.7698960632085801,3.95836764574051e-06,2005.7550743222234,124000000.00000003,0.000785,12.88
1.4435456648468972,0.7489620454609395,4.282997697591782e-06,1101.493865251541,201000000.0,0.0007179999999999999,9.11
1.2138513386249543,0.5970577776432038,5.870029702782631e-06,2994.0519034862514,76400000.0,0.00016900000000000004,12.94
1.6114087522029878,0.6748185217380525,6.440505427308382e-06,2493.085518479347,111000000.0,0.000592,15.29
1.3267497003078461,0.6123149245977402,4.8189113736152655e-06,2642.955213785171,85900000.0,0.00021500000000000005,12.2
1.3842527568340304,0.7640269082039596,3.067171305418015e-06,1408.476375043392,149000000.0,0.000545,9.51
1.5014182627201083,0.6741509467363358,5.571447059512139e-06,1848.3980391174553,129000000.0,0.0005189999999999999,13.14
1.5108404830098154,0.7069824412465097,3.0995341539382942e-06,2706.6553682088847,88900000.00000003,0.00039500000000000006,12.83
1.2547013461589815,0.6384660601615907,9.711504578590394e-06,721.3706076145171,285000000.0,0.0005479999999999999,9.45
1.6322743713855745,0.8894459277391434,4.4268196225166324e-06,2038.4975075721738,412000000.0,0.0011999999999999997,0.03999999999999956
1.7345940470695498,0.7476549625396729,3.917112112045288e-06,2847.3886400461192,96800000.0,0.0007110000000000002,14.7
1.4950203314423562,0.7905328676104546,5.408806487917901e-06,927.880510687828,266000000.0,0.00114,9.18
1.4509159728884697,0.6753360360860825,8.286156117916109e-06,850.5508601665496,264000000.00000003,0.0008149999999999999,10.57
1.5768988341093064,0.8647575706243515,8.735535979270937e-06,1062.8609657287595,755000000.0,0.0021,1.6599999999999997
1.489239750802517,0.6612496107816697,5.882665380835534e-06,870.706021785736,242999999.99999997,0.0005790000000000002,8.24
1.5102351274341346,0.7703304201364518,6.956730455160142e-06,905.0117731094359,269000000.0,0.00133,10.97
1.4834059685468675,0.6447622150182725,7.671810656785967e-06,1316.6551589965818,173000000.0,0.0005809999999999999,12.33
1.4942496724426748,0.6338779270648957,4.1572217047214516e-06,2772.0730304718013,85400000.0,0.000279,12.85
1.5727025628089906,0.7813704952597619,7.1215891912579546e-06,977.2011935710906,251000000.0,0.00153,12.05
1.5664555817842485,0.7639090899378062,6.272799685597421e-06,1223.0207324028013,204000000.0,0.00117,12.4
1.667823100090027,0.8994988650083543,9.281544387340546e-06,854.2394191026686,902000000.0,0.00287,0.25999999999999995
1.5416240930557252,0.7614287618547678,8.359920114278794e-06,886.4302486181258,271000000.0,0.0015600000000000002,12.4
1.3411132693290713,0.6130613118410111,6.764767512679101e-06,2928.3032119274135,84300000.00000001,0.0002540000000000001,14.07
1.7313757181167604,0.8535549849271775,5.052442356944085e-06,1203.1983137130735,208999999.99999997,0.00172,11.51
1.499861451610923,0.6282180190086365,3.7836312949657445e-06,1485.6922924518583,131999999.99999999,0.00029699999999999996,8.79
1.5865654170513155,0.7540703516453505,8.261114865541459e-06,1046.649247407913,239000000.0,0.0014700000000000002,13.17
1.4849279209971429,0.7604468274861574,5.7355763167142875e-06,854.5821458101271,290000000.0,0.00102,8.47
1.4728974089026452,0.7268253162503243,9.037888318300249e-06,928.7227988243102,256000000.0,0.00125,12.75
1.576258331537247,0.8228535130620004,6.687598390504719e-06,822.5419670343398,293000000.0,0.00183,10.65
1.208809393644333,0.8351506054401399,9.324394792318346e-06,602.9276102781295,449000000.0,0.00186,8.99
1.7052932381629946,0.6759456977248193,8.328765571117403e-06,2690.572991967201,115999999.99999997,0.0007269999999999998,16.52
1.5236659929156304,0.6421891272068024,7.2777104526758205e-06,2571.335539221763,106000000.00000003,0.00046199999999999995,15.19
1.4927298232913018,0.8529300034046173,3.4122407436370855e-06,1071.417137980461,204000000.0,0.0010500000000000002,8.19
1.5456764549016955,0.8272748619318009,3.741915553808213e-06,1309.1791346669195,174000000.0,0.00103,10.19
1.5049372158944607,0.6738472133874894,8.765298426151276e-06,2087.9588574171066,134999999.99999997,0.0006649999999999999,15.4
1.497541715204716,0.8185958907008172,4.7119029164314275e-06,909.8714888095855,271000000.0,0.00118,8.08
1.7534735441207887,0.7871660828590393,5.002427652478219e-06,1908.1981778144834,142000000.00000003,0.00115,13.83
1.654958027601242,0.7657032597810031,7.171773448586465e-06,1290.0066301226614,204000000.0,0.00139,13.49
1.4804255224764349,0.7856958433985711,4.127480328083039e-06,1306.574113667011,176000000.0,0.000853,10.43
1.687001556158066,0.6372838139533997,2.9846158027648933e-06,2450.4952430725093,89700000.0,0.00030200000000000013,11.13
1.4165067851543427,0.6205061674118042,5.616475209593774e-06,695.3881233930587,261999999.99999997,0.00036700000000000003,5.63
1.4651811808347703,0.7567871253937484,8.880887895822526e-06,2286.0548570752144,551000000.0,0.000875,1.7300000000000004
1.498753732815385,0.8290845215320588,4.415823876857758e-06,862.0759397745131,285000000.0,0.00118,7.09
1.6198669373989107,0.7716246351599694,4.1271607279777534e-06,1957.9433202743528,128000000.0,0.000831,12.94
1.5162456169724465,0.6644986420869828,7.244438871741296e-06,1705.6266795843837,144000000.00000003,0.000602,13.82
1.4869201429188252,0.7726954936981202,5.547377020120621e-06,874.2751479148864,285000000.0,0.00106,8.54
1.4507237970829012,0.8152833089232445,3.329143881797791e-06,763.7124806642531,303000000.0,0.000848,3.9200000000000004
1.5023649886250496,0.7014954328536988,7.291199266910554e-06,1359.197564423084,181000000.00000003,0.0008120000000000001,13.22
1.3585974454879761,0.6492997616529466,8.015703707933427e-06,2315.4553696513176,114999999.99999997,0.00043399999999999987,14.88
1.7136459052562716,0.5973910510540009,2.9190689921379096e-06,1798.8813687115905,109000000.00000001,0.0002339999999999999,7.95
1.8055739879608157,0.7468316014856101,8.172379001975061e-06,1779.5392144471405,167000000.0,0.0014,15.599999999999998
1.5016577526926995,0.8565737754106523,3.0643216073513037e-06,1240.2648776769636,170999999.99999997,0.0009610000000000002,9.01
1.5426563993096354,0.8140971913933754,7.88863053917885e-06,1541.5496118366716,418000000.0,0.0014399999999999999,6.34
1.4162527799606324,0.8017702817916871,3.25485584139824e-06,919.9994355440139,237000000.0,0.000758,6.14
1.410036849975586,0.6233131170272828,5.372298225760461e-06,2204.380214214325,102000000.0,0.0002869999999999999,12.39
1.4828788809478284,0.6617000252008439,4.728374630212785e-06,772.7103978395461,264000000.00000003,0.0004910000000000001,5.85
1.4503003478050234,0.6860713765025139,9.619453072547914e-06,1809.8598737269638,156000000.0,0.000767,15.38
1.5669952601194383,0.6598386079072953,6.81825651228428e-06,2292.68691688776,115999999.99999997,0.0005470000000000001,14.829999999999998
1.4839848540723326,0.8083224579691888,4.350643813610078e-06,761.7231756448745,333000000.0,0.00103,5.16
1.578293287754059,0.8682862490415574,4.2408547103405e-06,824.3091702461242,282000000.0,0.00146,7.37
1.4653984129428865,0.7106649041175843,5.233765244483948e-06,1270.333372056484,179000000.00000003,0.000664,10.96
1.6800813496112825,0.7776691272854805,9.991455703973771e-06,851.9164770841597,297000000.0,0.00219,13.44
1.7869579911231996,0.8477658569812775,7.863171741366387e-06,891.1063075065612,279000000.0,0.0026099999999999995,12.55
1.5457247346639635,0.6921562269330025,5.161780431866647e-06,2218.299463391304,113999999.99999999,0.000558,14.05
1.4221507608890536,0.792403368651867,3.004426628351212e-06,1042.3298478126524,195000000.0,0.000688,7.32
1.6388274371623994,0.675604945421219,4.235167831182481e-06,3008.8699162006374,85900000.0,0.0004319999999999999,14.42
1.738603448867798,0.7718974113464356,6.086391672492028e-06,1721.5454922989009,161000000.00000003,0.00125,14.18
1.6057866275310517,0.8726435512304307,4.206599295139313e-06,979.7378182411193,232999999.99999997,0.00149,9.1
1.5962138056755066,0.8230042979121209,8.329766720533372e-06,657.9102128744124,359000000.0,0.00237,10.790000000000001
1.5430588334798814,0.6839197129011155,9.512086004018785e-06,1981.109298765659,147000000.0,0.0008059999999999999,15.75
1.614461660385132,0.7693491786718369,7.0032529756426826e-06,1178.8656860589979,216000000.00000003,0.0013800000000000002,12.93
1.264461761713028,0.6028945863246918,3.793267488479615e-06,2911.745488643646,73199999.99999999,0.00014900000000000004,11.09
1.4915298365056515,0.6648467749357224,6.6868887301534424e-06,1327.9495686292646,171999999.99999997,0.0006060000000000001,11.97
1.7296385943889618,0.8996127694845201,3.35041293501854e-06,949.8448967933654,225999999.99999997,0.00154,7.799999999999999
1.561076232790947,0.6788158044219018,8.977450728416444e-06,1834.5826510339973,149999999.99999997,0.000785,15.24
1.504587708413601,0.8360606163740159,4.385348170995713e-06,875.6272047758101,278000000.0,0.00122,7.35
1.210179501771927,0.6507175594568253,9.770037502050401e-06,2239.7379875183105,123000000.00000003,0.0004119999999999999,15.37
1.3402448773384095,0.6886321529746057,9.484942734241487e-06,1896.9450537115333,149999999.99999997,0.0006649999999999999,15.309999999999999
1.6637733578681948,0.7610999118536711,8.203657254576684e-06,1172.9591265320776,224999999.99999997,0.0015600000000000002,13.71
1.3454814612865449,0.6148705422878266,7.733127668499948e-06,1383.9162439107893,151999999.99999997,0.00034799999999999995,11.25
1.5958189666271212,0.7730345562100411,1.0020381808280945e-05,771.7602252960204,317000000.0,0.00208,12.94
1.4623045787215234,0.7423321221023799,4.991836205124856e-06,1211.4911824464796,192000000.0,0.0007719999999999999,10.64
1.4429411977529527,0.6216112732887269,3.2549841403961186e-06,699.2207765579222,250000000.0,0.0002489999999999999,2.2799999999999994
1.4689315035939219,0.6283637166023255,7.3601002097129835e-06,1015.5938118696212,205000000.0,0.000501,10.020000000000001
1.3374209940433504,0.7650193948298694,6.572269404307009e-06,2661.231860518455,413000000.0,0.000648,2.3600000000000008
1.635248726606369,0.7225136987864972,3.808854877948762e-06,2797.6559400558467,93900000.0,0.0005560000000000001,14.23
1.6004307210445405,0.834029370546341,7.0769163146615036e-06,1558.3461448550222,544000000.0,0.0014999999999999998,2.7999999999999994
1.4402318224310877,0.7484034955501557,4.214883029460907e-06,1282.8490063548086,174000000.0,0.0006890000000000002,10.22
1.2138420760631563,0.5938687562942505,9.102121889591218e-06,982.8812181949614,198000000.00000003,0.00030300000000000005,9.3
1.4992345333099366,0.787666891515255,6.2964002341032035e-06,832.822948694229,293000000.0,0.0013199999999999998,9.62
1.7898946702480318,0.8891418009996415,8.100767195224764e-06,673.7026870250701,347000000.0,0.00346,11.23
1.5518511325120927,0.8653971701860429,2.8902031779289252e-06,2614.0589565038676,137000000.0,0.0008049999999999999,9.48
1.6719582438468934,0.6933452904224396,4.071708023548127e-06,3026.1048972606654,86599999.99999997,0.00048199999999999995,14.56
1.7652927339076998,0.7120338991284371,6.857421398162843e-06,2616.3990348577495,119000000.0,0.000875,16.19
1.3698254048824312,0.7808575540781022,9.843151032924654e-06,1536.485657095909,612000000.0,0.00115,3.2000000000000006
1.3702028274536133,0.6302858322858811,7.821305379271509e-06,2109.5172986388206,115999999.99999997,0.00038400000000000006,14.029999999999998
1.6375886499881747,0.6822222232818604,8.746101558208467e-06,2174.62594807148,134999999.99999997,0.000807,15.88
1.7027397751808169,0.894781056046486,6.934050843119622e-06,1141.636177897453,586000000.0,0.00223,2.94
1.462172305583954,0.8846079200506212,3.088079452514649e-06,2496.340155601501,296000000.0,0.0008080000000000001,0.9200000000000003
1.7739566802978517,0.7024088010191918,8.26795580983162e-06,2479.37898337841,129000000.0,0.000956,16.47
1.3918030321598054,0.7044374763965607,9.2372305393219e-06,840.0457650423049,275000000.0,0.00103,11.86
1.3303568601608278,0.6643097341060639,9.154188126325608e-06,1147.0525264739988,204000000.0,0.000646,12.42
1.6593356609344483,0.7782349437475206,5.8457151129841815e-06,1454.4357657432554,179000000.00000003,0.00124,13.1
1.6147108018398286,0.7740326553583146,4.148240983486176e-06,1899.016911163926,130999999.99999999,0.0008470000000000002,12.8
1.4246378302574159,0.6473602652549745,8.127885535359385e-06,494.9464201927184,378000000.0,0.000726,7.18
1.6019266963005068,0.7804158613085748,2.9315000176429753e-06,2485.966563224792,99199999.99999999,0.0006379999999999999,12.76
1.5008725102990867,0.6309196025133134,5.0532409399747855e-06,2794.743880629539,87899999.99999999,0.00030799999999999995,13.65
1.3451929271221161,0.6309710741043092,8.865980595350266e-06,611.376643180847,320000000.0,0.0005780000000000001,7.959999999999999
1.656331104040146,0.7674511928111315,3.997918367385865e-06,2215.4986783862114,116999999.99999997,0.0007950000000000001,13.49
1.6245040833950044,0.8328103870153428,3.75732707977295e-06,1465.6244516372678,162000000.00000003,0.00111,10.98
1.6693293392658235,0.889580324292183,3.07367616891861e-06,965.6271636486052,218000000.00000003,0.00133,7.3
1.4212981760501864,0.6735037744045258,9.010293185710908e-06,1513.1924226880071,168000000.0,0.0006830000000000001,14.12
1.453688371181488,0.7468904078006745,4.5298372507095346e-06,699.2366462945937,361000000.0,0.000743,3.9499999999999997
1.2540191173553468,0.6041768342256546,4.991081431508065e-06,1975.4720404744146,102999999.99999999,0.00019300000000000006,10.28
1.372312366962433,0.6567991018295288,8.086925923824311e-06,2275.5065113306046,119000000.0,0.00047000000000000004,14.97
1.537388413399458,0.7432818531990052,5.882710129022599e-06,1405.1150083541868,177000000.0,0.000934,12.68
1.691190952062607,0.6765836253762246,8.524715065956117e-06,2620.759338140487,119000000.0,0.0007399999999999999,16.47
1.5073709366843107,0.637404951453209,3.5011920034885414e-06,1777.959747239947,113999999.99999999,0.0002929999999999999,9.700000000000001
1.5462727457284928,0.8752802789211274,9.365896493196489e-06,914.6242886781691,858000000.0,0.00231,1.3200000000000007
1.3036581695079805,0.6158982664346695,8.692520558834076e-06,1954.5510709285734,120000000.0,0.000343,13.61
1.6218721210956575,0.6734505325555802,6.380544558167459e-06,2585.2948725223537,108000000.00000001,0.000582,15.42
1.7476206600666047,0.9077206492424013,2.9721685051918035e-06,2432.9424947500224,168999999.99999997,0.00116,7.83
1.503154354915023,0.7609427858144046,6.3123996406793605e-06,1027.0149558782575,239000000.0,0.00112,11.01
1.4520670965313913,0.637838101387024,7.854381278157234e-06,834.1981768608092,250000000.0,0.0005859999999999998,9.2
1.4029459655284884,0.7628788847476244,3.25756785273552e-06,750.9384602308272,299000000.0,0.000613,3.6299999999999994
1.489573495835066,0.7383833572268487,5.308800339698792e-06,1380.0071105360983,173000000.0,0.0007929999999999999,11.9
1.5790420889854433,0.7713706701993943,3.875024616718293e-06,1932.238034904003,126000000.00000001,0.000769,12.58
1.7276975691318512,0.6448237001895906,2.975875616073609e-06,1922.552280128002,109000000.00000001,0.00036099999999999994,9.98
1.5790620893239977,0.8824562788009644,9.37098526954651e-06,901.5849530696868,903000000.0,0.0023999999999999994,0.4800000000000004
1.4759760707616807,0.7527764137834311,2.9243928790092475e-06,2209.693484008312,103999999.99999999,0.0005059999999999999,11.92
1.5063505981117489,0.7005729049444199,6.376988302916289e-06,1560.7934370636938,157000000.0,0.000708,13.27
1.4431543037295342,0.6221702456474305,5.717413142323495e-06,1196.2875649332998,167000000.0,0.00035600000000000003,9.42
1.5086487460881473,0.8944046705961228,2.9504991173744208e-06,2462.9924744367595,229000000.0,0.000866,4.46
1.6728460729122163,0.7255564972758294,4.783449321985245e-06,2581.2026411294933,107000000.00000001,0.0007070000000000001,14.93
1.8067219376564028,0.7441369336098433,9.246191233396532e-06,1581.6553235054014,186999999.99999997,0.00157,15.599999999999998
1.5230962626636029,0.6531340688467027,3.3643843829631813e-06,2849.8021066188808,81699999.99999999,0.00028900000000000014,12.49
1.5386012211441995,0.6423385173082352,4.061621010303498e-06,2946.147501468658,81799999.99999997,0.00031,13.39
1.504669697955251,0.7508377891033888,6.96834746003151e-06,1003.1947046518325,242999999.99999997,0.00116,11.54
1.4778774172067644,0.7146430894732476,3.1167965233325965e-06,2514.6911591291423,93599999.99999999,0.0004049999999999999,12.48
1.516285063326359,0.7793674215674401,7.076304651796819e-06,2376.831501722336,454000000.00000006,0.000904,2.7499999999999996
1.6024054169654847,0.9016161561012269,9.838013857603075e-06,568.0798292160033,532000000.0,0.00351,8.6
1.4863490201532843,0.6270674496889115,6.2766047939658176e-06,1578.3287696540353,137000000.0,0.000402,11.85
1.6312683641910555,0.7959143310785294,4.1807500720024115e-06,1686.2075887620447,146000000.0,0.0009909999999999997,12.23
1.3922049522399904,0.7492212194949389,9.45721533894539e-06,614.5444810390471,356000000.0,0.00151,10.9
1.5473051950335504,0.6864788845181465,9.594709515571595e-06,1718.314981088042,163000000.0,0.0008809999999999998,15.36
1.456520037353039,0.6948767021298409,8.186511710286141e-06,820.5545246601104,279000000.0,0.0009220000000000002,10.54
1.2132966578006745,0.595450258255005,9.987332195043566e-06,1373.7198263406751,153999999.99999997,0.00030300000000000005,11.72
1.2840340554714205,0.6678682476282121,8.75646582245827e-06,2042.670540511608,131999999.99999999,0.000492,14.82
1.2977508008480074,0.6484094202518463,9.76764613389969e-06,2705.4883092641826,109000000.00000001,0.0004300000000000001,16.22
1.651893585920334,0.7195434227585793,4.034780025482178e-06,2810.6308281421657,94700000.00000001,0.0005750000000000001,14.5
1.3055816173553467,0.7119404464960098,9.756545871496203e-06,465.95919132232655,406000000.0,0.00125,9.8
1.5898175776004793,0.7170292586088182,8.976848036050798e-06,1324.6804401278494,200000000.0,0.00117,14.4
1.5179389737546445,0.6387906789779664,4.291462928056718e-06,1581.2673717737196,130000000.0,0.00036700000000000003,10.27
1.5328273706138136,0.757333828881383,9.271413356065752e-06,823.5423564910888,291000000.0,0.0016800000000000003,12.55
1.4866123236715796,0.7855835124850273,5.119730696082116e-06,884.1551393270491,283000000.0,0.00106,8.06
1.7254386663436891,0.6643842458724977,3.0422268509864813e-06,1567.412048578262,132999999.99999997,0.0004300000000000001,8.86
1.6424261927604678,0.7952594116330147,6.18614622950554e-06,1182.6499477028844,214000000.00000003,0.0014700000000000002,12.38
1.2895755529403687,0.6514776796102525,9.69577094912529e-06,2622.5825697183604,111999999.99999999,0.0004379999999999999,16.11
1.258277016878128,0.6050066202878952,6.9215768426656734e-06,2631.1350911855693,89900000.00000001,0.00022899999999999996,13.3
1.8082608461380008,0.747032180428505,5.796025797724724e-06,2503.489807248115,121000000.0,0.00101,15.7
1.5931556940078737,0.7978425532579423,7.0120987743139275e-06,935.429960489273,261999999.99999997,0.0016800000000000003,11.77
1.4518640890717507,0.6617220461368561,8.28208413720131e-06,942.482903599739,236000000.00000003,0.0007330000000000001,10.97
1.776334458589554,0.7562895018607378,1.0000025033950808e-05,1238.7456670403478,230000000.0,0.00189,15.07
1.508266883902252,0.7107086956501008,5.73478925973177e-06,1636.706843972206,149000000.0,0.000697,13.11
1.7548356950283053,0.7882772684097291,5.052011251449586e-06,1881.3363853842018,144000000.00000003,0.00117,13.81
1.552681750059128,0.849172666668892,3.251422226428986e-06,757.379189133644,305000000.0,0.0010800000000000002,4.26
1.7154643893241883,0.6960532397031785,9.986659616231919e-06,2168.306216597557,147000000.0,0.00101,16.69
1.6581106245517732,0.7391556434333325,3.99344438314438e-06,2624.9490231275554,101000000.0,0.0006649999999999999,14.3
1.5008616194128992,0.6500314056873322,4.728362947702409e-06,1130.546025931835,180000000.00000003,0.00045399999999999987,8.84
1.3318524599075319,0.6127606987953187,6.392836945131422e-06,2905.045628547668,83599999.99999999,0.00024199999999999997,13.76
1.5412009343504907,0.8640667945146562,5.161154478788377e-06,564.101070165634,386000000.0,0.00186,6.65
1.4711459487676621,0.8958041220903398,9.475020527839662e-06,566.5690749883651,478000000.0,0.0029999999999999996,8.82
1.2647470235824587,0.8636492282152176,2.925763905048371e-06,2482.8662276268,225999999.99999997,0.0005549999999999999,3.7
1.570642460882664,0.6315759032964707,5.848422221839429e-06,2858.2337051630016,91500000.0,0.0003789999999999999,14.65
1.2041858732700348,0.5949616312980652,8.196635439991952e-06,1360.6806024909017,147000000.0,0.0002559999999999999,10.54
1.5254144042730333,0.7122664153575898,8.15599136054516e-06,1257.3225721716879,200000000.0,0.00101,13.56
1.483413065224886,0.6239637315273285,4.51359835267067e-06,1555.0711303949354,129000000.0,0.0003129999999999999,10.020000000000001
1.2106378734111787,0.5932087719440461,9.271772801876069e-06,1476.8661856651304,142000000.00000003,0.00027499999999999996,11.54
1.3365355074405671,0.6921840369701386,9.556782245635987e-06,1236.8309050798414,203000000.0,0.0007990000000000001,13.68
1.383629232645035,0.6288598537445069,7.965911075472832e-06,1798.6740190535781,130999999.99999999,0.0004080000000000001,13.36
1.4901566281914713,0.6490447461605072,7.31414194405079e-06,1232.4826344847677,182000000.0,0.0005989999999999999,11.78
1.6523329854011537,0.8431335836648942,4.097764819860459e-06,1329.1096612811086,181000000.00000003,0.0012899999999999997,10.85
1.3229080080986024,0.6086238831281663,3.774838954210282e-06,2980.161935091018,72400000.00000001,0.00017100000000000006,11.6
1.332882106304169,0.7471943758428098,9.160031259059908e-06,2076.966978609562,470000000.00000006,0.000811,4.080000000000001
1.4546127006411553,0.6353727579116822,7.881716057658197e-06,925.4458099603652,227000000.00000003,0.0005710000000000001,9.91
1.621686065196991,0.775643987953663,6.120094880461694e-06,1308.0738037824628,195000000.0,0.00126,12.75
1.4473929315805436,0.621490028500557,3.2489123642444616e-06,566.0883635282515,288000000.0,0.0002520000000000001,1.1199999999999999
1.339192056655884,0.615759864449501,6.1165055856108675e-06,1272.9798555374143,155000000.0,0.00030200000000000013,9.63
1.4921423703432084,0.7213766992092133,9.648769497871401e-06,1085.7373028993604,232000000.0,0.00124,13.81
1.4885400719940665,0.6833688452839852,3.406317293643952e-06,2499.164000153541,93499999.99999999,0.00035899999999999994,12.32
1.7882583618164065,0.8419122219085694,9.96708181500435e-06,662.2935384511946,359000000.0,0.00344,12.58
1.5273477472364905,0.8208002373576165,2.9515238404273994e-06,1749.1913605481384,130999999.99999999,0.000779,10.83
1.4308949992060662,0.8212067261338235,3.055093258619309e-06,1394.772671163082,153999999.99999997,0.000754,9.63
1.5805976808071138,0.7877827316522599,6.218190234154464e-06,1085.3352695703504,228000000.0,0.0013800000000000002,11.8
1.4879393354058268,0.6648968517780305,5.342149421572686e-06,856.2734276056289,245000000.00000003,0.0005479999999999999,7.49
1.7519051849842073,0.7903715372085572,5.11115312576294e-06,1823.6728776246307,148000000.0,0.0011999999999999997,13.71
1.7534785509109498,0.8919209092855455,2.960004508495331e-06,1637.7752572298048,143000000.00000003,0.00126,10.58
1.456870709359646,0.634059888124466,7.74039387702942e-06,1598.2449539005754,145000000.0,0.0004799999999999999,13.08
1.4958700742572548,0.7097182273864747,7.175346992909909e-06,1261.9787752628324,193000000.0,0.0008579999999999999,12.8
1.5180206570774317,0.7038020208477974,6.531342728063465e-06,1573.3253881335256,158000000.0,0.000745,13.5
1.6365968048572541,0.668250060081482,7.673047125339508e-06,2560.82671880722,113999999.99999999,0.000633,15.9
1.472130820155144,0.7249744512140751,5.045693829655648e-06,853.1078249216079,277000000.0,0.0007489999999999998,7.09
1.5124001137912275,0.6794020637869835,3.3429329991340643e-06,2755.933806300163,86800000.0,0.00034600000000000017,12.79
1.5031273663043978,0.6418117761611939,5.04098890721798e-06,2324.437491595745,102000000.0,0.00036800000000000016,13.129999999999999
1.4950048819184305,0.6985365450382234,8.31399428844452e-06,1246.8816265463827,198000000.00000003,0.0009019999999999999,13.41
1.4887718483805659,0.628918692469597,7.51553100347519e-06,2773.5397517681117,98200000.0,0.00039699999999999984,15.27
1.712848162651062,0.8041079342365266,6.141329772770406e-06,1294.8213443160055,202000000.0,0.00157,12.88
1.4754496291279795,0.5992134869098664,2.955821752548218e-06,2000.0528097152708,96800000.0,0.00017300000000000009,7.95
1.2558893144130707,0.604043260216713,3.876286536455155e-06,2438.9471411705013,85100000.00000003,0.00015499999999999986,10.050000000000002
1.672033077478409,0.7372445605695248,7.242081716656686e-06,1645.1655253767965,168000000.0,0.00113,14.57
1.6516615927219391,0.7464486066251994,2.9564434289932255e-06,2885.9389126300807,87600000.00000001,0.0005400000000000001,13.39
1.4345336481928828,0.6192301243543625,4.626167684793473e-06,885.7513517141341,205999999.99999997,0.000312,6.14
1.48843282610178,0.6979292660951615,4.6415414512157444e-06,1938.888683915138,122000000.00000004,0.000523,12.78
1.445937752723694,0.8223016396164895,3.016471087932587e-06,1451.513350009918,149000000.0,0.000758,9.84
1.4234268307685853,0.6229007899761201,6.347997970879079e-06,1790.6379625201223,123000000.00000003,0.0003400000000000001,12.16
1.4032497882843018,0.6755938544869423,8.934852331876757e-06,941.3270205259322,242999999.99999997,0.0008080000000000001,11.7
1.2721435010433197,0.6034518778324127,6.791501216590405e-06,500.3419816493987,353000000.0,0.0003200000000000001,3.51
1.6307959556579592,0.8791748195886613,4.1305536627769475e-06,990.8903688192366,229000000.0,0.00154,9.17
1.592661863565445,0.8777935087680817,2.994004368782044e-06,1289.748094975948,166000000.0,0.00111,9.34
1.5346813671290875,0.7393650446087122,1.0135841310024263e-05,989.3292486667632,256000000.0,0.00153,14.02
1.4900542348623278,0.6295527666807176,6.395111814141275e-06,1765.8446095883844,128000000.0,0.0004139999999999999,12.66
1.377603739500046,0.7708362624049188,6.702491844072939e-06,2498.834609985351,491000000.00000006,0.0007179999999999999,0.5600000000000005
1.71809658408165,0.8888055592775346,1.005829155445099e-05,495.3283369541167,462000000.0,0.00414,10.72
1.6766869068145753,0.7096756026148797,9.114841848611834e-06,1668.5940716415641,171999999.99999997,0.00112,15.4
1.6580070018768311,0.7408588411286474,8.2781018614769e-06,1346.5681970119474,201000000.0,0.00133,14.3
1.5281002320349217,0.6590611696243287,4.728753060102464e-06,2552.72264778614,97400000.00000003,0.00040400000000000006,13.73
1.3185010671615602,0.6125869899988174,3.680800169706345e-06,1884.9266339093444,103999999.99999999,0.0001860000000000001,8.84
1.4772538416087628,0.7022627636790276,5.8869042545557035e-06,979.1347682476043,228000000.0,0.0007309999999999999,9.66
1.4055541276931764,0.7144234344363213,9.720003187656404e-06,1062.033727765083,232999999.99999997,0.0011,13.59
1.231800252199173,0.6456049114465714,9.479044109582903e-06,1618.3361895382402,149999999.99999997,0.0004359999999999999,13.73
1.2683494091033938,0.597503024339676,2.962272167205811e-06,2702.925011515617,75800000.00000001,0.00012200000000000012,8.83
1.458518408238888,0.7290590040385724,4.446918964385987e-06,866.6178882122039,265000000.0,0.0006869999999999999,6.55
1.8013293385505678,0.6931804910302163,9.03004539012909e-06,2691.64527952671,126000000.00000001,0.0009530000000000001,17.04
1.6216310262680056,0.8699005365371705,4.8670542687177665e-06,928.0570149421691,251000000.0,0.00172,9.69
1.5492815762758256,0.6183691442012788,8.864714086055757e-06,3022.984445095062,93900000.0,0.00040299999999999993,16.0
1.4822281636297705,0.6313251793384552,5.48813970386982e-06,2090.1460871100426,109000000.00000001,0.0003530000000000001,12.71
1.49023582264781,0.6596022427082062,4.696018248796464e-06,850.2047061920165,235000000.00000003,0.00048100000000000004,6.77
1.3255377888679505,0.6118589222431183,4.6310476362705235e-06,2550.326913595199,87399999.99999999,0.000211,11.82
1.4990848045796157,0.6518682718276978,4.859913125634194e-06,1185.9987601637838,174000000.0,0.00046500000000000014,9.34
1.6887776255607607,0.7297128506004811,6.061197139322759e-06,2133.0486536026,131999999.99999999,0.0009019999999999999,15.01
1.6417218804359437,0.6849157199263574,7.5814287066459665e-06,2266.9738829135895,126000000.00000001,0.0007399999999999999,15.62
1.7849920749664308,0.8437889903783798,8.840812087059022e-06,777.5069326162337,315000000.0,0.00292,12.49
1.5464845955371858,0.6639959514141084,6.878702446818353e-06,2030.4981544613836,126000000.00000001,0.0005710000000000001,14.4
1.313285440206528,0.8657304167747498,9.53585594892502e-06,594.4223999977111,502999999.99999994,0.00233,8.44
1.7779963195323947,0.8956092685461046,3.7561876177787786e-06,1327.60713994503,177000000.0,0.00164,10.76
1.5145417638123038,0.796874450147152,8.413103282451631e-06,649.228125810623,357000000.0,0.00196,10.62
1.4472233891487123,0.8099156364798547,9.197681695222855e-06,1288.4297892451284,557000000.0,0.00151,4.67
1.5032688751816752,0.6285183995962144,5.174066781997682e-06,2852.613434195518,86399999.99999999,0.0003039999999999999,13.78
1.5758754909038546,0.8312470257282257,2.925757229328156e-06,2220.29759734869,124000000.00000003,0.000787,10.86
1.521780923008919,0.67183797955513,5.702536873519421e-06,2031.75663203001,121000000.0,0.0005180000000000001,13.73
1.561341579258442,0.7186251103878022,7.65687592327595e-06,1393.5286104679105,185000000.0,0.00101,13.85
1.4440810158848765,0.7024769291281701,9.219189196825029e-06,1101.3596802949903,222000000.0,0.0009949999999999998,13.35
1.4744860321283342,0.6529031485319138,7.497383892536164e-06,850.1142561435698,251999999.99999997,0.0006620000000000002,9.48
1.578327637910843,0.8071338951587678,2.9259842038154606e-06,2026.4923125505445,116999999.99999997,0.000741,11.58
1.5398098424077036,0.8637384563684464,2.972466826438904e-06,1321.4231580495832,162000000.00000003,0.000989,9.29
1.8000636935234071,0.597657322883606,2.946923434734345e-06,2402.1008163690567,87300000.0,0.000251,9.96
1.4938053175807,0.6794461145997048,4.282189100980759e-06,2239.799603819847,106000000.00000003,0.0004300000000000001,12.88
1.7666891276836396,0.7129820197820664,5.787658825516702e-06,2878.120049834251,105000000.00000003,0.0007640000000000001,16.05
1.7302007853984833,0.9027516782283784,2.90351414680481e-06,2062.519446015358,149999999.99999997,0.00119,9.28
1.6517784655094148,0.6455453306436539,9.092831373214723e-06,2928.938597440719,105000000.00000003,0.0005620000000000001,16.64
1.68911372423172,0.9050127267837526,3.0060523748397833e-06,2475.8269935846324,217000000.00000003,0.0010500000000000002,4.8500000000000005
1.4830456472933293,0.7396807573735714,7.6065938770771036e-06,887.6978904008864,270000000.0,0.00116,11.1
1.4526694849133492,0.6348450422286988,7.326747581362725e-06,742.5181865692138,276000000.0,0.0005400000000000001,7.87
1.4873790219426157,0.6263269990682603,5.379702955484391e-06,1561.917785555124,132999999.99999997,0.00035899999999999994,11.03
1.4520971953868866,0.7661086823791267,8.63990503549576e-06,634.2159509658812,356000000.0,0.00158,10.4
1.4731310427188875,0.6845517441630364,8.453883171081544e-06,1245.3725859522817,195000000.0,0.0008049999999999999,13.24
1.4732510268688204,0.7310245960950852,7.538182765245439e-06,793.8867360353469,298000000.0,0.00109,10.050000000000002
1.4985119774937632,0.7932455554604531,5.367940232157708e-06,952.7319967746733,257000000.0,0.00115,9.46
1.4114703297615052,0.7783173993229867,3.1178141534328466e-06,899.259254336357,232999999.99999997,0.0006599999999999999,5.81
1.5528093114495278,0.6628703624010087,7.983006656169893e-06,2286.54070943594,122000000.00000004,0.000598,15.36
1.8012112140655518,0.7006632059812546,6.93724037706852e-06,2923.313111066818,109000000.00000001,0.0008139999999999999,16.63
1.5387176513671876,0.8672372728586197,4.246852427721024e-06,2160.3469848632812,377000000.0,0.00102,1.72
1.5774687588214875,0.6892786100506784,2.992579102516175e-06,2841.3062095642085,83000000.0,0.00036700000000000003,12.79
1.4832782328128815,0.7042450323700905,7.440961748361588e-06,1157.8237190842626,205999999.99999997,0.0008560000000000001,12.39
1.430201317369938,0.6171034812927246,6.067948639392854e-06,2979.3377518653865,82599999.99999999,0.0002740000000000001,14.12
1.7487873852252962,0.8385992646217347,7.969797387719155e-06,851.6362607479094,291000000.0,0.0025,12.28
1.4828195326030256,0.6311169236898423,4.346375524997712e-06,2118.1908547878265,102999999.99999999,0.000301,11.57
1.342940837144852,0.6148905068635941,6.68328587524593e-06,2840.66791832447,86499999.99999999,0.000257,13.92
1.3231917679309846,0.6120964497327805,4.853426933288575e-06,2536.335170269012,88499999.99999997,0.00021700000000000007,12.01
1.6721797227859498,0.829694214463234,5.789516605436802e-06,1082.727566361427,231000000.0,0.00171,11.59
1.5350335210561754,0.8252700537443162,8.632255911827089e-06,1291.8564230203626,592000000.0,0.00171,3.6100000000000003
1.4389277502894402,0.7326930485665799,4.070662438869477e-06,1479.5207530260084,150999999.99999997,0.0006029999999999999,10.85
1.4830069206655028,0.6309114933013916,3.795716434717179e-06,1983.9712530374525,105000000.00000003,0.00027799999999999987,10.51
1.5043294318020346,0.6407817631959916,5.876571908593179e-06,1902.2765960544345,122000000.00000004,0.00043399999999999987,12.95
1.5595059603452683,0.6146404445171356,8.245194211602212e-06,3012.1654570102687,91299999.99999997,0.00038,15.64
1.636171442270279,0.821200655400753,6.167685020714999e-06,1002.2570490837096,247000000.0,0.00172,11.44
1.3837578713893892,0.7643825378268958,3.07589939236641e-06,1320.1427012681959,157000000.0,0.000554,9.08
1.4956881657242775,0.7003266066312791,8.794666171073916e-06,1238.3174821734426,202000000.0,0.0009620000000000001,13.71
1.746256935596466,0.796390923857689,4.704352259635926e-06,1871.5894427150486,142000000.00000003,0.00115,13.45
1.404862028360367,0.8012320384383202,3.007868796586991e-06,1150.8840620517728,179000000.00000003,0.000695,8.08
1.678037327528,0.8365435123443604,5.084310576319696e-06,1185.9896704554556,210000000.0,0.00157,11.38
1.6667780935764314,0.726068788021803,8.865059554576876e-06,1442.827649414539,192000000.0,0.00126,14.829999999999998
1.5142849490046502,0.6495316118001938,4.638331890106202e-06,2528.5126566886897,95899999.99999999,0.000365,13.33
1.207232505083084,0.6999624073505403,1.0039877414703371e-05,1336.7710933089254,196000000.00000003,0.000729,14.25
1.4997618701308968,0.7501975312829018,5.096931651234627e-06,1383.0517530441282,173000000.0,0.000835,11.78
1.4913483247160912,0.6323002517223358,5.386497899889947e-06,2639.472141861915,92900000.0,0.0003290000000000001,13.71
1.5004706136882306,0.6504909843206407,6.09202890098095e-06,1623.3132053166626,141000000.00000003,0.0004939999999999999,12.47
1.6033758938312532,0.6490875184535981,3.0146513283252723e-06,1531.333617866039,130999999.99999999,0.00033600000000000004,8.33
1.2991274356842042,0.6167462468147278,8.60472983121872e-06,2359.509237110615,105000000.00000003,0.000321,14.379999999999999
1.3695836126804353,0.6325910300016404,8.50348398089409e-06,474.33602809905994,374000000.0,0.000614,6.86
1.4705693542957308,0.6643729984760285,3.5023781955242163e-06,470.3828990459441,357000000.0,0.00041700000000000005,1.4200000000000004
1.624915534257889,0.6886116653680802,9.59595412015915e-06,2018.0222317576406,148000000.0,0.0009109999999999999,16.03
1.6591054558753968,0.6824210688471795,8.654391556978227e-06,2311.925806105137,130000000.0,0.000801,16.09
1.4436121568083764,0.6973307088017464,8.391144126653672e-06,514.154016971588,395000000.0,0.00114,8.54
1.581634631752968,0.68397965580225,3.0642617344856268e-06,2980.8709323406215,78899999.99999999,0.00035899999999999994,13.129999999999999
1.6972565531730652,0.7921871200203896,3.669574320316315e-06,2212.9720374941826,116999999.99999997,0.00087,13.2
1.3764903724193573,0.6568468004465103,8.10972882807255e-06,2069.6467086672783,127000000.00000001,0.000488,14.59
1.4680250063538554,0.6739308714866639,5.470709398388863e-06,636.4219188690184,357000000.0,0.0005899999999999999,4.52
1.4779003702104092,0.7789562970399857,6.7173585947603e-06,2449.226334691047,398000000.0,0.0008359999999999999,3.5000000000000004
1.7492869019508364,0.7453650500625373,3.90636169910431e-06,2915.7249927520747,94800000.0,0.000701,14.829999999999998
1.5558357551693918,0.7590855706483126,7.099364623427392e-06,1089.6392464637754,227000000.00000003,0.00128,12.47
1.7625479757785798,0.8569801390171051,9.388878703117371e-06,621.4991509914397,379000000.0,0.00339,11.53
1.4160676538944246,0.6959426164627076,9.098273336887361e-06,993.5374855995177,237000000.0,0.000938,12.6
1.4534602761268618,0.7041409626603127,3.6070272028446203e-06,2049.152135848999,111000000.0,0.00043999999999999996,11.89
1.4795275747776033,0.6892817527055741,7.075340948998929e-06,1138.9395520091055,203000000.0,0.000747,11.71
1.5359497636556627,0.8138068512082101,4.826236411929131e-06,1071.4732408523557,222000000.0,0.00121,10.09
1.4596595093607905,0.7680073019117117,4.356756478548051e-06,810.2753311395644,310000000.0,0.0008120000000000001,5.39
1.512172231078148,0.6456544160842896,7.161848895251752e-06,2271.712005138397,114999999.99999997,0.0004850000000000001,14.66
1.4836849093437197,0.5989509165287018,2.8972247838974003e-06,1584.8019644618032,116999999.99999997,0.00018000000000000004,6.51
1.3280950963497162,0.7480310060083867,9.048130750656128e-06,2225.4480347037315,585000000.0,0.000745,0.9599999999999999
1.2889620602130891,0.6281345397233964,9.352570086717607e-06,1116.5561825037,194000000.0,0.0004500000000000001,11.34
1.447823077440262,0.7432132299989462,4.3724125027656565e-06,1340.7184481620786,168999999.99999997,0.000688,10.65
1.75098534822464,0.7107903733849527,8.15960292518139e-06,2182.0480301976204,140000000.0,0.00102,16.06
1.6085047245025637,0.7239199250936509,9.832820355892184e-06,1248.8068938255308,216000000.00000003,0.00134,14.68
1.459478411078453,0.7282237753272057,8.345102936029435e-06,786.7484837770461,297000000.0,0.00118,10.86
1.594494026899338,0.6958769649267197,7.410885334014893e-06,1845.5921690911052,145000000.0,0.000804,14.829999999999998
1.525987382233143,0.8363132447004319,5.253108769655229e-06,838.2801264524459,287000000.0,0.00146,8.800000000000002
1.5822784423828127,0.8703230291604996,4.194672286510468e-06,916.2144660949706,251000000.0,0.00145,8.36
1.3532562911510468,0.8738272637128831,8.984186530113222e-06,654.6674221754073,455000000.0,0.00241,8.67
1.6904996395111085,0.7290578350424767,7.164252050220968e-06,1846.8054588884113,152999999.99999997,0.0010500000000000002,15.02
1.2606101989746095,0.6069068133831025,6.021365776658059e-06,988.2529377937316,188999999.99999997,0.000255,7.1899999999999995
1.3438383758068086,0.6155313581228257,6.783521331846715e-06,904.3491184711455,213000000.0,0.00034500000000000004,7.9
1.7572474837303163,0.837037217617035,5.007694378495217e-06,1398.121893405914,184000000.0,0.00158,12.29
1.488692329823971,0.8148950412869455,4.415210753679276e-06,803.7048131227492,314000000.0,0.00109,5.99
1.456826448440552,0.7364818096160889,4.345256924629212e-06,1524.2184065282343,149999999.99999997,0.0006449999999999998,11.4
1.5287305086851122,0.8150672212243081,5.741597451269628e-06,883.8126361370086,272000000.0,0.0014399999999999999,9.84
1.3517484605312349,0.6154041320085526,7.6132573932409296e-06,1293.533846735954,161000000.00000003,0.0003550000000000001,10.85
1.3460341930389406,0.6164993762969971,8.46862691640854e-06,1213.7947902083395,175000000.0,0.000396,11.05
1.3600432097911836,0.6855612471699716,9.354250490665437e-06,1792.3907022923229,153999999.99999997,0.000673,15.02
1.479434307664633,0.6832965821027757,5.513548433780671e-06,1356.8234369158743,166000000.0,0.000587,11.31
1.5691351130604745,0.8136339381337166,5.181243911385537e-06,1078.2781541347501,225999999.99999997,0.00133,10.6
1.7577271878719332,0.685975742340088,8.192604139447213e-06,2745.9898144006725,116999999.99999997,0.000804,16.72
1.4203035771846773,0.8046948373317719,3.1962017118930823e-06,917.8319126367568,235000000.00000003,0.000763,6.12
1.5323152765631678,0.6911936670541764,9.458264261484147e-06,1523.1164842844007,177000000.0,0.000928,14.9
1.3492151141166688,0.6545425772666932,9.012313008308411e-06,1168.833404779434,197000000.00000003,0.0006029999999999999,12.25
1.619009578227997,0.743069263547659,7.890493586659433e-06,1281.0203358530996,205000000.0,0.00128,13.81
1.4479675948619843,0.6292053312063218,7.690274655818941e-06,892.2375291585921,230000000.0,0.0005129999999999999,9.29
1.4945696443319323,0.710519152879715,3.1072416901588444e-06,2616.7358756065364,91199999.99999999,0.0004,12.66
1.4813366554677487,0.7724008172750474,5.234748139977456e-06,1041.340336203575,230000000.0,0.000976,9.95
1.3168870568275453,0.6115244686603547,3.836448758840562e-06,2096.2444618344307,96200000.0,0.0001860000000000001,9.64
1.5032988835126162,0.6296984285116196,5.011797338724137e-06,1118.4107810258863,179000000.00000003,0.00039799999999999997,8.66
1.5305628396570683,0.6401997238397599,6.219193886965514e-06,2434.539899230003,105000000.00000003,0.00043099999999999996,14.349999999999998
1.3206885516643525,0.6124782085418702,3.688767850399018e-06,1995.4613521695135,99500000.00000001,0.00018400000000000008,9.15
1.5069981252774598,0.6282460033893585,5.135796755552293e-06,2874.067828059196,85800000.0,0.0003039999999999999,13.8
1.669502878189087,0.765290067717433,3.957301825284958e-06,2318.995513021946,112999999.99999999,0.0007810000000000002,13.7
1.674711549282074,0.6862587466835977,7.223884016275407e-06,2520.29138803482,116999999.99999997,0.0007179999999999999,15.94
1.482255830615759,0.683434121310711,7.610917553305627e-06,1247.6252689957616,189999999.99999997,0.000743,12.66
1.5150025986135007,0.7215393975377083,5.073218345642091e-06,1757.5118150562046,138000000.0,0.0006810000000000001,12.99
1.503905960172415,0.6569224298000337,3.420267671346665e-06,2462.5028222799297,91900000.00000001,0.00030300000000000005,11.69
1.3879945993423464,0.7569053705781699,9.631097197532656e-06,1904.8459101468322,548000000.0,0.0009509999999999998,3.3500000000000005
1.4791164167225361,0.6306914716959,6.004031278192998e-06,2536.817520856857,97500000.00000001,0.0003490000000000001,13.96
1.6924649477005007,0.8768640339374543,3.985542416572571e-06,1209.4305008649824,194000000.0,0.00153,10.32
1.4588832154870035,0.6602798938751221,8.061725184321404e-06,2169.655255973339,125000000.00000001,0.0005409999999999999,14.97
1.2495580136775972,0.602698963880539,5.040214627981187e-06,792.9373830556868,223999999.99999997,0.0002249999999999999,4.45
1.394741588830948,0.6758015871047974,8.948842763900758e-06,638.3657008409499,334000000.0,0.0008929999999999999,9.38
1.2642744004726412,0.6070658415555954,6.0096985474228864e-06,892.7313536405562,205999999.99999997,0.0002599999999999999,6.5
1.328349655866623,0.6920031264424324,9.442770749330523e-06,836.9508683681487,273000000.0,0.0009090000000000001,11.7
1.4989823017269375,0.8474339157342912,8.865369975566865e-06,1053.4581840038297,559000000.0,0.00198,5.330000000000001
1.5062407711520793,0.6468918263912201,5.097070798277856e-06,2236.122705042362,106000000.00000003,0.00039399999999999993,13.14
1.7410801470279695,0.6436978340148927,2.9617802500724797e-06,2810.5852305889125,80299999.99999999,0.00032500000000000004,12.14
1.7764578580856325,0.9063471794128419,3.1418865919113165e-06,956.6200077533721,219000000.0,0.00157,7.41
1.5978197515010835,0.7754909500479699,8.302097111940384e-06,908.9198261499404,269000000.0,0.00173,12.62
1.488778281211853,0.7967880696058274,6.2273653075099e-06,599.9823212623595,388000000.0,0.0014700000000000002,7.639999999999999
1.465081648528576,0.7834764495491983,8.108233466744424e-06,540.3835624456405,405000000.0,0.00178,9.32
1.4903507485985756,0.7852600693702698,5.927898287773133e-06,604.2388379573821,386000000.0,0.00131,7.04
1.6041942179203035,0.7976715356111527,4.100147217512132e-06,1612.3025789856908,149999999.99999997,0.0009739999999999999,11.87
1.4705778881907465,0.6850466564297677,4.694962024688722e-06,1335.0506797432897,162000000.00000003,0.0005310000000000001,10.43
1.5735035195946694,0.6865873262286187,6.301475554704667e-06,2112.5107929110527,124000000.00000003,0.000636,14.63
1.451375059783459,0.8147915348410607,3.1961564421653753e-06,838.6735916137694,265000000.0,0.0008300000000000001,5.04
1.7335214853286744,0.7002351611852646,5.01957392692566e-06,2995.0766563415523,93800000.00000001,0.0006079999999999998,15.55
1.4852228343486786,0.6735052853822708,5.085833057761193e-06,961.8509858846663,218000000.00000003,0.000561,8.34
1.6624406933784486,0.8930162698030473,3.0589985549449926e-06,1054.9654364585874,199000000.00000003,0.00131,8.05
1.4926138669252398,0.659195351600647,5.225111007690431e-06,1027.15890109539,202000000.0,0.000523,8.89
1.7416093289852144,0.9049351751804353,3.1505406200885777e-06,2520.7921415567394,251999999.99999997,0.0010699999999999998,2.81
1.199666476249695,0.5961986839771272,9.69038510322571e-06,2625.4116296768184,96100000.00000001,0.00024800000000000007,14.49
1.5296614766120913,0.6502921611070633,3.4034690558910378e-06,2915.7962203025813,79500000.00000001,0.00028599999999999996,12.66
1.4947280287742617,0.6391354948282243,7.002026416361333e-06,1214.6792113780973,180000000.00000003,0.0005470000000000001,11.31
1.408601188659668,0.7945252999663354,2.9815149307250982e-06,1458.9422121644018,147000000.0,0.0006469999999999999,9.66
1.5282626688480379,0.7584422361105682,7.935630425810814e-06,918.5996204614638,261999999.99999997,0.0014399999999999999,12.2
1.6915359735488893,0.8013357371091844,4.531034708023072e-06,1690.6646704301236,150999999.99999997,0.00113,12.68
1.734455466270447,0.7182646706700325,8.009774520993233e-06,1988.5617047548292,149000000.0,0.0010699999999999998,15.71
1.66035835146904,0.641744962334633,2.9845465421676643e-06,2896.8864232301707,77300000.0,0.0002869999999999999,12.15
1.8108811140060426,0.7967145860195161,4.958273082971574e-06,2019.9520438909528,137000000.0,0.00123,14.18
1.5552956610918047,0.7596411790698767,8.229852572083475e-06,940.4587298631667,258000000.0,0.00152,12.649999999999999
1.5165042489767075,0.6490399271249772,3.5058662593364723e-06,1697.189870290458,120000000.0,0.00032999999999999994,9.74
1.490920925885439,0.7760093316435814,5.74486354738474e-06,940.8410936594008,260000000.0,0.0011,9.71
1.8040896177291872,0.7457515954971314,6.990431368350984e-06,2116.187244653702,142000000.00000003,0.00118,15.69
1.6122953653335572,0.8732681930065156,4.160416245460511e-06,585.5229049921035,373000000.0,0.0017,5.21
1.5082771595567466,0.7988809302449227,7.084043376147748e-06,749.4651079177855,317000000.0,0.00161,10.13
1.4090360462665559,0.8262538522481919,3.0943141579627997e-06,1149.6638804674146,183000000.0,0.000798,8.29
1.7022016167640688,0.902307415008545,2.951852202415467e-06,2344.908334314823,164000000.0,0.00111,8.3
1.6155680894851685,0.7169661886990071,6.012016221880914e-06,2005.719907581806,132999999.99999997,0.0007969999999999999,14.6
1.3376457989215853,0.640215477347374,8.160422578454018e-06,2461.612626910209,108000000.00000001,0.00039000000000000016,14.989999999999998
1.5758333176374437,0.6779361873865128,9.333675503730775e-06,2338.000677525997,130999999.99999999,0.0007340000000000001,16.23
1.51440424695611,0.6467698931694031,7.161207139492036e-06,2084.46092158556,122000000.00000004,0.0005030000000000001,14.32
1.5472066640853883,0.6366920024156572,4.953146547079087e-06,2857.866987586021,88000000.00000001,0.0003439999999999999,14.01
1.438195087015629,0.8231789991259576,9.345124989748003e-06,1161.0866636037824,682000000.0,0.00167,2.81
1.795396113395691,0.8447115004062653,4.910623565316201e-06,1475.7491946220396,175000000.0,0.00163,12.56
1.4001946806907655,0.6207875132560731,3.543192714452744e-06,2561.7026090621944,84800000.00000001,0.00020699999999999996,10.950000000000001
1.6932059705257416,0.8941984444856644,7.075188606977464e-06,571.098357439041,404000000.0,0.0029999999999999996,9.15
1.4776117086410523,0.6323891580104829,5.1220519691705715e-06,2542.5533503293987,93999999.99999999,0.00031600000000000004,13.27
1.6042063593864442,0.8026460140943528,8.658482104539872e-06,722.4353700876235,332000000.0,0.0022,11.51
1.3632817447185517,0.8145770832896233,9.756103813648226e-06,1220.5005735158918,814000000.0,0.0013800000000000002,0.3500000000000004
1.7994837462902071,0.6464594185352326,3.022805511951447e-06,2204.512909054756,98299999.99999999,0.00039000000000000016,10.99
1.4897800751030446,0.7831724792718888,5.20596368610859e-06,784.2548489570617,322000000.0,0.00109,7.04
1.2248382568359375,0.6530634909868241,9.827994644641878e-06,822.5404024124144,260999999.99999997,0.0005769999999999999,10.83
1.350675630569458,0.6006394565105438,3.006743103265763e-06,1993.7316253781316,95700000.00000001,0.00014900000000000004,7.58
1.4675697326660158,0.7903666377067566,4.128363609313965e-06,1211.2217321991918,187999999.99999997,0.0008709999999999999,9.9
1.520889388024807,0.7223099872469902,9.684860736131669e-06,1122.1453845500944,228000000.0,0.00127,14.02
1.5496627986431124,0.6925352543592453,6.262177702039481e-06,1914.9490371346471,132999999.99999997,0.000661,14.21
1.5858552128076555,0.7896119311451912,8.965473651885987e-06,731.5615117549895,327000000.0,0.00209,11.76
1.3365635097026827,0.6414580374956131,8.35586252808571e-06,1844.0059963613746,132999999.99999997,0.00043399999999999987,13.83
1.4187491834163668,0.6226318985223771,7.381207898259164e-06,1583.1111110746858,139000000.0,0.000387,12.24
1.531363879144192,0.6676010370254517,5.785620383918286e-06,2132.3526203632355,116999999.99999997,0.0005090000000000001,13.95
1.494108809530735,0.6503021210432053,4.141103386878968e-06,807.8231960535048,232000000.0,0.00041799999999999997,5.86
1.4637423858046532,0.6906912043690682,3.3974629938602454e-06,1604.6020872890947,130000000.0,0.00040600000000000006,9.96
1.4909506984055043,0.8582521945238114,3.1013904213905342e-06,1153.6675989627836,183000000.0,0.00098,8.48
1.8106249809265138,0.7473233733326198,4.878956452012063e-06,2830.008596181869,105000000.00000003,0.0008689999999999999,15.61
1.6231271982192994,0.7205135397613049,6.231960132718087e-06,1928.1122386455534,139000000.0,0.0008499999999999998,14.58
1.4134634971618654,0.7608059506863356,3.1324327290058144e-06,826.9159048795699,260999999.99999997,0.0006010000000000002,4.76
1.2852009236812594,0.7449653115123511,1.0037747025489809e-05,704.2765915393828,324000000.0,0.0013800000000000002,12.16
1.2038215577602387,0.5944016575813293,8.254601448774339e-06,3017.6902115344997,81699999.99999999,0.00020499999999999994,14.18
1.5167428225278856,0.6525643050670624,3.470891118049622e-06,1489.1003370285032,134999999.99999997,0.0003490000000000001,8.88
1.6265901803970337,0.7693885758519173,6.1772320568561565e-06,1369.9234947562215,187999999.99999997,0.00122,13.02
1.466407035291195,0.6922477349638939,4.48936027288437e-06,815.2505308389663,265000000.0,0.000558,6.02
1.5260142713785172,0.7100515052676202,4.490382909774781e-06,2149.3112221360207,113999999.99999999,0.0005640000000000002,13.419999999999998
1.5316155552864077,0.8469888746738434,7.034913152456284e-06,565.7267123460769,403000000.0,0.00224,8.87
1.4943409748375418,0.708198031783104,5.555226624011995e-06,1610.4256659746168,149000000.0,0.0006620000000000002,12.78
1.6417716801166535,0.7181134097278119,5.81897134333849e-06,2171.5433448553085,126000000.00000001,0.0007860000000000001,14.88
1.5522463828325272,0.7076366096735002,7.1252222955226906e-06,1578.0164971947668,163000000.0,0.000848,14.02
1.2681415736675263,0.7062833905220033,9.985244780778887e-06,1239.9970665574072,208999999.99999997,0.0008539999999999998,14.12
1.4816447943449023,0.6531182259321213,7.356270745396615e-06,938.7628287076949,229000000.0,0.0006519999999999998,10.09
1.4544993326067925,0.7020904853940011,3.901557266712189e-06,950.3004997968673,213000000.0,0.0005289999999999998,7.1
1.7207907021045685,0.730266983807087,3.96594125032425e-06,2939.223080873489,92800000.00000001,0.000627,14.79
1.2595371901988985,0.6043354779481889,3.838867664337159e-06,2552.7020096778865,82300000.00000003,0.00015399999999999998,10.28
1.2536608278751376,0.605192792415619,7.067788466811181e-06,1351.979814469814,146000000.0,0.0002709999999999999,10.17
1.397090917825699,0.8574146568775177,9.204046785831454e-06,806.3398599624633,498000000.0,0.00215,7.51
1.4884841948747636,0.7064926609396935,6.377180399373175e-06,1371.557518839836,175000000.0,0.0007420000000000001,12.56
1.521475499868393,0.648531398177147,4.6203727424144755e-06,2626.611471176147,93300000.00000001,0.0003600000000000001,13.5
1.4833844885230065,0.6290676981210709,3.236128568649293e-06,2928.563386201858,75600000.00000003,0.00022300000000000013,11.75
1.4904055774211884,0.7064600005745888,8.250924587249757e-06,1149.7612595558164,212000000.0,0.0009660000000000002,13.03
1.4977503396570684,0.8360986411571504,6.098971493542195e-06,574.4003802537917,394000000.0,0.00181,7.799999999999999
1.34197513461113,0.615913912653923,5.4423747211694725e-06,2643.8866853713985,88200000.0,0.00023799999999999993,12.9
1.4713872089982034,0.7245209723711015,1.0091519951820374e-05,1102.8851866722105,232999999.99999997,0.00127,14.26
1.4746235847473146,0.6859321832656861,4.529933214187623e-06,881.2687844038009,237000000.0,0.0005470000000000001,6.94
1.435628865659237,0.7690242379903794,2.9250024557113654e-06,1753.935098648071,126000000.00000001,0.000567,10.68
1.2599603533744814,0.604664146900177,6.989829562604428e-06,2192.8666085004807,102000000.0,0.00024100000000000008,12.53
1.3421829521656037,0.6134086936712265,7.612085387110711e-06,1977.0505577325819,114999999.99999997,0.0003149999999999999,13.02
1.4652073681354525,0.6953303262591363,5.252869486808777e-06,680.0469309091567,350000000.0,0.0006400000000000002,4.72
1.2081254661083223,0.5978834509849549,5.006069257855416e-06,1676.1298961937425,115999999.99999997,0.00016999999999999993,8.95
1.6147174000740052,0.7964242592453957,7.039443619549275e-06,980.2662879228591,251999999.99999997,0.0016800000000000003,12.14
1.5292719282209875,0.7483633607625962,5.261083438992501e-06,1481.3643991947172,165000000.0,0.000864,12.4
1.472408048808575,0.7554627891629935,2.949942529201508e-06,2217.3177376389503,103999999.99999999,0.000514,12.02
1.4601521953940393,0.7032038301229477,4.698739856481553e-06,1360.0075542926786,163000000.0,0.000582,10.74
1.2816237330436708,0.7740213185548783,1.0002501726150514e-05,430.0459027290343,431000000.0,0.00174,10.47
1.26146274805069,0.6045646458864212,7.022076316177846e-06,1899.1263788193462,113999999.99999999,0.000251,11.81
1.6364578664302827,0.7439188342541457,8.322955816984177e-06,1249.4255155324934,212000000.0,0.00137,13.98
1.474659687280655,0.7468942668288947,5.268823623657227e-06,1207.1819156408308,196000000.00000003,0.0008319999999999998,11.0
1.2238647758960726,0.6739587038755418,9.48825639486313e-06,1880.3931418806312,144000000.00000003,0.000512,14.86
1.8000529646873475,0.8967450052499772,3.014065951108933e-06,1704.9934780225155,137000000.0,0.00134,10.99
1.4787855036556723,0.6939483359456063,6.626577900722624e-06,713.8886600732802,320000000.0,0.000804,7.73
1.5403677552938462,0.7652966257184745,5.855926670134068e-06,1213.3684307336805,203000000.0,0.00109,11.9
1.7568837046623231,0.867330488562584,6.167691878974438e-06,980.8998107910155,254000000.00000003,0.00226,11.53
1.48638309314847,0.6280642926692963,6.332189578562976e-06,1017.4322426319121,200000000.0,0.0004520000000000001,9.24
1.5063061812892558,0.7114861831068994,7.615103751420976e-06,1245.7185536622999,198000000.00000003,0.0009300000000000003,13.1
1.3696642220020296,0.6843560770154,9.376575142145159e-06,1355.1857993006704,186999999.99999997,0.000745,13.91
1.2693916261196139,0.6038870841264725,8.87110733985901e-06,1101.9771099090574,185000000.0,0.00034799999999999995,10.23
1.446299421787262,0.6013344168663025,3.00597956776619e-06,655.2740484476088,246000000.0,0.000198,0.6199999999999998
1.4052425801753998,0.6695346146821977,8.779350817203522e-06,498.2538819313048,388000000.0,0.000926,8.24
1.5464393913745882,0.8618993192911149,5.739643812179566e-06,656.4354449510573,360000000.0,0.00194,7.959999999999999
1.4362207487225533,0.6175133228302002,7.329710558056832e-06,2927.875399589538,88900000.00000003,0.00031600000000000004,14.86
1.5019112549722196,0.6389485895633699,5.201092079281808e-06,1988.380655646324,113999999.99999999,0.000385,12.45
1.489419972896576,0.7717415392398835,5.616377264261247e-06,776.3877063989638,323000000.0,0.0011,7.55
1.2600517630577088,0.605578288435936,6.8926225230097785e-06,2514.7684216499324,92500000.0,0.0002320000000000001,13.129999999999999
1.573800712823868,0.7150542587041856,2.9336274862289434e-06,1643.573736771941,129000000.0,0.0004780000000000001,9.82
1.4746965095400812,0.6318007707595826,6.524181662127377e-06,2200.395420193672,110000000.0,0.00039300000000000007,13.78
1.5186100982129576,0.6397608518600465,4.223780304193498e-06,1501.538187265396,136000000.0,0.00037199999999999993,9.890000000000002
1.6259579122066499,0.6625609070062638,2.9218198060989387e-06,855.6733578443526,205999999.99999997,0.00041500000000000006,5.14
1.651323062181473,0.6177898496389389,8.042187333106996e-06,3019.4300711154933,93000000.0,0.00042800000000000005,15.85
1.7605638921260836,0.7641109485179186,6.113027952611447e-06,1903.7968870252369,149000000.0,0.00119,14.669999999999998
1.4136821508407593,0.6204776287078858,3.3618259131908425e-06,2770.432114601135,78899999.99999999,0.00019900000000000012,11.14
1.4253467604517938,0.7684312921017409,3.853535681962968e-06,794.7410941123961,308000000.0,0.0007120000000000001,4.52
1.6877298831939698,0.863142791390419,2.9578862190246586e-06,1795.1783463358877,132999999.99999997,0.0010500000000000002,11.14
1.4906163722276689,0.6954932168126107,6.00990466028452e-06,1539.3816791474817,155000000.0,0.0006469999999999999,12.76
1.2745540916919709,0.6590911209583283,9.159373283386231e-06,1550.9523190557954,159000000.00000003,0.000512,13.67
1.4810331881046297,0.6232073843479157,4.592046827077866e-06,1285.0458845496175,152999999.99999997,0.00032799999999999995,8.79
1.6419939637184144,0.7697357296943665,4.027250647544861e-06,2113.934114575386,121000000.0,0.0008080000000000001,13.259999999999998
1.2380935728549958,0.669826152920723,9.487911760807039e-06,2080.5547684431076,133999999.99999997,0.0004910000000000001,15.25
1.4808870971202852,0.720155954360962,6.405290657654406e-06,737.5883609056472,323000000.0,0.0009070000000000001,7.879999999999999
1.278074634075165,0.7453471306711436,7.931276917457581e-06,2422.214850783348,541000000.0,0.0006029999999999999,0.4599999999999997
1.2956955134868624,0.6744789898395539,9.46480479836464e-06,842.3057496547698,266000000.0,0.0007619999999999999,11.31
1.3297713339328767,0.6144015222787857,5.652150571346284e-06,2099.8998284339905,103999999.99999999,0.00025299999999999997,11.86
1.5551325827836993,0.7595732051879168,5.8766141533851634e-06,1309.2317357659338,189999999.99999997,0.00106,12.37
1.4219391524791718,0.7647078383713961,7.529348075389863e-06,2490.3565198183055,491000000.00000006,0.000778,1.72
1.3559384465217592,0.7025079354643823,9.570783525705339e-06,1051.3233691453931,231000000.0,0.0009419999999999999,13.2
1.2218800306320192,0.6448899060487748,9.472179383039476e-06,2005.7399868965147,128000000.0,0.000402,14.65
1.4713592469692232,0.6564470708370209,7.901269137859346e-06,2303.588904440403,119000000.0,0.0005180000000000001,15.11
1.7720780432224275,0.6637172341346741,8.436430335044861e-06,2986.9096279144283,106000000.00000003,0.000682,17.01
1.3313398718833924,0.6155734956264496,6.099541798233987e-06,2393.604099750519,96100000.00000001,0.000257,12.9
1.5277883470058442,0.7609775315970183,8.692839950323105e-06,2101.194888353348,409000000.0,0.00103,5.73
1.4894613571465016,0.6852017685770989,6.9997239708900466e-06,1378.1955391168592,173000000.0,0.000692,12.8
1.2246986210346222,0.6418194472789766,9.502906054258349e-06,2205.7039216160774,120000000.0,0.000387,15.0
1.3122677922248842,0.6718380868434907,9.231389701366426e-06,1337.4753594398496,184000000.0,0.000633,13.34
1.5637999668717386,0.7550188947468996,3.83949100971222e-06,2094.182327389717,116999999.99999997,0.0006830000000000001,12.91
1.6795925438404085,0.7323796324431897,7.869325920939446e-06,1594.2835081368682,175000000.0,0.00118,14.79
1.3369574010372163,0.6152179419994355,6.22816013544798e-06,1176.6426935791967,166000000.0,0.00030799999999999995,9.16
1.5862703561782838,0.7804341986775399,8.061845347285271e-06,2220.704101026058,534000000.0,0.00106,2.0699999999999994
1.2234389126300813,0.5983249425888062,4.707705765962602e-06,2855.3201556205745,77300000.0,0.00015100000000000007,11.72
1.437535183131695,0.7165399566292764,3.878224790096284e-06,817.0034289360045,265000000.0,0.0005509999999999998,5.4
1.4804782301187516,0.6895233482122421,5.670882590115071e-06,823.7659484148024,274000000.0,0.000673,7.54
1.5775383174419404,0.6365578562021256,8.380569785833359e-06,2860.2420836687083,102000000.0,0.00047900000000000004,16.0
1.2064206540584566,0.5953366935253144,8.138710424304009e-06,1259.5396414399145,156000000.0,0.00026100000000000006,10.13
1.4586159870028497,0.8008266493678093,7.929913088679315e-06,521.5784460306166,415000000.0,0.00189,9.06
1.4645662173628808,0.7617966536432506,8.018761605024338e-06,673.3750849962233,344000000.0,0.00142,9.95
1.4053982913494112,0.6792637422680855,9.220871061086657e-06,1674.1992272436617,159000000.00000003,0.000686,14.69
1.5533904165029526,0.6451148718595505,9.909634321928026e-06,2961.0976874828334,105000000.00000003,0.000521,16.87
1.539758947491646,0.6427438259124757,3.1107237040996557e-06,1222.8337600827215,157000000.0,0.00030799999999999995,6.66
1.6115675926208497,0.7256299585103989,6.267911963164807e-06,1802.0722195506094,147000000.0,0.000888,14.29
1.3047599494457247,0.6238796085119248,9.212768197059632e-06,919.0773516893386,224999999.99999997,0.00045900000000000004,10.04
1.4965169191360475,0.7293086417019368,2.9183259010314947e-06,1105.6953221559522,176000000.0,0.0005159999999999999,7.44
1.5145739022642375,0.7581269402056933,6.23335486277938e-06,1108.055144548416,221000000.0,0.00109,11.59
1.4857382342219354,0.8358298927545548,3.7154928445816047e-06,853.257581591606,281000000.0,0.00103,5.89
1.4812848776578904,0.6831158503890038,5.516332104802132e-06,1452.2549062967298,157000000.0,0.000576,11.71
1.474766193330288,0.632188367843628,5.136672735214234e-06,2431.9180399179454,96899999.99999999,0.0003200000000000001,13.08
1.5082144360989334,0.7302190214395524,5.342203557491303e-06,1553.3260926604269,156000000.0,0.000758,12.62
1.6438729226589204,0.8931766480207444,2.943108260631562e-06,2175.928197801113,161000000.00000003,0.0010500000000000002,8.65
1.7210914671421051,0.6744656503200531,6.509239718317987e-06,2943.8333511352535,99799999.99999999,0.0006079999999999998,16.12
1.4063348829746247,0.6190992593765259,3.627266734838486e-06,702.6765048503875,251999999.99999997,0.000257,2.76
1.5524641066789628,0.7495812077075243,8.903800636529925e-06,937.5240206718444,260000000.0,0.00153,12.98
1.3272395968437196,0.670588168501854,8.74087029695511e-06,2210.294373333454,127000000.00000001,0.000514,15.24
1.6201840281486513,0.8689642310142518,6.653817942366005e-06,1295.5725863575933,465999999.99999994,0.00184,4.78
1.490405358374119,0.7212650656700135,9.120186388492586e-06,1030.4452031850813,237000000.0,0.0011999999999999997,13.27
1.6106766164302828,0.774912714958191,5.157917171716691e-06,1516.954071819782,166000000.0,0.00106,12.6
1.700848388671875,0.6752308934926987,3.1305157542228706e-06,1790.5628606677053,159000000.00000003,0.0004119999999999999,6.58
1.7627160072326662,0.848799553513527,6.659860355779529e-06,1013.7705802917479,251000000.0,0.00223,12.19
1.5933645486831667,0.6876903355121613,3.1206730306148534e-06,844.7833657264708,232000000.0,0.0004780000000000001,4.49
1.5213131949305536,0.7713398158550263,4.279103249311448e-06,1538.7953557074068,152999999.99999997,0.0008269999999999999,11.67
1.2145957946777344,0.5951276779174806,8.956103235483171e-06,582.8807055950164,305000000.0,0.00032999999999999994,6.07
1.500948491692543,0.8361492812633515,6.064778089523316e-06,588.8242572546004,391000000.0,0.0018,7.799999999999999
1.6614161968231203,0.8938138157129288,9.67629286646843e-06,497.94542789459217,459000000.0,0.00387,10.33
1.7019406199455263,0.7293097637593747,5.685125708580018e-06,2327.08490639925,123000000.00000003,0.0008499999999999998,15.18
1.2011402785778047,0.6586422622203828,9.805342048406602e-06,1535.52158921957,162000000.00000003,0.0004780000000000001,13.91
1.4233461499214173,0.6339364528656006,7.479007095098496e-06,523.5671550035476,369000000.0,0.00057,5.67
1.3844016551971436,0.6441146135330201,8.770251393318178e-06,1129.0670856833456,198000000.00000003,0.0005780000000000001,11.76
1.2443716406822205,0.6066381365060807,9.56157124042511e-06,591.0951942205428,313000000.0,0.00042600000000000005,7.2
1.4645614206790925,0.7356962990015746,8.22211541235447e-06,776.2471139430999,302000000.0,0.00123,10.75
1.468505756556988,0.7408017648383975,2.9846170544624334e-06,2333.37789028883,99500000.00000001,0.0004669999999999999,12.21
1.7669509112834931,0.8957865804433823,7.581557422876359e-06,663.8603210449218,352000000.0,0.00328,10.75
1.4667365938425065,0.8060966938734055,3.301644921302796e-06,1489.7269308567045,149000000.0,0.0007709999999999998,10.42
1.5144475746899844,0.6516889214515686,3.491577714681626e-06,1296.805955469608,152999999.99999997,0.00035899999999999994,8.0
1.6052008867263796,0.8081180199980736,2.9353247880935673e-06,2186.193570494652,111000000.0,0.0007460000000000001,12.15
1.2656138062477114,0.601965942978859,8.077672958374024e-06,2180.019274353981,105000000.00000003,0.00026399999999999997,13.15
1.614285868406296,0.717684803903103,9.226751118898393e-06,1357.7012643218038,199000000.00000003,0.00121,14.65
1.7520002424716952,0.8672374784946443,4.065656691789627e-06,1406.981639564037,174000000.0,0.00152,11.33
1.5926528334617616,0.7773310258984566,4.118082165718079e-06,1792.7118409425018,136000000.0,0.000853,12.45
1.5419639289379121,0.8145137742161751,5.896090984344484e-06,2179.8198595643044,396000000.0,0.00102,3.36
1.5755045950412752,0.8610667616128922,3.2793765962123877e-06,789.2572432756423,291000000.0,0.00117,5.07
1.6711245238780976,0.6408570975065232,9.20546579360962e-06,2984.1678142547603,102999999.99999999,0.0005530000000000001,16.74
1.4791925132274628,0.7056406974792481,5.641899637877942e-06,860.9067201614379,267000000.0,0.0007349999999999999,8.04
1.2001139223575592,0.658855077624321,9.768074423074723e-06,1642.1621311455963,153999999.99999997,0.0004669999999999999,14.18
1.5029437366873026,0.6670915246009828,4.5012044608592995e-06,2298.080764710903,103999999.99999999,0.0004119999999999999,13.05
1.803169083595276,0.8488046854734421,2.9658261537551887e-06,2396.568462252617,108000000.00000001,0.00102,12.64
1.7357693552970888,0.7478371907025576,4.910289466381074e-06,2451.0863721370692,115999999.99999997,0.000864,14.94
1.4746002539992333,0.7569218460470438,5.0281938463449486e-06,915.0255024433135,263000000.00000003,0.000886,8.04
1.4612655803561212,0.6562562674283982,8.038426190614702e-06,2467.8946584463115,113999999.99999999,0.000502,15.42
1.4754732504487038,0.6947738841176033,7.1343969777226455e-06,697.8471875190734,326000000.0,0.0008650000000000001,8.2
1.5062591124325992,0.7208592653274537,4.01293644309044e-06,2140.4590383172035,111999999.99999999,0.0005470000000000001,12.93
1.4003292739391329,0.6153861522674561,4.787191480398179e-06,594.8985666036605,295000000.0,0.00031899999999999995,3.2699999999999996
1.4929366998374463,0.6501907289028168,7.238325580954553e-06,1330.7116851210592,170999999.99999997,0.000585,12.2
1.7986886322498323,0.854303401708603,5.105960875749589e-06,1365.9202978014944,187999999.99999997,0.00177,12.35
1.5467713147401811,0.7568522986024618,3.890294700860978e-06,1977.2037789225576,122000000.00000004,0.0006940000000000001,12.649999999999999
1.2120217502117159,0.5931479752063752,9.277254819869996e-06,1582.2292044758794,134999999.99999997,0.00027000000000000006,11.87
1.6680931627750397,0.6652508229017259,5.693197906017305e-06,2940.8899247646327,94099999.99999999,0.000502,15.43
1.3344111979007722,0.6150532364845276,5.5612075477838525e-06,2213.133826851845,100000000.0,0.00025000000000000006,12.09
1.294886326789856,0.6256238400936127,8.666678220033646e-06,2316.568411886692,109000000.00000001,0.00034700000000000003,14.57
1.707551783323288,0.7525465775281192,8.231784775853158e-06,1364.6045625209806,202000000.0,0.0014700000000000002,14.42
1.4929107025265695,0.6999415799975396,5.579938888549806e-06,1649.0767635405061,145000000.0,0.0006249999999999999,12.83
1.5217618189752102,0.6741073787212373,8.786501139402391e-06,2122.626669704914,133999999.99999997,0.0006760000000000002,15.5
1.5059535562992097,0.707031387090683,6.133908092975618e-06,1558.4438592195509,157000000.0,0.000719,13.14
1.5052637334913017,0.6603589028120042,4.877514600753785e-06,2206.037148833275,108000000.00000001,0.000422,13.14
1.471753965318203,0.7188117049634457,7.420147061347963e-06,706.0922235250472,331000000.0,0.00103,8.87
1.7615023434162143,0.7589278880506755,9.278123915195467e-06,1262.2090727090833,222000000.0,0.00178,14.669999999999998
1.5094868168234827,0.7338861465454102,6.329312382265927e-06,1278.2004401087759,192000000.0,0.0009220000000000002,12.43
1.3935453772544861,0.6963734418153763,9.2082896232605e-06,935.1066052913665,249000000.0,0.000947,12.34
1.6230927228927614,0.6232836931943894,7.791951924562456e-06,2952.6324868202205,95200000.00000001,0.00043399999999999987,15.73
1.4828556843101979,0.8038643628358841,8.292529344558717e-06,539.4833087921141,410000000.0,0.00205,9.55
1.4385720536112787,0.8705103099346162,2.842325329780579e-06,2565.8464729785915,158000000.0,0.000738,7.93
1.495674291998148,0.6621339350938797,4.920097872614862e-06,1998.400270938873,115999999.99999997,0.000435,12.69
1.2321454167366028,0.600564032793045,3.6678259074687962e-06,1197.2252205014227,151999999.99999997,0.00014900000000000004,5.26
1.7901864767074587,0.5975916802883149,2.9456129074096685e-06,2004.5794472098348,101000000.0,0.00026100000000000006,8.88
1.6096737384796145,0.806760933995247,5.181876122951508e-06,1216.9678807258604,203000000.0,0.0013,11.46
1.7363382518291475,0.7683248151093722,7.161520794034006e-06,1498.2839971780775,185000000.0,0.0014399999999999999,14.27
1.7837883710861209,0.9004834771156311,7.1150413006544125e-06,709.5063775777816,326000000.0,0.00317,10.84
1.6471164822578432,0.9090423345565797,9.763848692178727e-06,653.8299024105071,655000000.0,0.00356,5.97
1.441568121314049,0.7859080642461778,3.9957036972045905e-06,1108.5665524005888,203000000.0,0.000823,8.92
1.5825984477996828,0.6781544655561448,8.864062786102296e-06,2004.9719810485838,141000000.00000003,0.0007680000000000001,15.51
1.2079541981220245,0.5939127266407014,9.872274905443193e-06,1986.532539129257,116999999.99999997,0.00027200000000000005,13.41
1.4731887862086297,0.7103587031364441,4.431964099407197e-06,1819.9372868984935,128000000.0,0.0005479999999999999,12.29
1.613205921649933,0.7224287398159505,6.965692713856698e-06,1680.6350713595746,159000000.00000003,0.00096,14.39
1.514121825993061,0.6913842514157296,9.266507744789124e-06,1441.7180344462392,182000000.0,0.000913,14.57
1.732314866781235,0.904543536901474,7.061732597649098e-06,1119.9111044406889,650000000.0,0.00242,1.3400000000000003
1.4863830260932447,0.8143587782979013,4.323817849159241e-06,1031.1513692140577,228000000.0,0.0010500000000000002,8.81
1.4328660920262337,0.7421122670173645,4.017736494541169e-06,1172.819949686527,184000000.0,0.000651,9.29
1.4761982560157778,0.7149514764547349,7.532763749361039e-06,545.5741584300994,394000000.0,0.00117,7.97
1.5301761388778687,0.6939975678920747,5.4311079829931266e-06,2003.2528340816496,124000000.00000003,0.0005880000000000001,13.79
1.3089982330799104,0.763354429230094,1.0067255377769472e-05,550.5615770816802,383000000.0,0.00165,11.24
1.21985821723938,0.6735192239284516,9.583594441413881e-06,1659.5932394266126,157000000.0,0.000536,14.39
1.5699724406003954,0.7715569406747819,8.401781260967256e-06,2255.3039640188217,525000000.00000006,0.00101,2.3600000000000008
1.4037780582904817,0.6352731853723527,8.473658531904222e-06,814.30184841156,255000000.0,0.00057,9.28
1.4647919654846193,0.7671485211700202,4.491897881031037e-06,703.7830650806426,364000000.0,0.000833,4.09
1.2250350773334504,0.6728700578212738,9.594180047512056e-06,1560.7352480292318,164000000.0,0.000549,14.13
1.5162760231643917,0.7664503511041404,9.350691497325899e-06,2061.0497817397118,599000000.0,0.0010399999999999997,1.9900000000000004
1.457131862640381,0.7393170654773713,8.159276857972147e-06,677.2091537714003,341000000.0,0.00128,9.83
1.3310183465480805,0.8298193752765656,9.603028714656832e-06,966.3385450839995,601000000.0,0.00172,5.2
1.6886054992675783,0.865407595038414,9.353032588958741e-06,524.4048237800597,431000000.0,0.00328,10.48
1.6491987347602846,0.8802752763032914,6.462787847034634e-06,1250.0822469592092,465999999.99999994,0.00194,4.69
1.270177584886551,0.5971756339073182,2.9539179205894477e-06,2787.453338503837,73599999.99999999,0.00012099999999999999,9.05
1.6956074059009554,0.7278666414320469,9.248124688863755e-06,1443.3046728372572,195000000.0,0.00134,15.04
1.7458069145679476,0.7390195280313493,6.022598803043366e-06,2259.791038930416,129000000.0,0.0009729999999999998,15.32
1.4914576046168806,0.7726876571774484,6.5150616634637125e-06,836.383357644081,292000000.0,0.00124,9.700000000000001
1.5058770898729563,0.6305018842220307,3.1167710721492773e-06,785.2986007928847,223000000.0,0.00028399999999999996,3.5600000000000005
1.628437328338623,0.819079913198948,4.06857106089592e-06,1482.883535325527,163000000.0,0.00111,11.39
1.7433703958988191,0.7947611778974534,4.042040705680848e-06,2158.693142235279,123000000.00000003,0.000987,13.5
1.3300183475017548,0.6421005427837373,8.179864153265954e-06,2250.551052391529,114999999.99999997,0.00040400000000000006,14.65
1.1993536949157715,0.5944658339023591,8.142559602856637e-06,2513.718709349632,93800000.00000001,0.00021799999999999996,13.41
1.2016883075237275,0.5982526481151581,6.104129999876023e-06,1276.7074182629583,149000000.0,0.00020699999999999996,8.43
1.3356341600418091,0.6146926760673523,5.753817670047284e-06,1181.8382069468496,163000000.0,0.00028900000000000014,8.73
1.219769847393036,0.6935776010155679,9.979691833257677e-06,1646.3427450507877,168000000.0,0.0006519999999999998,14.97
1.3237385630607605,0.6120495468378068,4.777212008833886e-06,1875.2254005521534,109000000.00000001,0.00022699999999999993,10.35
1.495748643949628,0.6854536637663842,9.681368082761766e-06,2042.660556733608,145000000.0,0.00077,15.91
1.6112702429294588,0.6651593416929246,8.426232337951662e-06,2580.9385180473323,115999999.99999997,0.0006299999999999998,16.11
1.7482889592647555,0.6565724194049836,2.956059157848359e-06,2875.608012080192,79200000.0,0.0003600000000000001,12.48
1.7135826230049134,0.8971982985734941,8.23738779127598e-06,528.9669632911681,427000000.0,0.00353,9.74
1.6906053543090822,0.7287229701876641,9.824956357479096e-06,1356.8245917558668,206999999.99999997,0.00143,15.119999999999997
1.4351949378848077,0.7144717186689378,9.159453183412553e-06,927.6071488857268,254000000.00000003,0.00112,12.62
1.432004164159298,0.8295922905206681,9.53389745950699e-06,1142.5264850258825,846000000.0,0.00166,0.2499999999999996
1.5805196911096575,0.6002856999635697,2.9156869053840644e-06,944.9976980686187,179000000.00000003,0.000222,3.6600000000000006
1.4952438510954382,0.6567223370075227,4.383184403181077e-06,1006.0370266437529,197000000.00000003,0.000453,7.75
1.3255128264427187,0.6163471877574921,8.774245560169222e-06,1296.5016737580297,166000000.0,0.00039000000000000016,11.52
1.7227643966674806,0.6604334861040116,2.9581657648086554e-06,2934.9002540111537,77200000.00000001,0.00035600000000000003,12.649999999999999
1.6454309821128847,0.8614374965429307,5.7820963859558115e-06,1789.1856860369442,540000000.0,0.00136,0.6900000000000005
1.5478836089372636,0.8145570561289788,7.2812101989984526e-06,744.8168396949767,320000000.0,0.00188,10.53
1.489551754295826,0.8098325327038766,7.129874855279923e-06,564.0273094177245,400000000.0,0.00185,8.72
1.5079444773495199,0.645777502655983,4.820852756500245e-06,1595.7218334078786,133999999.99999997,0.00041700000000000005,11.06
1.6581876039505006,0.7896020159125329,4.1459820866584786e-06,1864.172315225005,134999999.99999997,0.0009520000000000003,12.76
1.7450277149677278,0.8358979225158693,4.917734146118165e-06,1396.6716006398199,183000000.0,0.00154,12.17
1.4281294718384745,0.7324109595268965,8.696322798728944e-06,598.4442234039306,367000000.0,0.0013199999999999998,9.74
1.5720298245549202,0.6787213861942292,8.697512537240983e-06,1842.101106420159,148000000.0,0.000776,15.16
1.2532075703144074,0.606199523806572,6.035701885819436e-06,1350.0202372670171,142000000.00000003,0.00023999999999999995,9.28
1.4015503764152528,0.7835058420896531,3.165072828531266e-06,983.0575734376906,212000000.0,0.00067,6.84
1.4666384741663934,0.6320594251155854,7.771304443478586e-06,1218.0193439126012,180000000.00000003,0.000527,11.57
1.4907632008194924,0.6602786868810654,6.20338335633278e-06,939.0615969896315,225999999.99999997,0.000604,9.18
1.4712557807564737,0.6361137986183167,5.519720658659936e-06,657.3777943849562,304000000.0,0.0004610000000000001,5.16
1.5173745006322863,0.6395545810461045,4.2398354113101965e-06,1409.716337919235,144000000.00000003,0.000378,9.48
1.194953978061676,0.6591786861419678,9.784317702054978e-06,1731.0224911198018,148000000.0,0.00045600000000000013,14.42
1.3429654955863954,0.687115252017975,9.454992741346361e-06,1965.9870043396947,146000000.0,0.000649,15.41
1.4330792471766474,0.7531277876347304,9.716611295938493e-06,726.0205149650573,319000000.0,0.00161,12.11
1.644309389591217,0.8713324874639512,7.150437429547311e-06,674.8868823051451,354000000.0,0.0026,10.09
1.4482087522745133,0.7186814837157727,4.396698564291001e-06,1357.8711375594137,163000000.0,0.0006010000000000002,10.56
1.45757112801075,0.7565911207348109,3.92780014872551e-06,1567.96083971858,145000000.0,0.0006720000000000001,11.26
1.4817669913172724,0.6831729993224145,6.062816105782986e-06,811.7693960666655,277000000.0,0.000682,7.9
1.4737593099474908,0.6812410041689874,4.41027718782425e-06,1142.8112834692,181000000.00000003,0.0005149999999999999,9.01
1.3767368495464327,0.6833889350295067,9.376648783683779e-06,1458.9329361915586,177000000.0,0.000726,14.23
1.7135791182518008,0.8342556238174439,2.934827864170075e-06,2264.7695913910866,111999999.99999999,0.000895,12.32
1.4514447927474976,0.814304231107235,2.985250413417817e-06,1551.3773933053014,141000000.00000003,0.000726,10.17
1.2494188070297243,0.6079066872596741,9.374744743108751e-06,2288.191683590412,107000000.00000001,0.000301,14.3
1.763331073522568,0.7139763459563256,4.9036073833704e-06,3000.543743371963,94700000.00000001,0.00067,15.66
1.557489909231663,0.7873532608151437,2.9131843447685247e-06,2189.5316168665886,108000000.00000001,0.000655,12.05
1.21255801320076,0.5946661055088044,9.901574641466143e-06,1187.727741897106,174000000.0,0.0003149999999999999,10.92
1.7206411242485047,0.7526779722422362,4.947580352425576e-06,2288.0330607295036,122000000.00000004,0.0008960000000000001,14.63
1.5976246476173401,0.6563767522573472,5.503192096948625e-06,2791.103973984718,95700000.00000001,0.000453,14.89
1.7518922388553622,0.7868864491581917,7.038468755781651e-06,1375.914767384529,199000000.00000003,0.00162,13.83
1.205322951078415,0.5939093828201294,9.8648177087307e-06,2083.0982103943825,112999999.99999999,0.000268,13.62
1.443185479938984,0.6915657386183739,9.438078969717027e-06,1323.3244344592092,193000000.0,0.0008759999999999998,14.18
1.2636212825775148,0.6087905466556549,9.187395453453065e-06,484.837770462036,366000000.0,0.0004379999999999999,5.99
1.3588142216205599,0.6862480401992799,9.316688090562822e-06,1905.113926157355,148000000.0,0.000658,15.23
1.5848995596170428,0.8047753974795342,2.9200248718261723e-06,2110.2566197514534,112999999.99999999,0.00073,11.86
1.7974647223949434,0.9018495261669159,4.0510767102241525e-06,1241.6255027055738,188999999.99999997,0.00182,10.75
1.6033354818820955,0.69606042355299,6.34821734391153e-06,2152.996726334095,125000000.00000001,0.0006980000000000002,14.92
1.7810063481330873,0.8606433212757111,6.104780986905099e-06,1079.6317756175993,236000000.00000003,0.00218,12.02
1.5397325009107592,0.6579703688621522,6.416463694535197e-06,2129.725359380245,119000000.0,0.000517,14.219999999999999
1.5178627118468286,0.6471582144498825,3.5172012150287634e-06,1321.8348398804662,149999999.99999997,0.0003490000000000001,8.07
1.472798189520836,0.7432843185961248,4.962374895811082e-06,823.5916048288344,299000000.0,0.0008120000000000001,6.54
1.6329313516616824,0.6898633986711503,8.540267407894135e-06,1920.1704785227773,147000000.0,0.0008740000000000001,15.470000000000002
1.4960769407451153,0.6789954230189325,5.666541077196599e-06,1745.629573240876,136000000.0,0.0005459999999999999,12.96
1.6286754190921784,0.6924078583717347,6.302248895168305e-06,2377.93105840683,116999999.99999997,0.000673,15.279999999999998
1.4467611372470857,0.659798088669777,7.984186172485353e-06,509.73112881183613,380000000.0,0.000807,7.37
1.580047005414963,0.7007667303085328,5.3578433096408855e-06,2252.522364258766,115999999.99999997,0.000624,14.46
1.785860073566437,0.7011746630072594,9.261758387088777e-06,2361.947514116764,138000000.0,0.0010399999999999997,16.69
1.5632617190480234,0.7474853910505772,9.79457724094391e-06,932.5225204229354,267000000.0,0.00164,13.5
1.4825829640030863,0.6329543352127076,5.390574887394906e-06,2428.0596822500224,98400000.00000003,0.0003380000000000001,13.35
1.543577076494694,0.6583633303642273,3.917373716831208e-06,2855.270981788635,85800000.0,0.00034500000000000004,13.41
1.618426036834717,0.6471641421318055,3.0239111781120308e-06,2001.6327425837515,103999999.99999999,0.00031600000000000004,10.09
1.3969593465328218,0.8048746258020402,3.1358016729354863e-06,1064.84118103981,198000000.00000003,0.0007280000000000002,7.59
1.6916809022426607,0.781315290927887,4.011107712984086e-06,2158.197119832039,121000000.0,0.0008830000000000001,13.41
1.4029193222522738,0.7149784103035928,9.004126697778703e-06,500.5830079317092,401000000.0,0.0013,9.3
1.3434321641921998,0.6152989268302917,6.616546196863056e-06,1795.896219089627,121000000.0,0.00029499999999999996,11.86
1.7201955914497378,0.6070846796035767,2.950623869895936e-06,961.2401872873305,186000000.0,0.0002959999999999998,4.319999999999999
1.5902905583381655,0.7258033096790314,9.517617464065554e-06,1196.6809555888174,220000000.0,0.00133,14.29
1.7728963136672975,0.9043341457843781,5.257368192076684e-06,857.7642887830733,268000000.0,0.00239,9.83
1.6903479158878327,0.6785558357834817,7.4168173372745526e-06,2686.3126754760738,111999999.99999999,0.0006869999999999999,16.21
1.4680365532636643,0.8049124404788018,2.9554875493049627e-06,1620.3595064580438,136000000.0,0.000699,10.27
1.4757620170712473,0.7356147788465024,6.083331376314164e-06,1020.6661671400069,232000000.0,0.000895,10.48
1.5888888895511628,0.7575703438371421,6.508700001984835e-06,1302.624002099037,195000000.0,0.00117,12.95
1.428453652560711,0.6190402507781982,4.6009985506534585e-06,689.3690973520278,257000000.0,0.00032199999999999986,4.39
1.6870677888393404,0.779624216258526,8.170990243554117e-06,1074.9296396970747,242000000.0,0.00178,13.36
1.561922907829285,0.6863029941916466,3.539853811264039e-06,2885.2372169494624,86300000.0,0.000396,13.57
1.4955836668610574,0.6313256800174714,5.48415419459343e-06,924.0547120571135,214000000.00000003,0.0004319999999999999,7.879999999999999
1.311339157819748,0.7164490677416325,9.90068593621254e-06,1034.4219505786893,239000000.0,0.00103,13.49
1.5158024825155736,0.6455178290605545,5.078425407409669e-06,2452.477619051933,99600000.0,0.00038299999999999993,13.55
1.4589233905076981,0.6853216275572778,8.552181273698807e-06,1140.4909491539,208999999.99999997,0.0008279999999999999,12.82
1.5123195525258781,0.6352818578481675,3.549593478441239e-06,1301.1765778064726,149999999.99999997,0.00031400000000000004,7.719999999999999
1.4603039458394051,0.7032502725720406,4.712183088064194e-06,1255.8080181479452,174000000.0,0.0005939999999999999,10.28
1.613106805086136,0.6474567711353303,2.993915498256684e-06,1334.446772933006,148000000.0,0.00034500000000000004,7.41
1.5971261143684388,0.7305256873369218,7.362600371241571e-06,1440.9517422318456,182000000.0,0.0010800000000000002,13.94
1.759629535675049,0.9090671539306642,3.0614988207817083e-06,1218.3478400111196,174000000.0,0.0014700000000000002,9.22
1.729168474674225,0.6442958235740662,2.9759377837181096e-06,2106.3152998685837,101000000.0,0.000352,10.56
1.5913147687911988,0.7686727959662677,5.897218137979508e-06,1332.6869830489156,188999999.99999997,0.00115,12.58
1.5630036368966105,0.7675097923725844,8.611609160900117e-06,2310.401789844036,567000000.0,0.0009739999999999999,1.2399999999999995
1.3066183984279633,0.621232482790947,8.794270426034929e-06,2854.1091382503505,94800000.0,0.000321,15.309999999999999
1.6339686512947085,0.7661055643111468,2.897056639194489e-06,2679.1608631610866,93000000.0,0.0005939999999999999,12.969999999999999
1.5449739933013917,0.6743024915456772,3.124311715364457e-06,2842.740967869758,82400000.00000001,0.00032700000000000003,12.649999999999999
1.4595684662461281,0.7216740041971207,9.03197154402733e-06,928.1744360923766,255000000.0,0.00119,12.66
1.4452293589711191,0.8334870725870133,3.152670800685883e-06,974.2374271154403,220000000.0,0.0008899999999999998,6.88
1.552019852399826,0.757779323682189,5.1230015903711325e-06,1509.048633277416,163000000.0,0.000912,12.43
1.7710864305496217,0.8475228846073152,3.790083378553391e-06,1741.730600595474,144000000.00000003,0.00128,12.2
1.4901439502835274,0.6297834277153016,5.49512229859829e-06,1796.6814357787368,122000000.00000004,0.000369,11.93
1.2843666851520539,0.7853814527392388,9.83890798687935e-06,1308.3961904048917,476000000.0,0.00124,6.51
1.4584693416953087,0.7023373246192933,9.168047964572909e-06,1135.8011811971662,217000000.00000003,0.000996,13.49
1.339320355653763,0.6412439972162247,8.762716799974443e-06,1519.911617040634,155000000.0,0.0004740000000000001,13.14
1.4857471302151681,0.6311310321092606,5.127649769186974e-06,1977.5523543357847,111999999.99999999,0.0003439999999999999,12.07
1.4681956171989443,0.7283317565917969,7.634797126054764e-06,691.7262375354766,338000000.0,0.00113,9.12
1.3998500525951387,0.737102384492755,9.759763151407242e-06,823.4228491783141,286000000.0,0.00139,12.69
1.4735872998833657,0.6948293700814248,7.872476652264596e-06,1079.7044187784193,217000000.00000003,0.0008489999999999999,12.16
1.258829712867737,0.6039792448282242,7.095322683453561e-06,1988.8476580381391,110000000.0,0.00024800000000000007,12.07
1.499294912070036,0.6465271264314653,7.312313526868822e-06,2261.1201480031013,115999999.99999997,0.000486,14.7
1.3573398649692536,0.641044181585312,8.477117389440538e-06,1663.7029424309728,144000000.00000003,0.00046199999999999995,13.48
1.4789759024977684,0.7751603186130525,4.704043924808503e-06,717.236503958702,361000000.0,0.000921,4.72
1.6677131831645966,0.8129262194037438,7.124693974852563e-06,968.0978506803511,258000000.0,0.00191,12.25
1.4412421301007272,0.6322619050741196,8.1148589104414e-06,1115.107789635658,194000000.0,0.0005349999999999999,11.2
1.5982501924037935,0.8267330378293992,7.21213772147894e-06,775.4820138216018,310000000.0,0.00206,10.9
1.6041068673133851,0.7745886281132699,8.122713312506677e-06,950.3208398818969,259000000.0,0.0016800000000000003,12.75
1.2515415608882905,0.6044328421354295,3.9229602515697485e-06,1879.6450104564426,102999999.99999999,0.00016299999999999995,8.67
1.5093967348337174,0.643412733078003,6.565598886460067e-06,1805.602854117751,130999999.99999999,0.00048399999999999995,13.32
1.505333436280489,0.7768298864364624,2.964541912078858e-06,2156.8029299378395,108000000.00000001,0.0006010000000000002,12.09
1.2706458270549776,0.5982780039310456,2.946890473365784e-06,1369.1586554050443,129000000.0,0.000134,4.78
1.8012019515037538,0.7556412499397994,3.888261109590531e-06,2981.7617237567897,93199999.99999997,0.0007569999999999999,15.06
1.5900023281574251,0.8212218716740609,4.802620217204095e-06,1155.8595225214956,210000000.0,0.0013,10.660000000000002
1.636420261859894,0.7366856675595046,9.80161637067795e-06,1149.1627171635625,232000000.0,0.00153,14.42
1.6747192025184632,0.7830980569124223,7.095852464437486e-06,1198.3058899641035,218000000.00000003,0.00157,13.17
1.7205050289630892,0.6891155406832695,9.72952026128769e-06,2400.8179008960724,136000000.0,0.0009270000000000001,16.84
1.3277939379215242,0.8288139402866365,3.822192132472993e-06,2318.6162039637566,366000000.0,0.000695,0.8900000000000001
1.7744492053985597,0.8837056428194047,8.792419582605363e-06,597.898095846176,391000000.0,0.00372,10.91
1.6120325624942782,0.8736653119325638,2.9365122318267827e-06,1456.7476063966749,152999999.99999997,0.0010699999999999998,9.83
1.5543616890907288,0.7059870824217797,8.369054168462754e-06,1403.0962735414503,185000000.0,0.000987,14.189999999999998
1.6158043563365938,0.7223786517977715,7.396187484264375e-06,1597.0464721322057,168000000.0,0.00102,14.41
1.4963410545140505,0.7951653599739076,5.431543469429017e-06,874.4532167911528,286000000.0,0.00119,8.63
1.7159208297729494,0.9003808557987214,2.9936430454254157e-06,1324.436545372009,164000000.0,0.00133,9.6
1.7376921236515046,0.735944338515401,7.820901706814767e-06,1765.6019069254396,164000000.0,0.00121,15.27
1.5232422664761545,0.761617546901107,8.77873831987381e-06,2317.7398666739464,559000000.0,0.0009239999999999999,1.4700000000000004
1.2606406688690186,0.60156689286232,8.981039553880693e-06,2174.0312799811363,108000000.00000001,0.00028599999999999996,13.68
1.2045998275279999,0.5944809257984162,9.75386890769005e-06,2304.2870238423347,105000000.00000003,0.0002599999999999999,14.0
1.4712669655680657,0.6018566608428956,2.919305562973023e-06,1246.8146458268163,141000000.00000003,0.00018499999999999997,5.11
1.660012882947922,0.871413141489029,3.289188235998154e-06,640.8636569976806,361000000.0,0.00134,3.1
1.3285822212696077,0.6162032783031464,9.102936536073685e-06,3020.4828381538387,90299999.99999999,0.000312,15.55
1.517817234992981,0.6230524510145188,6.918709933757783e-06,2852.4916172027583,92900000.0,0.0003640000000000001,14.96
1.5834049791097642,0.8632625341415406,2.985241651535035e-06,1435.670807957649,152999999.99999997,0.00102,10.0
1.6725107610225678,0.7614813130348922,6.152958486229182e-06,1605.4638307541607,167000000.0,0.00116,13.81
1.5021504163742068,0.6501293599605561,5.916051648557187e-06,1609.3898396939037,141000000.00000003,0.0004889999999999999,12.25
1.5223394349217416,0.8279959470033647,4.7574440538883216e-06,966.6562378406524,248000000.0,0.00127,9.1
1.4044097363948824,0.8774279236793519,2.8312820196151738e-06,2444.1544264554973,177000000.0,0.0007200000000000002,6.49
1.5073457915335895,0.8052968055009843,4.234871596097947e-06,1205.088637769222,192000000.0,0.001,10.11
1.6430033862590792,0.8496599614620209,2.9469543099403388e-06,1832.1354892104862,130000000.0,0.000954,11.19
1.4359860822558403,0.6227397859096527,6.440948951989413e-06,1011.956214904785,198000000.00000003,0.00039199999999999993,8.91
1.5810784399509432,0.8968763798475267,2.9676473736763007e-06,2457.050040364265,203000000.0,0.0009459999999999999,5.86
1.4963609855622055,0.6586830854415894,4.21909123659134e-06,1893.381534144282,115999999.99999997,0.000389,11.5
1.4945252090692522,0.6554746985435487,4.711777538061143e-06,938.7157410383223,213000000.0,0.0004720000000000001,7.55
1.4881939776241782,0.7651256281882525,5.2169030010700235e-06,664.2277091741561,373000000.0,0.00101,5.68
1.4204769015312195,0.6225580483675004,3.403668701648713e-06,1386.1102163791654,134999999.99999997,0.00022800000000000007,7.17
1.6163004219532013,0.6217816650867463,6.240373574197293e-06,3005.1277875900264,87000000.00000003,0.000369,14.93
1.35011944770813,0.615825229883194,7.437704101204873e-06,1479.1192784905431,143000000.00000003,0.00033600000000000004,11.46
1.6006420433521271,0.8319088160991669,2.9348165988922125e-06,1910.0163429975507,125000000.00000001,0.0008459999999999997,11.29
1.524802516400814,0.7767829969525338,5.161192968487741e-06,1223.8339260220525,198000000.00000003,0.00103,11.21
1.4680809974670412,0.6582017898559571,8.019177690148354e-06,2359.567202627659,118000000.00000001,0.000521,15.27
1.6831122100353242,0.7350115790963173,4.967257767915726e-06,2391.3626670837402,115999999.99999997,0.0007839999999999999,14.79
1.652269595861435,0.7279071584343911,5.668913826346398e-06,2114.062078297138,129000000.0,0.000831,14.7
1.8017588138580325,0.7952593490481378,4.889957934617997e-06,2028.0723944306371,136000000.0,0.0011999999999999997,14.11
1.6980319261550905,0.8808200150728227,3.3004553914070134e-06,647.2672820091246,363000000.0,0.0014700000000000002,3.13
1.457231904566288,0.6674745976924897,7.879475414752962e-06,644.7927206754683,331000000.0,0.0008030000000000002,8.24
1.2489018738269806,0.6075976341962814,9.538399815559389e-06,1866.5304984897373,124000000.00000003,0.00032199999999999986,13.5
1.6406615495681764,0.6179613322019577,7.218590326607228e-06,3012.8193199634547,90100000.0,0.0004,15.43
1.209308034181595,0.594564163684845,8.205846890807154e-06,1807.8216370195148,120000000.0,0.00023999999999999995,11.87
1.5518094509840012,0.6945653647184372,3.9846793711185465e-06,2664.281606674194,94800000.0,0.00045600000000000013,13.8
1.6580505430698396,0.8871224731206895,5.182284072041512e-06,786.4639461040496,296000000.0,0.00209,8.9
1.569212105870247,0.7091994121670724,6.4009866630658515e-06,1794.9315831065176,144000000.00000003,0.0007800000000000001,14.21
1.560257935523987,0.7125278949737549,7.52970251441002e-06,1478.9202734827993,175000000.0,0.000941,14.01
1.723753345012665,0.8882319241762162,4.229382067918778e-06,565.1179999113082,374000000.0,0.00203,5.31
1.416999238729477,0.7321689035743476,3.0471378862857826e-06,1816.0996232181785,119000000.0,0.00044600000000000005,10.77
1.556874467432499,0.8256626844406129,8.624105691909791e-06,1389.7402510046957,711000000.0,0.0015900000000000003,0.6
1.7083967685699464,0.6729202508926392,8.224939659237864e-06,2750.301763415336,112999999.99999999,0.000701,16.56
1.48892764672637,0.7706917583942414,5.31899155676365e-06,736.2257987260817,341000000.0,0.0010399999999999997,6.46
1.5663870826363564,0.8856270521879197,9.41349792480469e-06,826.3179957866668,706000000.0,0.00259,3.9300000000000006
1.4266175553202631,0.7184646449983121,9.102233290672303e-06,839.0758484601973,277000000.0,0.00116,12.01
1.5254718571901322,0.6892574429512025,1.0060802459716799e-05,2010.5220675468443,149999999.99999997,0.000844,16.19
1.3348035871982575,0.6150282740592957,6.1482547894120225e-06,1992.3997968435285,110000000.0,0.00027200000000000005,12.01
1.4993573404848577,0.625469183921814,6.46197190321982e-06,2796.417728066444,92500000.0,0.0003490000000000001,14.62
1.4549046099185945,0.6023377150297166,2.9500130414962773e-06,946.9025135040282,178000000.00000003,0.00019100000000000003,3.2599999999999993
1.7221884906291962,0.8969656258821488,5.262251898646356e-06,686.6795867681502,334000000.0,0.00236,8.04
1.4686069920659066,0.7060255095362664,1.0004382610321046e-05,1327.437415719032,201000000.0,0.0010500000000000002,14.75
1.3255070865154268,0.6938577845692635,9.540865451097489e-06,1138.7723982334135,216000000.00000003,0.0008239999999999998,13.29
1.497738114371896,0.7520451094955206,4.951761022210122e-06,1400.67021548748,169999999.99999997,0.000822,11.71
1.67886101603508,0.7618657853454353,3.963149338960648e-06,2403.5054743289948,110000000.0,0.000769,13.899999999999999
1.5025684978812934,0.6770739018917085,8.604926556348801e-06,1533.0674797296522,166000000.0,0.000745,14.25
1.5571597024798394,0.6763410285115242,9.162488758563996e-06,2321.9053372740746,130000000.0,0.000704,16.07
1.255779254436493,0.605640971660614,7.1293337568640716e-06,1070.0474977493284,178000000.00000003,0.0002850000000000001,8.76
1.5251544177532197,0.7088859379291536,9.08898636698723e-06,1242.562487721443,205999999.99999997,0.0010800000000000002,14.04
1.671986246109009,0.8766674906015397,3.0977963805198675e-06,834.3913704156874,269000000.0,0.00127,5.54
1.4870200887322427,0.6975505068898201,6.930557250976564e-06,1307.42172896862,183000000.0,0.000752,12.62
1.479646508395672,0.7512391280382872,5.352864786982537e-06,864.3357753753661,284000000.0,0.00091,7.84
1.5056066801771524,0.776260744035244,4.12926733493805e-06,1490.3957694768903,156000000.0,0.0008189999999999998,11.31
1.564693370461464,0.711590637266636,6.4259271016344435e-06,1740.7518643885849,148000000.0,0.0007969999999999999,14.09
1.7775097489356997,0.7443480961024762,5.5623838305473335e-06,2477.8805971145625,120000000.0,0.00095,15.470000000000002
1.5762035965919496,0.6531845748424531,2.9551020264625556e-06,859.0907901525496,204000000.0,0.0003659999999999999,4.92
1.4812331132590772,0.7197956934571267,6.631350466981531e-06,595.4240560531615,380000000.0,0.00101,7.13
1.4756732314825058,0.7594989124685526,8.531813025474549e-06,2369.0576031804085,543000000.0,0.000857,1.36
1.6223481237888338,0.6895738765597345,9.59002086520195e-06,1920.1110228896139,152999999.99999997,0.0009329999999999999,15.87
1.493136164546013,0.7858483627438546,5.6263331100344665e-06,761.4574134349822,329000000.0,0.00121,7.6
1.4555611655116083,0.7631161350756884,4.268290668725968e-06,880.8643668889998,271000000.0,0.000792,6.46
1.5338117703795435,0.64626504778862,4.6231446266174325e-06,2729.8081964254375,90900000.00000001,0.0003550000000000001,13.67
1.3594346880912782,0.7551729295402766,9.453644245862962e-06,465.26822447776783,419000000.0,0.00161,9.91
1.4802305929362776,0.7123950317502022,7.812864556908609e-06,1041.3768440484998,228000000.0,0.0009679999999999999,12.15
1.2847082197666169,0.6021662145853043,3.7466271519660955e-06,574.1488486528395,286000000.0,0.000189,0.7100000000000002
1.475784319639206,0.6887791872024537,5.590419560670853e-06,746.5046942234038,309000000.0,0.0006620000000000002,6.3
1.5352026633918288,0.7178669929504395,3.91521579027176e-06,2369.322471320629,103999999.99999999,0.0005310000000000001,13.37
1.4142339527606966,0.621837392449379,4.5359338521957405e-06,2319.722391664982,95300000.0,0.0002559999999999999,11.82
1.5934346973896027,0.8725436389446259,6.483839450404049e-06,615.3479516506194,385000000.0,0.00237,8.64
1.3398015439510347,0.6158878952264786,6.518588060513139e-06,2408.421590924263,96999999.99999997,0.0002709999999999999,13.24
1.543111261725426,0.7724799558520318,6.308683324605227e-06,1080.6434899568555,228000000.0,0.00124,11.67
1.3256512999534609,0.5995730638504029,3.158997297286988e-06,672.0381528139113,245000000.00000003,0.00016900000000000004,0.16000000000000014
1.4810125954449178,0.6888847768306733,6.518265213817359e-06,1258.7639242410658,184000000.0,0.0006850000000000001,11.86
1.2048758804798128,0.5980931997299195,5.949053071439267e-06,2304.0044978260994,93800000.00000001,0.00018200000000000006,11.65
1.6014163792133334,0.8584374636411668,2.973552465438843e-06,1556.530326604843,145000000.0,0.000998,10.39
1.504612695425749,0.6736605048179627,8.78822723031044e-06,2196.97318226099,130999999.99999999,0.000651,15.58
1.4771392419934275,0.7283203080296518,5.800056837499143e-06,919.2303121089934,254000000.00000003,0.0008430000000000001,9.12
1.4039399206638337,0.8499918043613435,8.529677629470827e-06,960.2713882923125,434000000.0,0.00196,7.959999999999999
1.3909884810447695,0.7645312506705523,3.512390524148942e-06,651.2316614389418,353000000.0,0.0006449999999999998,2.529999999999999
1.4913578510284424,0.8090625599026681,2.967200100421906e-06,1757.822401821613,129000000.0,0.000721,10.950000000000001
1.2606129705905915,0.6046138554811478,8.83919781446457e-06,2616.1346882581706,95399999.99999999,0.00027000000000000006,14.37
1.4549699932336808,0.7382714129984379,4.380303621292115e-06,1472.7041423320768,155000000.0,0.0006590000000000001,11.24
1.5149141851812602,0.6414875775575638,4.223359525203705e-06,1691.3479026407,123000000.00000003,0.00036099999999999994,10.62
1.3301427483558657,0.6142800450325012,5.691306695342064e-06,1884.698813781142,112999999.99999999,0.0002599999999999999,11.34
1.6779149472713473,0.7256462082266808,7.005922324955464e-06,1885.0272353738544,149000000.0,0.001,14.989999999999998
1.5411989182233812,0.6020056128501893,2.9717692136764533e-06,2929.4605851173396,70500000.00000001,0.00018200000000000006,10.67
1.5578604206442834,0.8335132241249085,8.174294516444207e-06,1303.7704974412916,537000000.0,0.00175,4.52
1.5577089831233026,0.8335256069898606,8.678495287895204e-06,1313.3514970540998,744000000.0,0.00169,0.22999999999999984
1.3409259796142579,0.6152503341436386,6.729170747101308e-06,1097.506761550903,180000000.00000003,0.000332,9.13
1.230405181646347,0.672266435623169,9.584572851657869e-06,1463.4761884808538,171999999.99999997,0.0005620000000000001,13.83
1.2293675422668457,0.5955415785312653,2.971317350864411e-06,2102.461375296116,89900000.00000001,0.00010700000000000008,7.08
1.3837493777275087,0.8113200053572656,4.959337860345842e-06,2437.795355916023,405000000.0,0.000739,0.5000000000000002
1.504225727543235,0.6773628517985345,5.696556992828847e-06,1833.3232235163448,130999999.99999999,0.0005400000000000001,13.259999999999998
1.566587094962597,0.7338310405611993,3.002415984869004e-06,1549.2178238928316,137000000.0,0.0005409999999999999,9.55
1.473940770328045,0.7743550077080728,9.370392382144929e-06,628.4828782081603,359000000.0,0.00186,11.12
1.5401904344558717,0.7645818416029215,4.2609797120094305e-06,1689.4523957744238,141000000.00000003,0.000794,12.2
1.4955418936908247,0.7710852831602097,6.377301305532457e-06,911.5095734596251,267000000.0,0.00119,10.3
1.4819203957915308,0.6699858248233795,6.1617621444165716e-06,785.7827395200728,280000000.0,0.0006370000000000001,7.63
1.2387342095375062,0.6445259749889375,9.550176620483399e-06,1420.0445562601087,166000000.0,0.00045600000000000013,13.129999999999999
1.4751540362834932,0.8531579464673996,3.0587200522422797e-06,1172.2928956151006,179000000.00000003,0.0009310000000000001,8.5
1.488387255370617,0.6879352971911431,3.146545618772507e-06,2243.377037346363,98700000.0,0.0003510000000000001,11.38
1.434930168092251,0.6227560579776764,5.739901296794416e-06,702.9726654291152,263000000.00000003,0.000391,5.95
1.4827138781547549,0.6336606234312058,4.257379621267319e-06,2449.9323517084117,93300000.00000001,0.00029,12.26
1.5066830031573775,0.6353328108787537,3.580709636211396e-06,1100.8717417716978,173000000.0,0.000323,6.64
1.5262056380510332,0.6943896979093552,7.365356922149659e-06,1547.5837811827657,163000000.0,0.000773,13.89
1.638865900039673,0.7935538038611413,6.065309070050717e-06,1210.6581330299375,208999999.99999997,0.00142,12.38
1.2424815058708192,0.6090100407600403,9.424563348293305e-06,2932.097345590591,90699999.99999999,0.0002760000000000001,15.18
1.8120053529739382,0.8033288642764093,3.9385630786418926e-06,2371.9587102532387,115999999.99999997,0.0010399999999999997,13.95
1.7228770136833191,0.8985208958387376,4.425514101982117e-06,878.1762719154357,259000000.0,0.00196,8.81
1.6648354947566988,0.7321011487394572,9.789374351501467e-06,1258.3957538008688,218000000.00000003,0.0014700000000000002,14.79
1.5447012215852738,0.6673958837985993,7.919598266482355e-06,1891.4822321385143,138000000.0,0.000648,14.69
1.2516094028949738,0.6013563752174378,5.064170345664025e-06,698.5076814889907,252999999.99999997,0.00022899999999999996,3.5000000000000004
1.2050441443920137,0.5970854759216309,6.030027940869332e-06,703.5042643547057,255000000.0,0.00022699999999999993,4.34
1.7132618665695192,0.6927576631307603,9.455798625946047e-06,2234.304577112198,141000000.00000003,0.0009620000000000001,16.44
1.506074321642518,0.8356270641088487,4.032368421554566e-06,712.7776294946669,344000000.0,0.00116,4.53
1.476059299707413,0.7795687884092332,7.913074105978014e-06,669.1721379756926,347000000.0,0.00158,10.06
1.4056981086730957,0.6495799899101258,8.579588651657106e-06,1409.4802290201185,168000000.0,0.000565,13.07
1.5273008868098261,0.8174679592251778,4.1260546445846564e-06,1205.72093129158,191000000.0,0.00106,10.06
1.7529780507087709,0.7332982063293457,9.096079945564272e-06,1570.9424316883085,185000000.0,0.00139,15.38
1.4787695579230786,0.6907528325915337,6.600645283237101e-06,576.5270739793776,374000000.0,0.000829,6.5
1.4541315615177155,0.7530583050101997,3.916471034288407e-06,1588.1095007061956,143000000.00000003,0.0006540000000000001,11.3
1.5971505224704743,0.6753604799509049,8.79153859615326e-06,2296.003393828869,129000000.0,0.0007200000000000002,15.93
1.4718274265527727,0.7612244736403228,7.885585367679598e-06,2423.735812306404,409000000.0,0.000831,4.28
1.5616624295711519,0.8645653456449509,5.266174614429475e-06,719.8337018489837,329000000.0,0.00181,7.9
1.5768631160259248,0.7513194769620896,3.839620143175126e-06,2194.7507858276367,112999999.99999999,0.0006720000000000001,13.16
1.4115233302116394,0.7212659038603306,9.145962595939638e-06,744.82823908329,307000000.0,0.0011999999999999997,11.28
1.6719208538532258,0.783704173564911,1.0033227562904359e-05,795.6413477659224,314000000.0,0.00229,13.17
1.500656381249428,0.6423502117395402,4.256719142198564e-06,2230.1958054304123,101000000.0,0.0003290000000000001,12.02
1.3138732731342317,0.615980538725853,8.87237134575844e-06,809.3963861465453,244000000.00000003,0.000433,8.73
1.700832885503769,0.6793295860290528,7.255173429846765e-06,2740.5400872230525,110000000.0,0.0006800000000000002,16.26
1.5561906382441522,0.7590616408735514,5.609472379088402e-06,1380.1769837737081,180000000.00000003,0.00101,12.41
1.2012875497341158,0.5946791768074036,9.165997684001924e-06,3010.7446312904353,84300000.00000001,0.00021999999999999998,14.64
1.4631103813648225,0.6596821993589402,8.049854502081873e-06,2281.2642082571983,121000000.0,0.0005310000000000001,15.16
1.489176191389561,0.6765473395586015,8.932250261306765e-06,2098.5362604260445,136000000.0,0.0006710000000000002,15.49
1.7887586116790772,0.8449298053979875,2.930136919021607e-06,2455.323219299316,106000000.00000003,0.000972,12.5
1.702552253007889,0.9027520716190339,9.128117561340333e-06,688.1290972232817,505999999.99999994,0.00347,7.75
1.3454669773578645,0.6007855117321015,2.9419441819190983e-06,1271.624185144901,139000000.0,0.0001589999999999999,4.7
1.5818683415651322,0.7577299933880568,5.193934455513955e-06,1596.5409502387045,157000000.0,0.0009369999999999999,12.85
1.5722301855683327,0.7803183898329735,8.16208963096142e-06,852.165251970291,283000000.0,0.00174,12.14
1.222197335958481,0.5990649998188019,3.7748546004295356e-06,2567.111358046531,81100000.0,0.0001310000000000001,9.9
1.4203700065612794,0.6230281502008439,6.345268670469523e-06,1889.1369011253116,118000000.00000001,0.0003349999999999999,12.43
1.465657751262188,0.6610904306173325,8.15217722952366e-06,1132.093586027622,202000000.0,0.0006930000000000001,12.05
1.4518777281045916,0.666907811164856,8.136614248156548e-06,763.2698416709899,288000000.0,0.000778,9.51
1.2547710835933688,0.6050596475601197,4.989805325865746e-06,1560.6373474001882,123000000.00000003,0.00020200000000000003,8.99
1.5529313743114472,0.6972919285297394,2.9492298960685738e-06,2578.2712846994395,90399999.99999997,0.00038,12.21
1.7503516495227815,0.7130560711026193,6.957625575363637e-06,2492.8025454282756,123000000.00000003,0.0008920000000000001,16.05
1.6226149678230286,0.6967213109135628,2.9781582951545722e-06,2996.3021278381343,79500000.00000001,0.0004009999999999999,13.259999999999998
1.3097570300102235,0.673167309165001,8.780759811401368e-06,2095.151498913765,131999999.99999999,0.0005239999999999999,15.05
1.4632000207901001,0.6297778934240342,7.434750825166703e-06,922.4869608879088,223000000.0,0.0005129999999999999,9.410000000000002
1.2578599512577058,0.606636518239975,5.922410167753697e-06,1452.2310644388197,133999999.99999997,0.00023700000000000004,9.68
1.3662112712860108,0.8377034068107606,9.689690202474596e-06,981.4904183149337,859000000.0,0.00178,1.7099999999999997
1.6541864454746247,0.8893412142992021,2.991300284862519e-06,1309.185281395912,165000000.0,0.00122,9.49
1.5340134210884573,0.6696171283721924,8.753256052732469e-06,2410.955458879471,123000000.00000003,0.000626,15.9
1.5332295902073385,0.6458135694265367,4.012939989566803e-06,2869.6050047874446,84099999.99999999,0.0003129999999999999,13.22
1.7560070872306826,0.7888956516981126,3.8761365413665776e-06,2373.1946125626564,113999999.99999999,0.000919,13.83
1.5116644375026227,0.6640486747026444,5.570676639676095e-06,2008.1914886832235,120000000.0,0.0004830000000000001,13.419999999999998
1.4280592605471611,0.6225028395652772,5.357214748859406e-06,2853.558391332626,84800000.00000001,0.000266,13.52
1.5985704302787782,0.7801292717456818,6.118325710296632e-06,1205.7286798954008,207999999.99999997,0.0012899999999999997,12.3
1.4762512832880021,0.7740812212228776,4.64029622077942e-06,709.8809182643889,364000000.0,0.000903,4.52
1.7915581941604617,0.7437636371701957,6.790170922875405e-06,2151.807688176632,139000000.0,0.00113,15.62
1.4222617506980897,0.7329527087509633,9.849170029163361e-06,920.1972484588622,263000000.00000003,0.00134,13.27
1.4919162757694722,0.7786957606673242,2.921455144882203e-06,1958.9476212859151,115999999.99999997,0.000611,11.41
1.5674557685852053,0.7558068092912437,6.867148496210576e-06,1187.042027711868,211000000.0,0.00121,12.72
1.2557705819606781,0.60622196495533,5.928972505033017e-06,1555.6600987911222,127000000.00000001,0.000233,10.050000000000002
1.4808810889720918,0.8005253568291665,3.043194621801377e-06,1858.352256938815,142000000.00000003,0.00067,9.48
1.3218196570873262,0.6166332632303239,8.668422251939774e-06,1579.6694271266458,141000000.00000003,0.00036800000000000016,12.57
1.6590627014636994,0.7393669836223126,7.25710552930832e-06,1569.5650801062582,174000000.0,0.00115,14.36
1.4896942108869553,0.7637512307614088,3.866323232650758e-06,1682.1071989834306,137000000.0,0.000704,11.7
1.5480388954281807,0.7644547898322345,2.922767341136933e-06,2430.4674863815303,98899999.99999997,0.000567,12.55
1.5242797046899796,0.699445889890194,3.9932082295417795e-06,2470.635280013084,100000000.0,0.0004690000000000002,13.44
1.5740134701132775,0.8672615736722947,4.635051399469376e-06,626.2158155441283,362000000.0,0.0017,5.98
1.5302596315741541,0.7258010409772396,6.367065561935307e-06,1447.533845901489,173000000.0,0.000877,13.15
1.3408091247081757,0.6160883724689484,6.651206875219942e-06,1374.4811639189718,148000000.0,0.0003149999999999999,10.52
1.4965746056288483,0.6467821329832077,7.3511450439691554e-06,2153.9157554507256,120000000.0,0.0004939999999999999,14.509999999999998
1.4819966644048692,0.6725844204425813,4.944614872336389e-06,1440.6007081270216,151999999.99999997,0.0005069999999999999,10.98
1.390003252029419,0.8089115962386132,3.0489219725131993e-06,1247.7872073650358,168000000.0,0.000708,8.800000000000002
1.2063526690006257,0.5981563031673431,5.986089132726194e-06,1988.9195933938024,105000000.00000003,0.000189,10.91
1.4685357347130776,0.6502181947231294,7.85958155989647e-06,2537.0223373174663,110000000.0,0.00047600000000000013,15.39
1.7709592938423158,0.6524576693773271,3.0437424480915075e-06,1746.0023164749143,121000000.0,0.00041500000000000006,9.48
1.5034867253154518,0.6365941286087037,4.5108596384525305e-06,898.8035768270491,212000000.0,0.00040299999999999993,6.789999999999999
1.738341683149338,0.8411043941974641,2.9085075855255133e-06,2343.111254274845,110000000.0,0.000921,12.18
1.7900593042373658,0.5984330892562867,2.9445205926895146e-06,2181.519038975239,93800000.00000001,0.0002559999999999999,9.45
1.2956770598888399,0.6244784742593765,9.136231899261475e-06,1495.0874000787733,150999999.99999997,0.0004009999999999999,12.72
1.501199932023883,0.6851420268416405,3.132066190242768e-06,1624.3280209600923,127000000.00000001,0.0003789999999999999,9.540000000000001
1.4150674760341646,0.8262040346860886,3.05835497379303e-06,1246.573470532894,168999999.99999997,0.000785,8.89
1.4755623355507852,0.6814610973000527,7.077699042856694e-06,688.5432004928588,323000000.0,0.0007959999999999999,7.9
1.6009815573692323,0.7970916777849198,9.991631358861924e-06,630.9356093406676,372000000.0,0.00244,11.87
1.6694325149059297,0.7873496487736703,2.916029036045075e-06,2644.9494361877437,95700000.00000001,0.0006800000000000002,13.03
1.3326065182685853,0.6154724389314652,5.648620001971723e-06,1461.625315248966,136000000.0,0.00027499999999999996,10.04
1.614410072565079,0.7213825285434724,2.972733855247498e-06,1863.2626365870235,118000000.00000001,0.0005180000000000001,10.65
1.5003457579761745,0.7246635094285012,5.9461142420768745e-06,618.1853562593459,383000000.0,0.0009549999999999999,6.13
1.3672188341617586,0.6572324931621553,8.425516158342362e-06,1800.363941118121,141000000.00000003,0.0005159999999999999,14.14
1.4615323662757875,0.7429095156490804,5.0499518960714344e-06,1111.7149442434309,206999999.99999997,0.0007900000000000001,10.08
1.510729115456343,0.7841990724205972,6.21493136137724e-06,927.7597367763518,263000000.00000003,0.00128,10.43
1.3267337679862978,0.6120317459106446,4.632203370332718e-06,2439.4166767597194,90199999.99999999,0.00021399999999999992,11.61
1.4940828010439875,0.6828590780496598,6.978046290576459e-06,1446.022681891918,166000000.0,0.000675,13.03
1.595500284433365,0.8551814854145051,6.209357917308809e-06,781.129702925682,304000000.0,0.00204,10.01
1.623231089115143,0.6713043361902238,8.665036201477052e-06,2506.0022920370097,121000000.0,0.0006850000000000001,16.19
1.5503246068954468,0.8182494744658471,5.102833613753319e-06,1025.0631272792814,233999999.99999997,0.0013199999999999998,10.2
1.615350902080536,0.808182679116726,4.3263179063797e-06,1456.4742445945737,167000000.0,0.0011,11.54
1.5151669297367336,0.6315793722867966,4.510293662548066e-06,1383.7196230888364,146000000.0,0.000369,9.540000000000001
1.5117291357368232,0.6606772810220719,4.806055396795273e-06,2329.281859099865,103999999.99999999,0.0004159999999999999,13.35
1.4067181706428529,0.623376139998436,7.2173238694667825e-06,695.6136524677275,280000000.0,0.00045399999999999987,6.97
1.579129993915558,0.880118027329445,3.0709049105644233e-06,1127.8495863080022,186999999.99999997,0.00116,8.45
1.5239141061902048,0.6749490559101106,3.376559019088746e-06,2824.7639089822765,84900000.0,0.000341,12.92
1.5213641837239267,0.8450163066387177,4.2067449092865e-06,981.8154126405715,238000000.0,0.00124,8.51
1.4683587357401848,0.6840417534112931,4.331014066934586e-06,1441.0251304507253,149000000.0,0.000488,10.46
1.6510095298290255,0.6387272626161576,6.602032138034702e-06,2942.202419042587,94099999.99999999,0.000455,15.5
1.5957027375698092,0.6739103525876999,7.777247920632364e-06,2156.287722289562,128000000.0,0.000679,15.3
1.4808454737067225,0.7739007085561753,5.235697656869889e-06,956.0975730419158,255000000.0,0.000996,9.02
1.4051261723041535,0.7602467257529498,2.980722606182099e-06,1438.2700920104978,146000000.0,0.000532,9.410000000000002
1.2248469293117523,0.6008080869913102,3.760983496904374e-06,1913.7925580143926,102000000.0,0.00013899999999999994,8.27
1.7829112350940706,0.7949494957923889,4.837667956948281e-06,1976.5543490648267,138000000.0,0.00118,13.899999999999999
1.6054020524024966,0.8742999136447908,6.2109813429415235e-06,683.0463856458663,349000000.0,0.00228,8.94
1.3372495114803316,0.6127675205469132,7.542127698659898e-06,1966.9037237763403,114999999.99999997,0.00030899999999999987,12.9
1.4878440879285337,0.7574417050927879,6.035794876515866e-06,624.0702718496321,382000000.0,0.00118,6.93
1.3229859173297884,0.6120419561862946,7.693703159689904e-06,2358.4447726607323,101000000.0,0.0002909999999999999,13.73
1.4378583535552025,0.6226081699132919,6.413082513958217e-06,1105.0140410661695,183000000.0,0.000385,9.48
1.6129946887493134,0.7220717400312424,8.010512813925745e-06,1470.5377370119093,182000000.0,0.0011,14.39
1.6474100947380068,0.8913107603788377,3.0293829739093785e-06,1215.7655432820318,175000000.0,0.00125,9.05
1.7270698606967927,0.7877240046858788,5.793742284178735e-06,1573.9355161786077,170999999.99999997,0.00133,13.55
1.6937062561511995,0.7289999216794968,8.902434408664704e-06,1479.5180708169935,189999999.99999997,0.0013,14.989999999999998
1.6214115142822267,0.769106474518776,6.038926571607591e-06,1387.8730982542036,185000000.0,0.00119,12.96
1.4702522769570352,0.6299863904714585,4.340022116899491e-06,2329.027719795704,96200000.0,0.0002850000000000001,11.98
1.4152486503124238,0.6242776662111282,5.286437198519708e-06,2319.8002502322197,98400000.00000003,0.00028399999999999996,12.61
1.2916670501232148,0.6253338128328324,8.918982684612275e-06,1794.4185454398391,130999999.99999999,0.0003789999999999999,13.55
1.7287573814392092,0.8629645854234697,1.010098946094513e-05,520.289123058319,443000000.0,0.00354,11.05
1.48204590305686,0.6867293134331703,6.051592707633973e-06,966.7979478836058,227000000.00000003,0.000688,9.58
1.4866894751787187,0.7363168112933637,6.494643568992616e-06,1084.1021984815595,222000000.0,0.0009580000000000001,11.44
1.5129113405942918,0.6419588416814804,4.957081362605096e-06,2547.9641109704967,95700000.00000001,0.00035800000000000003,13.51
1.481782563775778,0.7193913348019124,4.5844892859458934e-06,1752.8429087251423,133999999.99999997,0.000604,12.36
1.6921071767807008,0.8324303805828095,9.358312249183657e-06,625.228464603424,380000000.0,0.00284,11.3
1.317175877094269,0.6071620523929596,4.975018709897996e-06,595.4638421535491,293000000.0,0.00027299999999999997,2.84
1.3132989943027498,0.6166553109884263,8.548955649137498e-06,494.88547444343556,365000000.0,0.00046800000000000005,5.7
1.4322385624051095,0.8132549062371255,3.415151774883271e-06,916.0419851541518,246000000.0,0.0008369999999999999,6.22
1.494670316576958,0.8324751734733582,4.208153069019318e-06,961.6783559322356,247000000.0,0.00114,8.02
1.7940232694149019,0.598020887374878,2.946995615959168e-06,2288.2024124264717,90500000.00000001,0.00025299999999999997,9.71
1.3035178720951082,0.6480163335800172,8.416771382093431e-06,2137.626513838768,121000000.0,0.0004210000000000001,14.59
1.4760591924190523,0.764079698547721,9.698399513959886e-06,698.7230032682418,332000000.0,0.00178,11.98
1.4015806674957276,0.7808984801173211,2.9753907918930057e-06,1352.7895808219907,155000000.0,0.000604,9.06
1.651278430223465,0.8465068817138672,4.092028915882111e-06,1303.0148223042486,184000000.0,0.00131,10.73
1.5635682329535485,0.6577866375446321,7.907567366957666e-06,2505.379498004913,113999999.99999999,0.000561,15.630000000000003
1.7656919181346895,0.7904800236225129,8.75224593281746e-06,1076.9299715757368,249000000.0,0.0021,13.739999999999998
1.804701340198517,0.7482220329344274,7.032793246209622e-06,2065.328724682331,145000000.0,0.00121,15.630000000000003
1.3631494402885438,0.7571208950132132,7.706054180860521e-06,2455.6252658367152,530000000.0,0.0007030000000000001,0.6199999999999998
1.5950049340724946,0.7272447422146798,3.8174114823341376e-06,2584.131240844726,99000000.00000001,0.0005719999999999999,13.88
1.5789479434490206,0.8826546102762223,9.357890844345095e-06,897.9314118623732,884000000.0,0.00242,0.86
1.3372696280479432,0.6146347314119339,7.65915933251381e-06,2828.322455286979,89500000.00000001,0.0002799999999999999,14.47
1.3278538942337037,0.8777259528636934,2.8300524353981023e-06,2471.920952200889,206999999.99999997,0.0006529999999999999,4.64
1.3842660784721377,0.6488093376159668,8.827839702367784e-06,1022.5716531276702,216000000.00000003,0.0006249999999999999,11.38
1.5254947654902937,0.7611924704164267,9.447683662176134e-06,780.6203812360762,305000000.0,0.00175,12.4
1.7347469151020052,0.7656091656535865,1.0077401220798495e-05,1040.2081459760664,259000000.0,0.00204,14.36
1.7401543378829958,0.8182546600699425,4.123206198215486e-06,1817.8102765232322,141000000.00000003,0.00116,12.71
1.4072189569473268,0.7594459611922503,3.1054352819919594e-06,934.1070353984832,214000000.00000003,0.0005899999999999999,6.35
1.533779937028885,0.8541269302368165,4.213990360498429e-06,942.6044970750808,248000000.0,0.0013,8.28
1.4771385200321676,0.6827860549092294,6.16961980611086e-06,720.9264039993285,316000000.0,0.000701,6.89
1.7293723046779634,0.8011315003037454,7.131706193089486e-06,1175.961561501026,224999999.99999997,0.00179,13.17
1.483088444173336,0.8511841624975205,3.1459051668643956e-06,971.4812338352202,219000000.0,0.0009939999999999999,7.029999999999999
1.263584589958191,0.6036407858133317,4.781225576996804e-06,2851.5537381172176,78500000.00000003,0.00017699999999999988,12.06
1.4700665697455408,0.7102835834026338,7.624615192413331e-06,791.6122972965239,294000000.0,0.000967,9.88
1.5572165295481684,0.7037462532520294,8.234131917357445e-06,1454.6529874205587,179000000.00000003,0.0009520000000000003,14.26
1.414501315355301,0.7403790984302759,1.0092292249202729e-05,888.9037668704985,273000000.0,0.00143,13.45
1.4981033474206926,0.6512699067592621,7.1371485218405734e-06,1513.7024894356725,153999999.99999997,0.0005599999999999998,12.92
1.4210705637931824,0.7309190824627877,3.0397595465183262e-06,1915.8365875482557,113999999.99999999,0.00043999999999999996,11.07
1.4014884352684023,0.6654897183179856,8.778860360383988e-06,495.5254793167113,387000000.0,0.0008889999999999999,8.13
1.619907295703888,0.8704015463590623,7.067012049257757e-06,649.9120891094207,368000000.0,0.00255,9.65
1.5394702702760699,0.6183328717947006,7.148020453751088e-06,2937.297403812408,90600000.0,0.00035899999999999994,15.09
1.6253275752067566,0.7187577791512013,6.18192044645548e-06,1976.7047017812727,136000000.0,0.0008319999999999998,14.66
1.4796430371701719,0.6277364283800125,7.139715805649758e-06,1492.150045931339,148000000.0,0.00045099999999999996,12.2
1.5313010841608048,0.851549729704857,5.349901914596559e-06,726.5135943889617,329000000.0,0.00167,7.879999999999999
1.3522934317588808,0.6002725303173065,2.998105347156525e-06,2115.6387329101562,91900000.00000001,0.0001479999999999999,7.89
1.5647545382380488,0.6356880605220795,6.162124328315259e-06,2752.017185091972,96200000.0,0.0004119999999999999,14.829999999999998
1.482199598103762,0.7308873474597931,7.606196463108064e-06,934.8567873239516,256000000.0,0.00109,11.38
1.6592104375362398,0.8839459866285325,7.138249650597573e-06,1151.0480493307111,548000000.0,0.00214,3.939999999999999
1.3262221276760102,0.711174599826336,9.706233054399492e-06,972.7447777986525,247000000.0,0.00101,13.03
1.4949256964027884,0.7654086191207171,9.461934655904772e-06,2081.4868733286858,652000000.0,0.001,0.73
1.5947299897670748,0.628730070590973,7.576591834425927e-06,2872.500672936439,97600000.00000001,0.0004409999999999998,15.61
1.248389106988907,0.6084724098443985,9.364971905946733e-06,2392.0892477035522,103999999.99999999,0.00029699999999999996,14.47
1.79663924574852,0.8962092250585557,3.3497695624828346e-06,762.2026950120925,309000000.0,0.0016800000000000003,4.58
1.4240098714828493,0.6205226182937622,5.628813974559308e-06,789.1740202903746,233999999.99999997,0.0003600000000000001,6.52
1.6760755419731141,0.7327801175415517,6.882687903940678e-06,1807.4251823127267,153999999.99999997,0.0010399999999999997,14.76
1.4923861898481847,0.657519355416298,4.223361194133759e-06,891.5266692638396,216000000.00000003,0.00044199999999999996,6.72
1.3266012668609621,0.612488642334938,4.735957622528077e-06,1665.7172348350284,119000000.0,0.0002320000000000001,9.71
1.5083998002111914,0.6342829674482346,5.354950532317162e-06,1388.0022540688512,150999999.99999997,0.000424,10.58
1.4389774248003961,0.622845607995987,5.736239507794381e-06,1371.9590306282041,148000000.0,0.0003439999999999999,10.33
1.4673006176948549,0.714166058599949,5.280773267149926e-06,1082.693591713905,205999999.99999997,0.0007060000000000002,9.94
1.6816534459590913,0.7292882055044175,2.9028603434562687e-06,2971.2754786014552,82900000.00000001,0.0004979999999999999,13.33
1.4532405316829682,0.8430384904146195,8.427764832973482e-06,1146.1637839674947,435000000.0,0.00184,7.54
1.5000747565180064,0.6561938345432282,3.4604300558567054e-06,2343.016929924488,94800000.0,0.00030599999999999996,11.47
1.6836366176605226,0.7264140240848065,4.829282835125924e-06,2604.3714135885234,107000000.00000001,0.000719,15.02
1.4277068272233011,0.8037088572978974,3.546626329421998e-06,667.8170263767241,355000000.0,0.0008120000000000001,2.71
1.4570027589797976,0.633045718073845,7.869077667593957e-06,1021.6900259256362,207999999.99999997,0.000552,10.57
1.5073075711727144,0.780491776764393,4.524611204862596e-06,1312.1460676193235,180000000.00000003,0.0009180000000000001,10.94
1.5646537452936173,0.7772824689745904,9.283321589231492e-06,743.0462837219237,321000000.0,0.00197,12.06
1.6242159247398378,0.8411769121885301,6.083352185785771e-06,1878.633817657828,535000000.0,0.00126,1.1500000000000001
1.6354898393154145,0.6700679987668992,6.496941125020386e-06,2665.0182455778117,106000000.00000003,0.0005750000000000001,15.599999999999998
1.4928589984774592,0.8308321595191956,5.674957126379014e-06,586.6546481847762,388000000.0,0.00164,7.15
1.3647325694561006,0.63106007874012,7.893514454364778e-06,2093.9361229538918,116999999.99999997,0.000387,14.04
1.1955723881721498,0.5984793663024903,9.746506631374361e-06,3004.1833519935603,86700000.00000001,0.00023500000000000002,15.03
1.541833792626858,0.8872600704431535,8.39668706059456e-06,783.7455272674559,453000000.00000006,0.00262,8.02
1.6254422128200532,0.8709310948848725,7.583153754472734e-06,1200.9381428360937,634000000.0,0.00201,2.42
1.6604284822940827,0.7352165859192611,7.897875785827638e-06,1488.907068967819,184000000.0,0.00121,14.5
1.6861918866634371,0.7557851929217577,8.24934880435467e-06,1270.110487937927,213000000.0,0.00151,14.09
1.6632415115833283,0.8396882414817811,5.115965589880944e-06,1129.3968483805654,219000000.0,0.0016,11.09
1.5309079974889757,0.8492269456386566,4.862623676657678e-06,809.4594180583953,296000000.0,0.00145,7.93
1.4851150900125505,0.7389885865151883,6.1437716260552415e-06,622.021660208702,379000000.0,0.0010500000000000002,6.8
1.47090752273798,0.7736278295516968,4.554191946983338e-06,817.0923143625258,310000000.0,0.0008799999999999999,5.82
1.57818723320961,0.6008952856063843,2.897323250770569e-06,843.2109206914901,197000000.00000003,0.00022400000000000002,2.8999999999999995
1.4617257937788966,0.6824519813060761,9.456118643283846e-06,2126.030281186104,139000000.0,0.000699,15.84
1.3895829856395723,0.6510803192853928,8.163118317723276e-06,1849.9202672392128,136000000.0,0.0004939999999999999,14.08
1.6621069908142092,0.736846686154604,1.0071517407894137e-05,1184.2844933271406,230000000.0,0.00157,14.79
1.4807594887912274,0.6821746230125428,4.676749825477601e-06,1879.4080447405574,123000000.00000003,0.000477,12.38
1.4027120053768158,0.7144546866416932,9.1640782058239e-06,744.2502230405806,306000000.0,0.00114,11.17
1.6886833906173708,0.7260673351585866,9.136190801858903e-06,1464.0801697969434,192000000.0,0.0013,15.03
1.389536798000336,0.6256867915391923,8.304117977619172e-06,1401.6792103648183,158000000.0,0.00043700000000000005,12.16
1.4682877823710443,0.8040820956230165,4.12366682291031e-06,1097.5756794214246,208999999.99999997,0.000943,9.1
1.5165755175054074,0.6243223071098328,6.6167645398527395e-06,2830.8481276035304,92599999.99999999,0.00035899999999999994,14.79
1.3639316439628602,0.8810516595840455,2.8540954589843757e-06,2491.7640835046764,221000000.0,0.0006850000000000001,3.6600000000000006
1.7188569724559786,0.6786078616976738,6.23092643916607e-06,2943.494945764541,99000000.00000001,0.000607,16.02
1.3353715538978579,0.6106236577033997,4.933862999081612e-06,692.1372860670089,255000000.0,0.000277,4.080000000000001
1.6323040187358857,0.84927017390728,4.48460277915001e-06,1141.7102739214895,208999999.99999997,0.00145,10.41
1.7964207351207735,0.8443613469600678,9.104013830423356e-06,764.1104906797408,319000000.0,0.00307,12.64
1.6761119842529297,0.7332261342555285,9.383837699890139e-06,1308.7681233882902,210000000.0,0.00143,14.72
1.5037149600684645,0.644527468085289,5.23048746585846e-06,1908.6891338229177,119000000.0,0.0004119999999999999,12.42
1.4779069863259793,0.7540591064840556,4.877603471279145e-06,1299.5077595114706,181000000.00000003,0.000813,11.13
1.5630889087915423,0.7790982082486153,9.257741898298264e-06,732.1623265743254,325000000.0,0.00199,11.95
1.5745318338274956,0.7097092866897584,7.092805989086629e-06,1654.5945610851047,158000000.0,0.000866,14.27
1.2957058489322664,0.6506295382976532,9.398851186037065e-06,831.1588615179061,258000000.0,0.0006150000000000001,10.49
1.5665441527962687,0.7915847271680833,5.25452120602131e-06,1206.667900085449,203000000.0,0.00118,11.36
1.624731856584549,0.853119519352913,2.956312417984009e-06,1720.3527335077522,136000000.0,0.0009700000000000002,10.85
1.339061897993088,0.6082439124584198,4.907578185200692e-06,477.09423303604115,346000000.0,0.0002869999999999999,1.6099999999999999
1.7235396087169648,0.6727740347385407,7.362801477313042e-06,2871.381521224975,106000000.00000003,0.000657,16.42
1.4898756846785546,0.6696525514125825,6.501673897728325e-06,1426.581062376499,162000000.00000003,0.0005930000000000001,12.35
1.6111932635307313,0.8156355008482934,7.966154634952546e-06,751.7882734537123,320000000.0,0.00217,11.34
1.6149919867515565,0.8754002451896669,6.23799566179514e-06,697.5385099649428,342000000.0,0.00231,9.17
1.791603344678879,0.7966061979532243,9.33381924033165e-06,1009.2714726924895,263000000.00000003,0.00236,13.89
1.2460836589336397,0.6091450363397599,9.717829614877703e-06,801.665961742401,245000000.00000003,0.00040400000000000006,8.99
1.518203877657652,0.6999951660633088,8.266327977180483e-06,1342.2840386629102,187999999.99999997,0.000912,13.81
1.6006208360195162,0.628195157647133,6.235900998115541e-06,2921.3033914566035,91000000.0,0.000391,14.95
1.5894026666879655,0.8450082331895828,6.193427406251431e-06,1542.7395999431608,398000000.0,0.0014099999999999998,4.98
1.7244741082191468,0.7510627493262292,7.154579922556878e-06,1671.504911035299,168999999.99999997,0.00125,14.7
1.5486558616161348,0.7758526861667634,5.577422976493836e-06,1210.177235305309,203000000.0,0.00112,11.65
1.540501879155636,0.6695776283740998,5.425408691167832e-06,2323.803447186947,109000000.00000001,0.00049,14.1
1.478783293068409,0.7579086173325777,6.795761317014696e-06,628.0172914266585,375000000.0,0.00127,8.02
1.5371464647352697,0.6964089542627335,5.088885009288789e-06,2135.1402550935745,116999999.99999997,0.0005679999999999999,13.85
1.6436736345291139,0.794934792816639,5.204424619674683e-06,1403.0066803097723,180000000.00000003,0.00123,12.3
1.2098669350147249,0.5979011535644532,4.983422502875329e-06,1780.9946015477178,111000000.0,0.0001679999999999999,9.29
1.3974010527133942,0.6504559457302094,8.16851918399334e-06,2568.2029426097865,109000000.00000001,0.00044600000000000005,15.439999999999998
1.4874968469142915,0.795752039551735,4.645947426557541e-06,698.0937272310256,366000000.0,0.0010500000000000002,4.84
1.4791850656270982,0.6664782643318177,6.949547275900842e-06,782.0324152708052,280000000.0,0.000688,8.55
1.4320651397109032,0.7650019180029631,3.923904240131379e-06,1279.6932384371755,173000000.0,0.0007110000000000002,9.95
1.4996507976204159,0.6402690321207047,5.144849762320519e-06,2197.2171887755394,106000000.00000003,0.00037300000000000007,12.92
1.4812725931406023,0.8011101812124253,8.063019752502443e-06,544.3247705698012,407000000.0,0.00197,9.4
1.5087363682687285,0.6674922019243241,7.985121816396714e-06,1618.6098773032425,153999999.99999997,0.000658,14.02
1.4905785463750363,0.7185146190226078,8.223360851407053e-06,1047.3893135786054,230000000.0,0.0010699999999999998,12.66
1.323025631904602,0.6087770909070969,3.673109948635102e-06,2972.300827503204,72199999.99999999,0.0001679999999999999,11.45
1.4799689367413522,0.7015226483345033,3.565270364284516e-06,2374.004639685154,99699999.99999999,0.000422,12.61
1.4761937722563745,0.6306018501520158,6.584319574758411e-06,1987.4229207634924,118000000.00000001,0.0004049999999999999,13.35
1.562410940229893,0.7533327151089907,2.8823767304420477e-06,2409.835934638977,98400000.00000003,0.0005419999999999998,12.3
1.5452971905469897,0.8675531566143037,3.094849050045014e-06,976.9380390644072,216000000.00000003,0.00111,7.18
1.4523550182580949,0.7173682361841203,4.468465268611909e-06,1162.228651344776,186000000.0,0.000626,9.58
1.4157123863697054,0.799227860569954,3.021305561065674e-06,1057.2029203176496,194000000.0,0.0007070000000000001,7.44
1.3287321925163271,0.714534891396761,9.641781687736512e-06,810.5501830577849,285000000.0,0.00109,12.14
1.3704103231430056,0.6994689121842385,9.299598246812822e-06,742.6963299512862,303000000.0,0.00102,10.99
1.578903749585152,0.8156292065978051,2.93548333644867e-06,1995.1456338167188,119000000.0,0.00077,11.64
1.3469888091087343,0.6134145319461823,4.845603615045548e-06,1100.3160774707792,171999999.99999997,0.0002599999999999999,7.2
1.4422546908259393,0.7266704007983208,3.923396050930024e-06,894.5422917604445,239000000.0,0.000609,6.49
1.4845948264002802,0.7422824297100307,6.481747068464757e-06,1017.2154307365416,238000000.0,0.001,10.9
1.591694211959839,0.8129740789532662,7.835052773356439e-06,1692.0113628730176,594000000.0,0.00134,1.8300000000000003
1.3268034875392916,0.6167121917009354,8.7223958671093e-06,1394.370265305042,156000000.0,0.00038299999999999993,11.91
1.7717633843421938,0.7081653490662575,6.9574964419007314e-06,2687.109217047691,116999999.99999997,0.0008589999999999998,16.31
1.6723850011825563,0.6100260347127915,3.000693649053574e-06,538.5384261608123,296000000.0,0.00031600000000000004,0.6300000000000001
1.748106586933136,0.7942296490073205,5.106272965669633e-06,1764.0348542481659,151999999.99999997,0.00123,13.54
1.3983282387256624,0.6268330156803131,7.732340559363367e-06,2749.299213290214,96399999.99999999,0.0003490000000000001,15.04
1.5473483920097353,0.8517875611782074,3.1600007414817816e-06,833.186164498329,267000000.0,0.0010500000000000002,5.38
1.5195520721375944,0.6478123247623444,3.5025344491004952e-06,1601.8693726509807,126000000.00000001,0.00033400000000000004,9.37
1.534656060487032,0.7632537078112365,8.696767985820772e-06,2174.3921115994453,464000000.0,0.0009920000000000003,4.1
1.6139893412590027,0.869729831814766,6.1008983775973325e-06,753.1792223453521,315000000.0,0.00219,9.65
1.463524255156517,0.7159275814890862,5.200565218925477e-06,1182.791285216808,191000000.0,0.0006900000000000001,10.51
1.5681486681103707,0.6843820005655289,8.63576650619507e-06,1708.039643242955,157000000.0,0.000823,14.93
1.520852143317461,0.6996140241622926,7.637452498078348e-06,1429.3630719184873,176000000.0,0.0008390000000000001,13.73
1.4930897556245328,0.6862134933471681,3.1439128816127785e-06,1439.5625069737432,141000000.00000003,0.00039000000000000016,8.71
1.4779786236584187,0.6922374978661537,6.9846084192395224e-06,561.3163411617278,379000000.0,0.000894,7.0
1.3174885332584383,0.6113386988639832,3.838080972433091e-06,1012.4284327030181,181000000.00000003,0.000211,4.88
1.5979768574237825,0.7158035539090634,7.999421939253808e-06,1495.5679252743719,178000000.00000003,0.0010399999999999997,14.4
1.494533756375313,0.7215294934809209,9.918601900339127e-06,1128.448240458965,228000000.0,0.00125,14.189999999999998
1.5888274848461152,0.7258501321077347,1.003406035900116e-05,1200.9772956371305,223000000.0,0.00137,14.68
1.707041108608246,0.7034874200820923,5.865041114389897e-06,2740.224033594131,107000000.00000001,0.0007049999999999998,15.82
1.19817373752594,0.8594566047191621,9.582951277494432e-06,439.69663977622974,472000000.00000006,0.00224,9.44
1.5234697021543981,0.6636694282293321,8.046373322606089e-06,1825.0825461000202,141000000.00000003,0.0006299999999999998,14.509999999999998
1.3251932322978974,0.6112146735191346,3.599558532238007e-06,2761.7837041616435,78100000.00000001,0.00017199999999999995,10.89
1.5431604981422427,0.8472717493772507,4.212827116250992e-06,1024.7149616479871,225999999.99999997,0.00127,9.04
1.3795659542083742,0.6246553480625153,7.667752027511598e-06,515.900284051895,364000000.0,0.000493,5.3
1.619719809293747,0.8793901830911637,4.153087973594666e-06,900.1538455486296,254000000.00000003,0.0015600000000000002,8.28
1.4878316894173624,0.7730880215764047,5.524765521287919e-06,835.9898179769515,300000000.0,0.0010699999999999998,8.02
1.4655384063720704,0.6692932069301606,3.3479621112346657e-06,701.6657590866088,263000000.00000003,0.0003990000000000001,3.8399999999999994
1.562620644271374,0.7027220562100411,4.46786653995514e-06,2459.4103842973705,103999999.99999999,0.0005379999999999998,14.04
1.6539406478405,0.7164970502257347,5.767095834016801e-06,2278.3918604254723,122000000.00000004,0.0007709999999999998,15.06
1.4775063827633859,0.705756475031376,7.486983954906465e-06,1063.4595453739164,221000000.0,0.0008809999999999998,11.89
1.677549719810486,0.7124167978763581,5.754376396536828e-06,2491.428583860397,114999999.99999997,0.000743,15.4
1.7983512818813325,0.895902791619301,6.185124374926092e-06,895.4086452722548,265000000.0,0.00263,11.17
1.4997223466634753,0.6549296647310258,3.4895547628402715e-06,957.8399658203124,192000000.0,0.0003770000000000001,6.3
1.5086918028071523,0.7473277598619462,4.9786548912525186e-06,1490.0732338428495,161000000.00000003,0.000804,12.11
1.2037447392940521,0.5973287701606751,6.9481721296906485e-06,2841.7907953262325,83400000.0,0.00019199999999999992,13.32
1.5057625791057945,0.636540824174881,6.145184844732285e-06,1494.6821257472036,147000000.0,0.0004669999999999999,11.78
1.5458911389112473,0.6600196033716202,7.967976167798043e-06,2391.7440623044968,118000000.00000001,0.0005710000000000001,15.470000000000002
1.4769058898091318,0.6297841608524323,6.482675071805717e-06,1948.036842048168,119000000.0,0.0004,13.16
1.4642052948474886,0.690981987118721,7.776722833514215e-06,680.6254684925078,329000000.0,0.0009109999999999999,8.72
1.4870986461639406,0.6315923184156419,3.272619307041169e-06,2219.765290617943,93999999.99999999,0.00023999999999999995,10.22
1.3992952823638918,0.6260109543800355,8.216385766863824e-06,1401.2819081544874,158000000.0,0.0004409999999999998,12.15
1.4417290717363358,0.6503988236188889,7.973370984196664e-06,638.7815922498702,324000000.0,0.0007020000000000001,7.97
1.5888865292072298,0.6774046942591668,8.819346517324449e-06,2114.8994117975235,136000000.0,0.000751,15.67
1.479059882462025,0.6929142996668817,6.737823471426965e-06,779.8994630575179,294000000.0,0.0007900000000000001,8.54
1.4846631914377213,0.6720774471759797,5.037779137492181e-06,1047.5951731204984,200000000.0,0.000549,9.0
1.3215255618095398,0.6121719270944596,3.6794393658638006e-06,2210.5918377637863,92199999.99999999,0.00018099999999999993,9.72
1.4907694637775422,0.6295508176088334,8.42629972100258e-06,2887.660443782806,98500000.00000001,0.00041500000000000006,15.77
1.4529209151864053,0.7692108169198036,4.270819306373597e-06,990.3754591941832,232999999.99999997,0.0008139999999999999,7.95
1.528639476746321,0.7103055015206338,9.396004617214205e-06,1245.4749196767805,207999999.99999997,0.00112,14.23
1.4844746991991997,0.8378335922956467,3.556520581245423e-06,1130.7940185070036,195000000.0,0.001,8.79
1.332852441072464,0.6763071745634079,8.858193159103394e-06,1851.4649402350185,145000000.0,0.00058,14.68
1.470746411383152,0.7067295849323273,5.181569665670396e-06,762.0793133974074,312000000.0,0.0006810000000000001,5.87
1.4860779382288458,0.6237263202667237,4.513013392686845e-06,1385.9937638044355,143000000.00000003,0.000323,9.24
1.5185557164251806,0.6443253725767136,6.1337059438228615e-06,2124.208018183708,114999999.99999997,0.0004520000000000001,13.77
1.466142936050892,0.770418655872345,4.4717276096344e-06,891.5698826313018,272000000.0,0.0008589999999999998,6.89
1.472413529455662,0.5993848979473114,2.961607933044434e-06,2117.429703474045,93000000.0,0.00017100000000000006,8.26
1.529626301676035,0.7606428187340498,4.9508038908243185e-06,1447.814993560314,167000000.0,0.0008889999999999999,11.99
1.574283564090729,0.7089633464813233,5.182302013039589e-06,2166.5317863225937,119000000.0,0.0006469999999999999,14.219999999999999
1.5844828963279725,0.7436231128871441,6.8562085554003725e-06,1358.294032514095,188999999.99999997,0.00111,13.36
1.4726493805646899,0.6829223915934564,5.264830917119981e-06,735.2987229824065,309000000.0,0.0006010000000000002,5.66
1.4596796706318858,0.729232044517994,1.0135091960430146e-05,1049.4666844606397,242000000.0,0.0013199999999999998,14.13
1.5187716588377953,0.6739613324403764,7.681163132190705e-06,1633.8496487587688,152999999.99999997,0.000675,14.02
1.274734926223755,0.598778772354126,3.00580182671547e-06,1999.5980635285375,94700000.00000001,0.00012799999999999994,7.18
1.50026533305645,0.6448149383068086,6.3335116840899e-06,1323.8086476922033,166000000.0,0.000523,11.38
1.5592616826295853,0.6596195250749589,5.8250513598322876e-06,2457.9333811998363,106000000.00000003,0.00048399999999999995,14.52
1.4353043004870416,0.7355603244155646,3.937154918909073e-06,839.6322578191756,269000000.0,0.0006230000000000002,5.58
1.2501357972621918,0.6084795624017716,9.596283942461016e-06,1658.6590763181446,134999999.99999997,0.00033400000000000004,13.0
1.4632735937833787,0.6277768045663834,3.4592401087284094e-06,2930.2500486373897,76600000.00000003,0.00022699999999999993,12.02
1.254992312192917,0.6058865547180177,5.939948745071889e-06,1663.7576203793285,121000000.0,0.0002300000000000001,10.39
1.657170581817627,0.7248995415866376,6.885035201907159e-06,1841.7166564613578,149999999.99999997,0.000976,14.8
1.3894147396087648,0.702080149948597,9.302298784255983e-06,927.4284839630126,251999999.99999997,0.000993,12.47
1.5958994686603547,0.6523724734783173,7.843280702829363e-06,2651.7564356327052,109000000.00000001,0.0005459999999999999,15.83
1.2331839859485627,0.6709371328353883,9.61244085431099e-06,1156.4968824386594,205999999.99999997,0.000609,12.72
1.613654637336731,0.7243595570325853,5.138676807284356e-06,2164.114110171795,122000000.00000004,0.0007340000000000001,14.349999999999998
1.338631296157837,0.6349655449390412,9.030182451009751e-06,919.8098182678222,229000000.0,0.0005310000000000001,10.38
1.3407853603363038,0.6126716941595078,5.658289313316346e-06,2931.7638576030727,81000000.00000001,0.0002300000000000001,13.4
1.484849774837494,0.783805087208748,7.328896120190621e-06,700.2017945051192,339000000.0,0.0014999999999999998,9.63
1.421712398529053,0.6185199022293091,4.590499728918076e-06,1103.794306516647,173000000.0,0.0002929999999999999,7.41
1.2584234654903412,0.6040864616632462,4.797807127237321e-06,2656.24988079071,83300000.00000001,0.00018000000000000004,11.69
1.4897048056125641,0.6252352327108384,4.366581261157991e-06,2999.560266733169,78300000.0,0.0002630000000000001,13.27
1.26560395359993,0.6034939885139465,9.067224770784379e-06,1567.8874514997003,138000000.0,0.00031600000000000004,12.21
1.4785591006278993,0.707239405810833,6.845131866633893e-06,617.816999554634,363000000.0,0.0009329999999999999,7.32
1.5792207509279252,0.6285600632429124,5.205569088459016e-06,2997.940510511398,83500000.0,0.00033600000000000004,14.3
1.5426099300384524,0.6399467468261719,5.934634976089002e-06,2587.3812586069103,99600000.0,0.0004139999999999999,14.44
1.5939650416374207,0.6830347582697869,5.1325888633728035e-06,2636.7906779050822,101000000.0,0.000523,14.75
1.6027040719985963,0.8170881494879724,7.807398706674577e-06,1722.8029686957595,631000000.0,0.00134,0.6900000000000005
1.518420544266701,0.7039500832557679,7.150647871196271e-06,1454.102240502834,171999999.99999997,0.0008149999999999999,13.54
1.402937722206116,0.6458327740430833,8.650920182466508e-06,1228.9776578545568,186000000.0,0.00058,12.27
1.574920052289963,0.8087962165474892,5.101390823721887e-06,1138.2976472377775,215000000.00000003,0.00128,10.83
1.479159338772297,0.6908359363675118,5.865356959402562e-06,1372.3047375679014,168000000.0,0.0006310000000000003,11.82
1.678895777463913,0.7840673267841339,4.106751382350923e-06,2027.3201465606687,127000000.00000001,0.000916,13.17
1.5300849594175816,0.6997583985328675,7.214616760611535e-06,1542.148061096668,164000000.0,0.0007950000000000001,13.85
1.4621104493737223,0.6919001117348672,3.387555599212647e-06,1320.5504715442655,152999999.99999997,0.0004249999999999999,8.7
1.5166791658848526,0.8432695537805558,6.677072057500483e-06,576.2026757001876,398000000.0,0.00208,8.54
1.6158690690994264,0.721999403089285,5.909101754426957e-06,1965.6580984592435,134999999.99999997,0.0008170000000000001,14.46
1.552788819372654,0.7404542349278928,5.27758800983429e-06,1657.7781569212673,149999999.99999997,0.0008269999999999999,13.05
1.4755027994513512,0.5992034375667572,2.933754742145539e-06,1789.7376529872415,106000000.00000003,0.000176,7.28
1.5689447209239007,0.8384593427181245,8.265997737646105e-06,1267.9739221930502,607000000.0,0.00181,3.1699999999999995
1.5918076515197754,0.6779612660408021,5.507203996181489e-06,2574.835300445556,103999999.99999999,0.0005330000000000002,14.85
1.5072401482611897,0.6513875752687455,3.520056545734406e-06,1897.337233647704,110000000.0,0.00032199999999999986,10.4
1.572155325114727,0.7962223201990128,8.554640859365465e-06,1776.1470302939413,604000000.0,0.00124,1.7300000000000004
1.4802703678607942,0.7113544195890428,6.304038744419814e-06,775.1138806343077,304000000.0,0.0008399999999999999,8.05
1.3294025480747225,0.6145995229482651,5.7933950945734986e-06,1268.996551632881,152999999.99999997,0.00028399999999999996,9.21
1.797218316793442,0.8008342981338502,7.1927753686904915e-06,1350.3576740622518,204000000.0,0.00183,13.92
1.6029456317424775,0.6771028250455857,6.438304819166661e-06,2400.3986567258835,113999999.99999999,0.000602,15.14
1.6426877617836,0.6457269161939622,6.979722574353219e-06,2852.2929847240443,99400000.00000001,0.000499,15.71
1.455500516295433,0.7350250370800496,4.290044337511063e-06,1553.326893597841,147000000.0,0.0006310000000000003,11.44
1.5781104773283006,0.7802598461508752,1.0042749643325806e-05,704.0562778711318,341000000.0,0.00218,12.51
1.4305046394467356,0.6231924533843994,7.035809941589833e-06,1578.3591121435163,138000000.0,0.00038,12.04
1.6231165409088135,0.6464957624673844,8.017105504870416e-06,2793.49710047245,105000000.00000003,0.0005330000000000002,16.04
1.4802624329924585,0.6276995927095413,5.336841076612473e-06,1787.4558009207246,121000000.0,0.00034799999999999995,11.66
1.6003593742847444,0.7195458009839059,2.9104740023612984e-06,2078.056327998638,108000000.00000001,0.00049,11.31
1.531141197681427,0.8901830166578294,3.1208292841911323e-06,2503.0435174703593,298000000.0,0.0008579999999999999,0.6999999999999998
1.715913784503937,0.898012599349022,6.234001025557519e-06,672.7753877639769,347000000.0,0.00272,9.15
1.629495370388031,0.7516402132809162,2.9296349883079534e-06,2794.4159805774684,89900000.00000001,0.0005470000000000001,13.22
1.4226939618587495,0.7336485520005227,3.6498531997203835e-06,1176.2196123600004,177000000.0,0.000574,8.83
1.742931890487671,0.6881797671318055,8.365184545516969e-06,2616.923183202743,122000000.00000004,0.000835,16.56
1.6394289493560792,0.697151778638363,4.953015953302384e-06,2734.568297863006,99600000.0,0.000574,15.03
1.4270915642380715,0.7459200482815505,2.9647668004035953e-06,2012.6286074519155,111000000.0,0.0004780000000000001,11.44
1.4247159361839297,0.7296025514602662,9.08920666575432e-06,740.01307785511,310000000.0,0.00128,11.33
1.343605309724808,0.6356222033500672,8.924947232007981e-06,1225.2068445086477,182000000.0,0.000493,11.92
1.5002766117453576,0.6419025152921677,6.791589044034482e-06,1504.8910975456236,150999999.99999997,0.0005129999999999999,12.46
1.6707512676715852,0.7354911211878062,6.196564264595509e-06,1926.1193573474882,143000000.00000003,0.0009620000000000001,14.63
1.48557156175375,0.6249017536640168,4.455379188060761e-06,1663.4246446192262,122000000.00000004,0.00030899999999999987,10.36
1.4461046531796458,0.7669508200138808,7.512689545750619e-06,2452.505782246589,522999999.99999994,0.0008030000000000002,0.7400000000000004
1.4543458208441735,0.7573637645691634,2.998505055904389e-06,864.8456931114196,232999999.99999997,0.000609,5.38
1.6126461982727052,0.6873279914259911,9.525417417287827e-06,1979.1024848818777,149000000.0,0.000895,15.9
1.4436428636312486,0.7139166980981827,4.122764140367509e-06,1451.9149735569952,150999999.99999997,0.000549,10.61
1.5381806418299677,0.6194555997848511,7.93523906171322e-06,2946.3370442390437,93400000.0,0.000385,15.52
1.2536386370658876,0.6041511744260788,3.964575856924058e-06,1367.6217868924139,133999999.99999997,0.00017199999999999995,6.74
1.4640018448233605,0.686423246562481,9.529986530542375e-06,1517.242223024368,175000000.0,0.000829,14.75
1.7077391445636751,0.6945935234427453,9.467588365077974e-06,2139.522574841976,145000000.0,0.000985,16.31
1.5913727939128877,0.7847844690084458,3.695571035146714e-06,1907.1570336818693,127000000.00000001,0.000804,12.36
1.597594177722931,0.7786280751228333,7.2220155969262135e-06,1035.0884050130842,240000000.0,0.00153,12.5
1.5180870082229376,0.6439442038536073,3.2734314501285557e-06,2858.2866787910457,79899999.99999997,0.00026199999999999997,12.11
1.6134023487567903,0.6230733901262284,6.980291940271855e-06,2944.376796483993,92300000.00000001,0.0004049999999999999,15.309999999999999
1.6171917736530306,0.7201902419328691,2.918829500675202e-06,2165.2802377939224,105000000.00000003,0.0004969999999999999,11.53
1.2617757618427279,0.6601655513048172,8.968225717544557e-06,2167.330637574196,125000000.00000001,0.0004520000000000001,15.04
1.6452679932117464,0.8576415359973908,2.8905448913574225e-06,2500.0721514225,122000000.00000004,0.000872,10.74
1.1572476625442505,0.717749346792698,8.648392587900163e-06,2633.105099201202,443000000.0,0.00044800000000000005,2.3000000000000003
1.7420076549053194,0.892563870549202,6.066017322242261e-06,826.322242617607,285000000.0,0.00251,10.58
1.554992736876011,0.6152492970228196,7.052991524338724e-06,2982.2853505611415,88299999.99999999,0.0003490000000000001,15.05
1.56857597976923,0.8181013718247414,1.0127994835376741e-05,503.7734955549239,432000000.0,0.00267,10.94
1.29929957985878,0.6733589708805084,9.529785424470902e-06,737.3988926410674,296000000.0,0.000789,10.57
1.6763656854629518,0.7299875177443028,9.960454910993577e-06,1301.240839064121,214000000.00000003,0.00146,15.05
1.4477469965815546,0.7629697356373072,7.661081209778787e-06,2484.2217862606044,452000000.0,0.000804,2.92
1.6212801754474642,0.71933523863554,8.421032994985582e-06,1460.5082869529722,185000000.0,0.00113,14.58
1.4356590405106546,0.6724968105554582,8.442690491676331e-06,701.7407864332198,312000000.0,0.0008359999999999999,9.33
1.226232433319092,0.6393807470798493,9.523752868175509e-06,2402.7476012706757,112999999.99999999,0.00037300000000000007,15.309999999999999
1.4718179985880853,0.63892942070961,4.9915419518947605e-06,548.1069087982177,354000000.0,0.0004470000000000002,3.24
1.701772749423981,0.7781109541654587,7.122929133474828e-06,1306.3476532697675,205000000.0,0.00153,13.59
1.6128005504608156,0.8223004862666131,7.144036144018174e-06,825.7909417152404,293000000.0,0.00199,11.24
1.5717603698372842,0.6481830954551697,4.109948635101319e-06,2993.950724601745,81300000.00000003,0.00033600000000000004,13.73
1.539225420355797,0.8712051451206207,3.093797832727433e-06,1149.4706869125364,184000000.0,0.0010800000000000002,8.56
1.3908612906932831,0.7917328029870988,9.619180828332902e-06,1413.6120602488515,595000000.0,0.00125,3.4899999999999998
1.208266979455948,0.5982019722461701,5.8574735075235375e-06,2746.274352073669,82799999.99999997,0.00017399999999999997,12.44
1.463601677119732,0.7934239357709886,4.292691051959992e-06,971.3965952396392,244000000.00000003,0.000932,7.879999999999999
1.464207324385643,0.770039002597332,4.538811504840851e-06,960.4337364435195,246000000.0,0.000866,7.959999999999999
1.4809468299150468,0.7846965774893762,7.829853221774102e-06,670.9520816802977,347000000.0,0.00162,10.050000000000002
1.614870482683182,0.8255593568086624,4.1202638745307926e-06,1369.4142848253248,175000000.0,0.00116,10.97
1.5141874954104424,0.7116378888487817,4.552189648151399e-06,2035.569131374359,119000000.0,0.000574,13.18
1.595468831062317,0.6863420337438584,4.028970897197724e-06,2863.958656787872,90100000.0,0.0004430000000000001,14.13
1.6722431838512422,0.8898321121931076,4.139762192964554e-06,894.5825248956679,254000000.00000003,0.00171,8.37
1.6379343509674074,0.738207395374775,2.8877915740013127e-06,2710.3731334209438,90000000.00000001,0.0005159999999999999,12.78
1.5333150230348112,0.7677127081900835,4.148755013942719e-06,1676.2548284605143,141000000.00000003,0.0007879999999999999,12.04
1.4950585260987284,0.825653225183487,6.136760972440243e-06,642.9744064807891,370000000.0,0.00167,7.98
1.5041304923593999,0.8352905631065369,4.302627444267274e-06,959.8331451416014,248000000.0,0.00119,8.22
1.50522458832711,0.636069917678833,5.3308899849653255e-06,1208.3131372928617,170999999.99999997,0.00043999999999999996,9.700000000000001
1.4468600749969485,0.7714920088648797,9.736766755580904e-06,616.5885478258132,363000000.0,0.00186,11.37
1.4974204368889332,0.7922149524092675,6.3362710122019065e-06,2388.9328837394714,414000000.0,0.0008839999999999999,2.87
1.6409191131591798,0.8325982958078385,1.0147724092006684e-05,515.2895599603652,434000000.0,0.00293,11.02
1.5878115177154541,0.7171466812491417,6.888373896479608e-06,1663.7607496231792,158000000.0,0.000901,14.24
1.4243353664875031,0.7729662626981736,2.9364079236984257e-06,1651.224663481116,131999999.99999999,0.000576,10.32
1.6197506368160248,0.6749275267124176,9.331468760967255e-06,2517.278596758842,125000000.00000001,0.0007240000000000001,16.53
1.2305252373218538,0.5992287576198578,3.6957258284091954e-06,2778.547883033752,76200000.00000001,0.00012900000000000007,10.33
1.7222291171550752,0.9014173507690431,3.0752633213996893e-06,1042.5040423870084,201000000.0,0.00142,8.04
1.4777605243027212,0.7944634974002839,9.00965502858162e-06,543.7988340854644,405000000.0,0.0021,10.27
1.417936545610428,0.6196690946817398,5.571135386824609e-06,513.4161114692687,354000000.0,0.00038299999999999993,3.2699999999999996
1.5213650129735472,0.8429227083921433,6.1918747536838065e-06,671.8238741159438,356000000.0,0.00186,8.51
1.5732899218797685,0.6362767517566682,4.8291266858577735e-06,2965.8568203449245,84400000.0,0.00034200000000000013,14.12
1.5026766635477544,0.6382686495780946,6.086525343358518e-06,1312.8022775053976,164000000.0,0.0004850000000000001,11.02
1.4970848299562933,0.6381622552871705,6.3092089984565985e-06,1017.1306431293486,204000000.0,0.000517,9.540000000000001
1.5030154041945936,0.7813008382916451,7.299524933099748e-06,790.9369766712188,302000000.0,0.00149,10.55
1.2680262207984925,0.6030831903219224,8.98425391316414e-06,1676.8334638327358,130999999.99999999,0.00031,12.5
1.5238878786563874,0.6925017848610878,5.279879450798035e-06,2021.0184827446935,122000000.00000004,0.0005660000000000001,13.67
1.4968625843524934,0.6280612707138062,5.54953557252884e-06,1575.708009302616,133999999.99999997,0.00038099999999999994,11.31
1.5463188529014589,0.6364189356565476,7.171115368604661e-06,2683.2054853439327,102000000.0,0.0004470000000000002,15.27
1.4546238586306572,0.8740826547145845,8.554448306560518e-06,546.7167794704436,438000000.0,0.00268,9.19
1.6281189680099488,0.8225940182805062,5.113485038280488e-06,1163.662068545818,212000000.0,0.00143,11.18
1.5656613484025004,0.7516716800630093,3.003385424613953e-06,1718.6539918184278,130999999.99999999,0.000592,10.050000000000002
1.5463105559349062,0.7701755225658418,9.173191189765932e-06,2071.3123977184296,578000000.0,0.0010800000000000002,2.27
1.5113902989774943,0.6962949603796006,8.26090916991234e-06,1350.4725247621534,186000000.0,0.0008780000000000001,13.78
1.3021878182888031,0.6182528346776963,8.554096579551698e-06,2680.9722483158107,96399999.99999999,0.0003070000000000001,14.829999999999998
1.5050946693867446,0.660948470234871,9.507165789604188e-06,2687.3671561479564,114999999.99999997,0.0005589999999999999,16.47
1.6938900768756868,0.7250740595161915,2.9342925548553473e-06,3034.1816246509547,80799999.99999999,0.000492,13.49
1.4729951173067095,0.6297820866107942,6.104990072548391e-06,2093.8200429081917,111000000.0,0.0003710000000000001,13.18
1.4793357320129872,0.6299267560243608,6.615463895723224e-06,1882.5184386223552,123000000.00000003,0.0004119999999999999,13.11
1.7850849330425265,0.904994022846222,4.0671372413635265e-06,1154.14372831583,200000000.0,0.00187,10.33
1.3798832416534426,0.863729739189148,2.8629691600799564e-06,2539.7996157407756,163000000.0,0.000688,7.6
1.6067317306995392,0.7776332169771195,2.909924507141114e-06,2517.81578361988,97899999.99999999,0.0006280000000000001,12.74
1.4661239594221116,0.6523781776428224,7.966684937477114e-06,2532.076865434646,111000000.0,0.0004850000000000001,15.45
1.5410532698035242,0.7633582178503275,8.872416198253633e-06,2313.0243197083473,605000000.0,0.000943,0.2400000000000002
1.5121500603854658,0.696217654645443,5.491256535053254e-06,1847.8043768554924,131999999.99999999,0.0006010000000000002,13.4
1.474130353331566,0.6467090427875519,7.919131174683572e-06,1350.822255015373,170999999.99999997,0.000587,12.66
1.4878928259015085,0.819368375837803,4.391048818826676e-06,891.5654122829436,275000000.0,0.0011,7.26
1.6439772963523867,0.7161225199699403,4.834006011486054e-06,2570.008367300033,106000000.00000003,0.000657,14.85
1.6567950010299684,0.8705843657255173,2.9693434238433845e-06,1585.49989759922,145000000.0,0.00109,10.47
1.3106047153472902,0.6740103721618653,8.740837752819062e-06,2002.924636006355,136000000.0,0.0005349999999999999,14.86
1.2240109562873842,0.597625744342804,7.62109698355198e-06,495.1270222663878,355000000.0,0.00030500000000000004,3.9999999999999996
1.475249733030796,0.6538930535316468,8.107515409588815e-06,1729.6978337690232,144000000.00000003,0.0005710000000000001,14.059999999999999
1.4635882169008256,0.6270279586315156,3.6189562976360326e-06,870.0329363346099,203000000.0,0.00028900000000000014,4.95
1.4777163349092008,0.7569850031286479,7.203016862273217e-06,714.1093462705611,336000000.0,0.00128,9.13
1.4309674188494683,0.7654172714799643,3.967509627342225e-06,1184.1057911515234,186000000.0,0.000726,9.410000000000002
1.5443647697567942,0.6410451292991639,3.0219140946865087e-06,781.2371402978896,223999999.99999997,0.00032500000000000004,3.83
1.599514299631119,0.6508311778306962,7.953412458300592e-06,2694.1852569580074,108000000.00000001,0.0005419999999999998,15.91
1.519801302999258,0.7845926642417909,9.33408272266388e-06,636.6728544235228,361000000.0,0.00206,11.2
1.5865036100149157,0.6613362461328507,4.336013346910478e-06,2925.5229532718654,87200000.0,0.00039000000000000016,14.14
1.541591039299965,0.6406035214662552,3.139464765787125e-06,1499.9472647905347,130000000.0,0.0002959999999999998,8.12
1.44712003916502,0.6306241571903229,6.63143719919026e-06,637.6257836818694,309000000.0,0.000495,6.0
1.5860131949186327,0.8634306371212006,3.460601121187211e-06,1821.7935804277656,275000000.0,0.000986,4.47
1.4546041488647463,0.664654889702797,7.866854652762414e-06,517.4397975206374,380000000.0,0.0008300000000000001,7.37
1.4829498142004014,0.672587737441063,3.9234861731529245e-06,1515.6239196658132,138000000.0,0.000422,10.1
1.3554546475410463,0.615757817029953,7.614095091819764e-06,1015.2275413274764,199000000.00000003,0.0003770000000000001,9.36
1.5073129322379828,0.6248113185167313,6.0758398622274405e-06,2849.346578121185,89799999.99999999,0.0003349999999999999,14.43
1.5074429836124184,0.6395748049020767,5.876063928008081e-06,2106.8747267127037,112999999.99999999,0.00041999999999999996,13.419999999999998
1.246755909919739,0.6025462299585342,9.080899566411974e-06,582.3430716991423,309000000.0,0.00039000000000000016,6.51
1.6699866771698,0.735415617004037,3.7617353498935708e-06,2812.2448474168773,94700000.00000001,0.000614,14.34
1.4557583928108218,0.6615068435668946,8.129777267575265e-06,2103.6431863904,128000000.0,0.000552,14.89
1.582476979494095,0.833423736691475,4.181652545928956e-06,1210.695832967758,193000000.0,0.00121,10.27
1.336478215456009,0.6145118236541749,7.548653841018678e-06,2402.6464223861694,100000000.0,0.0002959999999999998,13.83
1.4688989192247393,0.7038816556334496,3.565365910530091e-06,2268.9860239624977,102999999.99999999,0.00042800000000000005,12.39
1.5344459652900697,0.74272033944726,4.190066248178483e-06,1948.5371485352514,124000000.00000003,0.000673,12.809999999999999
1.5167792592197658,0.6966529235243798,6.430479062721134e-06,1649.2185574024913,149999999.99999997,0.0006930000000000001,13.579999999999998
1.468578113615513,0.6328114449977875,7.717511385679246e-06,1109.6491962671278,194000000.0,0.0005440000000000001,11.06
1.426431830227375,0.6195638358592988,4.6409729719161996e-06,1375.4898980259893,142000000.00000003,0.00028900000000000014,9.0
1.4998589783906937,0.6260950595140458,4.399478375911713e-06,1572.4663734436033,128000000.0,0.00032199999999999986,10.050000000000002
1.5382330298423768,0.7752678215503693,3.75830090045929e-06,1797.323368489742,130999999.99999999,0.000754,12.05
1.329487806558609,0.6085121959447861,4.982440233230592e-06,595.0542092323302,293000000.0,0.0002819999999999999,2.9599999999999995
1.548505809903145,0.6545696407556535,3.2491261959075935e-06,2958.4701657295223,77300000.0,0.00029,12.68
1.5625100925564768,0.8095340296626091,4.101613581180573e-06,1372.2576126456258,171999999.99999997,0.00103,10.88
1.4614038527011872,0.7148889228701593,2.960964977741242e-06,886.6063058376311,206999999.99999997,0.000475,5.93
1.5346356846392155,0.6559527039527894,5.640430249273778e-06,2327.654652297497,108000000.00000001,0.00045900000000000004,14.04
1.710400038957596,0.7021144598722459,1.0023234426975252e-05,1927.7272298932073,160000000.00000003,0.00109,16.32
1.5024605400860311,0.6548443436622621,4.3016066849231725e-06,1491.026386618614,140000000.0,0.0004139999999999999,10.2
1.4821608379483224,0.6798637121915818,6.878723464906216e-06,1155.926130712032,197000000.00000003,0.0006930000000000001,11.51
1.2002077639102937,0.5972578704357148,6.974789217114449e-06,2525.310546159744,91000000.0,0.00019900000000000012,12.809999999999999
1.245504301786423,0.6107363909482957,9.360354810953142e-06,2828.8783431053157,92900000.0,0.0002799999999999999,15.05
1.3421909093856812,0.6150935947895051,6.62448568828404e-06,1895.1329980045555,115999999.99999997,0.0002909999999999999,12.13
1.2597540915012362,0.6001625865697862,6.04716268926859e-06,484.8404526710509,349000000.0,0.000279,2.3799999999999994
1.5171441569924355,0.7004573196172715,5.501284822821618e-06,1843.5561303049324,132999999.99999997,0.0006230000000000002,13.46
1.3305883884429932,0.6351901084184647,8.680719137191773e-06,2727.1634638309474,102000000.0,0.00038,15.52
1.4855628781020642,0.7826315581798554,7.036459989845754e-06,706.7089080810546,339000000.0,0.00143,9.23
1.3716910600662233,0.7434127595275641,9.770755767822266e-06,722.8787541389464,317000000.0,0.00145,11.99
1.4125012278556826,0.8050899624824525,3.131341457366944e-06,991.0896718502044,213000000.0,0.000748,6.93
1.4663432568311692,0.7021359667181969,4.687303096055985e-06,1652.1556321531532,139000000.0,0.0005499999999999999,11.89
1.3785996973514558,0.6532602488994599,8.112458154559136e-06,1956.935405731201,130999999.99999999,0.0004850000000000001,14.3
1.5847788870334627,0.8252541840076447,8.299459993839265e-06,640.2387022972106,367000000.0,0.00238,10.61
1.5111918199807406,0.6397807180881501,5.830641336739064e-06,2221.390411257744,109000000.00000001,0.0004139999999999999,13.63
1.2046158850193025,0.658562171459198,9.791017204523088e-06,1440.6719729304311,169999999.99999997,0.0004889999999999999,13.61
1.5029197610914709,0.6480328470468522,4.782592535018921e-06,1224.3661954998968,168000000.0,0.00044600000000000005,9.38
1.5499473899602891,0.7329338796436787,3.923523098230363e-06,2261.462688446045,109000000.00000001,0.000598,13.28
1.5020700629800559,0.6510646015405656,4.680173844099045e-06,2216.727316379547,105000000.00000003,0.00038,12.72
1.5207569651305677,0.8434199362993241,4.131508916616441e-06,1011.3188177347182,229000000.0,0.00121,8.67
1.6595932245254519,0.7132008388638497,9.072590172290804e-06,1563.7756064534185,180000000.00000003,0.00115,15.149999999999999
1.4944100663065911,0.8208312526345254,5.281096726655961e-06,627.5518536567687,378000000.0,0.0014,6.49
1.5199916549026968,0.7529142681509257,6.392410383559764e-06,1140.972591936588,215000000.00000003,0.0010800000000000002,11.94
1.3952165722846985,0.6200095653533936,3.647012889385224e-06,2008.2393214106557,101000000.0,0.00021799999999999996,9.700000000000001
1.46589342802763,0.7093417972326279,5.256730973720551e-06,665.9054309129714,366000000.0,0.0006999999999999999,4.61
1.5075813911855223,0.6424929499626161,4.970778062939644e-06,2441.3343816995616,98600000.0,0.000363,13.32
1.5307643204927446,0.6595055669546128,6.447105934843422e-06,2008.0526098608968,124000000.00000003,0.0005259999999999999,14.01
1.4912836857140066,0.7471189577132464,7.087870962917806e-06,2339.890293776989,379000000.0,0.0007879999999999999,4.26
1.7580416142940523,0.8873340457677842,3.940544515848161e-06,1298.2573658227918,184000000.0,0.00163,10.8
1.3453685760498049,0.6168623596429825,6.612932493910194e-06,1469.5143997669218,140000000.0,0.00031,10.9
1.5657652392983439,0.7315814830362798,3.864372253417969e-06,2378.71553003788,105000000.00000003,0.000589,13.49
1.7370359659194947,0.8751753687858582,4.035146147012711e-06,1314.4354075193403,184000000.0,0.0015600000000000002,10.91
1.5269316382706166,0.728334065526724,2.958938896656037e-06,2642.73951947689,91500000.0,0.00044899999999999996,12.8
1.6899926483631136,0.7788507744669915,8.166746363043786e-06,1088.102042675018,240000000.0,0.00177,13.41
1.5958344519138337,0.8143341109156609,5.0170745998621e-06,1167.3375889658926,210000000.0,0.00131,10.98
1.609643304347992,0.8946786135435105,3.1792770922183995e-06,2508.106261491775,300000000.0,0.0009070000000000001,0.5000000000000002
1.4077194571495057,0.6225986033678055,5.446576043963433e-06,2091.379828751087,106000000.00000003,0.0002909999999999999,12.16
1.796559637784958,0.7537855256348849,4.898060694336892e-06,2648.5170722007747,111000000.0,0.0009140000000000001,15.33
1.483842594176531,0.7883584856987,4.970529705286027e-06,959.3326896429061,255000000.0,0.00103,8.75
1.3721762359142304,0.6307233184576035,7.753675431013108e-06,2217.904917895794,111999999.99999999,0.000378,14.23
1.2449717938899996,0.6852896600961685,9.519096344709398e-06,1833.2931231707332,150999999.99999997,0.000585,14.98
1.3138018906116486,0.6197982788085938,8.833886444568636e-06,466.1487340927123,370000000.0,0.0005129999999999999,6.41
1.4722650513052942,0.6306142330169678,6.06214738637209e-06,2308.1657215952873,103999999.99999999,0.0003600000000000001,13.59
1.6832539200782777,0.7390268381685019,2.994253039360047e-06,3013.6429071426387,83500000.0,0.000527,13.7
1.3211121261119845,0.6119768857955933,3.6638292372226723e-06,2325.1217529177666,89000000.00000001,0.0001789999999999999,9.98
1.4791952177882195,0.7241843014955521,6.783330917358399e-06,728.883847594261,327000000.0,0.00098,8.33
1.2518555760383607,0.6050711899995804,5.0651398897171025e-06,1459.2822194099424,130000000.0,0.00020499999999999994,8.59
1.6330860793590547,0.8986722081899644,9.266416370868684e-06,722.8350937366484,544000000.0,0.00308,7.06
1.42800020724535,0.6231771737337113,5.759959071874619e-06,1786.8213374167678,121000000.0,0.00032199999999999986,11.71
1.5979888379573823,0.7449474446475507,4.956133618950845e-06,1883.606446906924,134999999.99999997,0.00082,13.5
1.4810272939503195,0.7166591852903367,6.101429462432862e-06,1283.7025821208952,185000000.0,0.00077,12.01
1.671496492624283,0.7071465969085694,8.164348736405374e-06,1863.130724057555,152999999.99999997,0.0009909999999999997,15.4
1.6352365493774415,0.8650451391935349,6.277781676501036e-06,1482.9302877187727,527000000.00000006,0.00167,2.529999999999999
1.4944327980279923,0.7255442395806313,6.278199534863235e-06,1282.0888236165044,188999999.99999997,0.0008499999999999998,12.3
1.741547191143036,0.9053996622562409,5.073450222611428e-06,1537.7553105354307,479000000.0,0.00171,0.9200000000000003
1.5105096861720086,0.6353091537952423,4.421537041664125e-06,1765.9303843975065,119000000.0,0.00034700000000000003,10.96
1.576950663328171,0.7577266182750464,4.122849047183991e-06,1972.3799750208852,125000000.00000001,0.0007460000000000001,12.91
1.5083828788250686,0.6809355229139329,7.593877777457238e-06,1517.3960775136945,163000000.0,0.0007089999999999999,13.71
1.7602874279022218,0.9042903721332551,6.854371272027494e-06,1026.383966207504,499000000.0,0.0025799999999999994,4.89
1.7116027772426607,0.7248480364680291,8.947418540716173e-06,1584.583085030317,181000000.00000003,0.00126,15.27
1.4622410684823992,0.7403836861252785,7.927472904324533e-06,675.4648983478545,344000000.0,0.00127,9.52
1.410564297437668,0.7719558790326119,6.71493491716683e-06,2542.8083837032314,438000000.0,0.000752,2.2500000000000004
1.3217866122722628,0.6672224789857865,9.261705815792085e-06,935.4199767112731,241000000.0,0.0007089999999999999,11.53
1.7478035330772401,0.7869979441165925,5.959519714117051e-06,1606.0575582087038,169999999.99999997,0.00137,13.8
1.354091638326645,0.6156892508268357,6.148313879966737e-06,788.5197848081588,232999999.99999997,0.0003310000000000001,6.57
1.4393782630562784,0.7365518957376481,8.999544441699984e-06,745.8850294351577,309000000.0,0.00134,11.42
1.413475263118744,0.6238195985555649,6.918769545853139e-06,2083.026722073555,111999999.99999999,0.00034999999999999994,13.36
1.7846292257308962,0.6496812164783479,3.0239120125770576e-06,2105.93431442976,102000000.0,0.00039399999999999993,10.72
1.5270709946751595,0.7640988294035197,4.9539838284254084e-06,1402.8070420026777,171999999.99999997,0.00091,11.81
1.4513918682932856,0.7503119967877866,9.486328154802324e-06,747.470587491989,311000000.0,0.00157,12.03
1.3415101110935213,0.5988241910934449,2.9666197299957283e-06,2865.942150354385,72400000.00000001,0.00014000000000000007,9.64
1.3194281101226808,0.6165096670389176,8.33589169383049e-06,2184.528924524784,110000000.0,0.00032999999999999994,13.96
1.5079635936766864,0.6696220189332963,4.572748363018036e-06,2326.0056152939796,103999999.99999999,0.0004249999999999999,13.259999999999998
1.2817540526390077,0.656933480501175,9.249369710683824e-06,1347.3650366067884,177000000.0,0.0005369999999999999,13.02
1.5581921875476838,0.8615808695554734,4.737754225730897e-06,832.6667100191115,284000000.0,0.00155,8.24
1.274791967868805,0.6805387124419213,9.473333448171617e-06,1057.519197463989,223999999.99999997,0.0007160000000000001,12.48
1.3425853550434115,0.6657550156116486,9.008660137653352e-06,1454.1324898600576,169999999.99999997,0.000598,13.57
1.4188061177730562,0.6218071997165681,4.3357269167900095e-06,2766.564071178436,83599999.99999999,0.00023799999999999993,12.5
1.3803065478801728,0.6354137688875199,7.80743917822838e-06,2029.8242494463918,121000000.0,0.0004099999999999999,13.99
1.4122696280479432,0.8514856338500977,3.805170297622681e-06,2353.831969201565,371000000.0,0.0007950000000000001,0.4399999999999999
1.657587254047394,0.6696799099445344,9.334938257932664e-06,2682.2705864906306,119000000.0,0.000697,16.77
1.6100882470607758,0.7976124733686448,5.309869915246964e-06,1261.0146701335905,197000000.00000003,0.00126,11.78
1.521584037691355,0.7789550051093103,9.375779479742052e-06,1928.3109456300733,679000000.0,0.0011,0.010000000000000368
1.243290388584137,0.756647427007556,6.761689119040967e-06,2617.848917841911,468999999.99999994,0.00053,0.6199999999999998
1.472033540904522,0.7049743831157685,5.66263708472252e-06,1270.7602530717847,181000000.00000003,0.0006800000000000002,11.32
1.411256092786789,0.6217670738697052,3.4311987459659584e-06,1565.547354519367,121000000.0,0.00022300000000000013,8.03
1.4497711032629015,0.7257441580295564,3.5410727560520177e-06,2028.7237614393232,112999999.99999999,0.000492,12.04
1.7733548283576968,0.8179369345307351,2.9513260722160346e-06,2650.5545824766155,98799999.99999999,0.0008430000000000001,13.16
1.4880229309201243,0.7375624582171441,5.9610459506511695e-06,1201.9144296646116,200000000.0,0.0008830000000000001,11.67
1.474450832605362,0.67025485932827,4.800689265131951e-06,745.9068596363066,286000000.0,0.000517,5.44
1.4689950227737427,0.7029549434781075,5.041573554277421e-06,1076.769337058067,202000000.0,0.0006469999999999999,9.540000000000001
1.502979824692011,0.6491163700819016,4.715019017457963e-06,1322.5866034626958,157000000.0,0.0004379999999999999,9.860000000000001
1.6183672606945039,0.6817861407995225,4.1063001453876505e-06,2945.961385965347,87899999.99999999,0.0004379999999999999,14.28
1.620051544904709,0.741025722026825,2.886577010154725e-06,2603.8618683815,92599999.99999999,0.0005220000000000001,12.57
1.4334652438759805,0.6012807279825211,2.9866752624511725e-06,2964.646846055984,69499999.99999997,0.0001589999999999999,10.37
1.2101085126399995,0.5979656696319581,5.831829823553563e-06,2844.7315394878383,80299999.99999999,0.00017199999999999995,12.61
1.4492572277784348,0.6346388429403306,7.958981156349183e-06,929.5857995748519,225999999.99999997,0.0005660000000000001,9.96
1.6456566989421846,0.7407056970521808,7.824779570102692e-06,1394.2573517560957,193000000.0,0.00125,14.17
1.2116146624088289,0.5981845378875733,4.9518304914236075e-06,1993.3690801262853,101000000.0,0.00016400000000000008,9.9
1.573881205916405,0.8316732376813889,7.425734952092172e-06,1435.854725539684,464000000.0,0.00154,5.07
1.4726368501782419,0.6305473923683167,5.254523292183877e-06,2195.6082358956337,103999999.99999999,0.0003290000000000001,12.67
1.7617325484752657,0.9031693160533906,5.8114159926772125e-06,1161.8033722043035,447000000.0,0.00219,4.33
1.5854719430208208,0.7281935736536981,2.876368165016175e-06,2489.3728941678996,94600000.00000003,0.0004780000000000001,12.25
1.6848605275154116,0.8651696920394898,7.057611957192422e-06,756.7584067583083,316000000.0,0.00249,10.94
1.4683458119630814,0.6324331909418107,7.725411474704744e-06,1405.584320425987,160000000.00000003,0.0005039999999999999,12.37
1.4032249689102174,0.6249042302370071,8.252910405397417e-06,1115.5859678983686,191000000.0,0.0004669999999999999,10.9
1.52100275605917,0.640904375910759,4.950570970773698e-06,2653.047546744346,93000000.0,0.0003530000000000001,13.69
1.4823634162545205,0.7178583562374116,6.3283427990973e-06,604.0607690811156,377000000.0,0.0009360000000000001,6.66
1.5911569833755494,0.7062402427196504,5.999584883451463e-06,2040.9533679485319,129000000.0,0.000723,14.56
1.3054789245128633,0.6137762010097504,8.832482665777208e-06,2966.7960405349727,89799999.99999999,0.00029400000000000004,15.21
1.6747763156890871,0.886388996243477,4.065763711929322e-06,1053.2135814428327,216000000.00000003,0.00162,9.62
1.5153950348496439,0.7057900339365006,2.9545145630836494e-06,2359.859339892864,96200000.0,0.00039000000000000016,11.77
1.5465371131896974,0.735948257893324,4.990243524312974e-06,1772.269235923886,139000000.0,0.0007569999999999999,13.11
1.6123536944389345,0.7987109631299973,6.044932320713998e-06,1112.1178716421125,223999999.99999997,0.00146,11.87
1.2421585679054261,0.681297017633915,9.407195627689363e-06,1849.04651902616,148000000.0,0.000558,14.88
1.4623524472117426,0.7016457572579384,4.723228067159653e-06,1456.1087191104887,153999999.99999997,0.0005710000000000001,11.16
1.3632118463516236,0.7503016076982022,9.640622407197954e-06,579.6177238225936,368000000.0,0.00153,10.83
1.610060352087021,0.6902441561222077,9.344572782516481e-06,1772.8668749332426,160000000.00000003,0.000939,15.49
1.2199508786201478,0.6401661962270737,9.955199867486955e-06,2657.027050852775,108000000.00000001,0.000376,16.0
1.512583864107728,0.8357886940240861,5.407425865530969e-06,734.7844094038009,329000000.0,0.00151,7.799999999999999
1.476524403691292,0.7085771575570107,8.315321505069733e-06,1046.6969311237333,228000000.0,0.0009949999999999998,12.56
1.5134340047836305,0.749310962855816,7.406997039914132e-06,990.4880374670028,245000000.00000003,0.00123,11.99
1.4490469068288805,0.7183510333299638,4.430107831954957e-06,1255.2187889814375,174000000.0,0.000613,10.1
1.4138355910778047,0.6213151037693024,4.5551835000514995e-06,2211.304299533367,98500000.00000001,0.00025900000000000006,11.59
1.2346541941165925,0.6002146393060684,3.589265406131745e-06,1019.1703885793685,178000000.00000003,0.00015199999999999995,3.99
1.7854871034622195,0.8397717744112015,9.739671111106874e-06,690.9991353750228,348000000.0,0.00326,12.55
1.4127057373523713,0.61660974919796,4.621196359395982e-06,480.79776763916004,349000000.0,0.00032500000000000004,1.9300000000000002
1.5323608718812467,0.8697293311357499,3.072867155075074e-06,1152.4136662483213,183000000.0,0.00106,8.53
1.6502619087696078,0.6834419578313828,8.722639948129655e-06,2210.336096584797,133999999.99999997,0.0008179999999999999,15.96
1.641230481863022,0.8478636234998703,3.5838728845119484e-06,1446.6732293367384,163000000.0,0.00116,10.72
1.5982259631156923,0.857434442639351,4.172091037034989e-06,1091.0024791955946,211000000.0,0.00137,9.730000000000002
1.631577354669571,0.8825446575880052,7.033447362482549e-06,559.9104166030883,407000000.0,0.00272,9.0
1.454230919480324,0.8233919486403466,3.221881121397019e-06,849.9614447355269,264000000.00000003,0.0008650000000000001,5.26
1.552229940891266,0.6863597497344017,7.518825784325601e-06,1734.4183912500737,149000000.0,0.000739,14.44
1.637491410970688,0.808188146352768,6.9032680541276944e-06,972.2584784030913,255000000.0,0.00178,12.02
1.3792779922485352,0.656262955069542,8.17008276283741e-06,1958.310931921005,131999999.99999999,0.0004979999999999999,14.379999999999999
1.4274186328053475,0.6204582631587983,5.4999848306179055e-06,1007.189854979515,193000000.0,0.00034600000000000017,7.959999999999999
1.3982989490032198,0.7811216399073602,2.989206194877625e-06,1241.7624816298483,166000000.0,0.000614,8.55
1.6156780242919924,0.6764239042997361,4.565396934747697e-06,2882.5581371784206,91500000.0,0.00045600000000000013,14.56
1.4908347107470037,0.6279475450515748,6.745756417512895e-06,1485.128544270992,147000000.0,0.0004430000000000001,11.94
1.3304524898529053,0.6110205709934236,4.874557256698609e-06,2914.4873023033138,78899999.99999999,0.0002080000000000001,12.74
1.4205584406852723,0.6394334167242051,7.4650299102067954e-06,2394.315406680107,109000000.00000001,0.000413,14.72
1.536391329020262,0.6671145021915437,7.88699957728386e-06,1826.1086028069255,141000000.00000003,0.000646,14.52
1.5581703409552576,0.7368138033896685,4.166377872228623e-06,2134.4693675637245,115999999.99999997,0.000651,13.28
1.3996842920780184,0.794976143538952,3.6743263900280007e-06,1145.7547470927236,324000000.0,0.0007250000000000001,2.6700000000000004
1.4526011779904366,0.6950103834271432,3.3323807716369636e-06,995.9785938262938,189999999.99999997,0.0004470000000000002,6.99
1.4192544400691987,0.6248044431209565,6.2439848780632025e-06,2631.276056170463,93099999.99999999,0.00030300000000000005,13.87
1.547284582257271,0.6647683024406433,7.990831121802331e-06,2097.485989332199,129000000.0,0.000622,15.06
1.5658929616212847,0.7719412073493005,8.38692381978035e-06,2166.702963411808,479000000.0,0.0010399999999999997,3.62
1.5177468985319138,0.8535408139228822,3.0102209448814396e-06,1350.8301153779028,159000000.00000003,0.000935,9.540000000000001
1.7346307575702669,0.7422407560050488,6.112318761646748e-06,2126.8572583794594,134999999.99999997,0.00101,15.1
1.404628497362137,0.6245238929986954,6.948760531842709e-06,2389.004036784172,102000000.0,0.00033400000000000004,13.95
1.5475889056921006,0.7428412199020387,7.350568115711213e-06,1159.3305245041845,215000000.00000003,0.00117,12.87
1.5599185377359392,0.8404018521308899,4.1994126737117776e-06,1108.4381788969038,207999999.99999997,0.00124,9.700000000000001
1.3558292090892794,0.6595298051834108,8.355756133794785e-06,1901.267973706126,136000000.0,0.0005059999999999999,14.34
1.4938083127141,0.7296293735504151,5.0262673795223246e-06,1576.6583308577535,150999999.99999997,0.0007089999999999999,12.35
1.7668847858905794,0.6034684896469117,2.9487304687500005e-06,2765.6545042991634,76899999.99999999,0.00024100000000000008,10.83
1.4895228110253813,0.6254959255456926,5.357499197125436e-06,1291.8330281972883,157000000.0,0.000378,9.87
1.482520937919617,0.6838739946484567,6.427370791323484e-06,954.2864114046096,231000000.0,0.000708,9.82
1.504533612728119,0.7255032688379288,5.053712829947473e-06,1668.3628521859644,144000000.00000003,0.000695,12.69
1.4801055751740935,0.7211490467190743,6.354450549930335e-06,835.7628732919692,284000000.0,0.0008799999999999999,8.87
1.7590657889842989,0.7667058181017637,4.9692284613847745e-06,2229.5896261930466,126000000.00000001,0.001,14.56
1.5477803885936738,0.8462383747100831,2.9784582853317266e-06,1530.9507139027116,145000000.0,0.0009090000000000001,10.28
1.2836347281932832,0.6778054654598237,9.455428749322893e-06,947.038784623146,242999999.99999997,0.000738,11.94
1.3883830904960635,0.6459557443857193,8.77721291780472e-06,1026.5402793884275,214000000.00000003,0.0006100000000000001,11.31
1.6155299127101899,0.6928545981645585,5.398617044091225e-06,2567.3257112503047,106000000.00000003,0.0005930000000000001,15.0
1.4242361068725586,0.6692980438470841,8.873042464256288e-06,1457.2193399071691,170999999.99999997,0.0006689999999999999,13.82
1.47927320972085,0.6720354080200196,6.878514014184476e-06,776.731252670288,285000000.0,0.000708,8.47
1.4843101747334004,0.8575353562831879,3.10607385635376e-06,1068.8723921775816,197000000.00000003,0.000989,7.85
1.4842157520353796,0.7702160015702249,7.366044104099275e-06,2438.2034242153163,453000000.00000006,0.0008539999999999998,2.8300000000000005
1.6522619605064393,0.6034056454896928,2.953880369663239e-06,2897.0375955104823,71699999.99999999,0.0002080000000000001,10.950000000000001
1.5942592442035677,0.7562251869589091,4.059776216745377e-06,2088.7391567230225,120000000.0,0.0007330000000000001,13.16
1.5023455426096917,0.8850616961717607,9.363510966300966e-06,633.1748068332671,493000000.0,0.0027899999999999995,8.39
1.3429320931434632,0.6143717408180237,5.785007677972318e-06,895.5478221178054,208999999.99999997,0.0003039999999999999,6.91
1.6416022896766664,0.7669285643845797,5.155506506562234e-06,1711.8349410593507,150999999.99999997,0.00101,13.259999999999998
1.5857318043708803,0.7309364810585977,8.44371771812439e-06,1225.7080823183057,211000000.0,0.00124,13.85
1.4699347123503685,0.7479866053909064,5.327402859926225e-06,1117.9672479629514,211000000.0,0.0008520000000000001,10.46
1.5197726368904114,0.7629606496542692,3.0204955041408543e-06,1477.4304181337354,146000000.0,0.0006100000000000001,9.22
1.6140009284019472,0.8168567642569543,8.235955014824868e-06,717.8271114826201,334000000.0,0.00227,11.24
1.4942752964794637,0.7852341145277024,5.904055796563626e-06,823.2951462268828,303000000.0,0.00123,8.7
1.2208639025688173,0.5991869151592255,3.799410611391068e-06,2456.7213207483287,83900000.0,0.00013300000000000012,9.67
1.7421666204929354,0.8904814034700395,6.82246169447899e-06,745.3055977821349,315000000.0,0.00278,10.78
1.4119778394699098,0.6186741203069688,4.625401228666306e-06,1379.3883770704267,141000000.00000003,0.0002799999999999999,8.91
1.4600588321685792,0.7293244510889054,4.708407551050187e-06,649.4327187538146,372000000.0,0.0007179999999999999,3.7600000000000002
1.4833514481782915,0.6720950692892075,3.933903217315675e-06,1417.3316508531568,146000000.0,0.00042800000000000005,9.69
1.2593636870384217,0.5967020273208619,3.029916405677796e-06,998.8613724708556,175000000.0,0.00013899999999999994,2.37
1.7765692412853242,0.7544141706079245,9.285593003034593e-06,1350.9107679128645,211000000.0,0.00172,14.98
1.4546250700950625,0.6576199918985367,8.077641874551775e-06,1956.3972130417822,132999999.99999997,0.0005479999999999999,14.53
1.4867675073444844,0.7709664881229401,3.906791031360627e-06,1571.454733610153,146000000.0,0.0007439999999999999,11.36
1.7178735315799714,0.5978202939033509,2.929266571998597e-06,2653.338938951492,80100000.0,0.00021599999999999994,10.16
1.5288028299808503,0.6383387982845307,5.772633969783784e-06,2552.1492511034007,99199999.99999999,0.000396,14.189999999999998
1.3492942214012147,0.6816861927509309,9.352241516113282e-06,480.2704155445098,396000000.0,0.00102,8.99
1.8006936907768252,0.8451205730438233,2.9474616646766667e-06,2472.0383733510967,105000000.00000003,0.000988,12.64
1.278550297021866,0.5989621102809907,2.96123617887497e-06,1696.7710265889762,109000000.00000001,0.0001310000000000001,6.11
1.5322992838919165,0.7682281639426948,4.256091624498368e-06,1621.0644617676733,146000000.0,0.0008099999999999998,11.96
1.430491764843464,0.6409213989973069,7.432142183184625e-06,2221.9436913728714,114999999.99999997,0.000433,14.44
1.356691771745682,0.6161089360713959,7.344766810536385e-06,1013.5289579629897,198000000.00000003,0.000369,9.16
1.2626848161220552,0.6037637740373611,8.071737200021745e-06,2732.59262740612,90199999.99999999,0.00024699999999999993,14.04
1.4781862847507001,0.6576249092817307,7.999502047896387e-06,2387.7778202295303,116999999.99999997,0.0005220000000000001,15.32
1.4726879507303239,0.7615815293043853,2.9337580800056465e-06,2140.3276473283768,107000000.00000001,0.0005349999999999999,11.85
1.4246406197547914,0.6208350777626038,7.143839992582799e-06,2837.623536586761,91199999.99999999,0.000321,14.72
1.5568270415067673,0.6405405700206758,4.699849486351014e-06,2901.6510695219035,86499999.99999999,0.00034600000000000017,13.98
1.49658507630229,0.8214486971497537,9.388399094343187e-06,492.49592423439015,433000000.0,0.00247,10.15
1.4802305594086649,0.7462016098201275,9.452722787857057e-06,820.3988075256347,289000000.0,0.00154,12.55
1.2614367842674257,0.6027172476053239,8.08171208202839e-06,2508.4756612777705,95399999.99999999,0.00025299999999999997,13.72
1.74653377532959,0.8396244496107103,6.9378569945693024e-06,988.3078485727309,257000000.0,0.00221,12.29
1.6632283687591554,0.664836421608925,4.853254407644273e-06,3027.212649583816,87200000.0,0.000444,14.85
1.501803519576788,0.8155921652913094,5.299699038267137e-06,761.0212564468383,324000000.0,0.00131,7.53
1.4677739784121515,0.7125115334987641,2.9514011740684513e-06,988.1229996681212,188999999.99999997,0.00046800000000000005,6.65
1.4839665055274964,0.7437874864786864,8.943203866481782e-06,835.693135857582,282000000.0,0.0014399999999999999,12.26
1.7854199051856996,0.8104193106293679,4.034988433122635e-06,2111.3680228590965,126000000.00000001,0.0011,13.44
1.4239799916744234,0.6682016372680665,8.535316109657288e-06,505.35883009433735,386000000.0,0.000906,7.99
1.4484230473637583,0.711833256483078,3.207194536924363e-06,526.5938788652419,350000000.0,0.00051,1.6499999999999992
1.4783701367676259,0.633820590376854,3.739892184734345e-06,2314.5713582634926,94200000.00000001,0.000268,11.29
1.785029196739197,0.8752684861421586,9.814538687467576e-06,543.4076040983199,428000000.0,0.00422,11.19
1.4443419277668001,0.6325391829013826,6.610538074746729e-06,543.8565015792846,363000000.0,0.000508,4.76
1.4806203715503217,0.6672836154699326,7.545617222785951e-06,1128.7497282028196,201000000.0,0.000692,11.72
1.4017546176910403,0.6197022557258607,3.7125058770179754e-06,1374.1616457700727,137000000.0,0.0002339999999999999,7.52
1.3344156682491304,0.6151123613119126,6.795658677816392e-06,596.7121124267577,303000000.0,0.00036800000000000016,5.23
1.7566790163517,0.8128788068890572,9.256761610507966e-06,834.9347412586211,302000000.0,0.00257,12.98
1.5030817944556476,0.8324697196483613,4.3489179313182836e-06,783.1406146287917,316000000.0,0.0011999999999999997,6.06
1.5267270013689995,0.6417508184909821,4.103268116712571e-06,2861.461073160171,84200000.00000003,0.00030500000000000004,13.19
1.4881165109574797,0.8300019264221192,3.309641599655152e-06,744.3113178014754,306000000.0,0.000938,3.99
1.5060890369117261,0.7045504152774812,7.719437539577486e-06,1295.8268746733663,191000000.0,0.000886,13.31
1.4850523822009565,0.6237645864486695,4.507391810417176e-06,1466.0350158810613,136000000.0,0.0003179999999999998,9.64
1.4684240832924844,0.680732336640358,3.956988066434861e-06,838.3029997348784,233999999.99999997,0.00047600000000000013,6.1
1.557957172393799,0.661624386906624,7.975840061903001e-06,2374.062605202198,119000000.0,0.000587,15.49
1.6856125295162203,0.7866666913032533,2.935675263404847e-06,2696.43622636795,94600000.00000003,0.0006840000000000003,13.21
1.5855398923158648,0.7962941005825998,7.091793417930604e-06,2195.861779153347,508000000.00000006,0.0010800000000000002,2.0699999999999994
1.7823372781276705,0.8601854234933853,7.0989672094583525e-06,928.7564754486083,267000000.0,0.0025,12.23
1.567853517830372,0.7008264586329461,9.130170971155167e-06,1454.4673934578893,184000000.0,0.00102,14.71
1.561441393196583,0.7607816252857448,7.257113665342332e-06,1069.8131024837492,231000000.0,0.00133,12.54
1.7878966748714449,0.8004331603646279,1.0032663464546204e-05,888.6675834655761,291000000.0,0.00263,13.89
1.3774185419082643,0.6227641403675079,7.807383581995965e-06,619.0602779388427,311000000.0,0.0004799999999999999,6.52
1.5667442053556444,0.6816076308488846,5.57190726697445e-06,2350.73833912611,111000000.0,0.0005509999999999998,14.5
1.5535910904407502,0.8105842664837838,7.1222872734069835e-06,785.8778834342955,305000000.0,0.0018,10.71
1.5923600614070894,0.5982265412807465,2.8734467029571537e-06,753.8763731718062,220000000.0,0.00022699999999999993,2.0400000000000005
1.5053155722096563,0.6444062411785126,5.218230217695237e-06,1714.4095823168752,129000000.0,0.00042600000000000005,11.84
1.8019002556800845,0.7458418093621731,9.899508923292161e-06,1450.8502855896947,204000000.0,0.00171,15.67
1.5962635695934297,0.8599950224161149,3.2211115360260017e-06,745.7425743341445,306000000.0,0.00118,4.39
1.6150632441043855,0.7155130192637444,4.902787312865258e-06,2398.3282893896103,111000000.0,0.0006590000000000001,14.56
1.2891912639141083,0.7554388705641032,9.725161015987398e-06,1682.5946532189844,432000000.0,0.0009509999999999998,6.53
1.2658831000328066,0.6094194442033768,9.471750468015673e-06,1014.2103880643843,204000000.0,0.000385,10.29
1.5165262397378685,0.7681929755955935,9.405944764614107e-06,2094.090312719345,664000000.0,0.00102,0.19999999999999968
1.502461087703705,0.6287152111530304,6.52389618381858e-06,2722.8258103132243,94999999.99999999,0.0003640000000000001,14.64
1.347599494457245,0.6315313339233399,9.693321585655214e-06,2963.484108448028,98299999.99999999,0.000387,16.22
1.63403799533844,0.7666261229664088,8.221632048487664e-06,1056.400492787361,241000000.0,0.00162,13.27
1.7601615965366366,0.6549762278795243,3.0190933942794806e-06,1818.8612926751373,115999999.99999997,0.0004099999999999999,9.82
1.5946937084197998,0.6592068314552307,8.815351933240892e-06,2691.7922794818874,112999999.99999999,0.000592,16.3
1.512866421416402,0.6299118697643281,3.1586226224899296e-06,2678.5385161638255,82199999.99999999,0.0002300000000000001,11.16
1.492381898313761,0.6300283581018449,6.565496990457178e-06,1119.416683912277,186999999.99999997,0.0004799999999999999,10.23
1.6648368537425997,0.8221247568726541,2.926801979541779e-06,2245.963580906391,111000000.0,0.0008189999999999998,12.24
1.4480783298611641,0.7104774132370949,9.221346080303194e-06,1028.3176898956297,235000000.00000003,0.0010800000000000002,13.14
1.785213214159012,0.6929354533553124,9.54630345106125e-06,2566.9852197170253,131999999.99999999,0.000979,17.09
1.4308055117726328,0.6199928820133209,4.5628758072853095e-06,1470.1067954301832,133999999.99999997,0.0002850000000000001,9.42
1.5938705384731293,0.7894990280270577,7.42100614309311e-06,2294.782169163227,566000000.0,0.0010399999999999997,0.47000000000000003
1.5506229758262635,0.8578205108642579,3.919932812452317e-06,1040.4867976903913,218000000.00000003,0.00126,8.83
1.6742086172103883,0.7851736754179002,4.0241278707981115e-06,2034.2964231967924,126000000.00000001,0.000903,13.1
1.316440147161484,0.6114170730113984,3.880240231752396e-06,1372.600898146629,134999999.99999997,0.00020100000000000014,7.14
1.6129211962223053,0.5966075778007508,2.900727450847626e-06,1695.6377420574424,112999999.99999999,0.00020600000000000007,7.27
1.4668211057782174,0.716272021830082,3.0945922434329993e-06,663.1899178028106,296000000.0,0.000501,3.0099999999999993
1.7227067470550539,0.7490774128586054,8.180617675185205e-06,1458.295129239559,192000000.0,0.00142,14.7
1.4095744013786318,0.6478511452674867,9.202405810356142e-06,2760.6691718101497,107000000.00000001,0.0004610000000000001,16.09
1.27493936419487,0.655106619000435,9.402913153171541e-06,1032.1420729160307,217000000.00000003,0.0005809999999999999,11.71
1.5022005926817656,0.6264104962348939,7.656677529215814e-06,2835.601672530174,96700000.0,0.00039399999999999993,15.37
1.7386908173561098,0.6825462207198144,8.825005024671555e-06,2661.573693156242,122000000.00000004,0.0008170000000000001,16.77
1.2548446476459505,0.6035801500082016,9.007739096879961e-06,3013.8245522975917,85999999.99999999,0.000255,14.92
1.4983177296817305,0.6803812846541405,7.56347404420376e-06,1443.147838115692,168999999.99999997,0.0007070000000000001,13.41
1.254704385995865,0.6050736397504807,5.928290955722333e-06,2101.3339534401894,102000000.0,0.00021799999999999996,11.53
1.3317451357841492,0.6006955504417419,2.994328975677491e-06,1073.717951774597,162000000.00000003,0.00016200000000000006,3.52
1.5039517298340799,0.639211204648018,3.4897888302803048e-06,1883.4085222333667,109000000.00000001,0.00029,10.01
1.6916490197181704,0.635597088932991,7.368200153112412e-06,3002.019107341766,94999999.99999999,0.00048399999999999995,15.95
1.5473267376422883,0.6436041623353959,4.664146274328233e-06,2818.5727745294566,88600000.00000001,0.00034999999999999994,13.83
1.4602744147181512,0.8590886414051057,9.049900233745577e-06,499.1771578788756,441000000.0,0.00271,9.8
1.4445121318101883,0.6867457062005997,9.597962468862535e-06,1901.917291805148,150999999.99999997,0.0007489999999999998,15.54
1.6339403450489045,0.8744741499423981,2.980649590492249e-06,1452.0480409264562,152999999.99999997,0.00111,10.08
1.2080167829990387,0.5980482280254364,4.98851127922535e-06,1214.2503187060354,156000000.0,0.00018099999999999993,6.77
1.5126263927668335,0.6778522834181786,5.383638709783555e-06,2007.7653527259824,121000000.0,0.0005149999999999999,13.49
1.4801017798483374,0.6816021770238877,6.97711680084467e-06,876.3913363218306,254000000.00000003,0.0007499999999999999,9.69
1.4130600929260255,0.7361070670187474,3.0713567733764656e-06,1326.7917856574056,153999999.99999997,0.00048199999999999995,8.83
1.7458503663539888,0.825857511162758,2.9368622899055486e-06,2477.0545512437816,105000000.00000003,0.0008679999999999997,12.77
1.7333532929420472,0.7337226703763009,8.840262174606325e-06,1551.855385303497,185000000.0,0.00135,15.21
1.5320812694728376,0.8080741658806802,9.865683883428575e-06,513.5640799999236,422000000.0,0.0025,10.78
1.5223964229226115,0.6763400048017503,6.536885192617775e-06,1803.695626556873,137000000.0,0.0006010000000000002,13.83
1.5239298172295095,0.7435658220201732,2.983134210109711e-06,1335.8647301793096,153999999.99999997,0.000558,8.65
1.4132649421691896,0.6361285150051118,8.397134959697724e-06,830.6087106466292,251000000.0,0.0005769999999999999,9.410000000000002
1.5603797659277918,0.8193259879946709,2.9438246488571174e-06,1886.329112574458,124000000.00000003,0.000782,11.35
1.597142940759659,0.7003151267766953,8.305579960346223e-06,1635.2864839136598,165000000.0,0.000939,14.82
1.472275395691395,0.7217059046030045,4.614721328020096e-06,1650.1746997237203,141000000.00000003,0.0006159999999999999,12.05
1.4314636632800104,0.7076048880815506,3.2498484253883367e-06,829.1355818510054,230000000.0,0.00046199999999999995,5.46
1.4319026693701746,0.6203009784221649,4.529704362154008e-06,1565.4396936297414,127000000.00000001,0.00028100000000000005,9.8
1.487114303559065,0.7295356370508671,5.8043491169810305e-06,610.5234771966933,379000000.0,0.0009239999999999999,6.06
1.4795503288507463,0.6319291323423386,5.45476819574833e-06,2202.878586947918,105000000.00000003,0.00034700000000000003,12.94
1.691136521100998,0.828379574418068,3.971989035606385e-06,1614.4664138555524,152999999.99999997,0.00117,11.84
1.293376260995865,0.7008566781878472,1.0021799564361573e-05,1430.5983036756513,187999999.99999997,0.0008049999999999999,14.72
1.4621715098619463,0.6005867063999176,2.923512518405915e-06,856.5573692321776,195000000.0,0.00019300000000000006,2.4899999999999998
1.4373753771185875,0.7336984612047673,3.282101124525071e-06,561.9473308324813,352000000.0,0.0005750000000000001,1.8099999999999994
1.6972995400428774,0.7558874029666186,5.0697365403175365e-06,2093.9897671341896,130000000.0,0.0009310000000000001,14.26
1.7917810857295993,0.694489060342312,9.610026121139527e-06,2548.3136177062984,132999999.99999997,0.000999,17.12
1.5230589017271996,0.7560740489512683,8.878745824098588e-06,838.9319032430648,284000000.0,0.0015900000000000003,12.37
1.5260062851011755,0.7395421128720046,5.914904832839967e-06,1389.4431591033933,178000000.00000003,0.0009070000000000001,12.61
1.46623619645834,0.6265017449855805,3.495291709899903e-06,2989.6939098834987,74700000.00000003,0.0002249999999999999,12.19
1.4896607972681524,0.7187813222408296,6.682676637545229e-06,574.358358979225,387000000.0,0.0010500000000000002,7.1
1.497295539826155,0.707236947119236,7.749982610344889e-06,1216.866888105869,201000000.0,0.000912,13.0
1.383458662033081,0.6575906217098236,9.62837600708008e-06,2650.19516646862,113999999.99999999,0.0004960000000000001,16.3
1.7050933420658112,0.7796501308679581,6.071129985153676e-06,1524.8611867427824,176000000.0,0.00131,13.579999999999998
1.4026287496089938,0.7816090553998948,3.372036218643189e-06,1338.7925475835798,161000000.00000003,0.0006720000000000001,9.700000000000001
1.4753347769379617,0.6814017444849015,4.7476753890514385e-06,1613.2768169045446,139000000.0,0.000502,11.55
1.7814181208610536,0.9013903856277466,5.204587027430536e-06,952.0128667354583,247000000.0,0.00232,10.45
1.6673955380916596,0.6625280857086182,7.69728457927704e-06,2755.7917982339854,108000000.00000001,0.000609,16.19
1.487097515165806,0.7647411312907935,6.082905851304532e-06,857.7290475368499,288000000.0,0.0011,9.13
1.6033721566200259,0.8568590998649598,2.966446995735169e-06,1590.0011658668516,143000000.00000003,0.000987,10.47
1.4318100884556773,0.6378646105527879,7.3907435387372985e-06,2479.2541116476054,106000000.00000003,0.00040600000000000006,14.82
1.486059305816889,0.630709120631218,6.723911844193936e-06,2647.64192700386,97899999.99999999,0.00037499999999999985,14.669999999999998
1.7209379196166994,0.6753150388598442,5.687337666749955e-06,3018.8294053077693,93199999.99999997,0.0005499999999999999,15.7
1.507401616126299,0.6458874821662903,4.81615211069584e-06,1500.5795955657957,141000000.00000003,0.000424,10.69
1.5119457699358465,0.6915806472301483,5.2212616205215466e-06,1961.5099877119062,124000000.00000003,0.0005549999999999999,13.419999999999998
1.3368731617927552,0.6121668219566345,4.815617948770524e-06,1003.8823187351226,186000000.0,0.0002559999999999999,6.4
1.4325547769665719,0.7143880203366281,8.596450895071031e-06,513.6627256870269,399000000.0,0.00128,9.0
1.4722303837537767,0.6927938461303712,4.854647755622865e-06,821.0692852735518,269000000.0,0.0006029999999999999,6.53
1.532476991415024,0.8194953247904778,4.103012770414353e-06,1211.6593420505521,189999999.99999997,0.0010699999999999998,10.08
1.4768080785870554,0.7420718371868135,5.400864675641061e-06,1227.0874455571172,193000000.0,0.0008239999999999998,11.24
1.482308167219162,0.6350482195615769,5.4726576656103145e-06,735.8928322792052,265000000.0,0.00045099999999999996,6.22
1.6963454425334932,0.7484822385013105,7.931450173258782e-06,1438.306227326393,192000000.0,0.00136,14.47
1.3245447993278505,0.6118240624666215,3.691549122333527e-06,2668.8915044069286,80799999.99999999,0.00017699999999999988,10.84
1.4557530909776688,0.7389630720019341,8.632781207561495e-06,753.9116144180297,308000000.0,0.0013199999999999998,11.110000000000001
1.6701056241989136,0.6708891391754152,2.9780756831169133e-06,1101.1080741882322,175000000.0,0.00045399999999999987,6.69
1.3259461104869843,0.6132159680128098,7.6081530749797834e-06,2481.384307146072,97600000.00000001,0.0002869999999999999,13.91
1.4791699312627318,0.6865704014897347,5.92960174381733e-06,1243.3959469199178,182000000.0,0.0006400000000000002,11.22
1.5114204883575442,0.776433326303959,4.249174118041993e-06,1462.8831967711446,160000000.00000003,0.0008449999999999999,11.33
1.5856096744537356,0.8661009550094605,4.156191140413285e-06,1003.5170912742614,228000000.0,0.0014099999999999998,9.1
1.4646394282579422,0.6327250868082047,6.763456776738168e-06,2331.1257287859917,107000000.00000001,0.00039199999999999993,14.17
1.4741415426135065,0.6560192853212358,6.4702157853171235e-06,688.702419400215,313000000.0,0.0006159999999999999,6.66
1.3918118476867678,0.7184741377830506,9.700516134500504e-06,987.4347895383834,246000000.0,0.00114,13.27
1.5643267929553988,0.8654190927743912,5.294207006692887e-06,719.3652093410491,329000000.0,0.00183,7.95
1.8179388642311098,0.7974713981151581,3.845450550317765e-06,2532.6749235391612,110000000.0,0.000987,14.18
1.6409739017486573,0.8889772921800614,9.236104846000672e-06,508.0280005931853,447000000.0,0.00352,10.14
1.4983727015554906,0.6809625461697579,6.9245664179325115e-06,1507.4578784406183,160000000.00000003,0.0006590000000000001,13.2
1.6382719874382021,0.6893381014466287,6.347246795892716e-06,2472.6195931434627,113999999.99999999,0.000661,15.439999999999998
1.2074855983257295,0.5974786520004273,4.930656045675278e-06,1041.6473746299741,182000000.0,0.00018499999999999997,5.55
1.339516443014145,0.6375686824321748,9.042929112911225e-06,920.5988347530364,230000000.0,0.0005470000000000001,10.49
1.4785690158605578,0.6854357600212098,6.398931401781739e-06,639.4855231046675,346000000.0,0.00076,6.54
1.4839463979005816,0.8172293320298195,4.340535521507264e-06,970.1216518878936,247000000.0,0.0010699999999999998,8.14
1.663512933254242,0.8878843098878861,5.2138158977031715e-06,794.3236380815505,293000000.0,0.00211,9.05
1.5491126641631128,0.6641414612531663,4.707823216915131e-06,2671.544805169105,95200000.00000001,0.00041899999999999983,14.08
1.5587760329246523,0.8121658489108087,6.114148065447808e-06,912.9015654325484,266000000.0,0.0015600000000000002,10.59
1.4743853285908701,0.7178750239312649,6.224175199866296e-06,1098.9101529121397,213000000.0,0.0008099999999999998,11.01
1.5116717755794526,0.7498477254062892,5.218656837940217e-06,1404.6247974038122,171999999.99999997,0.0008579999999999999,12.02
1.6791812002658846,0.890916332602501,4.480457574129105e-06,872.7538883686065,263000000.00000003,0.00186,8.74
1.4938970267772675,0.6300056487321855,5.0940447151660925e-06,1779.1772745549677,121000000.0,0.000354,11.52
1.5419114246964456,0.6562764912843705,7.359066516160966e-06,2134.9413245916367,123000000.00000003,0.0005560000000000001,14.71
1.616759902238846,0.7442011758685113,4.852157816290856e-06,2005.772955715656,129000000.0,0.0008049999999999999,13.75
1.4199295163154604,0.8455742776393891,9.628106683492662e-06,991.5599524974822,916999999.9999999,0.00186,0.6100000000000004
1.6438384115695954,0.7250515848398209,3.018007546663285e-06,2993.5314059257503,83200000.00000003,0.00047600000000000013,13.579999999999998
1.506354505196214,0.7521178532391787,7.5428712069988265e-06,933.162823319435,259000000.0,0.00128,11.7
1.4803756177425387,0.7132494807243348,7.285587385296823e-06,1070.7526206970213,221000000.0,0.000906,11.86
1.4808110475540162,0.6321202218532563,6.446650310419501e-06,2427.265226840973,102999999.99999999,0.00038099999999999994,14.16
1.413899177312851,0.7368745375424625,3.0534483194351203e-06,1428.6819770932195,145000000.0,0.0004740000000000001,9.29
1.2777391433715821,0.655637151002884,9.354840457439423e-06,1142.3549354076383,201000000.0,0.000565,12.2
1.2028773128986359,0.5975991725921631,5.111219882965088e-06,1571.695927530527,122000000.00000004,0.00017199999999999995,8.59
1.6582038581371308,0.6403368204832077,2.9965223670005806e-06,2220.6498980522156,95999999.99999999,0.00030899999999999987,10.64
1.726731562614441,0.7741046994924546,3.9498410820961006e-06,2428.927451372146,111000000.0,0.0008430000000000001,14.0
1.4840430691838267,0.6311307549476625,3.257471054792405e-06,989.7388070821761,183000000.0,0.0002760000000000001,5.15
1.3592779576778413,0.6162471860647202,7.311642199754716e-06,1108.1648916006086,183000000.0,0.00036200000000000007,9.730000000000002
1.2302134573459627,0.5957584977149963,2.9127921462059027e-06,1599.670799449086,113999999.99999999,0.00011200000000000001,5.26
1.6808402359485628,0.8933660656213761,6.1098013371229185e-06,563.6445730924605,397000000.0,0.00262,8.06
1.7523131132125855,0.8363251626491547,3.976441949605942e-06,1717.276691459119,147000000.0,0.00125,12.28
1.747112113237381,0.7895530343055726,6.1366682425141344e-06,1534.5929116010664,177000000.0,0.0014399999999999999,13.71
1.5058279048651457,0.6407850533723832,5.841459289193154e-06,2007.9347044229505,116999999.99999997,0.0004269999999999999,13.19
1.4911875396966936,0.6315907180309296,3.25627276301384e-06,1211.5427032113073,156000000.0,0.0002689999999999999,6.41
1.4932189218699934,0.6314061105251313,3.181588768959046e-06,876.186966896057,200000000.0,0.0002799999999999999,4.41
1.4095060944557192,0.7438903279602528,3.095175117254258e-06,880.5971145629882,225999999.99999997,0.0005409999999999999,5.79
1.5167283777147533,0.7711480155587197,9.431262433528901e-06,2038.9942377805708,667000000.0,0.0010500000000000002,0.34
1.7257167398929598,0.734227379411459,6.829611964523793e-06,2004.458077251911,144000000.00000003,0.0010500000000000002,15.24
1.4007913291454317,0.646984675526619,8.653352230787279e-06,746.2612837553023,284000000.0,0.0006630000000000001,9.26
1.5716748520731927,0.8649316102266312,3.0969696342945103e-06,1063.0115419626234,248000000.0,0.0010699999999999998,5.7
1.517376234009862,0.8386135160923005,5.252554371953011e-06,765.4896676540374,315000000.0,0.00148,7.879999999999999
1.5721099197864534,0.8594020307064058,5.102845296263695e-06,855.7549417018889,275000000.0,0.00167,9.18
1.5669031083583833,0.6402161657810211,3.1068534553051e-06,2350.193180143833,91699999.99999999,0.00027000000000000006,10.7
1.6234575748443605,0.6902964726090431,1.0026603996753695e-05,2122.8926554322243,146000000.0,0.000917,16.5
1.478013923764229,0.8131254807114602,4.194186836481095e-06,1044.3354696035383,223000000.0,0.00101,8.73
1.657291728258133,0.7877725437283517,4.054414570331574e-06,1924.8886331915853,130999999.99999999,0.0009199999999999999,12.83
1.552668696641922,0.6383679449558258,5.948207341134549e-06,2675.1330047845836,97200000.0,0.0004080000000000001,14.58
1.5150136157870293,0.6470465987920762,7.160084992647172e-06,2034.699387848377,124000000.00000003,0.000508,14.23
1.4859108567237855,0.6696558773517609,4.001109987497331e-06,1320.9500834345815,155000000.0,0.000435,9.24
1.5499381721019747,0.637910208106041,4.183552205562592e-06,2999.7700750827785,79700000.0,0.00030599999999999996,13.54
1.5815816044807436,0.7954203709959985,8.46377429366112e-06,1845.8805251866577,609000000.0,0.00121,1.3499999999999999
1.5604143753647806,0.7591931540519,6.106696031987668e-06,1280.4604992270467,195000000.0,0.0011,12.47
1.6512284874916079,0.7972748413681985,2.925301611423493e-06,2482.4533164501186,101000000.0,0.000714,12.76
1.428874956071377,0.6695896983146669,8.791190832853318e-06,1242.940232157707,193000000.0,0.000714,13.05
1.2029101073741915,0.5976953208446503,7.176886424422265e-06,1062.3935163021085,176000000.0,0.00024299999999999986,8.36
1.6055171728134157,0.7550503280013801,7.449118018150331e-06,1205.2497565746305,213000000.0,0.0013199999999999998,13.28
1.7575937926769258,0.8388710975646974,4.008607864379884e-06,1693.8968952745197,149000000.0,0.00128,12.26
1.5228606037795545,0.6933891624212266,5.495778501033784e-06,1941.6201785206792,127000000.00000001,0.0005899999999999999,13.66
1.2126027166843416,0.5967471063137055,4.842517033219338e-06,819.8429942131041,222000000.0,0.00019100000000000003,3.99
1.5119255974888803,0.6442039668560029,7.272045686841012e-06,2473.5259562730785,109000000.00000001,0.0004690000000000002,15.04
1.5700898677110673,0.8380412131547929,5.346923500299455e-06,2192.003533244133,459000000.0,0.0010800000000000002,1.1600000000000006
1.814875388145447,0.7975082382559777,3.90983745455742e-06,2483.1336289644237,111999999.99999999,0.001,14.15
1.3216674864292146,0.6183642357587815,8.222541615366938e-06,2619.488418102264,97200000.0,0.00031,14.64
1.5726728931069376,0.8681230455636979,4.181462287902833e-06,904.7974944114684,255000000.0,0.00142,8.16
1.5701555505394937,0.8647280484437944,7.016306668519975e-06,563.9624148607253,405000000.0,0.00245,8.92
1.513460547477007,0.8362208604812623,5.369312718510629e-06,741.3002401590346,326000000.0,0.0014999999999999998,7.799999999999999
1.336248725652695,0.6121696740388871,5.795142151415349e-06,598.0537384748458,298000000.0,0.000321,4.15
1.217589819431305,0.5991046071052551,3.844022572040559e-06,2235.418923199177,90299999.99999999,0.0001349999999999999,9.16
1.7058082401752472,0.7771895438432694,5.118440195918084e-06,1824.0980450063942,146000000.0,0.00109,13.64
1.6198862671852112,0.5961078464984895,2.9357762336730964e-06,2468.741416931152,84400000.0,0.00019199999999999992,9.4
1.2236748397350312,0.8282933145761491,9.363492190837862e-06,454.57589626312244,445000000.0,0.00198,9.6
1.4313299998641016,0.6367954373359681,7.418670371174813e-06,2541.8392121791835,103999999.99999999,0.0003990000000000001,14.91
1.6969374239444734,0.5990288615226746,2.920193850994111e-06,1378.4031867980955,134999999.99999997,0.000244,6.33
1.5264752984046936,0.6711555004119873,6.746391862630845e-06,1825.1352962106464,136000000.0,0.0005939999999999999,13.95
1.4157711982727053,0.6204088926315308,4.379465401172638e-06,2857.1003973484035,81199999.99999999,0.00023500000000000002,12.68
1.4766910493373873,0.7171727657318115,9.098876237869264e-06,1029.3568223714826,236000000.00000003,0.00115,13.19
1.567730797827244,0.8690249294042588,3.0913584828376776e-06,942.3072189092635,223999999.99999997,0.00115,6.89
1.4018524825572969,0.625100076198578,7.094159126281739e-06,2413.16157579422,102000000.0,0.00033899999999999995,14.1
1.422620737552643,0.6253953337669373,5.619021683931352e-06,2311.6363510489464,100000000.0,0.00029999999999999987,12.93
1.7084152400493624,0.8100191339850427,2.9268833398818974e-06,2538.669884204864,101000000.0,0.000783,12.88
1.4784995824098588,0.8231881365180016,8.607680082321168e-06,1254.9325004220007,445000000.0,0.00164,7.0
1.6689487695693972,0.7171603158116341,4.0259207189083105e-06,2873.6602067947383,93099999.99999999,0.0005660000000000001,14.58
1.4722443491220476,0.6326656669378281,7.680199012160302e-06,1394.7356045246122,161000000.00000003,0.000508,12.32
1.6844238817691803,0.8910681635141373,5.211292684078217e-06,1696.8478793278334,500000000.0,0.00151,0.4599999999999997
1.5057124592363835,0.8263390392065049,5.2849252521991736e-06,746.1849153041838,327000000.0,0.0013800000000000002,7.55
1.2002797901630402,0.5945512890815735,8.205700233578683e-06,2941.5905773639674,83900000.0,0.00020699999999999996,14.04
1.5988227725028994,0.6777538597583771,7.64065945148468e-06,2107.0249304175377,130000000.0,0.000697,15.22
1.5064719647169114,0.7543647486716509,2.9294226169586187e-06,2356.984607875347,99900000.00000001,0.000521,12.32
1.3484063386917116,0.7272240199148655,1.0100208401679994e-05,1014.383092522621,246000000.0,0.00118,13.79
1.456554611027241,0.7805585324764253,1.008120346069336e-05,590.7611846923827,378000000.0,0.00207,11.68
1.6254655301570893,0.8491403102874756,4.117579609155655e-06,1217.9192826151846,193000000.0,0.0013199999999999998,10.340000000000002
1.4419631615281105,0.8234031513333321,3.1734514832496647e-06,915.1261597871779,236000000.00000003,0.0008470000000000002,6.2
1.4646493524312973,0.7181416735053063,3.0976052880287177e-06,2420.1521575450897,96300000.0,0.000411,12.28
1.2036486446857453,0.5977682948112488,7.049475610256196e-06,1349.1174876689909,144000000.00000003,0.00023099999999999998,9.79
1.5101192682981492,0.8351492822170258,6.089606292545796e-06,676.6890287399291,354000000.0,0.00174,8.33
1.6471008181571962,0.8474088370800019,5.4676215648651135e-06,991.8263107538222,245000000.00000003,0.00175,10.71
1.4616539597511293,0.8388444900512696,9.064010411500932e-06,1063.4017288684843,555000000.0,0.00188,5.49
1.7783362448215487,0.9061403453350068,3.0309002399444584e-06,1428.1322360038755,156000000.0,0.00142,10.09
1.4847251169383526,0.6749760925769807,6.009475484490396e-06,1054.6678602695463,205999999.99999997,0.000633,10.1
1.7267902851104737,0.6018447786569596,2.9879778623580937e-06,664.8545265197753,257000000.0,0.00031100000000000013,1.77
1.508452953770757,0.8745705842971803,9.474431812763216e-06,860.1945191621779,774000000.0,0.00236,2.9099999999999997
1.5066337997093797,0.7289616018533708,6.995626226067544e-06,1182.3599338531492,206999999.99999997,0.000984,12.49
1.6656024098396303,0.7572717715054751,9.3544901907444e-06,1047.0953881740568,249000000.0,0.00175,13.81
1.391931349039078,0.8094497904181481,3.063692212104798e-06,1158.878833055496,180000000.00000003,0.000721,8.25
1.2679853081703187,0.5976944983005524,2.966279268264771e-06,2604.8598736524577,78300000.0,0.000123,8.59
1.518457143008709,0.721211788058281,8.62706470489502e-06,1111.6288155317304,223000000.0,0.00115,13.35
1.514360495656729,0.7528616610914469,7.3274621963500984e-06,979.8105359077452,248000000.0,0.00125,11.86
1.4885487601161005,0.6302176147699357,6.697450345382095e-06,1021.600842475891,202000000.0,0.00049,9.67
1.5895017743110658,0.6748735517263413,8.790177792310715e-06,2289.797283709049,129000000.0,0.0007120000000000001,15.9
1.7171211361885073,0.646234068274498,2.9797437787055973e-06,1643.7973380088804,126000000.00000001,0.00037499999999999985,8.94
1.4704782843589783,0.7644816990941764,4.947982668876649e-06,1125.219978392124,208999999.99999997,0.0008809999999999998,10.2
1.6972604155540467,0.6349583834409714,8.360172122716905e-06,2999.0095198154445,98899999.99999997,0.0005199999999999998,16.38
1.56286129206419,0.7801629066467286,9.063233941793444e-06,1999.6070414781568,635000000.0,0.00112,0.7999999999999997
1.6778930425643923,0.6798989430069924,9.338575065135957e-06,2524.6600359678264,127000000.00000001,0.0008030000000000002,16.67
1.4528456926345827,0.7438015401363374,2.9808481931686406e-06,2227.684624493122,102999999.99999999,0.00047299999999999995,11.98
1.3379956126213075,0.6129072099924088,7.651796013116838e-06,2070.250429213047,111000000.0,0.00031,13.24
1.6384668231010437,0.7700031146407128,6.130025640130044e-06,1409.7808226943014,184000000.0,0.00122,13.14
1.4715611144900322,0.7136040687561036,5.1716611236333855e-06,1471.0342809557912,158000000.0,0.0006469999999999999,11.86
1.5686387032270432,0.6332963258028032,7.4002783447504055e-06,2782.907217741012,100000000.0,0.0004470000000000002,15.48
1.2078326404094697,0.5917723953723908,9.227114945650102e-06,2086.328037083149,110000000.0,0.00025000000000000006,13.16
1.522888143360615,0.6388439387083055,6.605684278532863e-06,2446.1190700531,106000000.00000003,0.00043700000000000005,14.57
1.4093523144721987,0.8187279894948006,9.592307925224306e-06,1222.948908805847,804000000.0,0.00148,0.47000000000000003
1.4090734004974366,0.8025811851024628,3.173475474119187e-06,989.005148410797,215000000.00000003,0.000743,6.92
1.694210332632065,0.810435600578785,6.1223940923810015e-06,1200.8970901370046,214000000.00000003,0.00162,12.48
1.4759351938962937,0.7861881315708161,4.432135373353959e-06,694.2700892686843,368000000.0,0.0009310000000000001,4.2
1.7620237648487094,0.6549198299646378,2.960192263126374e-06,2806.2135279178615,81400000.00000001,0.0003640000000000001,12.3
1.4020977437496187,0.695081189274788,9.238675624132158e-06,1037.300333380699,230000000.0,0.000917,12.87
1.5458016067743303,0.6886557653546334,5.4754179716110235e-06,2147.006906569004,118000000.00000001,0.00057,14.11
1.3041511416435243,0.6241055220365525,9.189525425434115e-06,1218.6367735266683,179000000.00000003,0.00042800000000000005,11.61
1.336274725198746,0.6154960960149766,7.553274899721147e-06,2620.5735206604,94400000.0,0.000288,14.17
1.7970990836620333,0.8924793273210526,3.9298005700111395e-06,1369.3890273571012,173000000.0,0.00169,11.19
1.3854493618011476,0.8054827809333802,3.072695046663285e-06,1215.980604290962,171999999.99999997,0.0006999999999999999,8.65
1.5663179621100427,0.8064878225326538,4.085116624832154e-06,1415.970206260681,167000000.0,0.00101,11.06
1.435020236670971,0.6197279155254365,4.579839855432511e-06,781.0546755790709,228000000.0,0.00031699999999999995,5.330000000000001
1.5856436848640443,0.7746944814920426,8.360157519578935e-06,2285.1974442601204,573000000.0,0.00102,1.0399999999999998
1.6492381095886233,0.8644211411476136,3.2528191208839423e-06,845.8406031131743,328000000.0,0.00121,3.37
1.4970122035592797,0.6259704172611237,4.408011198043824e-06,1107.354715466499,175000000.0,0.00034700000000000003,7.74
1.3205176055431367,0.6117750674486161,3.7735244631767278e-06,2327.8614804148674,89399999.99999997,0.00018299999999999995,10.16
1.7378816485404969,0.7680827703326941,8.21266342699528e-06,1289.8682728409765,214000000.00000003,0.00166,14.189999999999998
1.4770726650953294,0.7527724351733923,1.001518476009369e-05,808.0346435308455,297000000.0,0.00166,13.06
1.26756289601326,0.6600307166576386,9.504836171865464e-06,2377.5182217359543,121000000.0,0.00046199999999999995,15.73
1.4687574103474619,0.6346389144659043,7.554857671260835e-06,1669.106839224696,140000000.0,0.000477,13.25
1.5185413800179959,0.7543576274067164,6.33207142353058e-06,1134.8076090216634,216000000.00000003,0.0010800000000000002,11.85
1.5607706978917124,0.8402678579092027,6.236922174692155e-06,782.0616215467452,304000000.0,0.00185,9.91
1.469975656270981,0.6324427753686905,7.723986208438875e-06,1209.9586352705953,181000000.00000003,0.0005310000000000001,11.53
1.377068316936493,0.6946313068270684,9.320117533206941e-06,997.3892122507094,237000000.0,0.000908,12.68
1.5424034535884859,0.8572145104408265,4.265981703996659e-06,847.92922437191,278000000.0,0.00134,7.39
1.6359695971012116,0.697309796512127,5.965610213577748e-06,2447.4666565656657,113999999.99999999,0.0006710000000000002,15.27
1.7581719875335695,0.6671665996313095,8.405833631753923e-06,2934.6201121807094,108000000.00000001,0.0006930000000000001,16.92
1.4230617105960848,0.622282862663269,7.437071472406389e-06,1392.1817690134046,153999999.99999997,0.000402,11.56
1.4695009499788285,0.6857464268803597,3.461704909801484e-06,2092.213213443756,106000000.00000003,0.000378,11.47
1.4887558087706567,0.6536170452833177,7.1248119473457345e-06,1131.153583526611,195000000.0,0.00062,11.23
1.4374377921223642,0.7630527835339308,3.89469587802887e-06,1381.0504525899885,162000000.00000003,0.000697,10.43
1.5830544590950013,0.8617639124393464,3.659771233797074e-06,646.3709771633147,355000000.0,0.0013,3.97
1.4848929896950722,0.7910991176962853,4.922448456287385e-06,902.0642489194869,276000000.0,0.0010500000000000002,8.0
1.7968304336071017,0.6966414391994477,8.147219464182855e-06,2746.559634804725,120000000.0,0.000901,16.79
1.787869280576706,0.8607934892177582,5.0930361598730095e-06,1292.635679244995,197000000.00000003,0.00182,12.02
1.3876636862754823,0.7632628295570613,3.0322591662406925e-06,1506.9326683878896,141000000.00000003,0.000536,9.9
1.5161447871476412,0.6320622950792313,4.49874883890152e-06,1560.6510937213895,130999999.99999999,0.00035800000000000003,10.31
1.6729560792446139,0.7273400366306305,5.801374040544034e-06,2178.2746836543083,128000000.0,0.000848,14.93
1.5762302219867708,0.76969403475523,7.749736547470094e-06,977.0974814891814,251000000.0,0.00154,12.57
1.506479647010565,0.6501968532800675,6.01947070658207e-06,1818.3543924242256,129000000.0,0.00047600000000000013,13.05
1.5442840933799744,0.6853388294577599,9.359817415475847e-06,1657.308556139469,165000000.0,0.000866,15.11
1.4258697375655176,0.6220877051353455,5.424597695469857e-06,1464.534133672714,138000000.0,0.0003179999999999998,10.37
1.5734445959329606,0.8631545126438142,5.204072788357736e-06,815.1488304138182,290000000.0,0.00175,8.92
1.4830535151064397,0.7358478013426066,6.319416474550963e-06,1090.417832136154,220000000.0,0.0009270000000000001,11.28
1.434946994483471,0.6401040136814118,7.475212991237641e-06,2039.8362278938291,122000000.00000004,0.0004449999999999999,14.08
1.6755539059638977,0.8830890297889711,4.1513080596923834e-06,578.6512345075606,373000000.0,0.00186,5.26
1.4816434957087041,0.7305283449590206,5.615202128887177e-06,670.6132292747496,363000000.0,0.00086,5.84
1.3376710116863253,0.6411216080188752,8.122587308287621e-06,2365.5866757035255,111000000.0,0.00039699999999999984,14.829999999999998
1.5430814892053606,0.8682943135499955,6.063968554139138e-06,536.9288027286528,400000000.0,0.00216,7.79
1.3176428496837618,0.6756268233060837,9.322845816612245e-06,2220.1485484838486,130999999.99999999,0.0005459999999999999,15.61
1.329391533136368,0.612049788236618,4.591206520795823e-06,2661.2085402011867,84699999.99999997,0.00020899999999999998,12.01
1.47959438636899,0.808181132376194,7.258022397756578e-06,543.6812639236449,406000000.0,0.00184,8.65
1.7545317828655245,0.7388609390705825,4.879716023802758e-06,2713.1107747554775,107000000.00000001,0.0008059999999999999,15.34
1.483748332411051,0.6606977283954621,3.3172684013843544e-06,781.2801301479338,227000000.00000003,0.000376,4.76
1.2526063799858094,0.6624556303024293,9.014508277177812e-06,2057.1878850460052,130000000.0,0.0004610000000000001,14.86
1.5312352873384953,0.8505959898233414,8.968519657850267e-06,1074.3923038244245,723000000.0,0.002,2.35
1.6381733357906343,0.8744741946458817,5.1496467888355265e-06,888.8908028602599,263000000.00000003,0.00188,9.8
1.5184381384402514,0.8671593815088273,7.1889271289110196e-06,524.5600193738936,417000000.0,0.0024299999999999994,8.64
1.4926128767430784,0.7501434031873943,4.305291891098023e-06,1633.0620665103195,143000000.00000003,0.0007110000000000002,11.93
1.5206682644784453,0.6741789668798447,4.239712119102479e-06,2551.564455032348,96600000.00000001,0.0004119999999999999,13.48
1.4183025598526002,0.7358194202184678,3.012499451637269e-06,1630.5621545761821,130000000.0,0.00045999999999999996,10.09
1.384534800052643,0.687260900437832,9.484381556510926e-06,1840.8389408141372,152999999.99999997,0.0007020000000000001,15.26
1.6061259984970093,0.8761803835630417,2.951899349689484e-06,1384.2527121305463,158000000.0,0.00109,9.64
1.503904963284731,0.6812971606850625,5.332802161574364e-06,1922.1055060625074,125000000.00000001,0.0005239999999999999,13.25
1.4204039990901949,0.7787110134959222,3.1603197157382973e-06,839.6251797676085,261999999.99999997,0.000673,4.86
1.4195329606533051,0.6244247674942017,5.263552829623223e-06,2647.9032933712,89799999.99999999,0.00027299999999999997,13.19
1.5076641133055093,0.6362656205892564,5.270037561655045e-06,1683.3058483898637,129000000.0,0.00040299999999999993,11.63
1.493337008357048,0.6748675167560578,3.784376055002213e-06,2378.138408064842,98500000.00000001,0.000376,12.44
1.8138405561447146,0.7459979843348266,4.843795120716095e-06,2874.6285587549205,102999999.99999999,0.0008539999999999998,15.66
1.625541526079178,0.7733263179659844,6.214087195694447e-06,1321.0110664367674,194000000.0,0.00126,12.88
1.4661085680127146,0.6276295423507691,3.5380131900310523e-06,1789.9235170334575,111999999.99999999,0.0002559999999999999,9.4
1.4762804433703425,0.680762828886509,4.35892128944397e-06,1837.6411516219375,123000000.00000003,0.00045700000000000005,11.86
1.504383308440447,0.6367948383092881,6.15217747911811e-06,1401.6561508178709,155000000.0,0.00047600000000000013,11.42
1.2903861701488497,0.803914587199688,9.956579238176347e-06,1246.980309486389,841000000.0,0.00118,0.030000000000000145
1.5346920154988768,0.8156984612345696,5.767485581338406e-06,2279.6602100133896,440000000.0,0.0009809999999999999,1.8800000000000001
1.708810168504715,0.7722848072648049,1.0054353296756746e-05,936.2161457538604,278000000.0,0.00213,13.899999999999999
1.6672626614570618,0.6832873910665512,7.410957619547845e-06,2493.310675024986,118000000.00000001,0.0007129999999999999,15.93
1.3648637652397158,0.6850474432110787,9.356815844774247e-06,1255.5070146918295,198000000.00000003,0.0007659999999999999,13.55
1.493135326355696,0.648273128271103,6.432970684021712e-06,943.6872154474257,222000000.0,0.0005719999999999999,9.26
1.579670548439026,0.8555235922336579,5.0222621560096745e-06,1694.931976497173,378000000.0,0.0011999999999999997,3.1900000000000004
1.3267187833786012,0.6144389837980271,6.228758916258813e-06,2175.64507573843,102999999.99999999,0.00026399999999999997,12.48
1.486615175753832,0.6798916921019554,4.32787647843361e-06,2124.8466446995735,110000000.0,0.0004359999999999999,12.649999999999999
1.4937865778803827,0.8560895830392838,3.1492943465709693e-06,984.449416399002,216000000.00000003,0.00102,7.1899999999999995
1.46339330971241,0.683479817211628,9.421619564294817e-06,1887.1434796601532,149999999.99999997,0.000739,15.4
1.2952942907810212,0.8701978683471681,2.882668793201447e-06,2498.263373970985,240000000.0,0.000587,2.7499999999999996
1.4956330686807633,0.6716708332300186,5.501743361353875e-06,1796.653542667627,130999999.99999999,0.000508,12.86
1.4772547133266927,0.6284522294998169,6.172136526554824e-06,1885.6919575482605,120000000.0,0.00038200000000000007,12.7
1.3095453143119813,0.7536160748451949,9.785946369171144e-06,1801.0727055370805,514000000.0,0.000906,4.28
1.2806191742420199,0.6746267259120942,8.963346391916277e-06,2017.3109993338583,136000000.0,0.0005239999999999999,14.96
1.5437274724245074,0.6694516807794572,6.634667022153736e-06,1998.4593540430067,127000000.00000001,0.0005780000000000001,14.28
1.4107950747013094,0.6232898265123368,8.71839773654938e-06,2955.1834166049953,94300000.00000001,0.00036099999999999994,15.67
1.2534140288829805,0.6042663663625718,3.9549058675766e-06,1460.5834260582922,126000000.00000001,0.00016999999999999993,7.1899999999999995
1.6083322048187256,0.8709981948137284,3.836269557476044e-06,1098.187372088432,205000000.0,0.00136,9.38
1.3210435688495636,0.6177179753780365,8.453278183937074e-06,496.43996357917774,365000000.0,0.0004720000000000001,5.66
1.622838306427002,0.7907072067260743,9.391363114118577e-06,735.1903915405272,330000000.0,0.00224,12.15
1.4921558506786825,0.664624097943306,9.419081747531893e-06,2604.355171322822,118000000.00000001,0.0005689999999999998,16.35
1.3110573112964632,0.671227115392685,9.250899076461793e-06,1237.9541546106336,195000000.0,0.0006500000000000001,12.969999999999999
1.3397186100482943,0.6134660571813584,3.5408683121204384e-06,883.191555738449,198000000.00000003,0.00020899999999999998,3.8199999999999994
1.3005658328533174,0.6151828944683075,8.705292463302613e-06,2885.752126574516,91900000.00000001,0.0002980000000000001,15.09
1.1893738389015198,0.7047878175973893,9.998176902532578e-06,1036.227449774742,236000000.00000003,0.000801,13.16
1.334955382347107,0.7478433787822724,9.041023820638659e-06,2197.6140812039375,531000000.0,0.0007770000000000001,2.4
1.4762081041932107,0.6981545180082321,5.068358317017556e-06,901.7256200313567,244000000.00000003,0.000648,7.79
1.258736550807953,0.6063623696565629,6.085324287414552e-06,778.2466262578963,229000000.0,0.00026399999999999997,5.71
1.5163489378988744,0.6855916634202004,9.808009415864945e-06,2090.36748111248,144000000.00000003,0.0007879999999999999,16.11
1.497273475304246,0.6751607671380043,8.889005154371263e-06,2191.880412399769,131999999.99999999,0.000657,15.62
1.4651690214872362,0.7771978810429574,9.98312106728554e-06,613.2059842348098,368000000.0,0.00201,11.7
1.3280116617679598,0.6127220124006272,4.872461915016175e-06,2094.529077410698,101000000.0,0.00022800000000000007,11.09
1.5287463694810868,0.8070854276418686,4.2089793980121616e-06,1262.5761255621908,185000000.0,0.00102,10.41
1.5440520197153094,0.6419712513685227,3.1134805679321295e-06,1313.559181988239,147000000.0,0.0003039999999999999,7.1899999999999995
1.246654987335205,0.6074301928281785,9.495625764131547e-06,2069.438762962818,114999999.99999997,0.00031100000000000013,13.93
1.5752124130725862,0.6681138485670091,9.36360087990761e-06,2602.9663830995555,120000000.0,0.0006379999999999999,16.51
1.4838201306760312,0.8096057251095773,4.136556595563889e-06,1124.403655529022,204000000.0,0.000984,9.4
1.4672812700271607,0.6329622566699983,6.378954563289882e-06,737.7540618181228,271000000.0,0.0004830000000000001,7.02
1.6224711298942567,0.8553125649690628,2.956566512584687e-06,1686.9488237425683,138000000.0,0.0009809999999999999,10.73
1.5550313204526902,0.6625543802976609,7.924249574542047e-06,2276.6939848661423,122000000.00000004,0.0005970000000000001,15.32
1.5862935930490496,0.7837533563375474,2.9424536228179936e-06,2393.0498510599136,102000000.0,0.0006469999999999999,12.61
1.693531394004822,0.7569480869919062,7.188300393521787e-06,1490.350358188152,184000000.0,0.00131,14.18
1.4696579843759539,0.6695531845092774,4.652276217937471e-06,709.0811729431151,302000000.0,0.000502,4.76
1.4929035007953646,0.6559302538633347,6.0331004932522785e-06,1089.2135202884672,196000000.00000003,0.0005660000000000001,10.1
1.554771700501442,0.7115765377879143,9.95965424180031e-06,1333.7892964482305,203000000.0,0.00117,14.88
1.7586972355842592,0.7107778474688531,9.22288963198662e-06,1960.047475993633,156000000.0,0.00114,16.11
1.4328200563788416,0.6230830818414689,6.378870921209456e-06,1380.7523548603056,149999999.99999997,0.0003640000000000001,10.85
1.5954183876514436,0.8772549569606782,8.62968909740448e-06,966.518998146057,617000000.0,0.00235,4.35
1.4413492619991304,0.6304055303335191,8.024162366986275e-06,1041.7054146528242,204000000.0,0.000527,10.660000000000002
1.69913769364357,0.8073432952165605,4.11432644724846e-06,1808.6235057562587,140000000.0,0.0010699999999999998,12.62
1.630509352684021,0.8235715046525002,4.1400210857391365e-06,1421.6529130935667,169999999.99999997,0.00116,11.23
1.7215030074119568,0.8954789310693742,5.176706194877625e-06,674.7109740972518,339000000.0,0.00232,7.77
1.7920517563819887,0.8966064423322678,5.18230451643467e-06,1041.9899523258207,231000000.0,0.00225,10.92
1.6002125501632691,0.8340917229652406,6.937808334827424e-06,1561.5165531635282,510000000.0,0.0014700000000000002,3.31
1.6488981485366823,0.8310427576303483,4.751679047942162e-06,1233.6076721549032,199000000.00000003,0.0014,11.17
1.3446940898895265,0.615775090456009,7.422080412507059e-06,704.5754343271254,268000000.0,0.00039399999999999993,6.89
1.486909528076649,0.7610295083373786,6.217246767133475e-06,754.7023445367812,328000000.0,0.00114,8.14
1.2541142284870148,0.6052299678325653,7.058463945984841e-06,1454.2857110500333,138000000.0,0.0002669999999999999,10.55
1.7553752660751345,0.888216045498848,2.9569670557975775e-06,1712.958302348852,139000000.0,0.00123,10.76
1.3975771486759188,0.7670409265905619,3.230713307857514e-06,843.1779146194457,261999999.99999997,0.0006190000000000001,4.99
1.2679965555667878,0.6041096717119218,9.04217663407326e-06,1472.8347510099409,145000000.0,0.00032199999999999986,11.88
1.4921731844544412,0.6618691921234131,5.8972146436572085e-06,1328.873589634895,167000000.0,0.0005509999999999998,11.270000000000001
1.7353087842464447,0.8466197758913041,9.348714232444764e-06,627.2085309028624,379000000.0,0.00311,11.43
1.732263869047165,0.7440401449799539,9.286177963018419e-06,1339.438624680042,210000000.0,0.00157,14.86
1.1999724984169007,0.5973213851451874,6.949303299188615e-06,2637.8963440656657,88299999.99999999,0.00019599999999999997,12.99
1.5570225477218629,0.8635265171527863,5.2681008726358424e-06,708.9659869670867,334000000.0,0.0018,7.79
1.543632361292839,0.6427428781986237,8.265517294406893e-06,2763.6677324771877,105000000.00000003,0.00048700000000000013,15.88
1.2765023946762086,0.6775221258401871,9.017061322927476e-06,1893.4147637337444,143000000.00000003,0.0005470000000000001,14.76
1.581011974811554,0.7814532190561295,8.00276428461075e-06,2138.498231768608,491000000.00000006,0.00109,3.24
1.5845519453287127,0.7276110582053662,4.912964865565301e-06,2065.2674809098244,124000000.00000003,0.0007150000000000001,13.88
1.4754856869578363,0.6869658753275872,8.12249405682087e-06,1187.8065690398214,201000000.0,0.000807,12.8
1.5274606168270113,0.6698897659778595,7.820712909102442e-06,1723.6709147691724,147000000.0,0.0006599999999999999,14.28
1.6153779566287996,0.6940504878759385,6.3352613877505076e-06,2260.7900500297546,121000000.0,0.0006850000000000001,15.1
1.446503672003746,0.6221618682146073,5.67201078683138e-06,1108.747899532318,179000000.00000003,0.00036200000000000007,8.89
1.6860989570617677,0.7295030571520329,9.374020636081697e-06,1379.276469349861,202000000.0,0.0013800000000000002,14.92
1.7976182699203493,0.7486042220145465,8.21189071238041e-06,1710.7192771509287,171999999.99999997,0.00143,15.46
1.3997996449470522,0.623511028289795,7.233491629362108e-06,2083.5605561733246,112999999.99999999,0.0003550000000000001,13.52
1.4515947550535204,0.6788014948368073,8.501611441373826e-06,1078.1655758619306,216000000.00000003,0.0007969999999999999,12.35
1.4281311616301537,0.6712110221385956,8.730755537748338e-06,2317.0176818966866,125000000.00000001,0.0005689999999999998,15.58
1.5069725140929224,0.6249096304178239,5.234776198863984e-06,2944.7534978389735,83800000.00000001,0.00029999999999999987,13.94
1.6033930599689485,0.7082248449325562,3.87125325202942e-06,2787.3484343290324,93099999.99999999,0.000501,14.1
1.6114745020866394,0.6969033747911454,8.350870341062547e-06,1732.8975740820167,158000000.0,0.000916,15.06
1.5465418070554735,0.665393552184105,3.750877290964127e-06,2874.0473389625545,85200000.00000001,0.0003530000000000001,13.4
1.5849378705024721,0.6766693085432053,8.867798894643784e-06,2194.9886828660965,132999999.99999997,0.0007349999999999999,15.8
1.2303751587867737,0.7506524048745633,9.946430891752244e-06,1647.3689414560793,473000000.00000006,0.0008610000000000001,5.44
1.603605777025223,0.7042880773544312,4.082201212644578e-06,2763.637781143188,94300000.00000001,0.000508,14.26
1.3038697242736819,0.6974230259656907,1.0038125455379488e-05,1610.363360494375,173000000.0,0.000761,15.149999999999999
1.4096894145011902,0.6171156853437424,4.697915196418763e-06,688.2001012563704,257000000.0,0.0003129999999999999,4.36
1.7994745373725893,0.5979469120502472,2.9474028348922737e-06,2506.8479329347606,84400000.0,0.00024800000000000007,10.19
1.5067236922681333,0.8445561379194261,3.9905700683593756e-06,992.1648651361464,232999999.99999997,0.00117,8.21
1.6217530667781832,0.7158763490617276,7.251689434051515e-06,1734.8575703799722,156000000.0,0.000947,14.669999999999998
1.472738814353943,0.6596280097961427,7.928828805685045e-06,1106.311112642288,204000000.0,0.0006840000000000003,11.75
1.4837298408150674,0.6856473237276078,8.573801010847092e-06,1325.1581341028211,186999999.99999997,0.000813,13.67
1.7271846234798434,0.8994721680879594,3.5981751978397377e-06,1149.575740098953,193000000.0,0.0015900000000000003,9.66
1.5800454765558245,0.8016127064824105,8.557179301977159e-06,1773.9258911460636,654000000.0,0.00125,0.19999999999999968
1.2408619165420534,0.6867562919855118,9.58297422528267e-06,1775.640521198511,155000000.0,0.0005989999999999999,14.91
1.2790556967258455,0.599090999364853,2.985514104366303e-06,1789.2480753362177,103999999.99999999,0.00012999999999999996,6.49
1.5484355002641679,0.6575011968612672,3.187209099531174e-06,2909.8348617553706,79200000.0,0.0002929999999999999,12.52
1.5061815949156883,0.672972258925438,3.7617011368274697e-06,2586.7092162370677,92700000.00000003,0.0003659999999999999,12.86
1.6497542023658753,0.7859374478459359,8.133163735270501e-06,958.8501155376433,260999999.99999997,0.00184,12.84
1.57119649797678,0.7835500359535218,7.531641498208047e-06,2201.7921060323715,473000000.00000006,0.0010399999999999997,3.15
1.5262384638190272,0.7711500093340874,2.9195112586021427e-06,2264.042042195797,103999999.99999999,0.000585,12.2
1.5123205315321686,0.8142665550112725,6.466620903462173e-06,747.8016167879103,322000000.0,0.00161,9.410000000000002
1.4944207549095154,0.7673731606453658,6.524953881278635e-06,907.4281454086303,268000000.0,0.00119,10.4
1.4876940988004208,0.6805084884166718,7.937599658966065e-06,1339.342065155506,181000000.00000003,0.000741,13.25
1.4691947355866433,0.7200592674314976,5.5003812015056615e-06,1270.1793313026426,183000000.0,0.000723,11.35
1.496544297784567,0.7106096819043161,6.107790745794774e-06,1469.1492468118665,165000000.0,0.0007349999999999999,12.8
1.608288645744324,0.7017402961850167,4.959095656871797e-06,2549.6885478496547,105000000.00000003,0.000592,14.72
1.6471254765987398,0.673447734117508,5.249112933874131e-06,2890.8557742834087,94300000.00000001,0.0005000000000000001,15.16
1.461621616780758,0.6336935698986054,7.800969779491425e-06,1016.1057412624358,208999999.99999997,0.0005570000000000002,10.52
1.228018516302109,0.6001851797103882,3.7032639682292943e-06,1492.2114387154577,125000000.00000001,0.0001440000000000001,6.76
1.6600515425205231,0.834559401869774,2.9107422828674322e-06,2207.703247666359,115999999.99999997,0.0008539999999999998,11.61
1.314177078008652,0.6114592820405961,3.857559472322464e-06,1877.751277759671,105000000.00000003,0.0001899999999999999,9.05
1.4954374842345717,0.6264222979545594,4.407922536134721e-06,1001.8435418605803,189999999.99999997,0.0003530000000000001,7.109999999999999
1.497396682575345,0.762413052096963,9.370856761932374e-06,2108.378551900387,608000000.0,0.000987,1.64
1.259643852710724,0.6062658369541168,7.081869699060918e-06,981.8975180387496,193000000.0,0.00029,8.17
1.4776436291635038,0.6884491235017777,5.8808980360627185e-06,1152.6175513863561,194000000.0,0.000655,10.74
1.3346943497657777,0.614866653084755,6.179415982216598e-06,1883.4642712026832,114999999.99999997,0.0002760000000000001,11.74
1.4832193784415724,0.749700377136469,6.532201861962677e-06,840.1862829923629,290000000.0,0.0010699999999999998,9.42
1.6694850504398346,0.6361997544765473,7.482322111725808e-06,2951.2088298797603,97100000.00000001,0.00048700000000000013,15.919999999999998
1.4678255125880242,0.6554169952869416,8.090537905693055e-06,1844.3393539637325,138000000.0,0.0005589999999999999,14.31
1.4648797318339348,0.7512782771140337,4.632764130830766e-06,808.8080137968062,309000000.0,0.000787,5.71
1.5512097761034966,0.7700324445962906,8.616544604301453e-06,825.5524486303328,290000000.0,0.00171,12.19
1.3542563259601594,0.6251410871744156,8.521503627300264e-06,617.8029179573058,316000000.0,0.0005289999999999998,7.29
1.638594961166382,0.6436220258474351,3.008736222982407e-06,2114.2890602350235,99500000.00000001,0.000312,10.38
1.531123197823763,0.7132718861103059,9.510410815477372e-06,1224.0036875009534,212000000.0,0.00116,14.24
1.679476672410965,0.8857035487890245,7.064986802637578e-06,652.8547704219817,364000000.0,0.0028,9.85
1.5018130391836169,0.8094930544495583,6.283568091690541e-06,728.2141149044036,333000000.0,0.00151,8.73
1.6938509345054629,0.8857620745897294,7.146180093288422e-06,668.8266545534133,355000000.0,0.00283,10.16
1.7168755888938905,0.5969799041748047,2.9258231520652776e-06,2010.7420459389684,99500000.00000001,0.00022899999999999996,8.61
1.7510499358177187,0.7874014511704446,6.055385090410711e-06,1589.2825387418268,171999999.99999997,0.0014,13.82
1.6754106402397158,0.6022926092147828,2.925889074802399e-06,1067.6663666963575,167000000.0,0.00025299999999999997,4.69
1.447669829428196,0.6890265539288521,4.021925508975984e-06,707.0742100477217,301000000.0,0.000495,4.09
1.6739164352416993,0.7779287829995156,9.331009387969973e-06,900.966703891754,281000000.0,0.00205,13.21
1.4867065384984017,0.7565941583365202,4.93237441778183e-06,1308.0570772290228,181000000.00000003,0.0008399999999999999,11.26
1.6063074946403504,0.7259877830743791,7.405953541398049e-06,1516.7440772056577,175000000.0,0.0010500000000000002,14.189999999999998
1.5207831278443338,0.8209465518593789,7.11840607225895e-06,687.0509237051009,345000000.0,0.00188,9.78
1.48582324013114,0.6798431620001794,5.777406379580498e-06,1547.3878122866151,149999999.99999997,0.0005679999999999999,12.33
1.7278651356697083,0.7498710650950671,4.938566356897355e-06,2368.9733371138573,119000000.0,0.000879,14.8
1.625585174560547,0.7182818099856377,7.0294487103819855e-06,1769.6336116641758,152999999.99999997,0.000938,14.65
1.472258086502552,0.6660959780216218,7.758904293179513e-06,938.7143254280089,236000000.00000003,0.0007309999999999999,10.64
1.3597667813301089,0.6314406126737595,7.876345962285997e-06,2290.6418815255165,110000000.0,0.000374,14.42
1.540025568008423,0.6895603224635125,4.2101194858551035e-06,2568.0088549852367,97899999.99999999,0.00045900000000000004,13.77
1.4991074457764626,0.720955091714859,7.257990062236787e-06,1170.2684238553045,207999999.99999997,0.000957,12.55
1.5367572382092478,0.862404289841652,2.9526194930076603e-06,1367.9515123367307,160000000.00000003,0.0009679999999999999,9.24
1.4037066757678986,0.6707264810800553,8.890189468860627e-06,947.433516383171,240000000.0,0.000778,11.59
1.5115090169012548,0.6577855825424195,3.3863750398159033e-06,1776.6533996909855,115999999.99999997,0.00033400000000000004,9.96
1.2757634639739992,0.6295712381601334,9.227431625127793e-06,1593.085594475269,146000000.0,0.00040299999999999993,13.21
1.5447843700647355,0.7725489467382431,6.160970237106086e-06,1110.1781874895094,222000000.0,0.00121,11.7
1.7574420154094699,0.7948350548744202,2.9670966267585762e-06,2811.3172501325603,92300000.00000001,0.0007399999999999999,13.5
1.4980998303741218,0.6508144229650498,5.928218722343446e-06,1326.0294795036314,165000000.0,0.0005189999999999999,11.14
1.2780519783496858,0.8596509218215943,3.007181197404862e-06,2519.870579242706,283000000.0,0.0005530000000000001,0.29999999999999954
1.5916112244129181,0.7720296487212182,9.380261182785035e-06,805.1409870386123,302000000.0,0.00194,12.62
1.501416912674904,0.829282084107399,4.3544913232326515e-06,733.2130074501036,337000000.0,0.00119,5.36
1.4647391617298127,0.6294254779815674,3.4157035648822792e-06,2862.3929917812343,78600000.00000001,0.0002300000000000001,11.84
1.4807726226747038,0.6951946377754212,5.988658659160138e-06,824.5864063501357,278000000.0,0.0007250000000000001,8.02
1.4608408391475678,0.7051989778876305,8.399699687957765e-06,951.1768370866774,246000000.0,0.000988,11.96
1.6328470051288606,0.8297196954488755,2.931747436523438e-06,2041.2253141403196,119000000.0,0.0008449999999999999,11.73
1.418948793411255,0.6229162573814393,6.970128312706949e-06,1879.5466255396602,121000000.0,0.00036099999999999994,12.89
1.2327507376670839,0.6337237358093263,9.607340395450594e-06,2686.500951647758,103999999.99999999,0.0003550000000000001,15.69
1.433221547305584,0.68508610278368,8.52361023426056e-06,514.8672610521315,390000000.0,0.0010500000000000002,8.41
1.6068481743335725,0.727070128172636,5.142891377210618e-06,2093.281552195549,125000000.00000001,0.000748,14.189999999999998
1.340476942062378,0.6124142736196518,4.912322536110879e-06,784.3637764453887,227000000.00000003,0.00027299999999999997,5.03
1.5374806188046934,0.7703652530908586,5.187219202518464e-06,1315.3260871767995,185000000.0,0.001,11.7
1.2553868651390077,0.6040803015232087,3.900586366653443e-06,2319.392628967762,88200000.0,0.00015699999999999989,9.8
1.6244062006473543,0.6763071924448014,8.887998580932619e-06,2392.336383461952,127000000.00000001,0.000738,16.17
1.3559469580650332,0.6160598337650299,7.293465152382852e-06,1195.9849968552587,170999999.99999997,0.0003550000000000001,10.23
1.46072533428669,0.7088649272918702,4.345808506011964e-06,981.7093163728713,216000000.00000003,0.000604,7.879999999999999
1.4905158407986165,0.629236525297165,4.355865269899369e-06,785.046026110649,230000000.0,0.000365,5.6
1.6460834562778475,0.7950232654809952,3.604666709899903e-06,2025.3240242600439,123000000.00000003,0.0008539999999999998,12.63
1.431712929904461,0.7441446080803872,8.586579591035844e-06,506.1313062906264,408000000.0,0.0014700000000000002,9.24
1.4995596807450058,0.6469667673110963,5.257948249578477e-06,1033.9484661817548,198000000.00000003,0.00048399999999999995,8.79
1.5718271657824519,0.7872518286108972,2.9504185914993293e-06,2299.198277294636,105000000.00000003,0.000657,12.44
1.7022726953029634,0.6481322944164277,2.982897222042084e-06,2931.7936599254604,76300000.0,0.00031899999999999995,12.5
1.325447076559067,0.6121003925800323,4.725921720266343e-06,1993.8136562705038,103999999.99999999,0.00022400000000000002,10.63
1.7607202470302583,0.6013127177953721,2.9460968971252445e-06,1489.4074499607084,130000000.0,0.000277,7.07
1.5028184227645398,0.7105009227991105,6.513715149834753e-06,1424.8415753245351,171999999.99999997,0.000782,12.99
1.495172716677189,0.6748295903205872,6.643712779507042e-06,1520.2297195792196,156000000.0,0.000613,12.93
1.4884180381894112,0.6258877784013749,5.416530296206475e-06,1106.5393239259718,181000000.00000003,0.00039199999999999993,8.89
1.5806408107280732,0.6765713185071945,8.764632940292359e-06,2075.590781867504,137000000.0,0.0007420000000000001,15.56
1.7964079678058626,0.8885267704725266,3.572311162948609e-06,1696.1686611175535,342000000.0,0.00134,2.6100000000000003
1.4604703009128572,0.8197431787848474,3.49804711341858e-06,655.4997265338897,356000000.0,0.000903,2.79
1.7695125639438631,0.7600784573704005,8.164454504847527e-06,1474.4601696729658,193000000.0,0.0015600000000000002,14.81
1.5156149938702586,0.6553375840187073,3.418601661920548e-06,1671.2848022580145,122000000.00000004,0.00033899999999999995,9.63
1.6109492361545563,0.7825146138668061,5.617805242538453e-06,1324.0920305252073,189999999.99999997,0.00121,12.34
1.5155517887324097,0.6632132560014725,8.12250865995884e-06,2048.8276258111,130999999.99999999,0.000604,14.94
1.3324685633182527,0.6141058176755906,6.287208940833808e-06,2818.947687745094,85800000.0,0.0002449999999999999,13.61
1.473753207921982,0.6804011106491089,4.392426103353501e-06,1728.786204010248,129000000.0,0.000464,11.55
1.4626451164484024,0.6853304743766785,9.595197886228563e-06,1614.596566185355,168000000.0,0.000807,14.989999999999998
1.4005207300186158,0.6453086346387864,8.683214396238328e-06,1133.1292539834974,198000000.00000003,0.0005939999999999999,11.82
1.5526383250951767,0.8557464301586152,5.84278953075409e-06,732.7702194452285,326000000.0,0.00189,8.82
1.6293189704418183,0.7256610743701458,7.686405137181284e-06,1544.6966066956518,175000000.0,0.00109,14.46
1.5126583345234395,0.6370921254158021,3.469632118940354e-06,1683.070261031389,119000000.0,0.00029699999999999996,9.36
1.2472818553447724,0.6885457456111909,9.680815249681474e-06,1346.6554433107374,189999999.99999997,0.0006830000000000001,13.84
1.472056706249714,0.7459995679557324,5.510777071118355e-06,1090.3802812099455,217000000.00000003,0.0008689999999999999,10.46
1.4757519632577898,0.6628789186477662,3.269263088703156e-06,607.3218882083892,294000000.0,0.0003879999999999999,2.66
1.3870541453361513,0.6622139364480973,8.224313601851465e-06,2070.8494186401367,129000000.0,0.000517,14.74
1.738077235221863,0.7986960589885712,4.041820406913758e-06,2085.525907576084,126000000.00000001,0.00101,13.32
1.3264316082000733,0.856101429462433,9.672597855329514e-06,786.9877219200133,662000000.0,0.00205,5.14
1.553149648010731,0.7900732889771462,4.216177076101304e-06,1482.8877449035642,160000000.00000003,0.0009360000000000001,11.45
1.4952191278338434,0.6469340354204178,6.363841084763408e-06,1034.7561091184614,204000000.0,0.0005589999999999999,9.890000000000002
1.4954964995384217,0.8048150762915612,7.402859240770341e-06,660.2447032928466,356000000.0,0.00176,9.64
1.5238542795181276,0.7400995239615441,3.902408212423325e-06,2070.9656849503517,115999999.99999997,0.000617,12.8
1.4206505298614502,0.7329194750636817,3.4890941381454473e-06,1731.6397577524183,128000000.0,0.0005159999999999999,11.16
1.4548048049211504,0.748398070782423,9.144335389137269e-06,743.0785447359084,311000000.0,0.0014999999999999998,11.68
1.7611115455627444,0.7662279311567546,3.881189644336701e-06,2722.056463360786,102000000.0,0.000804,14.52
1.5178827032446862,0.6568322092294694,9.59470096230507e-06,2770.0408101081844,111999999.99999999,0.000549,16.58
1.339073020219803,0.6139660745859147,5.543816566467286e-06,2847.10082411766,83300000.00000001,0.0002320000000000001,13.24
1.6355482399463654,0.8460720509290696,7.109375074505807e-06,760.6710791587828,316000000.0,0.00228,10.84
1.5315495684742928,0.7548003975301981,9.69969439506531e-06,830.7660669088363,291000000.0,0.00171,12.92
1.3173905968666078,0.6159784823656083,8.412736535072327e-06,2079.934284090996,113999999.99999999,0.0003349999999999999,13.77
1.7089274883270265,0.7538762155920268,5.023228883743287e-06,2189.716950058937,126000000.00000001,0.000913,14.46
1.425537930428982,0.6224577069282532,5.399529844522477e-06,1662.474565207958,125000000.00000001,0.00030899999999999987,11.06
1.3170852720737458,0.6113535225391389,3.880657255649567e-06,1120.9903210401533,167000000.0,0.00020899999999999998,5.54
1.3636612415313722,0.6637271404266358,8.76495921611786e-06,1653.3511243760584,152999999.99999997,0.000567,14.04
1.2544907927513125,0.6041648983955383,4.948041707277299e-06,2091.523699462414,98600000.0,0.0001899999999999999,10.55
1.5255378842353822,0.6625675320625306,8.044301763176919e-06,2169.476293027401,126000000.00000001,0.0005930000000000001,15.13
1.5055702295154334,0.8380084902048112,4.3345415592193615e-06,878.6049038171767,276000000.0,0.00122,7.33
1.4836930319666863,0.7968291252851487,4.5963929295539865e-06,812.5691413879393,313000000.0,0.00102,6.13
1.7179260671138765,0.7732825577259065,5.096395820379258e-06,1926.5138655900953,140000000.0,0.00106,13.899999999999999
1.4789833813905717,0.6810372769832612,4.3295416533947e-06,1938.1712302565572,118000000.00000001,0.0004500000000000001,12.14
1.478936742246151,0.6581935286521913,8.205563589930535e-06,1791.455505415797,142000000.00000003,0.000587,14.32
1.6236676633358003,0.6910053983330727,9.505422174930573e-06,1829.4798228889701,158000000.0,0.000956,15.69
1.6837657392024996,0.7834084868431092,6.073031991720201e-06,1421.8114614486692,185000000.0,0.00134,13.23
1.6911247730255128,0.7871956586837769,6.667188992723824e-06,1283.3777740597723,205000000.0,0.00152,13.19
1.6110381424427034,0.7703712344169618,8.242792204022408e-06,977.1884530782698,254000000.00000003,0.00166,12.94
1.2957544684410096,0.8667252838611603,2.8946650624275214e-06,2446.9706714153285,192000000.0,0.000622,5.73
1.4724532127380372,0.6310024023056031,4.293177336454392e-06,2439.8915767669673,93199999.99999997,0.0002819999999999999,12.19
1.33275682926178,0.6145673900842668,5.640805497765542e-06,1997.5300431251524,108000000.00000001,0.000257,11.61
1.4779430665075781,0.6946697920560837,6.059234321117402e-06,605.4412126541137,370000000.0,0.000767,5.75
1.611969691514969,0.8266101658344269,5.1571713685989385e-06,1095.2648073434827,223999999.99999997,0.0014700000000000002,10.8
1.4614597097039224,0.6728885114192963,8.222475275397302e-06,1033.1544578075407,221000000.0,0.000767,11.77
1.6779199182987214,0.7895657792687417,5.6100485771894465e-06,1452.007323503494,179000000.00000003,0.0012899999999999997,12.93
1.7242175281047822,0.8987728983163834,4.144205302000047e-06,888.2864862680434,254000000.00000003,0.00186,8.44
1.6667797207832338,0.6409231424331666,7.149930387735368e-06,2934.196919202804,97100000.00000001,0.0004910000000000001,15.83
1.5368999764323237,0.757403414323926,7.840917497873308e-06,956.7042738199233,252999999.99999997,0.0014099999999999998,12.37
1.6062440514564515,0.8345914185047151,6.527323475107552e-06,838.887795805931,288000000.0,0.00193,10.72
1.520996839553118,0.7197477959096432,6.6109117846936e-06,830.1049023866652,387000000.0,0.00098,6.46
1.6691092014312745,0.7649077344685794,2.9355571866035468e-06,2815.6911879777904,90299999.99999999,0.0006029999999999999,13.32
1.2089623510837555,0.7624267961829901,5.796968899667264e-06,2741.399064660072,398000000.0,0.00045700000000000005,0.7799999999999999
1.696426820755005,0.8749465316534043,3.68124806880951e-06,2518.644511699676,349000000.0,0.0009729999999999998,1.1299999999999994
1.199840569496155,0.5946313977241516,9.123703032732011e-06,2935.24819612503,86499999.99999999,0.00022300000000000013,14.509999999999998
1.2426096081733704,0.6835030406713486,9.491444468498232e-06,1855.6287903338668,149000000.0,0.0005710000000000001,14.98
1.4942435033619406,0.7921688809990883,6.357823600992561e-06,738.1243556737899,331000000.0,0.00137,8.65
1.5948939979076386,0.7081983357667924,2.9011501073837286e-06,2678.4193813800807,88499999.99999997,0.00041999999999999996,12.55
1.6547687530517579,0.873193457722664,5.6230420321226125e-06,1689.3536895513532,522999999.99999994,0.00146,1.1000000000000003
1.4730072855949403,0.7617234695702791,2.9061239361763006e-06,1956.1735093593595,114999999.99999997,0.0005509999999999998,11.31
1.493272452056408,0.7626619521528483,8.945988476276398e-06,739.7520095109938,315000000.0,0.00165,11.64
1.6352874398231507,0.8840461224317552,8.534679412841798e-06,968.2993888854979,654000000.0,0.00244,3.51
1.4472800418734553,0.6497061699628831,7.710979193449022e-06,499.6356666088103,379000000.0,0.000726,6.8
1.440597251057625,0.8181167140603066,3.018966972827912e-06,1474.883586168289,147000000.0,0.0007399999999999999,9.94
1.6802661359310151,0.8307124078273774,7.0150044336915025e-06,908.7235778570174,272000000.0,0.0021,11.82
1.3212835371494294,0.6118336915969849,3.748610258102418e-06,2443.9498335123058,86399999.99999999,0.00018099999999999993,10.4
1.4352947428822518,0.622534078359604,7.327327325940133e-06,1110.6597930192945,186999999.99999997,0.0004269999999999999,10.25
1.6855478882789614,0.8804838985204697,2.9448627233505255e-06,1583.6683772504327,146000000.0,0.00115,10.32
1.4634154468774796,0.7222831271588803,7.8467977643013e-06,688.808962702751,336000000.0,0.00111,9.3
1.287927693128586,0.6187581986188889,9.250848799943925e-06,602.4756580591201,316000000.0,0.0004979999999999999,7.59
1.5318911969661715,0.8110054984688759,4.967875689268113e-06,1048.695623874664,228000000.0,0.00122,10.08
1.4743667319417002,0.6822459518909455,4.417063474655152e-06,1048.3224242925642,196000000.00000003,0.0005250000000000001,8.4
1.6356079638004304,0.6438155561685562,3.0341492295265204e-06,2938.1895363330837,75400000.0,0.00028399999999999996,12.33
1.4855286084115507,0.6566729396581651,5.28032672405243e-06,774.0769833326339,268000000.0,0.0005159999999999999,6.47
1.719190764427185,0.8840164750814439,3.2068519890308387e-06,750.2639591693877,307000000.0,0.00142,4.51
1.4849476329982283,0.6294728368520738,6.602540848776699e-06,1783.0874137580392,128000000.0,0.00041899999999999983,12.85
1.4534977555274964,0.770148253440857,4.149499982595445e-06,1296.9655841588972,175000000.0,0.0007680000000000001,10.33
1.5808183908462525,0.7317064169794322,4.1259663999080665e-06,2321.49950414896,109000000.00000001,0.0006299999999999998,13.68
1.5172065742313863,0.7174774512648583,3.087060987949372e-06,801.7181903123854,252999999.99999997,0.0005250000000000001,4.28
1.498988763615489,0.6430436342954636,3.4392484128475195e-06,2208.0584913492203,96899999.99999999,0.0002799999999999999,10.83
1.5238773107528687,0.6922556295990945,8.354573905467988e-06,1440.887704491615,177000000.0,0.000855,14.11
1.6927842378616333,0.729328664392233,4.8902360200881965e-06,2574.5466649532314,109000000.00000001,0.0007439999999999999,15.04
1.4070416629314424,0.6215781390666962,3.428472757339478e-06,1671.7979144304988,114999999.99999997,0.00021999999999999998,8.42
1.6617289245128632,0.7936395093798638,2.9310953021049507e-06,2556.5801113843913,98799999.99999999,0.000704,12.93
1.3470466375350953,0.6567084342241288,8.189764454960824e-06,2270.2462151646614,119000000.0,0.00045900000000000004,14.96
1.4943623989820483,0.7961700171232224,2.9780823588371282e-06,1646.749574691057,137000000.0,0.0006850000000000001,10.03
1.3162491559982301,0.7563361767679454,9.996630221605302e-06,596.3760912418364,363000000.0,0.0015600000000000002,11.38
1.5001763507723809,0.8227025404572488,4.566139400005341e-06,955.7205736637114,252999999.99999997,0.00117,8.46
1.6419900298118593,0.903845125436783,9.82451179623604e-06,717.2271162271498,835000000.0,0.00319,2.9099999999999997
1.4951577052474023,0.6770046025514603,4.635178446769715e-06,2113.1067648530006,111999999.99999999,0.000453,12.96
1.724851405620575,0.5970986723899842,2.9310702681541447e-06,2550.6455749273296,82900000.00000001,0.00021799999999999996,9.93
1.4873860336840155,0.6319087475538254,3.698479145765305e-06,2906.5899848937984,78999999.99999997,0.000251,12.49
1.5275920003652574,0.6928218483924866,6.486539414152504e-06,1734.907181933522,144000000.00000003,0.000679,13.85
1.2008882224559785,0.597427636384964,5.141684740781785e-06,1474.8693555593488,129000000.0,0.00017399999999999997,8.19
1.4188010752201081,0.6194767534732819,4.4091615080833444e-06,2928.869009017944,78999999.99999997,0.000233,12.84
1.6310628175735475,0.6872367560863496,7.532904878258706e-06,2158.0169647932053,130000000.0,0.0007550000000000001,15.439999999999998
1.5369051352143288,0.6963697895407678,4.005568116903306e-06,2565.5538886785503,97400000.00000003,0.00046199999999999995,13.63
1.7792916655540467,0.7118475750088692,9.881724804639817e-06,1951.664939522743,161000000.00000003,0.0011999999999999997,16.44
1.4220339596271516,0.6177559018135071,4.64203503727913e-06,597.2841680049895,295000000.0,0.00032799999999999995,3.2699999999999996
1.4821898102760316,0.6645143508911133,7.398728534579278e-06,1096.9155579805372,204000000.0,0.000679,11.4
1.7668000996112825,0.763762415573001,4.965605840086938e-06,2309.939928352833,123000000.00000003,0.000982,14.74
1.77850878238678,0.5991204142570496,2.948838114738465e-06,1899.5873648673294,106000000.00000003,0.00026399999999999997,8.56
1.7203781247138978,0.7524647723883391,2.9870745539665227e-06,3022.7865576744075,83900000.0,0.0005809999999999999,13.8
1.5034259151667357,0.8339286983013153,4.3391405045986186e-06,955.5244743824004,250000000.0,0.00119,8.21
1.511013425141573,0.6833963468670846,3.122340708971024e-06,2579.699337482452,89799999.99999999,0.0003380000000000001,12.07
1.439123596251011,0.7550119411200286,8.997272819280625e-06,2266.0508304834366,596000000.0,0.000844,0.5600000000000005
1.8140003442764283,0.7991155028343201,4.994290575385094e-06,1986.6907149553297,139000000.0,0.00126,14.15
1.6023096263408663,0.7036112844944001,5.999595366418363e-06,2135.8042880892754,125000000.00000001,0.0007089999999999999,14.76
1.4099267542362215,0.7514107815921307,9.027900815010073e-06,2158.6320474743843,486999999.99999994,0.00086,3.54
1.467902907729149,0.684926748275757,4.314685255289079e-06,1340.7719060778616,158000000.0,0.0004969999999999999,10.020000000000001
1.5474173963069917,0.6843068897724153,9.612171947956086e-06,2085.4542702436447,143000000.00000003,0.0008,16.0
1.653273618221283,0.8931645065546037,3.046402513980866e-06,1148.239068686962,184000000.0,0.00128,8.67
1.3807058036327364,0.7591973003000022,7.67029568552971e-06,2499.614834785461,493000000.0,0.0007280000000000002,1.7300000000000004
1.4686631932854655,0.7577255677431822,2.972261548042298e-06,2193.831756711006,105000000.00000003,0.0005220000000000001,12.03
1.466068232059479,0.6254736095666886,3.6356929540634163e-06,1565.4969885945318,124000000.00000003,0.0002630000000000001,8.7
1.73315749168396,0.9018658161163331,3.3376846313476567e-06,2516.5634155273433,303000000.0,0.00101,0.16000000000000014
1.294747817516327,0.6258151441812516,8.660364240407945e-06,2522.454366087913,102999999.99999999,0.00033600000000000004,14.89
1.5312356382608414,0.695778863132,8.361390650272371e-06,1431.8443015217779,179000000.00000003,0.000888,14.14
1.230829578638077,0.5958099246025086,2.969561636447907e-06,1886.0244769603012,97799999.99999999,0.0001090000000000001,6.42
1.4896596148610117,0.639788568019867,3.5205920636653905e-06,767.4564719200133,229000000.0,0.00033899999999999995,4.480000000000001
1.3076953768730164,0.6237299948930741,9.175154685974122e-06,1118.0139631032941,192000000.0,0.0004379999999999999,11.15
1.335794484615326,0.6150189220905304,7.552808016538621e-06,2513.170942664146,97100000.00000001,0.00029200000000000005,14.01
1.437330995500088,0.792574229836464,2.951028168201447e-06,1562.5959187746046,139000000.0,0.0006500000000000001,10.04
1.4892999306321146,0.6876951143145562,3.1327744424343116e-06,2026.3779088854787,106000000.00000003,0.0003600000000000001,10.85
1.7846895933151248,0.6977692097425462,9.301968336105348e-06,2441.284984350204,134999999.99999997,0.00101,16.79
1.212918359041214,0.5927531361579895,9.279682070016863e-06,1688.2423795759676,129000000.0,0.000266,12.17
1.6933030664920807,0.7480099529027939,6.1968783363699926e-06,1840.446015819907,149999999.99999997,0.00106,14.48
1.6364241600036622,0.6726257979869843,6.29385668039322e-06,2679.35100197792,105000000.00000003,0.000573,15.55
1.5803090393543244,0.7026231408119202,4.36971613764763e-06,2591.5344357490535,100000000.0,0.00053,14.219999999999999
1.497437107935548,0.8931830316781999,2.9720220565795904e-06,2493.4448599815364,263000000.00000003,0.0008369999999999999,2.58
1.4622231692075731,0.6278381288051605,3.567548036575318e-06,776.9231796264647,225999999.99999997,0.00029400000000000004,4.12
1.5068688327446582,0.6357284098863603,5.294288679957391e-06,1300.4751428961752,160000000.00000003,0.0004319999999999999,10.16
1.547683896124363,0.8187029018998147,8.588037401437761e-06,1406.8820253014562,643000000.0,0.00157,2.1200000000000006
1.7439268290996552,0.8930090099573136,6.991781689226628e-06,713.0663394927977,329000000.0,0.0029100000000000003,10.65
1.341368490457535,0.6367801845073701,9.047872692346574e-06,730.4507791996001,282000000.0,0.0005780000000000001,9.01
1.5262734152376654,0.6992995977401734,6.218987539410592e-06,1729.515094310045,144000000.00000003,0.0006890000000000002,13.72
1.4797616466879846,0.7032724410295487,5.931394957005978e-06,900.1940041780471,251000000.0,0.0007499999999999999,8.94
1.4915465779602528,0.761237308010459,5.926943607628346e-06,1037.6529693603513,235000000.00000003,0.0010399999999999997,10.65
1.2263564050197602,0.6516933739185334,9.886173337697984e-06,725.4420518875121,290000000.0,0.000595,10.07
1.783177649974823,0.8140313610434533,2.9682773947715767e-06,2713.172540068626,96399999.99999999,0.000831,13.33
1.7454950094223023,0.669081947207451,7.506148070096971e-06,2946.9354748725887,103999999.99999999,0.0006529999999999999,16.56
1.6115719556808472,0.6638688594102861,2.9120252728462223e-06,959.0363800525664,187999999.99999997,0.0004080000000000001,5.87
1.2453434586524965,0.7507280588150025,9.869130641222002e-06,1823.0422418564556,558000000.0,0.0008170000000000001,3.23
1.466283443570137,0.8460040032863617,2.9746623039245613e-06,1266.865164041519,178000000.00000003,0.0008669999999999999,7.95
1.6753475546836853,0.6788138911128044,8.578526377677919e-06,2507.064744830131,123000000.00000003,0.00076,16.33
1.4669999688863755,0.6598454385995866,8.206077411770822e-06,1895.7142550498245,137000000.0,0.0005750000000000001,14.53
1.481057193875313,0.7148516736924649,2.952075004577637e-06,820.4751014709472,229000000.0,0.0004830000000000001,5.1
1.491903079301119,0.6285251677036287,6.424383484758438e-06,2709.8023444414134,94499999.99999999,0.000354,14.509999999999998
1.4707597240805628,0.6878224655985833,4.68932792544365e-06,803.2614290714263,271000000.0,0.000565,6.06
1.5564745098352433,0.6843043684959412,3.2313230931758886e-06,464.43718671798695,355000000.0,0.0005069999999999999,1.0500000000000003
1.4415005609393121,0.7211958780884743,3.125101119279862e-06,2212.89399266243,102999999.99999999,0.000422,11.85
1.7461219668388368,0.8771989256143571,3.7399954497814185e-06,2522.7177441120143,353000000.0,0.00102,0.9099999999999999
1.6327318847179415,0.7404601011425257,9.437884539365769e-06,1129.257522523403,232999999.99999997,0.00153,14.11
1.4316241398453713,0.7853250771760941,3.6978777050971993e-06,948.6455023288726,238000000.0,0.000785,6.8
1.6440007746219636,0.6202280580997468,7.871379852294922e-06,2995.1007962226863,93700000.00000001,0.00043099999999999996,15.79
1.6267977118492127,0.8669342905282975,3.97858402132988e-06,1135.615363717079,201000000.0,0.0014,9.84
1.529886069148779,0.6375454723834992,6.617848249152304e-06,2548.7953722476955,102999999.99999999,0.0004300000000000001,14.74
1.4141503393650057,0.6748398005962373,8.923410564661027e-06,1133.709318935871,208999999.99999997,0.000761,12.73
1.6255345702171327,0.8795437753200532,4.216453701257706e-06,820.1783448457717,280000000.0,0.00162,7.55
1.4796077504754068,0.7839000508189202,2.9690229892730717e-06,1982.7860519289968,114999999.99999997,0.00062,11.67
1.657664340734482,0.7343850240111351,2.897954106330872e-06,2811.542853713035,87499999.99999997,0.00051,12.969999999999999
1.7965411305427552,0.8533995509147645,6.109509952366353e-06,1161.1250713467596,223000000.0,0.00211,12.4
1.5056374926120044,0.8719602763652802,2.986104905605317e-06,1746.9399534165857,175000000.0,0.000921,7.87
1.4868921630084515,0.6414616316556931,4.528621852397919e-06,716.9802784919738,264000000.00000003,0.00041899999999999983,5.11
1.4096622705459596,0.6222302466630936,5.457475304603578e-06,1989.6972477436063,110000000.0,0.00029499999999999996,11.91
1.2937492132186892,0.6273971915245057,9.32681703567505e-06,1014.2436921596526,208999999.99999997,0.0004610000000000001,10.83
1.5979916453361513,0.7059403941035272,4.099530130624772e-06,2723.0187058448787,95500000.00000003,0.0005159999999999999,14.23
1.4623323664069177,0.7888884902000428,4.245466381311417e-06,1139.2439082264898,201000000.0,0.000886,9.540000000000001
1.4725843638181688,0.6660305052995682,7.113374091684819e-06,661.941573023796,325000000.0,0.0007309999999999999,7.49
1.4969082769006492,0.7621284116059542,5.353830575942994e-06,1188.8770684599874,203000000.0,0.0009509999999999998,11.1
1.2536463081836702,0.6645965784788133,9.63166505098343e-06,835.414484143257,263000000.00000003,0.000666,11.08
1.48737518414855,0.715546327829361,6.575127525255085e-06,1251.0558515787122,192000000.0,0.000822,12.29
1.4934199064970017,0.7677951123565436,6.313004054129124e-06,928.8487881422042,261999999.99999997,0.00115,10.33
1.5711059957742692,0.6769278421998025,9.250294506549837e-06,2346.037320792675,130000000.0,0.000719,16.18
1.3096050202846528,0.6156872928142548,8.651169478893282e-06,1866.704562678933,124000000.00000003,0.00034799999999999995,13.38
1.6837271332740784,0.8820142507553101,4.03194284439087e-06,1134.6615776419637,203000000.0,0.00158,10.050000000000002
1.4192527234554293,0.6223874241113663,7.440619409084321e-06,1487.005643546581,146000000.0,0.00039399999999999993,11.92
1.4777842171490194,0.7321117088198662,2.90766727924347e-06,1000.5401372909545,189999999.99999997,0.0005250000000000001,6.789999999999999
1.546085822582245,0.7171851575374604,7.035828769207001e-06,1466.173782944679,174000000.0,0.0009090000000000001,13.67
1.4823127515614034,0.6897354081273079,6.0423796400427826e-06,888.4518146514891,250000000.0,0.0007060000000000002,8.86
1.4306513741612437,0.7499046295881272,2.9331184625625618e-06,1927.783705294132,114999999.99999997,0.0004939999999999999,11.19
1.6070021510124208,0.7667430650442839,9.330267757177354e-06,868.2322800159453,284000000.0,0.00186,12.969999999999999
1.4850669018924239,0.780055931210518,2.9294655919075017e-06,1781.0767628252504,126000000.00000001,0.0006299999999999998,10.78
1.6470105171203615,0.6658783167600633,6.62583744339645e-06,2742.233902215957,103999999.99999999,0.000565,15.73
1.502226968854666,0.6282982259988785,5.09601290524006e-06,1204.628340899944,167000000.0,0.000391,9.2
1.6345622420310975,0.8991562575101854,3.0816876590251928e-06,2515.582844614982,272000000.0,0.0009369999999999999,1.9300000000000002
1.5127423066645862,0.7091623708605767,9.109192728996277e-06,1207.8539580106733,210000000.0,0.0010800000000000002,13.91
1.464471472799778,0.6260946035385132,4.562947362661362e-06,614.1680032014846,298000000.0,0.00036999999999999994,3.67
1.713822376728058,0.9021708011627199,3.045114517211915e-06,1127.6549771428106,186000000.0,0.00139,8.63
1.4564021006226542,0.7487145692110062,4.485102415084839e-06,991.2840574979781,229000000.0,0.000763,8.23
1.4870191007852556,0.7676165375858546,9.350810408592225e-06,1857.7645178884266,475000000.0,0.00113,5.15
1.7146327078342438,0.8971184045076371,5.912369936704636e-06,1177.7718663215635,434000000.0,0.00209,4.8
1.6105301678180697,0.7681452121585608,8.075346782803536e-06,1016.0820484161376,246000000.0,0.0016,13.01
1.621404755115509,0.7740601614117623,2.9253646135330207e-06,2613.796323537826,95500000.00000003,0.00062,12.969999999999999
1.5918550550937653,0.8712791830301285,4.995236024260521e-06,813.2203966379165,289000000.0,0.00178,8.66
1.6728512763977053,0.6007553100585938,2.921699225902558e-06,848.2566028833388,200000000.0,0.0002599999999999999,3.2699999999999996
1.5143922463059427,0.8391775131225586,8.955600261688233e-06,1131.2670558691023,678000000.0,0.00187,2.7999999999999994
1.4799042820930481,0.6349131613969804,3.691113531589509e-06,2546.694085001945,88499999.99999997,0.00026199999999999997,11.74
1.5665844261646271,0.7387743026018143,7.350748255848885e-06,1256.8297907710073,202000000.0,0.00114,13.28
1.341477692127228,0.6607834696769715,8.298056840896608e-06,2073.7618505954742,128000000.0,0.000486,14.669999999999998
1.4840311333537104,0.6317333221435547,5.111593827605248e-06,2077.6893869042397,108000000.00000001,0.00033899999999999995,12.32
1.561682640016079,0.690134708583355,3.260585695505143e-06,672.3112165927886,300000000.0,0.0004969999999999999,2.4100000000000006
1.5243019178509714,0.8501820623874665,5.885444097220898e-06,669.7381585836409,356000000.0,0.00184,8.15
1.7041928708553316,0.5991517066955567,2.930342614650727e-06,2735.2211177349086,77800000.0,0.00021399999999999992,10.37
1.4220645010471344,0.6221836835145951,5.386831685900689e-06,1788.6055279523132,119000000.0,0.0003039999999999999,11.37
1.2649717032909396,0.6021899878978729,9.043180704116822e-06,1768.8830401748417,126000000.00000001,0.00030500000000000004,12.77
1.4990872453898192,0.6283881425857545,6.01965069025755e-06,2743.3590143918987,92199999.99999999,0.0003400000000000001,14.28
1.6719577968120576,0.8867379158735276,5.156256794929505e-06,563.3729249238967,386000000.0,0.00226,6.83
1.6003462851047516,0.7081541240215302,2.914553284645081e-06,1952.7714997529981,111999999.99999999,0.00045900000000000004,10.84
1.2117505967617035,0.592187798023224,9.308713108301163e-06,1784.9991861730812,124000000.00000003,0.00026199999999999997,12.44
1.627184182405472,0.6874449312686921,9.590365499258043e-06,2102.773703634739,144000000.00000003,0.0008899999999999998,16.16
1.3157985806465151,0.6286014765501023,8.13781650364399e-06,968.8197374343871,379000000.0,0.00047600000000000013,4.45
1.508147044479847,0.6748368501663209,8.914011776447298e-06,1910.2467522025106,144000000.00000003,0.000701,15.18
1.6197957873344422,0.645125824213028,7.1809105277061475e-06,2776.7545282840724,102000000.0,0.000502,15.67
1.322397118806839,0.7651443857699634,9.843782722949982e-06,464.2542004585265,419000000.0,0.00171,10.46
1.3209522128105164,0.7512039441615344,7.816201373934747e-06,2439.2199814319606,536000000.0,0.0006529999999999999,0.5300000000000004
1.5393413901329043,0.7638725962489844,8.678231805562974e-06,2272.0192670822144,514000000.0,0.000957,2.6999999999999997
1.4805837348103525,0.6491108536720277,6.26898166909814e-06,762.4941617250441,275000000.0,0.0005560000000000001,7.35
1.5610508769750597,0.8091432586312295,7.153257712721826e-06,800.6481379270552,300000000.0,0.0018,10.88
1.4868878178298475,0.7507155317813159,5.979802168905736e-06,694.7429031133651,352000000.0,0.0010500000000000002,7.07
1.6869016885757449,0.9034060120582581,4.230997383594514e-06,1910.8469337224958,391000000.0,0.0012899999999999997,0.7199999999999996
1.5806121468544008,0.652787321805954,2.990994036197663e-06,1108.7043136358259,170999999.99999997,0.0003550000000000001,6.3
1.440494777262211,0.7982233509421349,9.33746147155762e-06,1403.738774359226,580000000.0,0.00135,3.7399999999999993
1.2308265030384065,0.5946932137012482,2.903929710388184e-06,2671.695157885551,74999999.99999999,0.00010399999999999993,8.42
1.6842575669288637,0.7255497626960278,8.11538963019848e-06,1649.6719159185884,170999999.99999997,0.00115,15.03
1.4548757135868073,0.6655667960643769,8.559215396642687e-06,1795.5686729401348,145000000.0,0.000614,14.54
1.5479497566819191,0.683187635242939,9.505503952503205e-06,2087.0805084705353,142000000.00000003,0.0007879999999999999,15.93
1.508310190960765,0.8161150798201562,5.3263797014951715e-06,858.5660457611083,286000000.0,0.0013199999999999998,8.72
1.6532749056816103,0.6908055737614632,6.077027983963491e-06,2610.926881432533,109000000.00000001,0.000648,15.56
1.4956978507339955,0.7866200655698777,6.4812811762094505e-06,789.0116721391677,309000000.0,0.00135,9.39
1.6664238274097445,0.8812257170677186,5.312909036874772e-06,1783.5044134408233,512000000.0,0.0014099999999999998,0.19000000000000028
1.2565023064613343,0.6096498459577561,9.568262815475465e-06,1478.6043688654897,148000000.0,0.00034700000000000003,12.41
1.2542951345443727,0.602567794919014,6.088953375816346e-06,594.4899022579192,295000000.0,0.0002740000000000001,3.7100000000000004
1.623779582977295,0.8510665565729142,4.142162114381791e-06,1194.4928318262098,196000000.00000003,0.00134,10.27
1.6477981209754946,0.8490428745746613,9.320838093757631e-06,529.8854708671569,425000000.0,0.0029700000000000004,10.48
1.4449916347861291,0.6417524725198747,7.378572553396226e-06,516.2744522094725,370000000.0,0.0006370000000000001,6.14
1.2444973647594453,0.5945003092288972,2.9141318798065193e-06,2941.047132015228,66700000.000000015,0.00010100000000000002,9.29
1.742960000038147,0.7455305792391301,4.889573454856873e-06,2535.879492759704,112999999.99999999,0.000848,15.07
1.3846457362174989,0.7877064093947411,3.0737825632095344e-06,1146.0404396057127,180000000.00000003,0.000646,8.16
1.4701399996876718,0.7617151457816363,2.9037982821464545e-06,1862.6845274120567,120000000.0,0.0005589999999999999,11.0
1.4338447138667108,0.766293377056718,4.000135332345963e-06,1101.8239259719846,201000000.0,0.000741,8.81
1.8022919654846192,0.7957115694880487,8.27638015151024e-06,1212.7540186047552,225999999.99999997,0.00205,14.07
1.2050627052783967,0.5981516540050507,5.921571321785451e-06,2419.785514473915,90800000.00000003,0.00018000000000000004,11.86
1.5519768565893175,0.6381082266569138,6.1583657935261736e-06,2651.6398340463634,98700000.0,0.00041799999999999997,14.68
1.341236972808838,0.6163664013147354,6.070094101130963e-06,1367.9947629570959,146000000.0,0.0002980000000000001,10.07
1.523700971156359,0.7476563103497029,5.875944547355176e-06,1308.6179569363592,187999999.99999997,0.000957,12.26
1.6350447177886964,0.8969717770814897,8.495610177516938e-06,531.5698236227034,441000000.0,0.0034,9.52
1.3897655189037323,0.6458343386650086,8.772850960493089e-06,931.4473271369933,232000000.0,0.000626,10.73
1.486546475440264,0.7671644400805235,5.213138103485108e-06,1133.014105260372,212000000.0,0.0009509999999999998,10.57
1.6713850915431978,0.7865650042891503,5.187820121645928e-06,1576.5878297388551,164000000.0,0.00117,12.93
1.4454369172453883,0.6244545131921768,6.973894201219083e-06,918.9319908618926,218000000.00000003,0.0004359999999999999,8.78
1.6671867907047273,0.8894058376550675,2.9994429945945747e-06,1346.9045907258985,162000000.00000003,0.00123,9.71
1.576512059569359,0.7841913387179376,5.153614252805711e-06,1321.0714161396024,186000000.0,0.00111,11.79
1.6216203331947328,0.7002162605524064,2.9340826869010932e-06,2852.7091741561885,83699999.99999997,0.0004099999999999999,12.92
1.3233075678348543,0.6166595309972763,8.71262887120247e-06,1487.0068356394765,148000000.0,0.00037499999999999985,12.26
1.6733712852001192,0.7372891478240491,8.264598548412324e-06,1433.4348142147062,192000000.0,0.0012899999999999997,14.57
1.6387720048427583,0.7162886090576649,9.070346713066102e-06,1458.0736607313154,188999999.99999997,0.00118,14.88
1.4067019164562227,0.692127326130867,8.90798506140709e-06,496.78164720535267,397000000.0,0.00113,8.87
1.5924501299858094,0.8050469219684602,6.253345228731633e-06,997.5419491529464,247000000.0,0.00157,11.36
1.4481106281280518,0.8099490746855736,9.459875196218491e-06,1355.8927848935125,730000000.0,0.00139,0.86
1.474999397993088,0.666315257549286,3.3706084489822394e-06,772.993892431259,232999999.99999997,0.000391,4.78
1.4659443899989129,0.7158600747585298,5.145289421081544e-06,1378.7671104073522,167000000.0,0.000661,11.45
1.4502865254878998,0.6149003148078919,8.321554332971575e-06,3009.1677904129024,89500000.00000001,0.0003349999999999999,15.42
1.505061572045088,0.7033165276050568,5.14992779493332e-06,1843.8945915549991,130999999.99999999,0.0005989999999999999,13.129999999999999
1.486404222249985,0.6482437402009965,7.383743524551393e-06,1129.1378661990163,195000000.0,0.000613,11.32
1.7964680671691897,0.8987421423196793,4.3380976319313055e-06,689.247503876686,321000000.0,0.00214,6.62
1.4289642289280893,0.6228691041469574,6.547084884718061e-06,811.5133196115493,238000000.0,0.00040899999999999997,7.52
1.5236526355147364,0.8039262369275094,5.13091753423214e-06,1036.5726351737974,232000000.0,0.0011999999999999997,10.13
1.33946567773819,0.6870279282331467,9.361669093370438e-06,1047.2601950168607,227000000.00000003,0.000813,12.68
1.6386007010936738,0.8933354169130326,1.00563560128212e-05,479.4065952301024,473000000.00000006,0.00379,10.37
1.4137220442295075,0.6943554192781449,1.0111284255981446e-05,1699.2458021268246,168000000.0,0.000835,15.53
1.6804497420787812,0.6827172830700875,7.338735714554787e-06,2588.0811661481853,114999999.99999997,0.0007049999999999998,16.06
1.483996955305338,0.6761176899075508,5.148448184132577e-06,881.4187645912169,241000000.0,0.000573,7.59
1.4940495058894159,0.789166782796383,5.526577875018121e-06,858.7307035923003,292000000.0,0.00117,8.51
1.4882358334958554,0.8575393348932266,3.086951464414597e-06,1157.6912477612493,182000000.0,0.0009700000000000002,8.48
1.6523237943649294,0.7153690606355668,9.926733344793321e-06,1449.2556005716322,195000000.0,0.00125,15.29
1.4207755923271181,0.6439374715089798,8.277874469757081e-06,2665.279537439346,106000000.00000003,0.00043900000000000005,15.58
1.4552172213792802,0.6325554907321931,7.891604468226434e-06,1410.2747589349744,160000000.00000003,0.0005000000000000001,12.44
1.6934947192668917,0.8599875032901765,4.067496061325074e-06,1312.0994269847868,184000000.0,0.00143,10.83
1.4739085569977761,0.839722153544426,3.1463778913021096e-06,905.3272306919097,236000000.00000003,0.0009360000000000001,6.27
1.6784913182258607,0.8832667082548142,2.9467619657516484e-06,1509.3169473111627,149999999.99999997,0.00117,10.13
1.2214354813098909,0.5943850457668305,2.954145729541779e-06,1193.3592259883878,147000000.0,0.00011600000000000005,3.23
1.4058239758014681,0.6198849767446518,3.6087186634540566e-06,797.2501516342162,223000000.0,0.00025299999999999997,3.73
1.5237742356956006,0.6983587592840196,5.467568263411523e-06,1912.6923680305479,129000000.0,0.000611,13.62
1.5775851041078568,0.7614730875939132,6.185735907405616e-06,1296.8018949031828,194000000.0,0.00114,12.649999999999999
1.4761977016925814,0.7074149027466775,6.609861792996527e-06,1081.4280360937116,215000000.00000003,0.0008,11.16
1.4173236787319186,0.8272708386182785,3.089313834905625e-06,1078.9073556661604,195000000.0,0.0008149999999999999,7.719999999999999
1.562232166528702,0.6515168845653535,6.442812827415766e-06,2451.4949619770046,108000000.00000001,0.0004910000000000001,14.78
1.2056728541851045,0.6581994116306306,9.822227448225022e-06,1240.7177984714506,191000000.0,0.0005149999999999999,12.91
1.5277354247868062,0.8159485146403314,9.331101387739183e-06,517.731487751007,422000000.0,0.00247,10.340000000000002
1.4951329305768015,0.6539096742868424,5.820174485445024e-06,1237.555809319019,175000000.0,0.00053,10.7
1.6449187338352205,0.8786491066217423,7.585082724690439e-06,1219.27685290575,716000000.0,0.00198,0.1700000000000005
1.4720362231135369,0.7105840489268304,4.5917387008667e-06,1735.991073772311,133999999.99999997,0.000567,12.19
1.496698582917452,0.6950146839022637,9.21599715948105e-06,1338.6423438787458,192000000.0,0.000939,14.25
1.2407592952251436,0.5990697205066682,3.5613700747489935e-06,818.7225759029387,218000000.00000003,0.000156,2.37
1.4292579129338265,0.6233587861061096,6.401415402069689e-06,1473.8207235932348,142000000.00000003,0.0003569999999999999,11.22
1.773776811361313,0.7864399507641793,3.0081047415733344e-06,2914.6670103073116,89000000.00000001,0.0007200000000000002,13.71
1.7738281309604647,0.9049503028392792,5.34982691705227e-06,677.7244359254836,334000000.0,0.00256,8.1
1.4143095552921296,0.6211879402399063,3.369996368885041e-06,2567.204192280769,84000000.0,0.00020299999999999992,10.71
1.3425738394260407,0.6099805891513825,3.696663767099381e-06,570.4886019229888,288000000.0,0.00022300000000000013,1.1800000000000004
1.5775868922472,0.783890475332737,2.906733095645905e-06,2306.3202872872353,103999999.99999999,0.000646,12.29
1.336608535051346,0.6010349571704865,2.9720846414566045e-06,1169.3157181143758,149999999.99999997,0.00016000000000000004,4.14
1.2168610274791718,0.5989736616611481,4.781456828117371e-06,2545.4771816730495,84699999.99999997,0.000156,11.13
1.5544953525066376,0.8376656591892243,8.23919253051281e-06,549.9885529279708,413000000.0,0.00248,9.71
1.5025809064507485,0.7673388104885818,3.0097112953662877e-06,1372.2071722149847,155000000.0,0.00062,8.75
1.6706913471221925,0.8894921332597734,5.2121182829141625e-06,697.6764202117919,333000000.0,0.00217,7.97
1.6204791426658631,0.7218294292688371,2.8850561976432804e-06,2696.0470825433727,89200000.0,0.000466,12.67
1.2321514070034028,0.7353416807949543,1.01184418797493e-05,588.2121920585631,361000000.0,0.00128,11.22
1.2037256777286531,0.5983247458934784,6.066188596189023e-06,1190.2085244655607,159000000.00000003,0.00021000000000000012,7.94
1.6262034952640534,0.8797536492347718,5.115815490484239e-06,580.2960991859435,384000000.0,0.00207,6.789999999999999
1.3401862621307374,0.6389304846525193,8.96181181073189e-06,1228.0087098479269,183000000.0,0.0005069999999999999,12.04
1.4092587769031526,0.7385841887444259,3.1134980916976933e-06,862.0120882987975,231000000.0,0.0005239999999999999,5.59
1.442268253862858,0.7596057359129191,8.916972249746324e-06,639.4515484571456,352000000.0,0.0015600000000000002,10.660000000000002
1.4672032669186594,0.7413096114993096,4.963754892349244e-06,1301.1793345212934,179000000.00000003,0.0007550000000000001,11.14
1.7067499816417695,0.7363820292055607,7.6055762469768535e-06,1696.8819936737416,167000000.0,0.00118,14.96
1.752769607305527,0.8167848810553552,1.002502602338791e-05,719.8844403028487,342000000.0,0.0028799999999999997,12.85
1.7696485519409182,0.6826500222086908,8.088914871215822e-06,2844.3963378667827,112999999.99999999,0.0007749999999999999,16.82
1.6663354933261874,0.7248722791671753,7.94936603307724e-06,1629.9261916428802,170999999.99999997,0.00112,14.87
1.8033430695533754,0.8477503627538682,6.0861366912722595e-06,1220.4606011509893,214000000.00000003,0.00204,12.64
1.529223831743002,0.706414818763733,4.875537335872651e-06,2054.3685853481293,120000000.0,0.0005899999999999999,13.55
1.5930632829666138,0.8623800605535508,3.140647202730179e-06,839.3169492483138,268000000.0,0.00115,5.47
1.478319112211466,0.7299633398652078,7.0833985432982455e-06,575.4506140947341,388000000.0,0.00119,7.83
1.2950138926506043,0.6239407986402512,9.310207843780519e-06,816.9934451580046,248000000.0,0.00047099999999999996,9.36
1.6899406492710114,0.732223741337657,7.190463170409203e-06,1792.6287204027174,157000000.0,0.0010800000000000002,14.92
1.4151400566101076,0.6220831453800202,7.083088852465154e-06,2798.238426446914,91400000.00000001,0.0003149999999999999,14.59
1.2024299204349518,0.5984498798847199,6.082198902964593e-06,1367.2620728611944,140000000.0,0.00020400000000000005,8.88
1.4879957735538485,0.6254979819059373,5.423900395631791e-06,1198.275715112686,168000000.0,0.000385,9.410000000000002
1.5373703934252263,0.6389230459928513,6.223980456590653e-06,2537.422806024551,102000000.0,0.000424,14.52
1.3802412807941438,0.6262590229511261,8.528159528970719e-06,918.65237057209,224999999.99999997,0.0004889999999999999,9.78
1.7703252196311952,0.9040228664875032,6.24191389232874e-06,737.758383154869,310000000.0,0.00284,10.09
1.4507809773087503,0.7169127166271211,4.414033114910127e-06,1454.1803225874899,153999999.99999997,0.0005899999999999999,10.98
1.414856404066086,0.735138038545847,3.06661805510521e-06,1224.8518243432043,164000000.0,0.0004889999999999999,8.32
1.5039936348795893,0.714758124947548,4.543088555335999e-06,1949.1916447877882,123000000.00000003,0.0005840000000000001,12.93
1.5840434432029726,0.7284052848815918,2.880954802036286e-06,2384.8916888237,97600000.00000001,0.00048399999999999995,12.03
1.3658951461315156,0.6237805277109146,8.259591549634934e-06,640.4125243425368,307000000.0,0.0005059999999999999,7.13
1.521347846835852,0.6945228561758996,9.367492616176607e-06,1428.077697753906,185000000.0,0.000954,14.63
1.441994807124138,0.7245814807713032,3.8774441480636604e-06,969.7430133819579,216000000.00000003,0.000596,7.28
1.6886085569858553,0.7827086448669435,7.142027273774148e-06,1227.4218648672102,215000000.00000003,0.00158,13.32
1.4767887219786646,0.7969640895724297,4.47898828983307e-06,893.5462236404418,275000000.0,0.0009920000000000003,7.18
1.3716419398784638,0.6271124482154847,8.608575463294985e-06,819.9553489685057,248000000.0,0.000502,9.08
1.5071945590898397,0.6716919869184494,4.582488447427751e-06,2302.8151616454124,105000000.00000003,0.0004319999999999999,13.259999999999998
1.312739431858063,0.6698230057954789,9.513016223907472e-06,618.0002093315123,335000000.0,0.0008170000000000001,9.67
1.4854912385344508,0.640688556432724,3.483862459659577e-06,689.9918913841246,258000000.0,0.00034500000000000004,3.54
1.3830565810203554,0.7514409665018321,9.02183508872986e-06,2243.7702044844627,591000000.0,0.000794,0.7499999999999998
1.6274734497070313,0.8506866037845612,5.154053807258607e-06,996.6935515403746,241000000.0,0.00167,10.39
1.2588072180747987,0.6046192198991776,3.896601587533952e-06,1203.0086964368818,152999999.99999997,0.000176,5.71
1.6740593254566194,0.7815289109945298,8.284190118312837e-06,1015.6422406435012,251999999.99999997,0.00183,13.17
1.4847789399325848,0.6881483495235444,6.967153444886208e-06,1305.1722124218938,181000000.00000003,0.0007089999999999999,12.49
1.5332927942276002,0.6727003186941147,6.606002574786545e-06,1895.8211708813903,131999999.99999999,0.0005899999999999999,14.07
1.263737279176712,0.6047083497047425,5.836075790226461e-06,2923.7690865993495,79600000.00000001,0.00019900000000000012,13.1
1.5096200309693815,0.7280109599232675,6.163558773696424e-06,1372.4861964583395,179000000.00000003,0.0008560000000000001,12.66
1.4822537630796433,0.6401513367891313,3.5656352341175084e-06,465.7817184925078,350000000.0,0.00035800000000000003,1.0800000000000005
1.6524295270442964,0.8900734394788743,4.643027007579804e-06,1889.0462461858986,432000000.0,0.0012899999999999997,1.1899999999999997
1.4261006042361262,0.6402522414922714,7.435926899313928e-06,2243.628866970539,113999999.99999999,0.0004269999999999999,14.46
1.4932587146759035,0.8180151566863061,4.508151590824128e-06,792.6328033208846,318000000.0,0.00114,6.14
1.4824414350092412,0.7296914599835873,6.744522556662561e-06,1045.810982584953,229000000.0,0.0009509999999999998,11.31
1.4690670534968377,0.6995814487338067,4.8518416583538065e-06,1063.0183219909666,202000000.0,0.00062,9.19
1.2569422423839571,0.6043616741895677,4.830596074461938e-06,2427.783116698265,88900000.00000003,0.00018400000000000008,11.270000000000001
1.5405816256999971,0.7492005340754987,5.761370204389096e-06,1385.9699219465253,179000000.00000003,0.0009580000000000001,12.52
1.4868241511285307,0.6393737554550172,7.173050336539747e-06,1020.2777683734893,207999999.99999997,0.000573,10.31
1.6523270130157472,0.681628954410553,8.623372405767442e-06,2298.4403297305107,130000000.0,0.000791,16.04
1.7596074342727663,0.8718999356031418,2.958938896656037e-06,1922.6123318076131,127000000.00000001,0.00113,11.52
1.2738470256328585,0.6824660941958428,9.439767926931382e-06,1579.826448112726,166000000.0,0.0006249999999999999,14.33
1.3980989813804627,0.7002271592617035,9.34639358520508e-06,1029.1237682104108,232999999.99999997,0.00096,12.99
1.4421806886792183,0.7153828203678132,4.101766288280488e-06,1349.4886383414266,160000000.00000003,0.0005589999999999999,10.17
1.7965061366558077,0.598857593536377,2.9489816427230842e-06,2603.1679958105083,81600000.0,0.000246,10.41
1.4792961917817593,0.794459429383278,4.495500475168229e-06,813.9000385999678,312000000.0,0.00098,5.91
1.6414441645145417,0.6589360266923905,2.9251355528831487e-06,1100.9982526302335,173000000.0,0.000402,6.51
1.506167303211987,0.8294653147459031,7.0517106726765645e-06,566.6817277669905,401000000.0,0.00204,8.800000000000002
1.6633388400077822,0.7135003343224526,5.8133558630943304e-06,2369.889609515667,119000000.0,0.0007569999999999999,15.24
1.258244436979294,0.7092979609966279,9.818660944700242e-06,826.5342116355895,280000000.0,0.000979,12.25
1.337953644990921,0.6090063571929932,5.760295987129212e-06,497.480809688568,351000000.0,0.00032799999999999995,2.84
1.4831014819443227,0.7804293930530549,2.9303004741668705e-06,1864.763034507632,121000000.0,0.00062,11.1
1.4872001990675927,0.8242638006806374,3.943280518054963e-06,642.9814845323561,370000000.0,0.0010699999999999998,3.65
1.5585165068507196,0.841066861152649,4.227174490690232e-06,1094.4469571113584,211000000.0,0.00125,9.64
1.3894943833351137,0.763490079715848,3.0965768098831184e-06,1131.9877505302427,179000000.00000003,0.000574,8.05
1.622014617919922,0.7508166979998351,5.940104059875013e-06,1613.6357393115757,162000000.00000003,0.00103,13.59
1.2068979442119598,0.598530113697052,7.098551593720914e-06,979.8875749111174,189999999.99999997,0.00024699999999999993,7.76
1.4048184335231781,0.7598411802202464,2.9931490421295173e-06,1234.4839721918104,165000000.0,0.0005499999999999999,8.44
1.367556256055832,0.730507092922926,9.35729503631592e-06,482.5894832611083,408000000.0,0.0014,9.72
1.4821365974843503,0.6671466171741486,5.380631402134896e-06,781.0189127922057,275000000.0,0.0005620000000000001,6.62
1.6412720561027527,0.7414231259375811,1.0106331288814547e-05,1099.3337184190748,242000000.0,0.00163,14.509999999999998
1.5661235198378565,0.7299381092190743,9.553999096155168e-06,1108.4927171468732,232000000.0,0.0013800000000000002,13.98
1.426082615554333,0.6230807840824127,6.37748002447188e-06,1679.6479718759654,129000000.0,0.00034600000000000017,11.87
1.7567191600799563,0.7359973814338446,4.813863590359688e-06,2791.142866015434,103999999.99999999,0.000779,15.39
1.6326273500919344,0.8739868551492692,3.232150256633759e-06,828.5001963376998,272000000.0,0.00126,5.83
1.6092493772506715,0.8890913397073746,9.321011036634447e-06,853.3726930618285,767000000.0,0.00267,2.7700000000000005
1.207533448934555,0.5983499944210053,5.936960943043233e-06,2199.2800310254097,97100000.00000001,0.00018499999999999997,11.42
1.3912251949310304,0.6274644255638123,8.498512655496598e-06,2873.1081932783122,96600000.00000001,0.00036700000000000003,15.55
1.338193202018738,0.6146588444709778,6.682640599086882e-06,1982.1965247392652,111999999.99999999,0.0002869999999999999,12.38
1.5933869898319246,0.72377567589283,9.036632657051087e-06,1252.4652779102323,210000000.0,0.00125,14.23
1.4983709793537856,0.6285995990037919,5.140465274453164e-06,1659.148635342717,127000000.00000001,0.0003600000000000001,11.22
1.6861382067203523,0.8266801804304124,4.934170812368394e-06,1311.3802596926687,191000000.0,0.0014399999999999999,11.76
1.3473102629184723,0.6889088898897172,9.604234516620638e-06,1526.9430652260778,174000000.0,0.0007349999999999999,14.59
1.4498699560761452,0.7000310808420181,4.291581004858018e-06,748.7044781446456,300000000.0,0.000549,4.73
1.2289076507091523,0.6361071288585664,1.0054291963577273e-05,2800.784885883331,102999999.99999999,0.0003640000000000001,16.18
1.3142771601676941,0.6133601009845734,7.971540167927744e-06,596.71151638031,307000000.0,0.000413,6.13
1.2624855279922487,0.6287090867757797,9.063876688480378e-06,2485.069960355758,106000000.00000003,0.000343,15.04
1.521039739251137,0.8526688992977143,5.148414492607118e-06,594.8429852724074,382000000.0,0.00171,6.61
1.4413635805249216,0.8164122059941292,2.987868964672089e-06,1456.6764533519743,148000000.0,0.00073,9.700000000000001
1.408204257488251,0.6966693744063378,1.0073001921176912e-05,1519.4455273449419,181000000.00000003,0.0008809999999999998,15.13
1.5071603525429966,0.6442480087280275,4.121085405349732e-06,2560.1402968168254,91900000.00000001,0.00031600000000000004,12.649999999999999
1.598182636499405,0.7412783179432154,9.83683142066002e-06,1038.8683080673215,248000000.0,0.00158,14.0
1.4919116489589215,0.7701960146427155,2.990314364433289e-06,1399.9742567539213,150999999.99999997,0.00062,9.02
1.4854951500892641,0.7033024325966836,8.848865717649461e-06,1173.069469630718,211000000.0,0.000993,13.5
1.6300519466400147,0.6470820218324662,6.809161834418775e-06,2815.2547329664226,99799999.99999999,0.000495,15.59
1.493711167573929,0.6404559642076493,6.3451247122138744e-06,928.06938290596,222000000.0,0.0005289999999999998,8.91
1.3703939259052278,0.6313255190849305,7.754140540957451e-06,2410.497471690178,106000000.00000003,0.00036800000000000016,14.59
1.4835345938801767,0.742686315625906,6.394570820033551e-06,683.1866055727004,352000000.0,0.0010699999999999998,7.6
1.4757259592413903,0.7442634891718627,7.609201058745385e-06,793.9263731241225,299000000.0,0.0011999999999999997,10.340000000000002
1.366869217157364,0.7254259899258614,9.620141088962556e-06,812.1767193078994,286000000.0,0.00123,12.29
1.5890294909477236,0.7910673022270204,7.279699295759202e-06,2285.075403749943,549000000.0,0.0010399999999999997,0.8700000000000003
1.3259938538074494,0.6445376068353653,8.593812316656113e-06,1728.6015972495077,141000000.00000003,0.00045399999999999987,13.7
1.3860253751277924,0.7643870931118727,3.0786906778812414e-06,1225.143291056156,167000000.0,0.0005640000000000002,8.59
1.3914901971817017,0.7940256714820862,9.719863623380662e-06,1468.9806401729581,711000000.0,0.00118,0.9299999999999997
1.4437429636716843,0.7669329855591059,8.594351381063463e-06,542.9016351699828,400000000.0,0.0016800000000000003,9.67
1.5765492975711823,0.7036538511514664,9.249374926090241e-06,1439.8299083113668,186999999.99999997,0.00106,14.76
1.594095450639725,0.7791666984558107,4.199430406093598e-06,1740.9441918134687,140000000.0,0.0008809999999999998,12.38
1.316616851091385,0.6421987473964692,9.936711460351945e-06,2849.740639328956,103999999.99999999,0.0004159999999999999,16.41
1.7891678452491762,0.5982717633247376,2.9415561556816106e-06,2086.182340979576,97400000.00000003,0.00025900000000000006,9.17
1.4779772579669954,0.7428981699049474,6.036404609680176e-06,1026.4184623956678,232999999.99999997,0.0009310000000000001,10.53
1.513341036066413,0.6500972449779511,7.050362177193166e-06,1778.7616346031425,136000000.0,0.0005330000000000002,13.68
1.5133337315171957,0.7271161571145058,7.523963272571565e-06,1147.7707624435423,214000000.00000003,0.0010500000000000002,12.75
1.5227332927286625,0.6449492722749711,5.055784389376641e-06,2557.0638775825496,96700000.0,0.000378,13.73
1.4578613430261613,0.6900501564145088,3.2105826735496528e-06,505.221590399742,348000000.0,0.0004500000000000001,1.4700000000000004
1.4594689920544626,0.7928592592477799,4.15740904211998e-06,1124.2790818214414,203000000.0,0.0008899999999999998,9.32
1.5023738723248246,0.7580575179308654,8.903580337762834e-06,787.0840579271315,299000000.0,0.0016,11.98
1.4663053929805756,0.6826705321669579,9.422829747200014e-06,2099.006913602352,140000000.0,0.0007060000000000002,15.78
1.5974395036697389,0.8038487300276757,5.0918914824724205e-06,1229.2667403817175,200000000.0,0.00125,11.38
1.454630470275879,0.718381628394127,8.326239228248598e-06,775.2695977687835,299000000.0,0.0011,10.61
1.5808811008930208,0.699529391527176,7.359626650810243e-06,1748.8329689949749,150999999.99999997,0.000822,14.59
1.3252330005168915,0.6159945666790009,8.525310665369036e-06,1679.80629671365,133999999.99999997,0.00035899999999999994,12.809999999999999
1.2193263351917267,0.5994681537151337,3.826397627592087e-06,2129.265733063221,93800000.00000001,0.00013600000000000003,8.88
1.712523239850998,0.8317818224430085,9.973295658826829e-06,594.2032784223555,396000000.0,0.00305,11.7
1.7254085898399354,0.8879635602235795,3.7516228854656226e-06,1260.7439532876012,185000000.0,0.00155,10.340000000000002
1.432192473113537,0.6230740427970887,7.0687273964285864e-06,1480.8989241719244,145000000.0,0.000387,11.71
1.491891333460808,0.701724623143673,1.0043687999248506e-05,1429.6533092856405,191000000.0,0.00102,15.04
1.4545987710356714,0.688487720489502,3.941922217607499e-06,778.2019972801207,263000000.00000003,0.0004850000000000001,5.18
1.5352120131254197,0.8132060542702676,8.261536478996278e-06,629.7857612371444,369000000.0,0.00216,10.44
1.54639593064785,0.8504484236240387,5.21076050400734e-06,827.1283954381942,288000000.0,0.0016,8.86
1.3435042440891267,0.6144877284765244,7.723345026373864e-06,1579.4718004763124,137000000.0,0.00033600000000000004,11.94
1.4210292756557465,0.7126413702964783,9.075325340032579e-06,841.2071615457534,276000000.0,0.0011,11.89
1.74327512383461,0.767689473554492,5.06443601846695e-06,2113.2505983114243,130999999.99999999,0.00102,14.36
1.7332519412040712,0.6505059063434602,8.758023142814638e-06,2989.0676140785213,103999999.99999999,0.0006150000000000001,16.88
1.476813004910946,0.8051814883947374,1.008999788761139e-05,485.77192425727833,431000000.0,0.00242,10.85
1.4317782685160638,0.7476191841065885,8.768286854028703e-06,625.8558779954909,356000000.0,0.0014099999999999998,10.26
1.4599304258823396,0.6939063638448716,3.3627100288867956e-06,1421.157747507095,144000000.00000003,0.00041899999999999983,9.16
1.3885356724262239,0.6488002181053162,8.790771931409837e-06,1122.3428249359129,201000000.0,0.0006079999999999998,11.88
1.6433909833431246,0.9005545556545258,2.9972308278083807e-06,2463.9603048563,210000000.0,0.000996,5.36
1.5394101262092592,0.774477817118168,9.197019547224045e-06,1955.0711214542387,566000000.0,0.00113,2.7700000000000005
1.4591524288058282,0.6362848073244095,7.398235991597176e-06,2631.351083517074,102000000.0,0.00040600000000000006,15.09
1.4732174903154374,0.6390307992696763,6.5618202723562725e-06,752.564251422882,272000000.0,0.0005250000000000001,7.44
1.2519782960414887,0.603676325082779,3.948341965675355e-06,2205.724000930786,91400000.00000001,0.00015800000000000002,9.55
1.7191696465015414,0.806144741177559,2.9351316094398505e-06,2610.795229673385,98700000.0,0.0007719999999999999,13.06
1.497400037571788,0.6402503907680512,3.5102413594722756e-06,2084.736704826355,101000000.0,0.00028300000000000005,10.58
1.6725808024406434,0.8422103852033616,2.9276151657104497e-06,2051.4683723449707,120000000.0,0.0009149999999999999,11.7
1.2124500453472138,0.5935334265232086,9.09141528606415e-06,1175.6673380732534,169999999.99999997,0.0002909999999999999,10.340000000000002
1.6034791231155396,0.6466174095869065,6.357608074322344e-06,2764.5568847656245,98899999.99999997,0.0004690000000000002,15.24
1.2497675836086275,0.604790559411049,5.094470083713532e-06,1367.631211876869,138000000.0,0.00020699999999999996,8.17
1.5001213844865562,0.8760667026042939,2.8466115593910223e-06,2588.5583013296123,152999999.99999997,0.0007879999999999999,8.22
1.763363975286484,0.6841122418642045,8.165096417069436e-06,2796.8715429306026,114999999.99999997,0.000789,16.78
1.615437948703766,0.7493226684629918,8.272912323474886e-06,1153.1685218214986,223999999.99999997,0.00142,13.6
1.2103455483913423,0.5946147680282593,9.944454461336138e-06,1778.9153866469858,127000000.00000001,0.0002819999999999999,12.94
1.494130112975836,0.6671214133501053,5.65605477243662e-06,1712.895638309419,136000000.0,0.0005090000000000001,12.649999999999999
1.6143249392509462,0.8500672549009324,6.530439315363766e-06,1520.6692293286321,517000000.0,0.00157,2.92
1.5331817261874676,0.7217002786695957,6.979517452418805e-06,1376.374952495098,183000000.0,0.0009329999999999999,13.32
1.7471341967582703,0.6711111098527909,9.187839388847353e-06,2848.1630533933635,114999999.99999997,0.0007439999999999999,17.12
1.4514021500945093,0.8548031151294709,3.960019052028657e-06,2322.8884413838387,374000000.0,0.000844,0.25999999999999995
1.5538951367139817,0.6539057850837708,5.548049911856652e-06,2557.939246296882,101000000.0,0.0004449999999999999,14.4
1.6297607481479646,0.6849420592188836,9.48455971479416e-06,2196.268655359745,139000000.0,0.000855,16.24
1.7383673429489137,0.6064755231142045,2.9595234394073494e-06,2860.2615296840663,72900000.00000001,0.00023700000000000004,11.2
1.5853677928447725,0.7487100653350354,4.942373603582383e-06,1792.2258395701645,140000000.0,0.0008359999999999999,13.22
1.7245338678359987,0.6760615333914758,9.152994215488435e-06,2717.0369327068324,120000000.0,0.0007719999999999999,16.91
1.6301667094230654,0.6422747343778611,5.751902051270009e-06,2946.595877408981,90900000.00000001,0.0004210000000000001,15.0
1.7260218858718874,0.7976072162389756,6.178772687911988e-06,1381.6413953900335,192000000.0,0.00152,13.23
1.3322253406047821,0.6724992781877518,9.343250364065171e-06,2313.408024609089,127000000.00000001,0.0005349999999999999,15.77
1.5195758119225504,0.7935104906558991,4.363848596811295e-06,1294.9456945061681,182000000.0,0.000969,10.71
1.7775561690330508,0.7092075660824776,5.86965972185135e-06,2937.745928764343,102999999.99999999,0.000752,16.17
1.4663010925054552,0.6845250740647316,9.595449060201646e-06,1719.3625839427111,161000000.00000003,0.000787,15.2
1.6278240680694582,0.718266324698925,2.9673886895179756e-06,1966.4263650774953,112999999.99999999,0.0005109999999999998,10.96
1.679178822040558,0.8339712828397752,7.128208272159101e-06,874.7995197772979,281000000.0,0.00217,11.72
1.4364904627203943,0.8085816666483879,3.6738786995410927e-06,1060.1321160793302,211000000.0,0.000866,8.12
1.4783336699008942,0.805762866139412,2.9537931680679327e-06,1678.1360581517217,132999999.99999997,0.0007060000000000002,10.51
1.4748920604586602,0.6690339177846909,5.51581546664238e-06,704.203575849533,315000000.0,0.0005769999999999999,5.59
1.2530235528945923,0.8600964546203614,2.9374113678932194e-06,2468.983560800552,201000000.0,0.0005719999999999999,5.28
1.656201392412186,0.763299198076129,5.161729007959366e-06,1806.1264622956512,145000000.0,0.000989,13.55
1.6352331519126893,0.8488389998674394,6.339694000780583e-06,845.8493202924727,285000000.0,0.00204,10.7
1.6059641540050509,0.8749870598316193,5.193612664937974e-06,791.3035452365874,297000000.0,0.00191,8.79
1.4738586276769639,0.6978509455919266,4.97139921784401e-06,976.9597947597503,221000000.0,0.0006339999999999999,8.54
1.6932769596576691,0.7002919748425485,8.31710183620453e-06,2058.236815035343,143000000.00000003,0.0009459999999999999,15.78
1.404981154203415,0.6253118366003038,7.062944762408734e-06,2522.8596776723857,98899999.99999997,0.00033400000000000004,14.27
1.6099405109882357,0.6980533987283707,1.0122060120105745e-05,1723.477288149297,169999999.99999997,0.0010399999999999997,15.85
1.4783885680139066,0.6806872576475144,5.1306057572364815e-06,809.2934191226958,270000000.0,0.000587,6.7
1.4971495371311905,0.6279457390308381,5.518656611442567e-06,1207.5975462794302,168999999.99999997,0.0004080000000000001,9.67
1.4748722210526468,0.764200621470809,5.124808937311173e-06,960.5914652347564,250000000.0,0.000926,8.82
1.5399438813328745,0.6344974637031556,4.263068169355393e-06,2996.1826205253597,79700000.0,0.0002980000000000001,13.51
1.4848883852362633,0.6327723652124405,5.388954252004624e-06,2532.3910564184184,95600000.00000001,0.0003330000000000001,13.53
1.2070403158664704,0.5988061487674714,5.97448042035103e-06,1559.2222213745115,126000000.00000001,0.00019900000000000012,9.67
1.5502929210662844,0.7135815963149071,8.584935486316683e-06,1285.7913151383398,200000000.0,0.0010800000000000002,13.98
1.5185125138610602,0.8456591248512269,4.520057529211045e-06,653.6497473716735,356000000.0,0.00137,5.51
1.4859166122972967,0.6320360094308853,4.153662294149399e-06,2769.5199400186534,85100000.00000003,0.00027200000000000005,12.77
1.2437347233295442,0.8513890653848649,9.728737324476243e-06,703.3889293670653,591000000.0,0.00196,6.76
1.4705743655562402,0.6609640002250672,7.172646820545198e-06,670.5164462327956,319000000.0,0.000708,7.559999999999999
1.516597290337086,0.6246203809976578,5.564991012215615e-06,2922.4419891834254,85900000.0,0.00031600000000000004,14.18
1.4774920351803305,0.69945597499609,6.984663024544717e-06,804.0309250354766,287000000.0,0.0008390000000000001,9.17
1.4573599800467492,0.8190921977162362,3.5439988076686867e-06,660.1543277502059,357000000.0,0.0009050000000000001,2.8800000000000003
1.6893449127674105,0.8753044277429581,3.913365155458451e-06,1233.918100595474,189999999.99999997,0.00149,10.33
1.5343070156872274,0.7015417501330377,2.930827856063843e-06,2032.3653444647787,107000000.00000001,0.0004049999999999999,11.0
1.425882585346699,0.7085514038801194,9.128268390893938e-06,930.9555888175963,251999999.99999997,0.00106,12.51
1.2062065422534944,0.5937494516372681,8.310585707426072e-06,1892.174297943711,115999999.99999997,0.00023700000000000004,12.13
1.4396644413471222,0.6688714563846588,8.79160848259926e-06,1441.626466810703,171999999.99999997,0.0006779999999999999,13.77
1.7906142711639406,0.6977648198604585,8.27448007464409e-06,2668.432846665382,123000000.00000003,0.000919,16.7
1.6732880115509035,0.7304219730198384,2.9150180816650398e-06,2900.6127566099162,85200000.00000001,0.0005039999999999999,13.15
1.3799431085586549,0.6293193608522416,7.851748019456865e-06,2706.228449940681,97799999.99999999,0.0003510000000000001,15.04
1.4537956282496454,0.6535732805728913,8.313843876123429e-06,1229.6689227223394,187999999.99999997,0.0006410000000000001,12.46
1.5524095326662064,0.7887710675597192,6.188210383057595e-06,1018.1049555540084,242000000.0,0.00137,11.2
1.530617178976536,0.6466042935848236,3.4820107817649846e-06,2966.681897640228,77700000.00000001,0.00028300000000000005,12.83
1.662279260158539,0.8886503130197526,6.078733839094639e-06,1198.1102377176283,420000000.0,0.00199,5.3
1.5014454670250417,0.6305357784032822,3.6948248147964483e-06,1217.9266214370725,159000000.00000003,0.00030899999999999987,7.36
1.4474287390708924,0.7110277757048608,8.450212985277176e-06,766.4595097303389,300000000.0,0.00106,10.57
1.5900678455829622,0.5985323488712311,2.886290371418e-06,655.1681756973265,248000000.0,0.0002300000000000001,1.0500000000000003
1.5039281968027354,0.7264072090387345,8.556759148836137e-06,1023.4571546316146,237000000.0,0.00119,12.93
1.502959730476141,0.6737670689821244,8.864309787750245e-06,2266.5477469563484,129000000.0,0.000644,15.72
1.4896121397614481,0.6639492899179459,6.744098909199239e-06,1231.0924679040907,183000000.0,0.00062,11.56
1.5431998640298845,0.7076170518994332,5.424253374338151e-06,1943.6417818069456,129000000.0,0.000658,13.81
1.5339765876531601,0.7892377629876137,1.0094799399375917e-05,606.557011604309,378000000.0,0.00229,11.81
1.409782022237778,0.6751785814762116,8.922149688005448e-06,1037.3308062553403,223999999.99999997,0.000783,12.25
1.2639365494251253,0.6029467821121216,4.814200505614282e-06,2929.92952466011,76499999.99999999,0.0001750000000000001,12.24
1.5195518240332604,0.6910966247320176,1.01222979426384e-05,1945.3058317303655,153999999.99999997,0.0008650000000000001,16.12
1.6866496860980988,0.7095633074641229,5.783213630318642e-06,2585.151448845863,111999999.99999999,0.00073,15.55
1.251453298330307,0.6046651840209961,3.915921747684479e-06,1768.0525518953798,108000000.00000001,0.00016499999999999997,8.34
1.4521512374281884,0.728919880092144,4.6413151025772105e-06,1173.6102327704427,188999999.99999997,0.0006810000000000001,9.94
1.4943180598318577,0.7920840650796891,5.233876332640648e-06,962.9965126514434,254000000.00000003,0.00111,9.32
1.6755460560321809,0.7328796409070493,1.0012977182865144e-05,1259.1695338487623,220000000.0,0.00151,14.98
1.5332048669457436,0.7423206148669125,6.921037882566453e-06,1186.1517950892446,208999999.99999997,0.00109,12.61
1.7372839808464051,0.9053212702274324,3.2244035005569466e-06,2526.167437434196,279000000.0,0.0010399999999999997,1.3999999999999997
1.4892285145819188,0.7538168761879206,4.294071882963181e-06,1583.288490772247,147000000.0,0.000726,11.75
1.692947727441788,0.6814582362771034,5.4967073649168025e-06,2943.315982818603,95300000.0,0.000558,15.57
1.5388063699007035,0.7164347782731056,5.009948164224625e-06,1952.1649852395055,127000000.00000001,0.0006559999999999999,13.52
1.5839085638523103,0.7980331286787987,9.4894517660141e-06,635.3992521762847,368000000.0,0.00235,11.36
1.3482793986797335,0.5991893827915192,2.956828117370606e-06,2709.6062451601024,76800000.0,0.0001420000000000001,9.2
1.5306950613856316,0.8646705776453019,3.5681820213794715e-06,2302.1731451153755,304000000.0,0.0009050000000000001,3.21
1.4710223838686944,0.6815459311008454,4.397169828414918e-06,1531.378302723169,142000000.00000003,0.0004799999999999999,10.86
1.3011663794517518,0.7671068686991931,6.439085063524545e-06,2558.711796998977,473000000.00000006,0.0006100000000000001,0.3500000000000004
1.5198782175779344,0.6455941379070282,3.5545122325420388e-06,1413.8109162449834,141000000.00000003,0.0003439999999999999,8.54
1.4839818969368936,0.6860652208328247,3.1872285008430487e-06,1908.2946255803106,111000000.0,0.0003640000000000001,10.56
1.4915443763136864,0.63080013692379,3.258281737565995e-06,1385.7714012265203,137000000.0,0.00026199999999999997,7.43
1.63602392077446,0.6725332975387573,9.333746224641802e-06,2600.2317965030666,122000000.00000004,0.00071,16.65
1.5948472559452058,0.8315567404031754,6.19835862517357e-06,876.4713555574416,276000000.0,0.00179,10.61
1.5458180844783784,0.7570801075547934,3.022904604673386e-06,1614.8488521575925,138000000.0,0.0006010000000000002,9.65
1.3407764911651612,0.6167041808366776,8.582958221435548e-06,1209.5105573534963,176000000.0,0.0003990000000000001,11.09
1.5657560393214227,0.6526996582746506,5.52538500726223e-06,2657.8565984964366,98200000.0,0.00043900000000000005,14.56
1.4306296572089197,0.8244063422083855,3.109699815511704e-06,994.5842176675795,213000000.0,0.000831,7.01
1.576406103372574,0.7341469019651413,5.254610285162926e-06,1833.8343333452938,138000000.0,0.000794,13.579999999999998
1.6119503617286683,0.8779660463333131,5.256068512797357e-06,710.6574922800063,330000000.0,0.002,8.01
1.4617766886949541,0.7902198672294617,2.9595004916191108e-06,1832.717379555106,123000000.00000003,0.0006400000000000002,11.15
1.4856397636234762,0.7647978130728007,6.556858764961363e-06,743.7829226255416,330000000.0,0.00123,8.56
1.6177723288536072,0.7155702151358129,8.222694948315621e-06,1528.5085067152975,177000000.0,0.0010699999999999998,14.64
1.6517439723014833,0.8959050804376603,9.21837142109871e-06,859.3323379755019,812000000.0,0.00281,1.8600000000000003
1.6683175206184389,0.7862649723887444,4.14286369085312e-06,1943.5393735766409,130999999.99999999,0.000934,12.98
1.7109616219997408,0.6761360675096513,7.30615882575512e-06,2806.257858872413,108000000.00000001,0.0006680000000000001,16.34
1.7242393970489502,0.9088109135627748,3.0270675420761114e-06,2487.6904785633083,223999999.99999997,0.0011,4.38
1.5943186461925507,0.8267303109169007,6.481833891943098e-06,1771.8130834400652,452000000.0,0.00126,3.5600000000000005
1.5940928220748902,0.8567939132452012,3.3308044672012336e-06,632.3037594556807,359000000.0,0.0011999999999999997,3.07
1.493514695763588,0.6559851586818696,7.01005730777979e-06,1412.4685078859327,163000000.0,0.0005790000000000002,12.5
1.619775187969208,0.5968278229236603,2.9398217201232914e-06,2351.380206644535,87499999.99999997,0.00019399999999999995,9.14
1.6295026302337647,0.8772820830345155,4.2302615940570834e-06,724.3622392415999,318000000.0,0.00167,6.51
1.5680738791823388,0.8135892972350122,6.255955174565316e-06,903.9649665355681,269000000.0,0.00162,10.71
1.4966685712337495,0.6542814373970033,5.1208328157663356e-06,1360.9919250011442,157000000.0,0.00047600000000000013,10.58
1.6045892894268037,0.6353318721055985,3.042808890342713e-06,2669.2579239606853,83200000.00000003,0.00026100000000000006,11.38
1.4755428537726403,0.6486960321664811,7.604990661144258e-06,936.5735501050948,229000000.0,0.000644,10.180000000000001
1.7254642188549043,0.655491578578949,9.4025514125824e-06,2962.5743925571437,108000000.00000001,0.000648,17.17
1.5147509817034008,0.7700819447636605,4.900899127125741e-06,1316.151164472103,182000000.0,0.0009310000000000001,11.36
1.4476991504430772,0.8235802754759789,3.2710054516792303e-06,855.5370867252349,266000000.0,0.000866,5.32
1.785532182455063,0.90248601436615,3.0171833038330084e-06,1546.0835322737692,148000000.0,0.00139,10.44
1.4614980027079583,0.7867805510759355,8.327382028102876e-06,531.0751795768737,409000000.0,0.00185,9.46
1.4855429247021676,0.6803492903709413,4.6747575402259836e-06,1955.4300904273985,119000000.0,0.0004690000000000002,12.6
1.7329652309417727,0.6895666480064393,8.426856726408005e-06,2532.723501324653,125000000.00000001,0.000851,16.46
1.2537898600101471,0.6040138453245163,3.949612855911256e-06,2095.7779809832573,94900000.0,0.00016000000000000004,9.27
1.4467396840453148,0.7177674070000649,4.218337297439576e-06,799.0000694990157,285000000.0,0.0005970000000000001,5.31
1.5099050961434843,0.6453279286623002,5.128367722034455e-06,2335.2866545319557,102999999.99999999,0.0003879999999999999,13.35
1.4825250551104547,0.829964366555214,3.898440331220627e-06,1047.6938933134077,218000000.00000003,0.0010399999999999997,8.46
1.4749740824103357,0.6890960767865182,7.651893332600595e-06,1056.008145213127,219000000.0,0.0008059999999999999,11.71
1.2309473633766175,0.5958430051803589,2.9314887523651128e-06,1698.2742510735986,108000000.00000001,0.00011099999999999988,5.67
1.3335344195365908,0.6157124608755112,5.6326135024428374e-06,1561.3625124096868,129000000.0,0.0002709999999999999,10.41
1.2073131144046785,0.7020405873656274,9.903572350740434e-06,935.4088753461837,254000000.00000003,0.000829,12.66
1.5782864391803744,0.8694269210100175,4.169210672378541e-06,919.6634888648986,250000000.0,0.00143,8.33
1.4741796255111697,0.6309393078088761,6.42426902614534e-06,2148.0085626244545,111000000.0,0.0003879999999999999,13.579999999999998
1.485454570502043,0.6780350133776666,5.850086875259877e-06,1452.0058333873747,158000000.0,0.00058,11.97
1.588116252422333,0.6548170030117035,7.866801872849466e-06,2597.2499251365657,111000000.0,0.0005560000000000001,15.78
1.4633237510919572,0.601556870341301,2.9306163191795354e-06,1051.2866377830503,163000000.0,0.000189,3.939999999999999
1.45837831646204,0.8356515884399415,3.004419535398484e-06,1348.2128009200094,158000000.0,0.0008170000000000001,9.3
1.344280779361725,0.6174601882696152,8.577811658382418e-06,1015.3759568929671,204000000.0,0.00041700000000000005,10.07
1.776242655515671,0.6527550101280213,2.9679231643676764e-06,2722.0388799905772,83800000.00000001,0.00036800000000000016,12.11
1.5253215551376345,0.8006358683109284,4.197208851575852e-06,1308.3951845765112,179000000.00000003,0.0009779999999999997,10.61
1.3551585495471956,0.6616216689348221,9.178957760334016e-06,624.3325322866439,332000000.0,0.000782,9.2
1.4739505201578142,0.6820378437638284,4.757506117224694e-06,1517.1946138143537,146000000.0,0.000512,11.21
1.495863800123334,0.6576398491859436,5.380195915699006e-06,1543.4228926897047,144000000.00000003,0.00048700000000000013,11.61
1.4683740600943567,0.7778735741972924,7.714311316609384e-06,543.4076040983199,403000000.0,0.00165,8.92
1.4954181388020518,0.8161553665995599,9.20045253634453e-06,1356.4571291208265,735000000.0,0.00149,0.6199999999999998
1.4712954238057139,0.7631779801100493,9.421169787645342e-06,1919.4029942154882,504999999.99999994,0.0010500000000000002,4.25
1.518199510127306,0.6630989313125611,8.135524436831475e-06,1933.2773163914678,136000000.0,0.000617,14.74
1.4930257827043534,0.6293036967515946,6.577668549492956e-06,1210.7786089181898,175000000.0,0.00047000000000000004,10.73
1.5629966720938684,0.7748461917042733,8.166225031018258e-06,2021.5014293789861,395000000.0,0.00116,6.09
1.4748450323939324,0.714529486745596,7.859184563159944e-06,961.2830281257628,246000000.0,0.000999,11.62
1.5282794237136843,0.8504603773355485,4.282479286193848e-06,603.9335131645201,372000000.0,0.0014,5.06
1.5928891003131869,0.6648441284894944,9.428463637828828e-06,2684.936702251434,116999999.99999997,0.000626,16.63
1.5519387111067773,0.7655826766043902,5.2140153348445904e-06,1402.8977155685423,175000000.0,0.0009809999999999999,12.12
1.486681801825762,0.7900102257728577,7.4602759629488e-06,683.4744215011596,345000000.0,0.0016,9.75
1.573422431945801,0.7304267026484014,4.9247935116291055e-06,1975.8433774113653,128000000.0,0.0007280000000000002,13.65
1.5441963225603106,0.6560601621866227,5.5398163497447976e-06,2454.2120397090907,103999999.99999999,0.0004520000000000001,14.219999999999999
1.6972390472888947,0.7061973810195924,1.0022311508655549e-05,1740.5687011778352,171999999.99999997,0.00115,15.98
1.5008527368307114,0.7259191319346429,4.311678260564805e-06,1918.3568954467771,124000000.00000003,0.000604,12.68
1.495368055254221,0.6283266752958299,6.504805384203793e-06,1473.0976819992063,147000000.0,0.0004379999999999999,11.74
1.3842528462409975,0.6766159906983377,8.851655751466752e-06,2158.9853912591934,131999999.99999999,0.000583,15.37
1.5419542595744133,0.7158398106694223,4.246577054262162e-06,2275.0558629631996,109000000.00000001,0.000565,13.53
1.8062115311622622,0.9004818856716157,3.239674627780915e-06,853.2350063323973,270000000.0,0.00164,5.69
1.3237604320049288,0.61192587018013,4.717854529619217e-06,2102.2850573062897,100000000.0,0.00022099999999999987,10.9
1.5212620541453363,0.7596159618347884,4.008920788764954e-06,1786.24546341598,131999999.99999999,0.000719,12.21
1.2688582420349122,0.6816522896289826,9.496693879365922e-06,1160.058185458183,208999999.99999997,0.000695,12.94
1.6585364520549775,0.892580732703209,3.0251668393611913e-06,1242.8342476487157,171999999.99999997,0.00126,9.22
1.3836273908615113,0.6251404434442521,8.451826214790346e-06,930.0567507743834,222000000.0,0.0004799999999999999,9.78
1.598020899295807,0.8809339731931687,3.0360787212848667e-06,1238.386623561382,171999999.99999997,0.00115,9.16
1.3971631765365602,0.6250179558992387,8.306680619716645e-06,1215.7850265502927,178000000.00000003,0.00045600000000000013,11.37
1.8005876183509828,0.793955147266388,7.0663612186908735e-06,1449.2869675159452,192000000.0,0.00172,14.18
1.7646677434444429,0.8476567625999452,4.736754536628724e-06,1404.9705043435094,181000000.00000003,0.0015900000000000003,12.05
1.7469838678836824,0.7188582099974156,4.806928873062135e-06,2939.970821142196,96700000.0,0.0006810000000000001,15.53
1.8026842474937441,0.7970534160733224,7.1232528015971195e-06,1415.3243526816366,196000000.00000003,0.00177,14.11
1.477195094525814,0.7080181181430817,6.529349608346821e-06,1170.7382574677465,200000000.0,0.000779,11.69
1.443873766064644,0.7053029134869576,3.72724336385727e-06,1325.4846930503843,157000000.0,0.0004910000000000001,9.43
1.6793859243392946,0.7867351591587067,6.155958283692599e-06,1358.902260661125,192000000.0,0.00139,13.08
1.3156810462474824,0.7898216933012009,5.320129245519639e-06,2518.9021527767177,416000000.0,0.000639,0.22999999999999984
1.4989374093711378,0.8253849416971207,6.914108276367188e-06,566.6125863790511,400000000.0,0.00195,8.62
1.479854404181242,0.6994923949241639,4.6593587398529064e-06,1844.3972822278736,127000000.00000001,0.0005310000000000001,12.5
1.4774486169219019,0.739643407613039,5.3553593158721935e-06,869.402840733528,278000000.0,0.0008520000000000001,7.83
1.6276167511940003,0.703918182849884,3.901298791170121e-06,2875.383377075195,90900000.00000001,0.0004939999999999999,14.26
1.626401549577713,0.7710584700107576,7.128760635852815e-06,1174.5726615190504,218000000.00000003,0.00143,13.02
1.5312914416193963,0.6417311310768128,7.090709604322911e-06,2545.817449688911,106000000.00000003,0.0004610000000000001,15.07
1.2882436931133272,0.6815934509038926,9.299720704555512e-06,2023.253060877323,140000000.0,0.00057,15.26
1.499081351235509,0.684723548591137,7.503036871552468e-06,1429.7131747007368,170999999.99999997,0.000726,13.39
