VDD,Vgate,Wn,Rd,Bandwidth,PowerConsumption,VoltageGain
1.460891166329384,0.6937991827726365,8.126254364848139e-06,825.4991024732589,296000000.0,0.0009440000000000002,10.09
1.557406085729599,0.7684424154460431,7.214596107602121e-06,1062.128275632858,249000000.0,0.00139,11.96
1.3341740906238557,0.6135701715946198,5.5471191704273236e-06,1571.3108628988264,127000000.00000001,0.000233,10.050000000000002
1.5055071389302612,0.6561775714159013,8.331242680549623e-06,1361.3231778144834,177000000.0,0.000642,12.87
1.583322858810425,0.8540143489837647,4.019747555255891e-06,1162.5079363584516,213000000.0,0.0013,9.29
1.3039638698101046,0.6133813977241517,9.15796971321106e-06,1742.2580830752847,129000000.0,0.00032799999999999995,13.259999999999998
1.5881599813699723,0.6495421528816224,6.0545916706323635e-06,2242.911972105503,108000000.00000001,0.00045900000000000004,14.04
1.5638428062200547,0.6387538075447083,6.925264004617931e-06,2251.4684796333313,109000000.00000001,0.000444,14.4
1.4223450958728792,0.6824447661638261,3.273190706968308e-06,1732.5291987508533,115999999.99999997,0.00033400000000000004,9.96
1.3832570761442187,0.680304291844368,8.627073884010317e-06,2147.693030536175,134999999.99999997,0.000595,15.27
1.414414805173874,0.6304241001605988,6.789774369448425e-06,2504.8476010560985,96200000.0,0.0003240000000000001,14.29
1.5982463836669922,0.8003067880868913,7.938295081257822e-06,816.9137984514235,314000000.0,0.00199,11.49
1.4141282558441164,0.6311119258403779,6.787702340632678e-06,2416.2918627262115,98899999.99999997,0.0003290000000000001,14.13
1.3927881002426148,0.6207827389240266,4.692094802856446e-06,2221.6381803154945,94300000.00000001,0.000222,11.57
1.7583087623119356,0.847142431139946,5.68618130683899e-06,1185.2600723505018,215000000.00000003,0.00191,12.19
1.3587430089712145,0.7147235691547394,3.4645986258983617e-06,2049.7031062841415,106000000.00000003,0.000378,11.47
1.4585432678461077,0.6333835870027543,3.2912132740020757e-06,2131.0880705714226,93099999.99999999,0.00020899999999999998,9.98
1.4695202194154264,0.674635997414589,7.80215273797512e-06,655.217945575714,379000000.0,0.0007990000000000001,6.949999999999999
1.6116293281316758,0.7454556360840798,2.9684830904006965e-06,2020.1546996831892,110000000.0,0.000558,11.36
1.3342440426349642,0.7216126777231694,3.3996697366237645e-06,1861.0869739204643,113999999.99999999,0.000389,10.93
1.2729498267173769,0.5956309676170349,3.017504364252091e-06,1023.0918526649474,174000000.0,0.00011800000000000008,1.8899999999999995
1.4319386512041092,0.7440442979335785,8.639646768569948e-06,659.1257750988005,356000000.0,0.0014099999999999998,10.26
1.582128292322159,0.8391532748937608,6.314066328108312e-06,1584.952428936958,428000000.0,0.00136,4.26
1.4487981006503106,0.7147023886442185,8.421561419963839e-06,637.7888023853301,393000000.0,0.00119,8.56
1.3683069795370104,0.6215967625379563,6.91907086595893e-06,1210.085481405258,170999999.99999997,0.0003550000000000001,10.23
1.3988056719303132,0.6176375180482865,5.5202336460351955e-06,453.60702276229847,351000000.0,0.00032799999999999995,2.84
1.5695300415158273,0.7073057949543,4.2956755161285406e-06,2521.9155400991435,98700000.0,0.0005310000000000001,14.08
1.4151510357856751,0.6331368416547776,7.94880746304989e-06,1545.7168892025945,149999999.99999997,0.0004319999999999999,12.49
1.3468074917793276,0.8157251626253129,3.1260638833045964e-06,1014.2655223608016,215000000.00000003,0.000743,6.92
1.3079820692539217,0.6125970304012299,8.436930388212206e-06,1001.246154308319,200000000.0,0.0003550000000000001,9.68
1.493696622736752,0.6364315599203111,6.113268930464984e-06,1404.2095392942426,152999999.99999997,0.00041700000000000005,11.15
1.6859277784824374,0.781417614966631,5.0902075320482264e-06,1643.2242672890422,158000000.0,0.00115,13.17
1.3433428287506104,0.7342127792537213,9.588274538517e-06,602.9842346906661,354000000.0,0.00135,11.01
1.5299663409590722,0.7105701461434365,9.273223727941515e-06,1271.282836794853,207999999.99999997,0.00112,14.23
1.4664838023483755,0.6603874146938324,7.140603467822076e-06,723.1118083000182,319000000.0,0.0006379999999999999,7.22
1.6524758219718934,0.8163453251123429,8.06372717022896e-06,798.2733398675917,320000000.0,0.00227,11.64
1.7754531025886537,0.8997262537479401,2.9465979933738716e-06,834.9321335554122,219000000.0,0.00157,7.41
1.5602098390460015,0.6451063513755799,4.33968123793602e-06,2338.3869901299477,94400000.0,0.0003290000000000001,12.47
1.58655424118042,0.7303617753088475,4.2251335978508e-06,2289.5888909697533,109000000.00000001,0.0006299999999999998,13.68
1.630211153626442,0.5933499276638031,2.960746347904206e-06,1263.7917622923849,141000000.00000003,0.00018499999999999997,5.11
1.6814519047737122,0.7260468944907189,5.900785997509957e-06,2322.5329741835594,123000000.00000003,0.0008499999999999998,15.18
1.5670354261994364,0.6342067748308182,8.60725012421608e-06,2810.56272983551,99699999.99999999,0.00047099999999999996,16.12
1.7528798818588258,0.6593509823083878,8.8625605404377e-06,2930.2654713392253,106000000.00000003,0.000682,17.01
1.3428065836429597,0.6223730564117432,8.346450805664063e-06,2300.447218120098,105000000.00000003,0.000321,14.379999999999999
1.758858633041382,0.7061927631497383,5.919916212558748e-06,2826.138764619827,102999999.99999999,0.000752,16.17
1.4738361038267613,0.8184955626726151,5.4585147351026546e-06,794.1685914993285,328000000.0,0.00136,7.71
1.6964625120162966,0.8278789222240449,5.939014196395875e-06,1121.010288596153,230000000.0,0.00177,11.87
1.3027185380458832,0.6736740410327912,9.263995170593263e-06,956.9765925407409,242999999.99999997,0.000738,11.94
1.736852127313614,0.8346320629119873,4.840303614735604e-06,1387.6889944076536,183000000.0,0.00154,12.17
1.5364236854016782,0.6649191319942475,7.926466435194017e-06,2627.757146954536,109000000.00000001,0.0005549999999999999,15.919999999999998
1.5272640600800516,0.8218818068504334,3.030682653188706e-06,960.4265838861464,196000000.00000003,0.000863,7.58
1.5923516392707826,0.6501812964677811,5.1000216752290735e-06,2604.266136884689,92099999.99999999,0.00039300000000000007,14.07
1.475726602971554,0.6190560936927796,3.501324266195298e-06,470.8682298660277,343000000.0,0.0002649999999999999,0.2499999999999996
1.4765812240540983,0.6252594619989396,4.421247273683549e-06,458.94357562065113,348000000.0,0.00033400000000000004,1.9199999999999997
1.3801554322242737,0.6823855251073838,9.217563658952714e-06,2141.279496252537,138000000.0,0.000629,15.62
1.49766981638968,0.636204269528389,4.488217473030091e-06,822.8560090065001,231000000.0,0.00035600000000000003,5.67
1.4743593581020833,0.6763881325721741,6.492869013920427e-06,1464.2978385090826,162000000.00000003,0.0005970000000000001,12.36
1.640529888868332,0.6665536522865296,5.482299908995629e-06,2764.713272452354,94300000.00000001,0.0005000000000000001,15.16
1.3116603612899782,0.613272061944008,8.875809758901597e-06,553.9695471525191,362000000.0,0.0004,5.28
1.5348571971058846,0.6817294925451279,8.96981203556061e-06,2364.127777516842,130000000.0,0.000704,16.07
1.3283570230007173,0.6285722941160202,9.176081150770189e-06,959.9858820438384,227000000.00000003,0.00047299999999999995,10.23
1.6498927652835846,0.725747461616993,7.876358374953271e-06,1673.5257366672156,170999999.99999997,0.00112,14.87
1.4989345681155102,0.705478146672249,4.194006174802781e-06,1404.2948111891744,160000000.00000003,0.0005589999999999999,10.17
1.5229855678975583,0.8242662280797959,5.23960253596306e-06,937.1362179517745,258000000.0,0.0014099999999999998,9.63
1.396246674656868,0.6176855921745301,5.3856730312109e-06,696.8126744031905,260000000.0,0.0003149999999999999,5.22
1.6902676284313203,0.6599293023347855,3.0314305424690254e-06,2254.6771839261055,93800000.00000001,0.0003439999999999999,11.07
1.2964954555034638,0.6575435310602189,8.800616949796677e-06,2268.7879130244255,118000000.00000001,0.000435,15.37
1.5014197520446033,0.8270527124404908,4.4635369181633e-06,1016.4744704961776,307000000.0,0.00112,6.08
1.4996125834062697,0.6802555471658708,4.943660765886308e-06,1097.6363271474836,200000000.0,0.000549,9.0
1.457289057970047,0.62634616792202,6.194216575473548e-06,2906.137809157371,83699999.99999997,0.0002869999999999999,14.47
1.4973485089838505,0.7020132958889008,8.234846845269205e-06,1378.239497542381,187999999.99999997,0.000912,13.81
1.5379808306694032,0.8297806799411774,3.3698538839817055e-06,709.4537764787673,340000000.0,0.0009809999999999999,3.3400000000000003
1.746437019109726,0.8356743335723877,4.930175289511681e-06,1384.0515092015264,184000000.0,0.00158,12.29
1.534521755576134,0.6720361322164536,4.017174690961839e-06,1910.749331116676,113999999.99999999,0.00039699999999999984,11.43
1.312508636713028,0.6141133904457092,7.3179906010627755e-06,2800.8459806442256,85599999.99999997,0.00023999999999999995,14.33
1.7333497166633607,0.7698621176183225,8.95645621418953e-06,1181.5982982516286,235000000.00000003,0.00185,14.32
1.7181436836719515,0.5957479655742646,2.8980909585952764e-06,904.701605439186,197000000.00000003,0.00022400000000000002,2.8999999999999995
1.5000537869520487,0.6414753288030625,3.2168505489826207e-06,2138.7490555644035,93999999.99999999,0.00023999999999999995,10.22
1.4615256249904633,0.6264267325401307,4.478922992944718e-06,1463.4979069232938,133999999.99999997,0.0002760000000000001,9.32
1.5293388560414316,0.8069461584091188,3.515452176332474e-06,834.5431387424468,357000000.0,0.0008669999999999999,2.57
1.4113360315561296,0.6327935278415681,8.050933048129083e-06,1373.625762760639,167000000.0,0.0004470000000000002,11.79
1.6195675671100618,0.6514413535594941,7.159571692347528e-06,2094.664566218853,119000000.0,0.0005570000000000002,14.66
1.2380969882011414,0.647498819231987,9.152054190635682e-06,2376.320466399193,110000000.0,0.00036700000000000003,15.45
1.5414555251598359,0.6922066569328309,5.287851721048356e-06,2318.9965561032295,110000000.0,0.000549,14.25
1.523918440192938,0.8217632532119752,6.40164149645716e-06,792.711779475212,312000000.0,0.00171,9.730000000000002
1.2368761718273165,0.6456497758626939,9.650702744722368e-06,589.4624739885329,329000000.0,0.0006159999999999999,9.16
1.4858489871025087,0.6385720968246461,6.1279106885194786e-06,1048.3546853065488,200000000.0,0.0004520000000000001,9.24
1.3258046686649323,0.6516973972320558,8.362008571624758e-06,2144.032336771488,121000000.0,0.0004210000000000001,14.59
1.6422503650188447,0.8809774696826935,4.555578619241715e-06,911.1454635858535,268000000.0,0.00176,8.63
1.6012600511312487,0.7219786249101162,5.193505436182023e-06,2309.3689158558846,115999999.99999997,0.000708,14.58
1.7810910522937777,0.7031770884990692,8.972021073102952e-06,2646.0998803377147,126000000.00000001,0.0009530000000000001,17.04
1.7306582629680636,0.821327617764473,6.045571103692056e-06,1217.455744743347,215000000.00000003,0.00176,12.56
1.4259457960724833,0.6718675017356873,3.454742550849915e-06,2685.7441216707225,81699999.99999999,0.00028900000000000014,12.49
1.4193961948156357,0.6795432955026627,3.53577744960785e-06,524.9814987182616,357000000.0,0.00041700000000000005,1.4200000000000004
1.3772293746471407,0.6194551706314088,6.302012324333192e-06,735.3965491056441,264000000.00000003,0.0003600000000000001,6.27
1.25026393532753,0.6067639231681824,8.566136866807939e-06,2778.9507359266277,86499999.99999999,0.00022300000000000013,14.509999999999998
1.492271031998098,0.7484917044639589,5.155836746096612e-06,942.0061409473418,365000000.0,0.0008319999999999998,4.65
1.4040573298931123,0.6235815346240998,3.5666574537754064e-06,2577.921256422996,78399999.99999999,0.000176,11.05
1.6391011923551562,0.6653065592050553,6.60043527185917e-06,2544.6443557739253,105000000.00000003,0.000573,15.55
1.4767055846750738,0.816045641899109,4.202978134155274e-06,1129.5048445463178,223000000.0,0.00101,8.73
1.3978422045707704,0.6329439193010331,7.770411252975464e-06,2459.2378288507457,102000000.0,0.0003600000000000001,14.74
1.5372107528150083,0.645549362897873,6.9321511052548894e-06,1430.2970767021177,159000000.00000003,0.0005239999999999999,12.11
1.4073785573244095,0.6205328196287155,4.496378123760224e-06,1951.7284929752348,103999999.99999999,0.00022400000000000002,10.63
1.3323997199535371,0.6111704707145691,5.611826196312905e-06,971.6783016920089,188999999.99999997,0.000255,7.1899999999999995
1.6409086883068087,0.8832179188728333,8.516312420368196e-06,980.9745401144027,654000000.0,0.00244,3.51
1.439041717350483,0.6490029573440552,6.365055479109288e-06,705.4779231548308,309000000.0,0.000495,6.0
1.7019002974033357,0.7752233929932119,5.048741191625596e-06,1801.8896058201788,146000000.0,0.00109,13.64
1.5634651198983194,0.8724766731262208,5.532683864235879e-06,645.6379145383834,364000000.0,0.00204,7.75
1.4068824738264085,0.7007721215486528,4.491742044687272e-06,785.8058363199233,355000000.0,0.0005059999999999999,2.76
1.351022717356682,0.6227281451225282,8.321676373481751e-06,1326.4139294624326,166000000.0,0.00039000000000000016,11.52
1.474856174737215,0.637667664885521,8.172317877411843e-06,1181.1464950442312,194000000.0,0.0005349999999999999,11.2
1.4453096106648446,0.6279710143804551,5.263894543051721e-06,1382.996544241905,146000000.0,0.000323,9.98
1.6261581212282181,0.8174951434135438,5.896179333329202e-06,1061.857298016548,242000000.0,0.00161,11.22
1.545332506299019,0.6757853239774705,8.335125654935839e-06,1606.2622815370557,160000000.00000003,0.0007680000000000001,14.43
1.4831386450678112,0.6697094410657883,4.369639784097672e-06,739.2073720693587,299000000.0,0.00043399999999999987,3.83
1.7324108719825746,0.6027457416057587,2.9683320522308354e-06,607.7609509229659,290000000.0,0.0002709999999999999,0.29000000000000015
1.5631182208657266,0.6464825659990311,4.2873006165027625e-06,1202.0235061645506,164000000.0,0.00039000000000000016,8.53
1.6588020980358125,0.6768279880285264,8.461202055215837e-06,1908.6334407329557,144000000.00000003,0.0008430000000000001,15.51
1.4047456026077272,0.632923024892807,8.296158850193024e-06,1099.0698933601377,205999999.99999997,0.0004780000000000001,10.38
1.617277228832245,0.7781157039105893,7.2377611696720135e-06,1111.5362793207166,240000000.0,0.00153,12.5
1.4741574525833132,0.7082557260990143,5.126003578305245e-06,1755.542170256376,137000000.0,0.0006100000000000001,12.86
1.4752806790173054,0.8451421201229096,5.397300675511361e-06,695.9011703729628,380000000.0,0.00155,6.56
1.4132699579000474,0.6198873192071915,4.631433784961701e-06,1374.5013549923895,140000000.0,0.0002489999999999999,8.73
1.5075414000079037,0.638116165995598,7.756873622536661e-06,1258.8901370763776,181000000.00000003,0.0005310000000000001,11.53
1.562692576646805,0.6410595238208772,5.248587638139725e-06,2340.9186229109764,98600000.0,0.000363,13.32
1.7138328194618226,0.7194912739098073,8.86463648080826e-06,1688.5567195713518,174000000.0,0.00123,15.51
1.6888238847255708,0.7779396705329419,5.042617574334145e-06,1711.8471600115297,151999999.99999997,0.00111,13.35
1.587461230158806,0.854740047454834,2.9883287549018865e-06,1209.6457853913305,169999999.99999997,0.0010399999999999997,9.090000000000002
1.6147037297487261,0.7512393347918987,6.207668542861939e-06,1527.0979441702364,174000000.0,0.0010800000000000002,13.39
1.4545159086585047,0.6315134078264237,3.4885544478893287e-06,2666.4136648178096,77399999.99999999,0.00020100000000000014,11.55
1.7175622165203095,0.8364036709070206,2.897372901439667e-06,2172.0308363437653,110000000.0,0.000921,12.18
1.4619901657104493,0.8399398237466813,6.5230632312595855e-06,682.8256994485854,406000000.0,0.00174,7.45
1.792468070983887,0.7447483263909818,9.689412325620653e-06,1508.2755610346792,199000000.00000003,0.00166,15.7
1.5018364572431893,0.8374759912490846,4.313976377248765e-06,1026.5532433986662,248000000.0,0.00119,8.22
1.2984773576259614,0.7781361512839795,2.991625308990479e-06,1878.7090498954055,114999999.99999997,0.0004939999999999999,11.19
1.5639691025018694,0.7569372698664666,5.922382526099683e-06,1353.6596968770025,189999999.99999997,0.00106,12.37
1.6286757051944734,0.7962459772825242,4.126130998134614e-06,1626.4737043529747,152999999.99999997,0.00101,11.91
1.6223373502492906,0.8623351603746415,3.3686572611331946e-06,1312.3005181550977,193000000.0,0.00118,8.69
1.6380456268787384,0.6878618717193604,7.313051611185075e-06,2001.4384686946867,136000000.0,0.000792,15.17
1.6197491347789765,0.8571831732988359,8.846557587385179e-06,1040.4356867074964,575000000.0,0.00226,5.32
1.5902264535427095,0.7794279702007771,8.04453718662262e-06,923.7076640129088,283000000.0,0.00174,12.14
1.6292275428771974,0.5931605100631714,2.9666923284530644e-06,1467.5266593694685,124000000.00000003,0.00018099999999999993,6.08
1.2633919537067415,0.6052719622850419,7.67262488603592e-06,1465.5324742197988,139000000.0,0.0002520000000000001,10.92
1.3330033957958223,0.628531649708748,8.724765121936799e-06,1713.7881107628343,137000000.0,0.0003860000000000001,13.3
1.4534184694290162,0.8392573982477188,7.54062868654728e-06,766.2443369626998,435000000.0,0.00184,7.54
1.4791520878672602,0.8285062462091447,3.094653576612473e-06,971.5450108051299,204000000.0,0.0008709999999999999,7.44
1.4625072307884694,0.6460762917995454,3.6983381211757665e-06,2562.5738799571986,83400000.0,0.000257,12.13
1.597308021783829,0.6577241241931916,4.110327064990998e-06,2918.8403040170665,80799999.99999999,0.00034500000000000004,13.72
1.260464233160019,0.6031467139720917,8.667180567979814e-06,1458.4975987672804,142000000.00000003,0.00027499999999999996,11.54
1.6152711600065233,0.6864028528332711,9.253846615552904e-06,1621.938610449433,168000000.0,0.0009639999999999999,15.25
1.3146522581577302,0.6153456598520279,7.368761852383615e-06,2503.7312060594554,92800000.00000001,0.00025000000000000006,13.89
1.476198171079159,0.7463990293443203,4.518879264593125e-06,1066.4019286632536,242000000.0,0.000751,7.68
1.361065748333931,0.6226260513067245,7.168540835380555e-06,2036.249704658985,111000000.0,0.00031,13.24
1.3090400934219362,0.7757034189999105,3.0010499656200413e-06,1594.674142077565,130999999.99999999,0.0005159999999999999,10.21
1.6933782756328584,0.8318590342998505,7.081828758120538e-06,912.5639796257018,281000000.0,0.00217,11.72
1.1975611925125123,0.6600350439548494,9.581026166677476e-06,1599.021006375551,153999999.99999997,0.0004669999999999999,14.18
1.455375610291958,0.7368034891784192,5.150241240859033e-06,1064.1863495111463,372000000.0,0.0007179999999999999,3.7600000000000002
1.3526471704244616,0.6835391521453859,9.146024137735368e-06,2072.503410279751,141000000.00000003,0.00062,15.43
1.2971165478229525,0.6150168478488922,9.061390399932863e-06,2410.7870012521744,101000000.0,0.00029200000000000005,14.63
1.5543471515178682,0.636142846941948,8.354042977094651e-06,2785.0940376520152,100000000.0,0.00046800000000000005,15.97
1.36817846596241,0.621621197462082,7.064310207962991e-06,669.8098331689833,306000000.0,0.00040299999999999993,5.85
1.560302768647671,0.7743472941219808,8.22451262176037e-06,2214.140549302101,525000000.00000006,0.00101,2.3600000000000008
1.6338981091976168,0.8720975875854493,6.431705126538874e-06,1408.183194696903,527000000.00000006,0.00167,2.529999999999999
1.4687783136963846,0.6934524714946747,5.401216506958008e-06,1104.5119464397428,204000000.0,0.000627,9.79
1.6453131794929505,0.6796585500240326,5.706854864954949e-06,2538.0005985498424,102999999.99999999,0.0005840000000000001,15.149999999999999
1.7348741948604585,0.7415834940969944,7.073814868927003e-06,1945.229686796665,152999999.99999997,0.00116,15.24
1.6431402772665025,0.871915501356125,5.815174162387849e-06,1522.231727838516,451000000.0,0.00153,3.1699999999999995
1.6959892988204956,0.7875366121530534,6.553411185741426e-06,1318.6604827642439,205000000.0,0.00152,13.19
1.374641525745392,0.6560007601976395,9.07460916042328e-06,512.4551355838774,383000000.0,0.000779,7.89
1.7790654301643374,0.7428019233047963,7.694441556930544e-06,1928.3347874879835,159000000.00000003,0.0012899999999999997,15.62
1.56930390894413,0.6576219052076341,7.105627179145814e-06,2654.8821777105327,102000000.0,0.0005059999999999999,15.58
1.6140118271112442,0.7199432641267777,7.96711301803589e-06,1608.7819095700977,174000000.0,0.0010699999999999998,14.68
1.4717261731624605,0.6442329078912735,3.735293239355088e-06,2752.159416675567,78999999.99999997,0.000251,12.49
1.6862669706344606,0.701207658648491,9.855605632066729e-06,1685.3676801547406,171999999.99999997,0.00115,15.98
1.5480799064040185,0.6624458134174348,7.981691122055055e-06,2330.6008353829384,119000000.0,0.0005859999999999998,15.48
1.491949087008834,0.7763656921684743,3.031102806329728e-06,975.8281260728835,195000000.0,0.000688,7.32
1.3598326027393342,0.8134649455547334,3.1667632460594183e-06,955.7114094495772,237000000.0,0.000758,6.14
1.5433628574013711,0.5967453718185425,2.976849853992463e-06,2624.526500701904,74500000.0,0.00014099999999999996,9.42
1.3410299956798555,0.7787289194762708,3.546395599842072e-06,685.7648044824599,353000000.0,0.0006449999999999998,2.529999999999999
1.6589362263679506,0.8087296217679978,3.075316935777665e-06,2249.9490454792976,108000000.00000001,0.000807,12.47
1.5743810713291169,0.8509980350732804,3.2556031048297887e-06,716.6303992271422,358000000.0,0.00111,3.0099999999999993
1.4104601114988329,0.6973348706960679,3.1991267204284673e-06,2913.149252533912,78300000.0,0.0003200000000000001,12.98
1.418382176756859,0.6739771574735642,8.796437323093415e-06,1187.4410808086393,205999999.99999997,0.0007340000000000001,12.63
1.6006907165050508,0.7460619561374188,2.934724390506745e-06,2479.287043213844,92599999.99999999,0.0005220000000000001,12.57
1.6127206206321718,0.7456233613193036,2.962720692157746e-06,2215.0774598121643,102000000.0,0.000543,11.89
1.4077421754598618,0.7749334506690503,3.023924946784974e-06,1511.8493810296056,138000000.0,0.000585,9.94
1.5473658800125123,0.6684385925531388,4.071086764335633e-06,2376.2002885341644,95500000.00000003,0.0003710000000000001,12.66
1.7375718712806703,0.7416213020682335,9.010012179613114e-06,1526.1923260986803,194000000.0,0.00148,15.27
1.464063848555088,0.8372040063142777,7.5788038969039924e-06,869.6369379758834,440000000.0,0.00174,7.08
1.3301578223705293,0.6150659769773483,5.528219684958459e-06,2233.166165649891,95300000.0,0.00021300000000000003,11.99
1.7677244782447816,0.6054431051015854,3.0255285799503334e-06,2716.4195775985713,74900000.0,0.00023900000000000006,11.02
1.765872019529343,0.602497074007988,2.8999989628791813e-06,832.1916610002517,222000000.0,0.0002630000000000001,2.42
1.4921464545652272,0.6707793295383454,6.8263395838439475e-06,1101.8242239952085,212000000.0,0.0006519999999999998,10.57
1.4972691703587773,0.6593167483806611,7.4429273307323466e-06,929.253801703453,251999999.99999997,0.0006620000000000002,9.48
1.504094616137445,0.6357598811388017,5.2115997672081e-06,2828.5033553838725,83800000.00000001,0.00029999999999999987,13.94
1.4070037186145783,0.8205978065729141,3.081323623657227e-06,1416.798189282417,153999999.99999997,0.000754,9.63
1.6587340593338014,0.6335031151771546,8.590963453054429e-06,2923.72877895832,97600000.00000001,0.000508,16.38
1.456471672654152,0.6364981591701508,3.108375102281571e-06,889.4457221031188,199000000.00000003,0.00024299999999999986,4.12
1.6952803552150728,0.8906306684017182,4.867132812738419e-06,1394.9914202094076,419000000.0,0.0015900000000000003,2.9599999999999995
1.4791319511830807,0.8251263856887818,4.5704504549503334e-06,982.6712608337401,252999999.99999997,0.00117,8.46
1.4294535487890245,0.7177054457366467,8.691018521785737e-06,970.8743840456008,255000000.0,0.0011,12.29
1.639430817961693,0.8764184117317201,4.304198324680329e-06,955.7442665100097,280000000.0,0.00162,7.55
1.3478107810020448,0.7674735970795156,2.9947032332420355e-06,1298.2071489095686,153999999.99999997,0.0005409999999999999,8.95
1.3802118301391604,0.779789111763239,3.0060477852821358e-06,2012.3376622796056,111000000.0,0.000543,11.59
1.548122835159302,0.6498534858226777,5.28256517648697e-06,1895.1675686985252,119000000.0,0.0004119999999999999,12.42
1.7013941645622255,0.7490077190101148,4.061492085456849e-06,2671.993032097816,98899999.99999997,0.0007219999999999999,14.56
1.499360466655344,0.8354640126228333,4.375840276479722e-06,1008.9091509580611,277000000.0,0.00117,7.12
1.3216520547866824,0.6155177772045136,6.446208519861103e-06,2326.7571553587914,95399999.99999999,0.00023500000000000002,12.94
1.4097999930381777,0.7727510578930379,2.9611923694610602e-06,2369.3068996071815,96999999.99999997,0.000514,12.54
1.3827792137861252,0.6210327565670014,5.781759783625604e-06,1572.874143719673,130999999.99999999,0.000288,10.82
1.6211701959371567,0.5945927023887635,2.9203035831451423e-06,886.8484497070311,195000000.0,0.00019300000000000006,2.4899999999999998
1.4284827277064325,0.6297670304775239,5.688239723443986e-06,2597.5600928068156,89299999.99999999,0.0002850000000000001,13.67
1.6786588311195374,0.8277501314878465,3.0745801031589513e-06,2000.5840733647344,120000000.0,0.000923,11.8
1.7238085627555848,0.6801685631275177,2.9853234291076666e-06,1602.8956715017555,132999999.99999997,0.0004300000000000001,8.86
1.4666533246636393,0.8445082247257233,6.416516024619342e-06,654.5323431491851,394000000.0,0.00181,7.799999999999999
1.334074455499649,0.6138380885124207,5.547667622566224e-06,1665.9598443657158,121000000.0,0.0002300000000000001,10.39
1.3786622911691666,0.5984979987144471,3.017155140638352e-06,1253.8918778300283,138000000.0,0.0001349999999999999,4.27
1.6518363296985628,0.6862528413534165,8.264197379350663e-06,2590.898677706718,119000000.0,0.000745,16.46
1.4934957442805172,0.7588079653680325,4.235709607601166e-06,1458.336144685745,160000000.00000003,0.0007569999999999999,11.19
1.6013774245977404,0.6502068489789964,5.060275688767434e-06,2811.615422368049,87399999.99999999,0.00038299999999999993,14.37
1.5104329381138089,0.6351899474859238,3.5050165653228764e-06,1375.4995092749593,138000000.0,0.00027000000000000006,7.87
1.553986166417599,0.8408916592597963,5.16631741821766e-06,923.4579205512999,259000000.0,0.00155,9.700000000000001
1.3312611222267152,0.6140620082616807,5.577478364109994e-06,1850.2807822078464,111000000.0,0.00022400000000000002,11.0
1.459985250234604,0.5978077232837677,2.9692115783691414e-06,2546.643421053886,75800000.00000001,0.00012200000000000012,8.83
1.2628281176090241,0.6001544684171677,9.565102070569994e-06,1832.5284514576194,121000000.0,0.000277,13.18
1.4506481543183327,0.6598511070013047,4.68822267651558e-06,615.1800155639647,356000000.0,0.00043700000000000005,2.73
1.7643124401569368,0.9038392782211304,4.266262710094452e-06,1117.9857999086378,405000000.0,0.00179,3.2599999999999993
1.6123675972223284,0.77935134395957,6.25419531390071e-06,1235.5269044637678,214000000.00000003,0.00134,12.25
1.555780564248562,0.659441113471985,4.294916570186616e-06,2160.371907055378,102999999.99999999,0.00037199999999999993,12.25
1.5456178307533266,0.7858387403190137,3.002505689859391e-06,2146.674983203411,108000000.00000001,0.000655,12.05
1.527990958839655,0.7746881805360318,7.801513746380807e-06,2242.1704530715942,505999999.99999994,0.000947,2.2799999999999994
1.3553500324487688,0.6654850155115128,8.96416249871254e-06,1200.5186751484869,204000000.0,0.000646,12.42
1.4245623528957367,0.673209634423256,8.748786240816117e-06,650.8329808712004,334000000.0,0.0008929999999999999,9.38
1.5327997080981732,0.8666088938713075,7.37833295762539e-06,601.3814657926558,417000000.0,0.0024299999999999994,8.64
1.3674318104982377,0.6215289562940598,5.94321395456791e-06,2317.65329092741,96100000.00000001,0.000257,12.9
1.301801347732544,0.6132598847150803,9.156727820634844e-06,2022.4838629364965,114999999.99999997,0.00031100000000000013,13.93
1.4954430459067227,0.6900149524211884,4.712496012449265e-06,1114.8181855678556,200000000.0,0.000565,8.86
1.5372195638716222,0.6537083297967912,5.220380321145059e-06,1060.5164915323255,198000000.00000003,0.00048399999999999995,8.79
1.2389678299427034,0.6917851746082306,9.953369468450547e-06,700.0615000724791,307000000.0,0.0008929999999999999,11.38
1.6111611127853396,0.7484332345426083,2.9369703531265263e-06,1345.8639308810232,155000000.0,0.00062,8.75
1.4786093518137933,0.702649323642254,9.177923023700716e-06,1255.7440921664236,205999999.99999997,0.00101,13.98
1.4869886241853238,0.6997386932373048,7.3752516955137265e-06,1494.7897121310232,170999999.99999997,0.000792,13.579999999999998
1.4672339625656605,0.8601325929164887,3.1367341876029972e-06,1495.400249958038,178000000.00000003,0.0008669999999999999,7.95
1.4792582072317602,0.7209611535072328,5.4292539060115825e-06,1570.3311860561369,153999999.99999997,0.0007129999999999999,12.66
1.5382612332701684,0.6592195361852646,7.8472218811512e-06,2663.2973104715343,106000000.00000003,0.0005279999999999999,15.86
1.528985993564129,0.7743689127266408,4.081190466880799e-06,1537.0050370693205,156000000.0,0.0008189999999999998,11.31
1.3046857059001924,0.6790043950080872,9.140121549367905e-06,2030.9360623359678,140000000.0,0.00057,15.26
1.5352512180805207,0.7159503601491451,6.46867285296321e-06,1710.9872931614516,152999999.99999997,0.000816,13.92
1.4853620398789646,0.6724001437425614,6.650855891406537e-06,1277.231454849243,183000000.0,0.00062,11.56
1.458417069911957,0.6659155100584031,8.900400817394259e-06,1677.8465285897253,156000000.0,0.000646,14.349999999999998
1.4055923581123353,0.7099350303411485,8.987050205469133e-06,641.2412524223326,346000000.0,0.00119,10.29
1.4369589105248453,0.6432964324951173,7.657850056886673e-06,2499.4873553514476,103999999.99999999,0.00040899999999999997,14.98
1.2825652062892916,0.6630713850259782,9.579071432352068e-06,2194.2064836621284,125000000.00000001,0.00047099999999999996,15.58
1.3193351626396181,0.6523268938064576,8.413494229316713e-06,2046.051651239395,126000000.00000001,0.00042899999999999997,14.39
1.5117620889097454,0.6753222227096558,4.930120110511781e-06,2134.4790905714035,111999999.99999999,0.00045099999999999996,13.1
1.5774001747369768,0.7839837960898877,8.825182974338532e-06,1934.7862824797628,534000000.0,0.00122,3.52
1.461584195494652,0.673092931509018,3.316195487976075e-06,2890.9335583448405,77300000.0,0.00029,12.68
1.3421304345130922,0.7579132832586766,9.80018797516823e-06,602.3168861865996,363000000.0,0.0015600000000000002,11.38
1.2597394824028016,0.6011360317468644,9.550828337669374e-06,2209.9127918481827,105000000.00000003,0.0002599999999999999,14.0
1.4420186698436739,0.6201185882091522,8.77918976545334e-06,2890.6311392784114,92099999.99999999,0.00035600000000000003,15.78
1.6449845910072327,0.6381701141595841,7.530941799283029e-06,2896.4124172925945,94999999.99999999,0.00048399999999999995,15.95
1.4626306146383288,0.7971150040626527,4.267643541097642e-06,1170.390762388706,205999999.99999997,0.0009220000000000002,9.46
1.5461660340428354,0.6633421808481217,8.863341808319094e-06,1715.8466968685386,151999999.99999997,0.00071,14.77
1.404195633530617,0.7905649781227112,3.521116733551026e-06,684.2706650495528,354000000.0,0.000726,2.63
1.5484729036688807,0.6259358882904054,3.1651337444782263e-06,461.88998222351063,342000000.0,0.0002959999999999998,0.030000000000000145
1.4203941375017168,0.6730732440948487,3.4496694207191473e-06,2587.653204798698,84000000.0,0.00029200000000000005,12.31
1.5978193134069445,0.7560276836156846,6.528928034007551e-06,1363.518714904785,195000000.0,0.00117,12.95
1.578540560603142,0.7542968831956387,3.0038443803787237e-06,1032.6169729232786,194000000.0,0.0006540000000000001,7.029999999999999
1.6475892931222917,0.6613406270742417,6.88044035062194e-06,2830.548763275146,98400000.00000003,0.0005479999999999999,15.98
1.4759692847728731,0.8289245367050172,6.117054350674154e-06,746.6201037168502,402000000.0,0.00154,6.76
1.5464613899588586,0.7603895254433156,2.926148176193238e-06,2809.1084510087962,85499999.99999999,0.000534,13.55
1.4408129900693896,0.725430976599455,8.503939390182497e-06,622.7682828903197,400000000.0,0.00128,8.72
1.2992283582687378,0.6061505377292633,4.667012035846711e-06,890.5888646841048,200000000.0,0.00018800000000000012,4.82
1.463970556855202,0.7350432258099319,3.012690961360932e-06,2468.469768762588,91100000.0,0.0004249999999999999,12.35
1.6981558978557587,0.5949056804180146,3.0331829190254216e-06,1935.650549829006,98100000.0,0.0002,8.29
1.613917511701584,0.7913719385862351,2.9929074645042427e-06,2333.997406065464,102000000.0,0.000699,12.61
1.6884218394756318,0.6981768831610681,7.134218350052835e-06,2128.918871283531,132999999.99999997,0.0008589999999999998,15.470000000000002
1.6105418086051941,0.6696808129549027,7.71444295346737e-06,1898.066086694598,137000000.0,0.0007070000000000001,14.91
1.3907121151685715,0.7778975687921048,3.018969684839249e-06,1921.7271283268926,114999999.99999997,0.0005509999999999998,11.31
1.5246953666210177,0.6347054153680802,4.413868516683579e-06,1750.570863485336,116999999.99999997,0.0003129999999999999,10.72
1.4326313003897668,0.6298785835504532,6.078672740608455e-06,1406.6866710782049,149999999.99999997,0.0003640000000000001,10.85
1.5395817920565606,0.8442537367343903,8.251601964235307e-06,585.7768952846526,413000000.0,0.00248,9.71
1.7144345641136172,0.7189115032553673,9.759280830621721e-06,1544.8713600635526,187999999.99999997,0.00134,15.66
1.6008734196424486,0.7192656911909581,6.156552109867335e-06,2044.0778806805608,133999999.99999997,0.0008139999999999999,14.68
1.598154053092003,0.6538706302642823,8.23295782506466e-06,1919.4087311625478,133999999.99999997,0.000635,14.89
1.7134908378124238,0.8030686318874359,6.03549149632454e-06,1316.5605366230009,202000000.0,0.00157,12.88
1.772459399700165,0.8021187990903855,3.048790127038956e-06,2657.855629920959,94200000.00000001,0.00082,13.49
1.444064971804619,0.62868390083313,5.285433650016786e-06,1769.6737702935932,119000000.0,0.0003039999999999999,11.37
1.587471002340317,0.6724800378084184,8.604836642742157e-06,1707.8922474756835,153999999.99999997,0.000794,14.93
1.5313806787133217,0.7781303308904172,6.523421021178366e-06,1334.3363180756567,399000000.0,0.00109,5.39
1.5944733917713168,0.7144160449504853,3.1070944070816044e-06,866.3444519042968,231000000.0,0.0005440000000000001,5.250000000000001
1.6036274760961533,0.7227961756289006,6.233665205538274e-06,1969.6090668439863,139000000.0,0.0008499999999999998,14.58
1.3543238818645478,0.6233416557312013,8.215482041239739e-06,1425.0002726912496,156000000.0,0.00038299999999999993,11.91
1.4402324080467226,0.6729587227106095,4.404811650514603e-06,646.3200151920317,352000000.0,0.0004430000000000001,2.5
1.4935356287285686,0.7304714553058148,4.136447280645371e-06,1271.0872963070867,184000000.0,0.000651,9.29
1.6127531111240387,0.7927956908941269,4.404474318027497e-06,1506.626449525356,165000000.0,0.0010500000000000002,11.78
1.3094321072101593,0.6132986694574356,7.491027668118478e-06,1828.9870787411926,118000000.00000001,0.0002760000000000001,12.47
1.5570942834019663,0.8136812031269074,6.264176167547704e-06,907.2287678718566,278000000.0,0.00162,10.44
1.2332605004310608,0.6521661400794984,8.991234421730043e-06,1764.5994964987037,138000000.0,0.00041799999999999997,14.23
1.5276019468903543,0.8210961699485779,2.993392705917359e-06,1044.1863089799879,181000000.00000003,0.0008470000000000002,8.22
1.4392044782638551,0.6456220418214799,8.674639225006105e-06,1389.0084922313688,174000000.0,0.0005499999999999999,12.59
1.7320114195346834,0.6884459853172303,7.096651256084443e-06,2448.258206248283,118000000.00000001,0.000794,16.07
1.3357763886451723,0.7440544724464417,3.1038698256015782e-06,2466.931745409965,91199999.99999999,0.0004,12.66
1.5679089277982714,0.7374389793723822,8.318042486906053e-06,1205.2954286336897,223000000.0,0.00128,13.49
1.338607031106949,0.8636440783739091,2.9870403409004216e-06,2423.5292077064514,206999999.99999997,0.0006529999999999999,4.64
1.567800007760525,0.6374796599149705,7.021931692957879e-06,2146.0171714425087,112999999.99999999,0.00045099999999999996,14.21
1.429083698987961,0.6521106809377671,8.722429037094118e-06,1473.0610623955724,168000000.0,0.000565,13.07
1.790130436420441,0.7441003069281579,8.749557912349702e-06,1709.8131049424408,179000000.00000003,0.00148,15.69
1.4903282526880504,0.6348264813423158,6.609782792627812e-06,2719.0772742033,92599999.99999999,0.00035899999999999994,14.79
1.240252822637558,0.8488505691289903,3.1857575476169592e-06,2440.2182847261424,225999999.99999997,0.0005549999999999999,3.7
1.3514228761196139,0.7169368855655194,3.450704783201218e-06,1954.4077590107916,110000000.0,0.00038400000000000006,11.21
1.4612879142165185,0.5987365365028382,2.9318884611129766e-06,2898.348525166511,67499999.99999999,0.00011800000000000008,9.67
1.5812494128942491,0.7328989136964084,8.347701460123063e-06,1288.052678108215,211000000.0,0.00124,13.85
1.5956767469644548,0.6561681926250459,8.11304144561291e-06,1837.8673512488601,138000000.0,0.000648,14.69
1.491371474415064,0.6367410600185395,6.060455143451692e-06,2361.2130358815193,100000000.0,0.000354,13.78
1.6596293807029725,0.8833538353443147,6.616445213556291e-06,1305.3093776106832,565000000.0,0.00184,2.1200000000000006
1.633034420013428,0.7929113745689392,7.953202381730081e-06,919.6001589298247,284000000.0,0.00191,12.22
1.371608465909958,0.7224538564682007,9.77187603712082e-06,1036.026209592819,242000000.0,0.00113,13.66
1.6299561381340029,0.8467920005321503,6.269769378006459e-06,1935.5331659317014,560000000.0,0.00127,0.2400000000000002
1.6913383126258852,0.7000265747308732,9.121335655450823e-06,1719.9854664504526,166000000.0,0.00109,15.62
1.737305635213852,0.8908237516880037,7.71787740290165e-06,648.4061032533644,359000000.0,0.0031800000000000005,10.78
1.6811791062355044,0.6620651990175248,3.041356712579728e-06,2077.873043715954,101000000.0,0.000352,10.56
1.6386191815137865,0.6807657301425935,8.434938102960589e-06,1816.0236831754444,149999999.99999997,0.000863,15.3
1.6066088050603868,0.6469999194145203,7.676732853055e-06,1949.1784572601316,127000000.00000001,0.000567,14.509999999999998
1.639408886432648,0.8707610070705415,3.430342167615891e-06,1309.2194050550459,328000000.0,0.00121,3.37
1.5788377046585085,0.6515338361263275,8.370567679405214e-06,1881.5835397690532,136000000.0,0.000617,14.74
1.6845393240451814,0.8569416135549546,4.117283999919892e-06,1345.0793102383611,184000000.0,0.00143,10.83
1.4445219933986666,0.628928303718567,4.524391323328019e-06,2409.1903418302536,89500000.00000001,0.00025000000000000006,12.25
1.603290268778801,0.881467366218567,4.449712336063386e-06,2215.3169214725494,408000000.0,0.00106,0.38999999999999996
1.5785311192274094,0.681880608201027,6.525809403508902e-06,2082.356169819832,124000000.00000003,0.000636,14.63
1.6623686850070956,0.6819700598716737,9.450092136859895e-06,1869.2918699234722,152999999.99999997,0.0009329999999999999,15.87
1.4057532817125322,0.6330592900514603,7.452491760253907e-06,830.565571784973,272000000.0,0.00046800000000000005,7.53
1.5233354195952418,0.6546648055315019,6.2002121284604085e-06,1536.489214748144,148000000.0,0.0005030000000000001,12.14
1.4395005986094476,0.685608172416687,8.558432877063752e-06,675.3660291433333,336000000.0,0.000972,9.47
1.6072918921709063,0.6479899048805238,5.861590236425401e-06,2839.6929353475566,90900000.00000001,0.0004210000000000001,15.0
1.543207870423794,0.844121351838112,3.0390185415744788e-06,1216.4483144879339,170999999.99999997,0.0009610000000000002,9.01
1.5008165162522347,0.7577845372259617,6.567858122289182e-06,866.1726415157317,320000000.0,0.00115,8.68
1.2412465631961824,0.8298314094543457,3.6650844812393196e-06,2370.8641454577446,276000000.0,0.000589,2.8999999999999995
1.4814438197761775,0.6385901391506196,7.80893287062645e-06,1950.9549736976621,125000000.00000001,0.00045099999999999996,13.94
1.4933711506426335,0.7948011964559556,6.873901013284923e-06,761.0302716493605,394000000.0,0.00146,7.6
1.388584837317467,0.6597975343465806,8.265093803405762e-06,2101.877883076668,127000000.00000001,0.000488,14.59
1.4745122574269773,0.7926043778657914,4.218132436275483e-06,1244.1616803407667,191000000.0,0.000901,10.020000000000001
1.759457588195801,0.7910880088806153,3.8360169231891635e-06,2380.03733754158,111000000.0,0.0009369999999999999,13.83
1.4559100136160852,0.694525757431984,5.793099746108056e-06,1270.4223692417143,182000000.0,0.0006400000000000002,11.22
1.5356449216604233,0.8672066777944566,5.1817833930253994e-06,703.3154666423796,334000000.0,0.0018,7.79
1.5427511259913447,0.5949352383613586,2.9874187707901006e-06,2241.318106651306,85100000.00000003,0.000145,8.46
1.4302682742476465,0.6886968880891801,8.540596395730974e-06,896.1702436208724,267000000.0,0.0009070000000000001,11.14
1.4858550410717728,0.8032299131155015,4.885709568858147e-06,1027.1802842617033,237000000.0,0.00112,9.46
1.564394295215607,0.7076498284935951,7.119381979107858e-06,1776.5767518430946,151999999.99999997,0.0008459999999999997,14.52
1.3119007229804993,0.6124510645866394,7.4807234853506096e-06,897.982820868492,215000000.00000003,0.00032999999999999994,8.35
1.545276112854481,0.5944877028465272,2.9836277961730964e-06,2141.167998313904,88399999.99999999,0.00014700000000000002,8.18
1.5758078992366793,0.8466554671525955,5.416564613580705e-06,1925.7618412375448,422000000.0,0.00111,2.3600000000000008
1.398879173398018,0.7796454884111882,9.082190275192262e-06,541.5610522031783,412000000.0,0.00176,9.95
1.503391786850989,0.637567663192749,4.3885001540184026e-06,2797.9369014501567,80799999.99999999,0.00027299999999999997,13.19
1.4374319314956667,0.7404882229864598,8.61058443784714e-06,757.7371150255202,320000000.0,0.00135,10.99
1.532695846259594,0.8483343690633774,7.959247663617134e-06,594.2341983318328,410000000.0,0.00242,9.43
1.7494125187397005,0.8953921258449555,4.9469351023435605e-06,669.2006736993789,339000000.0,0.00232,7.77
1.6259430438280107,0.6928862974047661,9.893008857965471e-06,2237.0985448360443,143000000.00000003,0.0008960000000000001,16.55
1.4783526778221132,0.7061241745948792,7.681046515703202e-06,867.3337399959563,294000000.0,0.000967,9.88
1.5522921815514565,0.6409953296184541,7.762770995497705e-06,2086.226224899292,120000000.0,0.0004939999999999999,14.509999999999998
1.669897609949112,0.6789915561676027,7.342508643865586e-06,2492.3139363527293,114999999.99999997,0.0007049999999999998,16.06
1.6177897810935975,0.7279313698410989,7.611334159970285e-06,1595.5513082444666,175000000.0,0.00109,14.46
1.6079176068305971,0.800799509882927,9.839633971452714e-06,631.5792649984359,378000000.0,0.00253,11.91
1.4321750923991206,0.6435553908348084,8.207172229886057e-06,2601.1237055063243,103999999.99999999,0.00042899999999999997,15.51
1.4980261338874699,0.7073611736297608,6.993563115596772e-06,803.7177771329879,327000000.0,0.0009000000000000002,8.11
1.4909433491528035,0.6518868952989579,8.003910943865778e-06,905.7852178812026,255000000.0,0.000661,9.71
1.521108613908291,0.654037168622017,7.329478785395623e-06,1275.7773622870443,182000000.0,0.0005989999999999999,11.78
1.5407054319977762,0.7150828689336778,4.998889416456223e-06,2162.7395898103714,118000000.00000001,0.000633,13.98
1.5865206331014634,0.6504761248826981,6.611124299466611e-06,2749.6048361063,96399999.99999999,0.00046199999999999995,15.37
1.497593082021922,0.836320585012436,4.350070953369141e-06,1015.671819448471,250000000.0,0.00119,8.21
1.496256192494184,0.7147428341209889,8.922894656658173e-06,1184.9644333124158,219000000.0,0.00111,13.64
1.2580082058906557,0.66765655875206,9.492661118507387e-06,2022.9410305619238,133999999.99999997,0.0004910000000000001,15.25
1.7800410747528077,0.7536722123622895,9.881617158651353e-06,1327.2019773721693,220000000.0,0.00183,15.33
1.2892886996269228,0.6370603501796723,8.744588673114777e-06,2122.079014778137,115999999.99999997,0.0003600000000000001,14.56
1.7027176737785341,0.8847440242767335,3.0608024597167975e-06,843.2409465312957,289000000.0,0.0014,4.83
1.4365945637226105,0.64531167447567,7.649363651871683e-06,2390.784427523613,108000000.00000001,0.00041899999999999983,14.79
1.538086970150471,0.6455276370048524,4.550415158271791e-06,940.6865686178206,212000000.0,0.00040299999999999993,6.789999999999999
1.6434060752391817,0.665677759051323,4.91331085562706e-06,2928.987398743629,87200000.0,0.000444,14.85
1.6018014907836915,0.8260445326566697,8.455243766307832e-06,1314.1150698065755,546000000.0,0.00165,4.35
1.2718915700912476,0.6075667977333069,6.651381682604553e-06,2136.1121833324432,100000000.0,0.00020600000000000007,12.2
1.6550350427627565,0.8187099605798722,7.094197928905488e-06,922.7460920810698,280000000.0,0.00199,11.64
1.3972918689250948,0.6211975783109666,4.478329896926881e-06,2320.4523995518684,90199999.99999999,0.00021399999999999992,11.61
1.6254696965217592,0.6424859315156938,8.361825615167619e-06,2836.614057421684,101000000.0,0.0005279999999999999,16.28
1.4810866467654706,0.6851181596517564,7.651072740554811e-06,1459.1543301939962,170999999.99999997,0.000726,13.39
1.4051288902759553,0.7385654546320439,9.116743803024293e-06,702.5562524795531,328000000.0,0.00139,11.270000000000001
1.7569454669952393,0.6030717730522156,2.918925881385804e-06,731.5541356801986,251000000.0,0.0002669999999999999,1.4400000000000002
1.3431196331977846,0.615492868423462,3.6170009374618538e-06,1743.7277194112537,108000000.00000001,0.00016499999999999997,8.34
1.448480509221554,0.7744360618293286,7.132517501711846e-06,2354.432187974453,489000000.00000006,0.0008279999999999999,1.7300000000000004
1.640039321780205,0.8666292876005174,2.9902133941650396e-06,1340.4934778809545,161000000.00000003,0.00113,9.65
1.5397642314434052,0.8632590830326081,4.997885033488274e-06,785.3702008724212,297000000.0,0.0016800000000000003,8.42
1.4885337721556426,0.7698654480278493,7.394392549991609e-06,779.4915437698363,339000000.0,0.00139,9.53
1.5414997413754465,0.7123159021139146,6.3982677217572935e-06,1834.578776732087,144000000.00000003,0.0007800000000000001,14.21
1.5585711389780046,0.6451462984085083,4.3371390402317055e-06,2426.13922059536,91599999.99999999,0.00032500000000000004,12.67
1.577679294347763,0.6790821164846421,9.530947834253313e-06,1680.894514545798,163000000.0,0.0008809999999999998,15.36
1.4100695908069611,0.6187221676111222,4.56249362230301e-06,1271.4001089334486,149000000.0,0.0002449999999999999,8.09
1.4538472205400468,0.720129480957985,5.487756058573724e-06,1283.371403813362,183000000.0,0.000723,11.35
1.5308004364371302,0.6375878512859345,5.002842485904694e-06,1383.6302533745763,148000000.0,0.0003770000000000001,10.12
1.3088246762752533,0.6127192050218583,8.367124885320665e-06,2017.100967466831,111999999.99999999,0.00029,13.47
1.248300164937973,0.7880460619926454,3.1356404125690466e-06,1419.3224832415578,149000000.0,0.000545,9.51
1.6062469124794008,0.6802049160003663,8.693306416273119e-06,2393.4915959835052,127000000.00000001,0.000738,16.17
1.4687399737536908,0.7176055133342744,6.273003660142423e-06,1158.9121744036672,213000000.0,0.0008099999999999998,11.01
1.3210301935672761,0.699124825000763,9.953742474317552e-06,1688.5013245046136,167000000.0,0.0007399999999999999,15.3
1.5037971692159773,0.8036297410726548,4.1518293917179115e-06,1277.8408750891683,187999999.99999997,0.0009679999999999999,10.17
1.68814714550972,0.7766882412135602,4.049627244472504e-06,2128.3032670617104,121000000.0,0.0008830000000000001,13.41
1.2800231873989107,0.8571446746587754,3.084706962108613e-06,2417.19152033329,216000000.00000003,0.000604,4.2
1.4004527539014817,0.624466708302498,3.455296218395234e-06,2393.8595056533813,83200000.00000003,0.000176,10.46
1.6112020790576935,0.7401769168674946,5.329165667295457e-06,1924.5581626892088,136000000.0,0.0008470000000000002,13.93
1.4919463500380516,0.7248492166399957,2.9430139660835273e-06,2929.2457848787303,79500000.00000001,0.0004009999999999999,13.259999999999998
1.384634828567505,0.6216043621301651,4.669804155826569e-06,2759.895280003547,78899999.99999999,0.0002080000000000001,12.74
1.4239622801542284,0.7187490083277226,7.345896050333978e-06,1616.0281673073766,399000000.0,0.000732,4.71
1.7779688179492952,0.9061361610889436,5.144428253173829e-06,872.556447982788,268000000.0,0.00239,9.83
1.4731769509613515,0.6734872967004777,8.296826213598253e-06,2442.0198351144786,120000000.0,0.0005840000000000001,15.74
1.557006011903286,0.6548683851957322,4.686564385890962e-06,1332.4838429689405,157000000.0,0.0004379999999999999,9.860000000000001
1.585475814342499,0.6394244134426118,7.596772119402886e-06,1918.0880039930341,126000000.00000001,0.000512,14.12
1.4890334006398918,0.7272872708737851,7.613977119326593e-06,782.3275327682494,338000000.0,0.00113,9.12
1.477754567563534,0.6962479278445245,5.0458282828331e-06,1905.634833499789,127000000.00000001,0.0005440000000000001,13.0
1.3887844115495682,0.6194058269262315,5.729277148842812e-06,989.8782819509505,193000000.0,0.00031899999999999995,8.02
1.4831633627414704,0.7226279497146607,4.124600797891618e-06,1073.829188942909,239000000.0,0.000609,6.49
1.5690864577889443,0.6456669330596925,4.264056593179703e-06,1483.1708669662473,136000000.0,0.00037199999999999993,9.890000000000002
1.6277540981769563,0.5939161956310273,2.951212167739869e-06,1166.1201268434522,150999999.99999997,0.000187,4.55
1.5568475022912027,0.6629052758216859,6.142866857349873e-06,2100.218340754509,116999999.99999997,0.0005090000000000001,13.95
1.2863804876804352,0.6108447164297104,3.6333823204040534e-06,1840.2323890477417,102000000.0,0.00013899999999999994,8.27
1.6879922568798067,0.8869169890880586,7.325513929128648e-06,600.5861163139342,413000000.0,0.00293,8.9
1.5013737675268204,0.7168947212398052,4.51943063735962e-06,1859.3256380409,128000000.0,0.0005939999999999999,12.66
1.5447971507906915,0.6424890071153642,4.390744239091874e-06,2592.8064733743663,86599999.99999997,0.00030899999999999987,13.02
1.4720342472195627,0.794963836669922,3.368741750717164e-06,793.5040742158889,302000000.0,0.0007950000000000001,4.07
1.529603970050812,0.6692287176847459,8.877298653125764e-06,1592.6636308431623,162000000.00000003,0.000752,14.54
1.4864456132054331,0.7588102452456952,4.312889903783799e-06,1131.338097155094,242000000.0,0.000774,7.36
1.5397790461778642,0.770666440576315,4.194575279951096e-06,1569.737263023853,152999999.99999997,0.0008269999999999999,11.67
1.4922296309843661,0.8213739752769471,3.226354688405991e-06,855.5888682603835,256000000.0,0.0008870000000000001,5.6
1.6812964618206026,0.8858238101005556,7.57871899008751e-06,1263.4992897510526,716000000.0,0.00198,0.1700000000000005
1.779924774169922,0.7518351204693318,5.072660088539124e-06,2736.716598272323,106000000.00000003,0.0008830000000000001,15.53
1.6348609864711763,0.6829844713211061,6.630979482084514e-06,2195.3403502702713,121000000.0,0.0006850000000000001,15.1
1.6310936093330384,0.7655563451349736,5.128260701894761e-06,1640.5183188617227,156000000.0,0.00101,13.03
1.487988777458668,0.6366165786981584,7.926378294825556e-06,1721.8585377559064,138000000.0,0.00047000000000000004,13.36
1.7915211975574494,0.7451263211667538,6.894386295229197e-06,2166.9686138629913,142000000.00000003,0.00118,15.69
1.7343560278415682,0.7928527414798737,4.626899302005768e-06,1836.7489818483589,142000000.00000003,0.00115,13.45
1.4745543859899046,0.7738735534250737,4.544203817844391e-06,1047.189489006996,272000000.0,0.0008589999999999998,6.89
1.5208266243338586,0.7518817685544491,6.431785887107254e-06,1195.863291621208,216000000.00000003,0.0010800000000000002,11.85
1.5245038524270058,0.6414994597434999,7.410922989249231e-06,2721.499159932136,98000000.00000001,0.000433,15.41
1.477305492013693,0.7889936774969102,8.710868984460832e-06,1160.9624624252317,457000000.0,0.0014399999999999999,6.81
1.6154586195945742,0.6407215476036072,7.65411999821663e-06,2843.937531113624,97100000.00000001,0.00048700000000000013,15.919999999999998
1.360339978337288,0.640357929468155,8.423852860927584e-06,2526.6019552946086,103999999.99999999,0.0003860000000000001,15.39
1.6839292466640474,0.6602543860673905,3.0271820724010474e-06,2338.8208374381065,90800000.00000003,0.0003400000000000001,11.31
1.4605115577578547,0.7928520351648332,4.23560655117035e-06,1183.1100210547445,204000000.0,0.0008920000000000001,9.42
1.282929700613022,0.6117717862129212,3.602165192365647e-06,1651.0805319994686,111999999.99999999,0.0001420000000000001,7.57
1.430058190226555,0.6775621712207794,3.291546225547791e-06,1086.4828079938886,171999999.99999997,0.00035899999999999994,6.97
1.4963287392631175,0.689119702577591,4.660441875457764e-06,1191.9498369097707,185000000.0,0.0005530000000000001,9.45
1.4837760787457228,0.7698632575571538,7.58884783089161e-06,755.3939074277877,345000000.0,0.00143,9.64
1.4571754440665246,0.6753680437803269,8.289021879434587e-06,792.6993370056151,295000000.0,0.000842,9.81
1.6196522176265717,0.7755380652844907,7.131351545453073e-06,1153.3621996641157,232000000.0,0.00148,12.61
1.4986138151027264,0.7503748677670956,3.998243182897568e-06,1453.3134475350378,162000000.00000003,0.000697,10.43
1.3351346254348757,0.6034462183713913,2.925711333751679e-06,2231.0872301459312,83099999.99999999,0.00010599999999999995,7.66
1.574555352330208,0.7561798743903637,4.12829476594925e-06,1860.2528255432842,130999999.99999999,0.000748,12.56
1.4647979825735093,0.8422102421522141,6.237666934728624e-06,666.3894206285476,391000000.0,0.00173,7.59
1.5538939073681832,0.7725232042372228,9.011922687292101e-06,2115.460589528084,578000000.0,0.0010800000000000002,2.27
1.6797832131385804,0.7271078288555146,4.0854865014553075e-06,2817.230328917503,92800000.00000001,0.000627,14.79
1.5997682869434358,0.8541412264108659,6.101816967129708e-06,800.8223325014113,300000000.0,0.00201,10.06
1.491752200573683,0.7684872709214688,6.4471954703331005e-06,913.2691025733947,291000000.0,0.00119,9.53
1.4483062729239464,0.6946076631546021,8.144233122467995e-06,1006.8363994359969,245000000.00000003,0.0008839999999999999,11.47
1.578045576810837,0.831609320640564,7.442647054791452e-06,1448.0939432978628,464000000.0,0.00154,5.07
1.7815848112106325,0.8452460646629334,4.8083213865757e-06,1459.0593725442884,175000000.0,0.00163,12.56
1.6934341907501222,0.8846643626689912,3.0315730273723608e-06,711.9071781635283,308000000.0,0.00143,4.480000000000001
1.3412132978439333,0.6110064268112183,5.5357925593853e-06,775.9364247322081,229000000.0,0.00026399999999999997,5.71
1.605703952908516,0.7214439690113068,8.89660441875458e-06,1397.2629159688947,198000000.00000003,0.00121,14.58
1.5804407805204392,0.8572199195623399,3.0148843526840216e-06,994.4672435522078,201000000.0,0.0010800000000000002,7.78
1.4979335816111417,0.6401641219854356,7.795226886868479e-06,1083.9858949184415,208999999.99999997,0.0005570000000000002,10.52
1.4663543052971364,0.627258136868477,4.411204487085343e-06,1668.4623919427393,120000000.0,0.0002689999999999999,10.050000000000002
1.506297533400357,0.6353454351425172,5.264005839824678e-06,1770.677978172898,121000000.0,0.00034799999999999995,11.66
1.465542320162058,0.6258144557476044,4.44852551817894e-06,699.3340998888015,257000000.0,0.0003129999999999999,4.36
1.329586672782898,0.8687939375638962,3.077087670564652e-06,2518.969729542732,251999999.99999997,0.000618,1.9600000000000002
1.6588648438453675,0.8596799433231355,6.164630617946387e-06,853.0840575695037,285000000.0,0.00214,10.6
1.5471061170101168,0.6446933537721634,6.032561898231507e-06,1795.8865519613025,127000000.00000001,0.00044199999999999996,12.69
1.7310039460659028,0.8415424793958665,4.0773344039917e-06,1574.4063183665273,159000000.00000003,0.00134,11.89
1.5623484045267106,0.6401476174592973,4.45024597644806e-06,1940.8563449978826,109000000.00000001,0.0003380000000000001,11.52
1.4273257166147233,0.8148013293743134,3.064815610647202e-06,1476.9936278462408,147000000.0,0.0007399999999999999,9.94
1.4068473279476168,0.6239752560853958,3.4424696564674382e-06,899.6755182743071,199000000.00000003,0.00021399999999999992,4.14
1.3328956246376038,0.6276984930038453,9.21238246560097e-06,866.8818622827529,250000000.0,0.000486,9.55
1.476060897856951,0.6730573922395707,6.368969850242139e-06,869.9048608541488,271000000.0,0.0006339999999999999,8.01
1.6253697127103808,0.8652250081300736,2.937853634357453e-06,1315.1035755872724,158000000.0,0.00109,9.64
1.7345169603824617,0.8902080416679383,2.9644839167594915e-06,881.8874061107634,218000000.00000003,0.00145,7.36
1.277632248401642,0.6117399841547013,3.620974242687226e-06,1457.3609754443166,125000000.00000001,0.0001440000000000001,6.76
1.4914949951693417,0.7101792812347413,6.467322193086149e-06,857.7598184347152,304000000.0,0.0008399999999999999,8.05
1.4843128446489573,0.7130646765232087,4.374161750078202e-06,1475.7059812545774,153999999.99999997,0.0005899999999999999,10.98
1.4698389597237111,0.7144093304872513,6.67334008216858e-06,1303.8886263966558,192000000.0,0.000822,12.29
1.5867412626743318,0.6572334498167038,5.111262023448945e-06,2539.505466818809,95200000.00000001,0.00041899999999999983,14.08
1.6323338091373445,0.7687592782080174,9.872358769178392e-06,839.9201482534407,300000000.0,0.00202,13.27
1.7607243061065676,0.7573285885155202,4.063153713941575e-06,2839.2398655414577,95099999.99999997,0.0007680000000000001,14.94
1.4961330564692619,0.635954573750496,5.263711795210839e-06,1107.2538346052168,181000000.00000003,0.00039199999999999993,8.89
1.4794161759316922,0.6258685022592545,3.563259512186051e-06,1272.530250251293,146000000.0,0.00023700000000000004,7.04
1.6888432502746584,0.8854900717735291,4.15340006351471e-06,1145.3171372413633,211000000.0,0.00164,9.87
1.5669252678751946,0.7821291111409665,2.9844418168067936e-06,2240.9344762563705,103999999.99999999,0.000646,12.29
1.269093453884125,0.6067026436328888,6.581855725497008e-06,2698.8403052091594,83400000.0,0.00019199999999999992,13.32
1.6158854842185975,0.6509370267391206,5.883762493729592e-06,2558.0164343118663,97899999.99999999,0.00045999999999999996,14.75
1.5996604174375535,0.7434485502541066,2.8755470514297493e-06,2741.427525877952,85200000.00000001,0.0005039999999999999,13.15
1.7255278408527375,0.7974741786718369,6.036947533488275e-06,1396.2512761354444,192000000.0,0.00152,13.23
1.57229869812727,0.735260208696127,4.225074142217637e-06,2120.064005255699,115999999.99999997,0.000651,13.28
1.6038697868585587,0.725036794692278,7.324848651885987e-06,1645.8190251141784,168000000.0,0.00102,14.41
1.7516378402709962,0.8471273481845857,4.691219449043275e-06,1389.3771842122076,181000000.00000003,0.0015900000000000003,12.05
1.7272886574268342,0.7344885528087617,5.034168094396592e-06,2713.520780205726,103999999.99999999,0.000779,15.39
1.7774564266204835,0.8074488759040833,5.975003838539125e-06,1476.3709083199499,183000000.0,0.00162,13.64
1.3776586264371873,0.6332622885704041,8.606553554534913e-06,2660.9516441822047,99100000.0,0.000374,15.64
1.6270086944103241,0.5941567361354828,2.9394403696060186e-06,1068.912327289581,163000000.0,0.000189,3.939999999999999
1.382821297645569,0.6212474942207337,4.690365165472032e-06,2575.7663995027538,83400000.0,0.0002119999999999999,12.39
1.4507509008049966,0.6299811512231828,5.4760028272867214e-06,925.155684351921,212000000.0,0.000376,7.63
1.4819754939526322,0.6933910310268403,7.205995485186578e-06,961.3853991031646,259000000.0,0.000813,9.97
1.5354731798171999,0.6671776860952378,8.725523024797441e-06,2076.725095510483,134999999.99999997,0.0006649999999999999,15.4
1.3881575703620912,0.6271522790193559,3.3103279471397407e-06,1269.6184888482092,143000000.00000003,0.00019900000000000012,6.39
1.2940444707870484,0.7410180509090424,3.2954337894916542e-06,679.455131292343,297000000.0,0.00047900000000000004,3.38
1.7292276978492738,0.7442613042891026,9.902060717344285e-06,1307.2930574417112,219000000.0,0.00167,15.18
1.314713215827942,0.6121551096439362,7.48787558078766e-06,728.2364666461943,266000000.0,0.0003439999999999999,6.75
1.400355049967766,0.6883645400404931,3.175008803606034e-06,704.4164389371871,256000000.0,0.00038200000000000007,3.7899999999999996
1.5518177658319474,0.6437303066253662,5.228560164570809e-06,1390.444368124008,150999999.99999997,0.000424,10.58
1.5073990512639286,0.8128550916910172,6.793617237359286e-06,980.0111055374144,418000000.0,0.0014399999999999999,6.34
1.581780454516411,0.6982785835862161,3.2278193831443792e-06,680.5151998996733,296000000.0,0.000501,3.0099999999999993
1.4706716135144235,0.7136682987213135,7.22247450053692e-06,1238.2434234023092,205000000.0,0.0008809999999999998,12.36
1.7358474969863893,0.7934843659400941,6.024563655257226e-06,1467.0137241482732,184000000.0,0.00148,13.5
1.5302447877824308,0.7775492168962956,7.274951189756394e-06,931.9967329502105,280000000.0,0.00148,11.19
1.4902613148093224,0.6571106404066086,8.318053543567658e-06,2094.151556491852,128000000.0,0.000552,14.89
1.5850650608539583,0.8575157672166825,3.204212367534638e-06,1041.8215692043302,248000000.0,0.0010699999999999998,5.7
1.5498312637209894,0.8464782893657685,3.06141808629036e-06,922.1224784851073,215000000.00000003,0.00101,7.14
1.4681071534752848,0.6287231236696244,3.4081937968730934e-06,696.0159093141555,251999999.99999997,0.000257,2.76
1.4583551913499833,0.6763788163661958,8.239740565419198e-06,901.3671725988387,264000000.00000003,0.0008149999999999999,10.57
1.531703916192055,0.6372246265411378,5.03755956888199e-06,1570.6274583935735,132999999.99999997,0.000365,10.88
1.2740809321403506,0.6064444363117218,5.7745967358350765e-06,1570.2767595648763,126000000.00000001,0.00019900000000000012,9.67
1.5147858135402203,0.7449238680303097,3.989795267581941e-06,1627.5660432875154,145000000.0,0.0006720000000000001,11.26
1.5677658990025523,0.6394408822059632,6.118742525577546e-06,2160.7794910669327,109000000.00000001,0.0004139999999999999,13.63
1.6143917351961137,0.6843466445803643,8.882425397634508e-06,2485.4009896516795,126000000.00000001,0.0007529999999999999,16.38
1.7875388681888582,0.8035007715225221,5.9684541746974e-06,1553.843908011913,176000000.0,0.00158,13.89
1.4923107001930476,0.6358105033636093,7.085119888186456e-06,1427.0052611827848,157000000.0,0.00045999999999999996,11.85
1.6908882200717927,0.7805901221930981,6.067914191633464e-06,1455.442115664482,185000000.0,0.00135,13.31
1.6418952494859698,0.6866573184728623,8.330307453870775e-06,1807.7763654291628,151999999.99999997,0.000895,15.279999999999998
1.6394781410694124,0.8270642012357713,3.8157456815242776e-06,1565.301466733217,162000000.00000003,0.00111,10.98
1.4725803673267366,0.627938997745514,4.4680292606353764e-06,1371.2187781929968,142000000.00000003,0.00028900000000000014,9.0
1.4853122480213643,0.6855057567358017,7.081395357847215e-06,867.7383810281752,284000000.0,0.0007719999999999999,8.88
1.3756183415651322,0.640446236729622,8.646329790353776e-06,1502.33219563961,161000000.00000003,0.00047099999999999996,12.68
1.4438995599746705,0.7598872773349286,8.673123836517336e-06,670.4510301351546,352000000.0,0.0015600000000000002,10.660000000000002
1.278352564573288,0.6073531061410904,5.715601310133935e-06,1766.642156988382,113999999.99999999,0.00019399999999999995,10.340000000000002
1.5296540446579459,0.6228309094905854,8.776471704244614e-06,2906.2702804803844,93900000.0,0.00040299999999999993,16.0
1.623200422525406,0.6690543651580811,7.731998845934868e-06,1939.1205832362173,134999999.99999997,0.0007110000000000002,15.04
1.6803989946842195,0.6602442473173142,3.023080468177796e-06,2426.6266375780106,87899999.99999999,0.00033600000000000004,11.54
1.3807745307683945,0.8308176755905152,3.2609184384346013e-06,2148.3182460069656,152999999.99999997,0.000655,8.54
1.4519870236516,0.6844141691923142,9.279377907514574e-06,2214.5173996686935,137000000.0,0.0006840000000000003,15.87
1.5531723886728288,0.6600132107734681,4.299972593784333e-06,1969.4513753056524,111000000.0,0.00038299999999999993,11.77
1.5699003115296366,0.8491308063268662,4.233154892921449e-06,1053.0034750699995,320000000.0,0.00125,5.35
1.4934105539694429,0.7077008262276651,4.423854559659958e-06,1830.5701222270725,128000000.0,0.0005479999999999999,12.29
1.4432123512029649,0.627077454328537,5.302197843790055e-06,910.4276001453399,211000000.0,0.0003530000000000001,7.29
1.4750628501176835,0.8113947898149491,5.7286091595888145e-06,2252.004362642765,472000000.00000006,0.0008979999999999999,0.9099999999999999
1.6027761787176134,0.6579181104898454,3.0983583927154545e-06,1193.1501626968382,159000000.00000003,0.00034999999999999994,6.89
1.4888700306415559,0.7813705511391164,6.0906561017036445e-06,901.1347889900206,291000000.0,0.00122,9.23
1.3073664486408234,0.6334072530269623,8.905923932790757e-06,1526.2930579483507,152999999.99999997,0.0004119999999999999,12.91
1.523281913995743,0.6526981920003891,3.152253150939942e-06,1582.0373333990572,123000000.00000003,0.00029200000000000005,8.52
1.290737682580948,0.6364945918321611,8.72121322154999e-06,2299.458973109722,109000000.00000001,0.00034799999999999995,14.89
1.449236722290516,0.7982974827289582,8.358865141868593e-06,595.2691584825515,409000000.0,0.00185,9.46
1.489478223770857,0.6880610704421998,4.611038208007813e-06,1542.6094010472295,146000000.0,0.000512,11.21
1.574640190601349,0.8125253766775132,6.2552665583789355e-06,945.7415640354155,269000000.0,0.00162,10.71
1.737509322166443,0.7448603421449662,9.204997658729555e-06,1451.4184668660162,202000000.0,0.00155,15.19
1.286210507154465,0.6068383365869523,4.771406844258309e-06,1472.265526652336,129000000.0,0.00017399999999999997,8.19
1.521807110309601,0.6378397643566133,3.2310604453086858e-06,2588.510915637016,79700000.0,0.00022800000000000007,11.37
1.471388527750969,0.8175599098205567,7.582806199789048e-06,650.1369476318358,406000000.0,0.00184,8.65
1.501380942994729,0.8284860491752625,3.2607594728469856e-06,850.2836823463439,269000000.0,0.0009310000000000001,5.29
1.2737724959850312,0.6050707876682282,5.746506556868554e-06,1078.4586817026136,171999999.99999997,0.00021399999999999992,7.38
1.5652525618672373,0.6413765966892243,7.557058051228524e-06,2165.4662787914276,115999999.99999997,0.00049,14.63
1.5067091362550855,0.8000592291355134,2.9819718003273018e-06,1257.1105286478994,157000000.0,0.0007420000000000001,9.23
1.5459910556674006,0.8465558946132661,4.190952450037003e-06,1085.6327712535856,225999999.99999997,0.00127,9.04
1.361752286553383,0.7143153637647629,3.4212631881237037e-06,2312.5836178660393,95999999.99999999,0.0003640000000000001,12.13
1.465831681340933,0.6674877047538758,3.3364631831645973e-06,472.1793830394744,347000000.0,0.00039500000000000006,1.28
1.367739835381508,0.6219624191522599,6.90736410394311e-06,1400.8511528372762,150999999.99999997,0.00034200000000000013,11.09
1.6304448008537293,0.8751204550266267,5.3407321870327e-06,698.7336575984954,384000000.0,0.00207,6.789999999999999
1.5352533124387266,0.8619495481252671,5.432838454842568e-06,706.814557313919,396000000.0,0.00179,6.29
1.5319099277257922,0.7746252022683621,5.295760989189148e-06,1227.325230836868,202000000.0,0.00106,11.24
1.6432494252920151,0.837805849313736,3.055284976959229e-06,1744.950946420431,132999999.99999997,0.0009639999999999999,11.03
1.6792971432209016,0.7295573741197586,8.048699811100961e-06,1682.8906554728744,173000000.0,0.00119,15.04
1.511599710211158,0.6622748047113419,5.759458184242249e-06,1250.8657872676847,175000000.0,0.00053,10.7
1.5835707038640978,0.7318032614886761,2.998252630233765e-06,1716.6121276095507,124000000.00000003,0.0005250000000000001,10.31
1.5575054034590723,0.7367002800107003,9.284229695796967e-06,1067.4515664577482,247000000.0,0.00143,13.59
1.3505569338798524,0.6099335700273514,5.598860487341881e-06,438.46818804740894,349000000.0,0.000279,2.3799999999999994
1.4542151704430581,0.6600093573331833,3.404771655797959e-06,809.8835051059722,229000000.0,0.00033899999999999995,4.480000000000001
1.366097277402878,0.7778185598552227,6.583296950906516e-06,2485.9658926725383,491000000.00000006,0.0007179999999999999,0.5600000000000005
1.5027570873498919,0.7993469774723053,2.990979433059693e-06,1371.736332774162,148000000.0,0.00073,9.700000000000001
1.2550457775592805,0.6028409332036972,9.534301966428759e-06,2400.3326445817947,98799999.99999999,0.0002520000000000001,14.34
1.3685083597898484,0.5981211125850678,3.015439063310624e-06,968.8578099012374,175000000.0,0.00013899999999999994,2.37
1.5293649896979333,0.7946321815252305,6.225592721253634e-06,962.9981517791747,265000000.0,0.0014099999999999998,10.52
1.7454157769680025,0.7869143016636372,8.832070022821428e-06,1062.1740221977232,255000000.0,0.00208,13.83
1.7849561870098116,0.7433193840086461,5.938604682683945e-06,2507.551491260528,120000000.0,0.000987,15.69
1.6521811366081238,0.9070184469223024,9.913195818662644e-06,684.231549501419,971999999.9999999,0.00322,0.68
1.7906870663166048,0.7442602515220643,6.822501201182605e-06,2196.222238242626,140000000.0,0.00116,15.7
1.6458213955163956,0.6882662594318391,9.310258954763413e-06,2442.3035532236095,130999999.99999999,0.00082,16.53
1.471434111893177,0.7647313870489598,3.0987316071987157e-06,860.3655844926833,232999999.99999997,0.0006599999999999999,5.81
1.5919347524642946,0.6994334131479264,8.209967896342278e-06,1651.6837216913698,165000000.0,0.000939,14.82
1.3215922236442568,0.64818614423275,9.072246372699738e-06,2554.764851927757,106000000.00000003,0.00040600000000000006,15.9
1.288362801074982,0.6062430649995805,4.759104326367379e-06,1186.552748084068,156000000.0,0.00018099999999999993,6.77
1.548538649082184,0.7348346628248692,7.911954566836358e-06,1233.9072227478025,216000000.00000003,0.00118,13.259999999999998
1.7271600365638735,0.7372772622853518,5.119702324271203e-06,2654.995203018188,107000000.00000001,0.0008059999999999999,15.34
1.5548605978488923,0.6396964788436891,7.889960363507272e-06,1975.723125040531,125000000.00000001,0.0005030000000000001,14.31
1.407325440645218,0.797536638379097,3.2654420733451847e-06,849.7579693794249,279000000.0,0.0007550000000000001,4.72
1.4589880138635636,0.802305418252945,4.419761717319489e-06,1058.255463838577,246000000.0,0.000967,8.06
1.3664105772972108,0.6226889133453369,7.0850396752357496e-06,2609.1542392969127,91900000.00000001,0.00028399999999999996,14.32
1.3735728263854983,0.6393762946128846,8.792234957218171e-06,1301.756717264652,182000000.0,0.000493,11.92
1.6774063110351565,0.8998934626579286,2.9458311200141912e-06,1729.9143942072985,139000000.0,0.00116,10.35
1.4819985318928959,0.6497679412364961,7.502926409244539e-06,849.8090803623198,274000000.0,0.0006029999999999999,8.41
1.442900535464287,0.6442252814769746,9.174587458372118e-06,2750.209897756576,102000000.0,0.00044600000000000005,16.31
1.4745829604566099,0.7273091912269593,8.830877989530565e-06,1013.5247856378554,251000000.0,0.00123,12.83
1.511819137260318,0.6403333425521851,6.237841181457044e-06,1136.2867727875707,186999999.99999997,0.0004740000000000001,10.020000000000001
1.5582379102706911,0.786727610975504,7.99275477230549e-06,823.2743591070174,312000000.0,0.00181,11.41
1.2924370050430298,0.675981867313385,8.676480054855347e-06,2049.399644136429,136000000.0,0.0005239999999999999,14.96
1.5357083447277546,0.7134099572896958,9.368402808904649e-06,1249.9781623482702,212000000.0,0.00116,14.24
1.4846483733505011,0.6366906255483628,8.065543696284295e-06,1361.9350939989088,169999999.99999997,0.0005109999999999998,12.07
1.3803876221179963,0.673718672990799,8.343985795974732e-06,2284.585975110531,125000000.00000001,0.0005379999999999998,15.309999999999999
1.4761263817548753,0.7224371574819088,4.789044305682183e-06,979.9078404903411,270000000.0,0.0006830000000000001,6.66
1.467386430501938,0.7482315056025982,4.650081783533097e-06,1036.6498976945875,245000000.00000003,0.0007709999999999998,7.86
1.6415447741746905,0.7856810845434666,2.9554191231727605e-06,2512.8958672285075,95700000.00000001,0.0006800000000000002,13.03
1.638019707798958,0.8186250686645509,9.006419599056245e-06,668.9123362302779,369000000.0,0.0025799999999999994,11.44
1.649855786561966,0.7904445469379425,6.044941917061807e-06,1266.5484026074407,208999999.99999997,0.00142,12.38
1.732723277807236,0.8479412466287614,8.082168430089952e-06,757.8358352184295,329000000.0,0.0027300000000000002,11.6
1.4038028687238695,0.7100254967808725,3.0245005190372473e-06,889.546975493431,205999999.99999997,0.0004210000000000001,5.77
1.3206720471382143,0.6118193775415421,6.502390768378974e-06,975.0124365091323,193000000.0,0.00029,8.17
1.2563092589378357,0.6015772104263306,9.592380523681642e-06,2300.6891384720802,102000000.0,0.0002559999999999999,14.18
1.4760866045951844,0.7377433922141791,7.654532536864282e-06,986.3867163658141,263000000.00000003,0.00114,11.37
1.5063583452254534,0.7106057614088059,8.991072326898576e-06,1244.243375957012,210000000.0,0.0010800000000000002,13.91
1.609197047352791,0.8468675583600999,8.040975898504258e-06,1330.1656693220136,744000000.0,0.00169,0.22999999999999984
1.7469086050987246,0.7666299663484097,7.0059997737407695e-06,1631.8234726786611,176000000.0,0.0014,14.56
1.5115160711109639,0.6741896331310273,8.771318465471269e-06,1512.205723673105,168999999.99999997,0.0007709999999999998,14.28
1.4052359372377397,0.7842124857008458,3.321479737758637e-06,792.9171919822692,301000000.0,0.0007110000000000002,3.9799999999999995
1.4995186173822732,0.7288583256304265,6.832334954291583e-06,876.4628618955611,309000000.0,0.001,8.81
1.5323291167616846,0.8448072105646134,3.093616127967835e-06,928.3288866281508,219000000.0,0.0009939999999999999,7.029999999999999
1.6760759174823763,0.8774333953857423,2.933931648731232e-06,1436.6437047719953,149999999.99999997,0.00117,10.13
1.786621052026749,0.7009721964597703,9.057803869247438e-06,2182.729162275791,142000000.00000003,0.00106,16.56
1.4725691534578802,0.7064257442951203,4.9944636225700385e-06,977.4198681116103,244000000.00000003,0.000648,7.79
1.592797350883484,0.6941188752651215,4.600944936275483e-06,2664.468243718147,95099999.99999997,0.0005149999999999999,14.56
1.7352488458156587,0.7148834466934205,8.880912303924562e-06,1770.7227561622856,167000000.0,0.0011999999999999997,15.73
1.476199621707201,0.7051225125789643,4.880255401134492e-06,1043.5338616371153,221000000.0,0.0006339999999999999,8.54
1.621243089437485,0.7744479976594448,8.035128593444826e-06,1025.4521965980528,259000000.0,0.0016800000000000003,12.75
1.5263058230280877,0.6403094351291657,4.9416043311357506e-06,1029.934912919998,194000000.0,0.0004049999999999999,8.05
1.6731738209724427,0.8287500143051149,3.01188799738884e-06,1955.5527269840238,120000000.0,0.0009149999999999999,11.7
1.7089292764663697,0.6917250394821167,8.994569778442385e-06,2649.005606770515,123000000.00000003,0.000833,16.83
1.6317483097314835,0.6650783568620683,7.796135932207108e-06,2772.2127288579936,105000000.00000003,0.0005989999999999999,16.31
1.3180140137672425,0.6119723975658418,7.5114257484674466e-06,623.4383136034011,304000000.0,0.000352,5.72
1.5162121251225473,0.866761440038681,5.647268220782281e-06,640.8439874649047,360000000.0,0.00194,7.959999999999999
1.478120928257704,0.6665731608867645,7.311505347490312e-06,729.823663830757,320000000.0,0.0006999999999999999,7.68
1.5485420376062395,0.8122230112552643,3.0716732442379003e-06,1874.5169807225464,124000000.00000003,0.000782,11.35
1.6306530654430391,0.7724704988300801,6.114288281649352e-06,1360.40873080492,195000000.0,0.00126,12.75
1.5303679145872595,0.7244815193116666,3.024977624416352e-06,1815.541611984372,116999999.99999997,0.00046500000000000014,10.53
1.4863246466964484,0.7721141137182713,5.8541895747184765e-06,985.7343435287474,260000000.0,0.0011,9.71
1.5185175564140083,0.647381615638733,7.893652871251107e-06,1175.3206253051756,197000000.00000003,0.0006100000000000001,11.47
1.700610762834549,0.8851974964141847,4.310588240623475e-06,943.9686983823775,282000000.0,0.00176,7.54
1.5452414721250536,0.668759036064148,4.052209079265595e-06,1425.1308441162107,146000000.0,0.00042800000000000005,9.69
1.5016000283416362,0.6366750061511994,6.046822592616082e-06,1504.2961314320562,144000000.00000003,0.0004099999999999999,11.51
1.6083611100912096,0.6532787650823594,3.1052842438220983e-06,2894.2732065916057,75400000.0,0.00028399999999999996,12.33
1.5385745152831078,0.9021493077278138,3.1957020759582524e-06,2068.1711956858635,177000000.0,0.0009739999999999999,7.58
1.5087432274594905,0.8008619785308838,4.100122809410096e-06,1323.041498661041,182000000.0,0.0009440000000000002,10.31
1.484777929633856,0.8242663890123368,4.611801743507386e-06,938.8187080621718,318000000.0,0.00114,6.14
1.6464552104473116,0.7891580700874329,5.041662424802781e-06,1454.2317688465116,176000000.0,0.00119,12.3
1.3310429513454438,0.6296210199594499,8.598464876413346e-06,2169.4126278162003,112999999.99999999,0.0003530000000000001,14.4
1.7139367640018464,0.7352411102503539,8.659685194492341e-06,1596.8274995684621,185000000.0,0.00135,15.21
1.5170971255749466,0.6721146494150162,6.9498198330402385e-06,1735.3868596255777,142000000.00000003,0.0006060000000000001,13.69
1.6310448020696642,0.7139032624661923,4.150793820619584e-06,2741.9809550046916,93099999.99999999,0.0005660000000000001,14.58
1.4741579532623292,0.7465040713548661,8.865829765796663e-06,1413.5597571730611,437000000.0,0.0010800000000000002,6.25
1.41779762506485,0.6726870685815812,8.752023339271547e-06,986.4528775215148,240000000.0,0.000778,11.59
1.478557337075472,0.692501936852932,7.686284452676775e-06,857.9486161470412,290000000.0,0.000882,9.67
1.6750890970230103,0.6778991997241974,6.31912735849619e-06,2648.6599743366237,103999999.99999999,0.000627,15.81
1.3766201198101045,0.632754322886467,8.959508895874025e-06,501.46538019180286,374000000.0,0.000596,6.789999999999999
1.3714269518852236,0.6400278210639955,8.73155850172043e-06,1401.7557650804517,170999999.99999997,0.00048100000000000004,12.32
1.5201796531677247,0.7391020573675633,6.7843231223523625e-06,890.6520456075667,379000000.0,0.0010500000000000002,6.8
1.4750185444951058,0.7412874139845372,5.288028731942178e-06,1304.4607564806936,183000000.0,0.0008120000000000001,11.48
1.473934105038643,0.8449863284826279,5.450905770063401e-06,693.2013779878615,382000000.0,0.0015600000000000002,6.6
1.3820821255445481,0.6211465626955033,5.425138533115388e-06,2045.8292141556738,103999999.99999999,0.00025299999999999997,11.86
1.5830237209796907,0.8726150572299958,4.922931820154191e-06,807.1434795856475,289000000.0,0.00178,8.66
1.3598551064729691,0.6436730772256852,8.243865951895714e-06,2333.7327614426613,111000000.0,0.00039699999999999984,14.829999999999998
1.4603767454624177,0.6932538181543351,5.29897889494896e-06,1366.5129914879797,166000000.0,0.000587,11.31
1.5390604421496392,0.852472883462906,4.277901202440262e-06,1005.1032453775405,250000000.0,0.0013199999999999998,8.29
1.634101313352585,0.7420563608407975,2.944367468357087e-06,1842.3126656562088,119000000.0,0.000574,10.75
1.526486646384001,0.7214783236384392,6.452647838741542e-06,1565.164394676685,165000000.0,0.000855,13.44
1.5958754092454912,0.6568939536809922,3.089745461940766e-06,1880.4912846535442,108000000.00000001,0.0003200000000000001,9.79
1.697428357601166,0.6492070376873017,8.14164398610592e-06,2908.286705613136,100000000.0,0.0005790000000000002,16.53
1.6283908277750017,0.7252975702285768,2.9901491403579717e-06,1229.1257008910177,164000000.0,0.000567,8.13
1.6487259507179262,0.8433131396770478,7.095055758953096e-06,791.0583466291426,316000000.0,0.00228,10.84
1.7704413056373598,0.6989294797182084,9.654054790735247e-06,2559.36349928379,131999999.99999999,0.000979,17.09
1.6145132482051852,0.8785852432250978,5.108863979578019e-06,795.6242114305495,292000000.0,0.00194,9.0
1.3726460427045823,0.6221961826086044,6.227304130792619e-06,2711.019396781921,86499999.99999999,0.000257,13.92
1.490428813174367,0.6787817895412446,6.812884565442801e-06,1662.0509531348941,148000000.0,0.000618,13.41
1.3987024873495104,0.6643961548805237,8.31810486316681e-06,2105.338156223297,129000000.0,0.000517,14.74
1.4656744033098221,0.782984570413828,3.017693787813187e-06,1613.7309763580558,131999999.99999999,0.000639,10.42
1.573025353252888,0.6795799881219865,8.457572340965273e-06,2511.1928135156627,121000000.0,0.000679,16.18
1.3838962465524676,0.6347123265266419,7.95235811173916e-06,2256.0092359781265,110000000.0,0.000374,14.42
1.2787447035312653,0.6078870356082917,5.705850481987e-06,2041.9230237603185,101000000.0,0.000187,11.17
1.4745609596371652,0.8310664683580399,3.1319099366664892e-06,934.664562344551,220000000.0,0.0008899999999999998,6.88
1.4963931784965099,0.7622539021074772,9.441587895154955e-06,718.9162373542785,332000000.0,0.00178,11.98
1.5054494038224222,0.7558720640838147,5.367651090025903e-06,1280.9170708060262,191000000.0,0.000926,11.5
1.4887279607355597,0.7286591961979867,5.974655866622925e-06,929.1795939207076,284000000.0,0.0008679999999999997,8.28
1.7009850203990937,0.6976421624422074,9.902691572904588e-06,2185.7465729117393,147000000.0,0.00101,16.69
1.537315931171179,0.7229241281747819,3.4066064357757575e-06,1252.691105008125,300000000.0,0.0004969999999999999,2.4100000000000006
1.799171429872513,0.9044331371784211,4.85058443248272e-06,605.0458848476409,334000000.0,0.00256,8.1
1.5474275574088099,0.7122223779559136,7.4592598974704756e-06,1583.254851400852,168999999.99999997,0.000916,14.17
1.4758218236267568,0.809958502650261,9.078334003686906e-06,539.3228232860564,421000000.0,0.00224,10.25
1.5670239597558977,0.6387024074792863,7.06213976442814e-06,1866.9163454324005,126000000.00000001,0.000475,13.57
1.596233743429184,0.782832158356905,7.271421089768411e-06,1028.1193554401395,257000000.0,0.00158,12.04
1.5706095010042191,0.6443749308586121,4.3223181068897255e-06,1567.7988082170484,130000000.0,0.00036700000000000003,10.27
1.7501401484012606,0.9088955461978914,8.830942243337633e-06,783.3881229162215,754000000.0,0.0032,2.73
1.377176633477211,0.6621096342802049,9.690248668193818e-06,2376.9902735948563,120000000.0,0.0005149999999999999,16.05
1.414754042029381,0.7419454313814641,9.267226636409761e-06,736.1926436424254,317000000.0,0.0014399999999999999,11.74
1.5138861134648325,0.7524909093976021,4.1595605015754705e-06,1593.8304010778663,148000000.0,0.0007240000000000001,11.59
1.6146757990121843,0.6498747646808625,6.164777979254724e-06,2836.719632148742,92800000.00000001,0.00044899999999999996,15.27
1.4378817290067674,0.738671138137579,9.965464204549791e-06,924.6891289949416,273000000.0,0.00143,13.45
1.520947524905205,0.723032907396555,5.569782614707948e-06,1744.9287716299293,144000000.00000003,0.000747,13.41
1.4485307693481446,0.640135556459427,7.676647111773493e-06,2586.3319933414455,101000000.0,0.00040299999999999993,15.13
1.3486331284046174,0.6679521918296815,8.941026121377947e-06,1312.682434916496,191000000.0,0.000629,12.85
1.48674550652504,0.8264286786317826,3.05870670080185e-06,1969.6419611573217,136000000.0,0.000721,9.87
1.3846288293600084,0.6349137157201767,9.026059776544572e-06,789.1336381435393,281000000.0,0.000561,8.91
1.6990139722824098,0.8333771646022797,3.834362596273423e-06,1660.1961031556127,151999999.99999997,0.00119,11.64
1.6015922069549562,0.7939668864011765,8.56290352344513e-06,771.904170513153,327000000.0,0.00209,11.76
1.5676900014281274,0.7704951412975789,8.397459566593171e-06,894.4299370050429,290000000.0,0.00171,12.19
1.5112073354423048,0.635861822962761,4.423221617937089e-06,2238.031916320324,96300000.0,0.0002929999999999999,12.05
1.5399765461683275,0.78709189966321,3.0088714063167576e-06,2045.460559427738,111999999.99999999,0.000664,11.78
1.445963752269745,0.6299487322568894,5.57001104950905e-06,1579.7945782542226,132999999.99999997,0.0003330000000000001,11.08
1.4905087955296041,0.8014106780290604,3.912606418132782e-06,1302.6606589555738,211000000.0,0.000866,8.12
1.5017340974416584,0.8270427346229554,5.366380095481873e-06,2214.3643647432327,461000000.0,0.0009310000000000001,0.6400000000000006
1.585128575563431,0.8672520697116852,4.321912765502931e-06,946.7280954122542,279000000.0,0.00149,7.5
1.4126427501440049,0.6214054942131043,3.5356689691543585e-06,1085.0612372159956,167000000.0,0.00020899999999999998,5.54
1.6506849110126496,0.7247201219201088,4.955609470605851e-06,2546.783491969108,107000000.00000001,0.0007070000000000001,14.93
1.4943093482404948,0.6422586053609849,6.549091733992101e-06,986.2976074218749,220000000.0,0.000501,9.03
1.5753143459558487,0.8789815306663514,2.941504836082459e-06,1505.1132366061208,151999999.99999997,0.00102,9.570000000000002
1.713294643163681,0.6928392291069031,7.07504789531231e-06,2692.6877647638316,111000000.0,0.000752,16.41
1.6281789958477022,0.7452840551733971,5.170828640460969e-06,1956.0236036777494,133999999.99999997,0.0008619999999999999,13.93
1.3589473843574524,0.6652085691690446,8.540501892566682e-06,2360.942654311657,119000000.0,0.000495,15.56
1.470322021096945,0.7190611235797406,8.936529606580735e-06,1080.0481885671613,236000000.00000003,0.00115,13.19
1.349248892068863,0.6438154309988022,7.5114208459854135e-06,807.7772259712218,379000000.0,0.00047600000000000013,4.45
1.5436036661267283,0.86835635304451,5.15663866698742e-06,712.7219736576079,329000000.0,0.00181,7.9
1.4775777630507947,0.7486215479671956,5.54580968618393e-06,1013.7015134096144,251000000.0,0.0008979999999999999,9.12
1.5443043842911721,0.7492827974259854,7.398976683616639e-06,1157.4890017509458,229000000.0,0.00123,12.51
1.471620223671198,0.7070102244615556,7.634124964475633e-06,963.1677269935607,264000000.00000003,0.0009360000000000001,10.660000000000002
1.5202646277844907,0.8348546236753465,4.5081578493118294e-06,963.4494334459304,337000000.0,0.00119,5.36
1.507615282572806,0.8445737510919572,5.076091513037682e-06,832.4455022811889,285000000.0,0.00151,8.67
1.60728657245636,0.7806129209697247,8.21911071240902e-06,919.4654524326323,284000000.0,0.00181,12.33
1.647864317893982,0.8712173044681549,3.075717061758042e-06,759.631648659706,307000000.0,0.0013,4.46
1.3945784389972689,0.6545630514621735,9.00842481851578e-06,630.1769912242888,329000000.0,0.000752,9.04
1.327056920528412,0.6501864641904832,8.35799688100815e-06,2293.0708453059196,113999999.99999999,0.00040600000000000006,14.94
1.4812651488929989,0.63712115585804,8.105876728892328e-06,1272.2653821110723,181000000.00000003,0.000523,11.66
1.7307002663612367,0.6882084667682649,8.246993109583856e-06,2357.8385189175606,128000000.0,0.0008679999999999997,16.35
1.4923620108515026,0.6439305692911149,3.159850120544434e-06,1281.7656546831129,145000000.0,0.000266,6.94
1.4721959419548514,0.8228115767240525,6.619170811027289e-06,700.4158496856688,394000000.0,0.00163,7.71
1.6145196586847306,0.6559506654739381,3.0925576090812687e-06,1302.5790750980375,148000000.0,0.00034500000000000004,7.41
1.2884510636329651,0.607527306675911,4.743672251701355e-06,1664.2630863934753,115999999.99999997,0.00016999999999999993,8.95
1.5364354066550734,0.8599531263113023,4.746079474687577e-06,841.8488800525664,284000000.0,0.00155,8.24
1.6511268854141237,0.7309807598590852,3.918047964572907e-06,2680.7986497879024,94700000.00000001,0.000614,14.34
1.421410793066025,0.6339290589094163,5.6403266191482555e-06,529.5058637857436,355000000.0,0.0004080000000000001,3.57
1.4769290350377562,0.6841554880142212,6.924072388559581e-06,1129.2892247438429,213000000.0,0.0007110000000000002,10.98
1.739098584651947,0.7833762355148793,3.980721920728684e-06,2316.045232117176,113999999.99999999,0.000919,13.83
1.7483869493007662,0.7649006612598896,8.963946998119356e-06,1280.680067837238,222000000.0,0.00178,14.669999999999998
1.5085372058674695,0.6705446898937226,4.894335016608239e-06,1729.6885019168255,130999999.99999999,0.00045700000000000005,11.87
1.2684603452682497,0.598520976305008,9.665591478347779e-06,478.9610505104064,363000000.0,0.0003710000000000001,5.55
1.4287406131625178,0.6803592771291733,3.2656713426113134e-06,2395.756870508194,89200000.0,0.00030599999999999996,11.76
1.728764569759369,0.8908091783523561,2.9850952029228214e-06,730.7201176881789,273000000.0,0.00149,5.48
1.5375865414738656,0.7416928879916669,7.887961715459824e-06,1141.6615471243856,232000000.0,0.00124,12.809999999999999
1.3214550554752351,0.6294453173875809,9.145510524511339e-06,1049.3541061878202,208999999.99999997,0.0004610000000000001,10.83
1.4931093022227289,0.8077409058809281,4.203914612531663e-06,1214.5113125443456,198000000.00000003,0.000993,9.85
1.688609951734543,0.8332931846380235,9.017513602972032e-06,672.0914244651793,370000000.0,0.0028199999999999996,11.52
1.5422279477119447,0.6883826315402986,4.435764878988267e-06,2483.2912832498546,97899999.99999999,0.00045900000000000004,13.77
1.7991525113582614,0.7967717975378037,8.896982222795488e-06,1103.9620190858839,251000000.0,0.00227,14.13
1.4605722874403002,0.6578153371810914,8.036690503358843e-06,2558.7980002164836,109000000.00000001,0.0004910000000000001,15.58
1.346718031167984,0.6226233690977097,8.261033922433855e-06,1853.0061300843952,124000000.00000003,0.00034799999999999995,13.38
1.4943157671019436,0.6368313252925873,6.080909002572299e-06,1312.6467838883398,162000000.00000003,0.0004249999999999999,10.74
1.6942705214023592,0.780107293277979,6.980082750320436e-06,1312.9324391484258,207999999.99999997,0.00153,13.45
1.7734310567379,0.7024062037467957,6.936608608812095e-06,2495.0285553932185,119000000.0,0.000875,16.19
1.4517640426754952,0.6285373717546464,4.514095276594163e-06,2230.1008850336075,95300000.0,0.0002559999999999999,11.82
1.5382942959666253,0.6892208844423294,8.445435255765916e-06,1531.1294905841348,170999999.99999997,0.0008650000000000001,14.43
1.5887230128049852,0.7245929718017579,4.029732555150986e-06,2410.1738184690475,102000000.0,0.00058,13.69
1.4490413188934328,0.631584969162941,3.476082533597947e-06,2398.066997528076,84800000.00000001,0.00020699999999999996,10.950000000000001
1.5783277451992037,0.778710649162531,7.979278475046158e-06,2235.5282977223396,573000000.0,0.00102,1.0399999999999998
1.4831125829368832,0.7076471775770188,6.817802745848895e-06,987.433224916458,257000000.0,0.0008459999999999997,9.88
1.6786032378673554,0.7039517015218736,9.82057708501816e-06,1605.528827756643,178000000.00000003,0.00118,15.78
1.681185919046402,0.8864923596382142,6.08037392795086e-06,684.4608038663863,343000000.0,0.00252,9.23
1.4407455995678904,0.7737472705543041,7.215392395853997e-06,2395.575448870659,522999999.99999994,0.0008030000000000002,0.7400000000000004
1.306843024492264,0.6121535807847978,8.534226298332215e-06,910.8263552188872,219000000.0,0.000363,9.06
1.6226802974939347,0.7711475618183613,4.086357682943345e-06,1900.4576485604046,130999999.99999999,0.000838,12.74
1.468567315489054,0.6260981887578965,3.4181041121482854e-06,573.4272599220275,290000000.0,0.00026100000000000006,1.6299999999999997
1.3964244872331621,0.6346011847257614,7.812770679593087e-06,2092.469997704029,115999999.99999997,0.00038400000000000006,14.029999999999998
1.7282356917858126,0.8956160724163056,5.633635669946671e-06,1051.5893548727033,434000000.0,0.00209,4.8
1.68612699508667,0.6537455409765244,9.80021467804909e-06,2838.0649834871288,111000000.0,0.0006599999999999999,17.08
1.415285575389862,0.7033183470368386,8.662930637598039e-06,1023.2036858797072,240000000.0,0.0009589999999999999,12.32
1.6795976042747498,0.8773906946182252,4.989742115139962e-06,995.6804960966109,239000000.0,0.00189,10.37
1.744602692127228,0.8890573203563691,4.051590740680695e-06,1321.704529225826,184000000.0,0.00163,10.8
1.7306070685386659,0.5995903193950654,3.045095324516297e-06,2369.635544717312,82900000.00000001,0.00021799999999999996,9.93
1.5007671001832934,0.7425925120711327,5.854009747505189e-06,875.353693962097,324000000.0,0.0009400000000000001,7.17
1.7253087401390077,0.7712468348443509,8.011295542120934e-06,1312.0906352996824,214000000.00000003,0.00166,14.189999999999998
1.6871414780616762,0.75837497189641,6.0994741283357155e-06,1715.793960727751,160000000.00000003,0.00114,14.09
1.5299704715609552,0.6907482147216798,9.319081336259844e-06,1426.207937300205,185000000.0,0.000954,14.63
1.4918286507949234,0.6394352942705155,7.877856969833376e-06,1090.2890115976331,207999999.99999997,0.000552,10.57
1.5179587986320258,0.7682516656816006,5.838538557291032e-06,913.7372970581054,374000000.0,0.00109,6.11
1.4995302580296994,0.6804030150175095,4.825564041733743e-06,1270.4111933708189,171999999.99999997,0.000527,10.1
1.251929193735123,0.6450625509023667,9.173476576805116e-06,1119.227811694145,199000000.00000003,0.0004910000000000001,11.96
1.5140498366206885,0.7471974849700929,6.242337357252837e-06,1239.6280765533445,205999999.99999997,0.00101,11.91
1.6109928846359254,0.6573528796434404,4.673192709684373e-06,2873.6954480409618,85100000.00000003,0.000385,14.28
1.445514625310898,0.6243004649877548,7.0415635257959376e-06,2812.136143445968,88900000.00000003,0.00031600000000000004,14.86
1.4763505272567274,0.706422682106495,5.523914054036141e-06,1784.2002045363186,138000000.0,0.000635,13.27
1.730810058116913,0.599689257144928,3.0628074705600746e-06,2188.476614654064,88799999.99999999,0.000222,9.45
1.5359161131083967,0.809024128317833,7.646313160657883e-06,719.2788571119307,349000000.0,0.00195,10.29
1.5010170524474236,0.7601167805492879,6.5554833449423325e-06,1053.2583594322202,246000000.0,0.00115,11.02
1.4767533950507643,0.8380813121795655,5.518174082040788e-06,720.695212483406,388000000.0,0.00151,6.43
1.3363882899284365,0.6641705989837647,9.318075180053712e-06,606.9137454032897,335000000.0,0.0008170000000000001,9.67
1.728091335296631,0.6884312510490418,8.247770413756371e-06,2079.0199115872383,139000000.0,0.000925,15.94
1.5082656176760794,0.6356502145528794,6.660223517566921e-06,1779.75950948894,128000000.0,0.00041899999999999983,12.85
1.6197972089052202,0.6484076231718064,7.227386474609376e-06,2255.092442035675,112999999.99999999,0.0005379999999999998,14.989999999999998
1.6951240897178652,0.8854629456996919,5.1059034019708646e-06,747.6220577955245,333000000.0,0.00217,7.97
1.6275400489568712,0.8226732373237611,6.127665616571904e-06,999.1368949413298,256000000.0,0.00172,11.12
1.3948674470186235,0.6579050391912461,9.861068874597551e-06,2523.0025798082347,113999999.99999999,0.0004960000000000001,16.3
1.4272845268249512,0.6821928173303605,3.252208918333054e-06,2039.5586937665937,102000000.0,0.000321,10.83
1.6307644218206407,0.59316143989563,2.99037778377533e-06,1943.6985179781911,96800000.0,0.00017300000000000009,7.95
1.5507513999938967,0.7868822805583477,9.740375816822053e-06,628.1649619340895,370000000.0,0.00222,11.79
1.475539214909077,0.7456295505166054,4.404037266969682e-06,1119.5116788148878,219000000.0,0.0007340000000000001,8.45
1.5100682169198991,0.7812808580696583,6.459539972245694e-06,962.8904908895491,268000000.0,0.0013199999999999998,10.52
1.3123400688171387,0.6544806897640228,8.79518646001816e-06,2355.050139129162,113999999.99999999,0.00042800000000000005,15.52
1.4441996186971666,0.8763369262218477,9.74261510372162e-06,754.0984004735946,566000000.0,0.00242,6.9
1.5133521795272828,0.827049869298935,3.0242201387882236e-06,1305.4000139236448,158000000.0,0.000851,9.47
1.6795210719108582,0.6761302292346955,8.545177400112153e-06,2145.953767001629,133999999.99999997,0.0008179999999999999,15.96
1.303154504299164,0.6566219866275788,9.797325551509859e-06,2514.5264267921443,111999999.99999999,0.0004379999999999999,16.11
1.4791007012128832,0.7018824398517609,4.612880498170853e-06,1664.285987615585,139000000.0,0.0005499999999999999,11.89
1.4905438832938673,0.652070689201355,7.502961665391923e-06,2510.354101657867,106000000.00000003,0.00046199999999999995,15.19
1.4922732677310706,0.6735770970582963,5.169729545712472e-06,901.284098625183,252999999.99999997,0.0005330000000000002,6.96
1.5566403865814211,0.8564101785421372,4.947247609496117e-06,880.1515698432921,266000000.0,0.00161,9.24
1.589882129430771,0.6953737020492554,3.7242747545242314e-06,2718.8332676887508,87399999.99999999,0.0004409999999999998,13.72
1.49187122695148,0.7673495806753636,4.640704482793809e-06,1317.9209381341932,179000000.00000003,0.0008650000000000001,11.1
1.375927296280861,0.6197187781333924,6.264511518180371e-06,1003.370091319084,195000000.0,0.00033899999999999995,8.56
1.3705892980098726,0.6993943646550179,9.100723117589952e-06,959.1789841651915,249000000.0,0.000947,12.34
1.7811704993247988,0.8066125094890595,9.863858491182328e-06,849.1783142089843,313000000.0,0.00275,13.45
1.4835107311606408,0.715422534942627,4.444659233093262e-06,1219.4402813911436,186000000.0,0.000626,9.58
1.4937525423243643,0.7457831293344498,8.733206778764725e-06,901.3711214065551,282000000.0,0.0014399999999999999,12.26
1.5386707931756975,0.6403535842895508,8.402421087026598e-06,2749.514907598495,102000000.0,0.00047900000000000004,16.0
1.7084766805171967,0.6926868170499803,7.190119475126268e-06,2197.211377322674,129000000.0,0.000842,15.64
1.6633326888084412,0.731552528589964,5.13004718720913e-06,2449.350833892822,112999999.99999999,0.00077,14.9
1.589720669388771,0.8659597724676132,4.4405232071876535e-06,898.9116102457045,317000000.0,0.00153,6.46
1.502228291379288,0.6659234941005707,5.926159784197808e-06,1125.510439276695,196000000.00000003,0.0005660000000000001,10.1
1.3361983716487886,0.7210693046450616,3.4076219797134406e-06,1761.8874479085205,119000000.0,0.00039500000000000006,10.63
1.3368450343608858,0.6281046777963639,8.730852752923967e-06,1631.4418725669382,143000000.00000003,0.00039300000000000007,13.02
1.6583091437816622,0.6568289548158647,8.024389550089837e-06,2832.0934921503062,102999999.99999999,0.000589,16.42
1.663297837972641,0.7284014984965325,4.925327777862549e-06,2561.894983053207,107000000.00000001,0.0007250000000000001,14.96
1.4613963693380356,0.7300652772188188,5.508628219366074e-06,1216.0400226712225,196000000.00000003,0.0007800000000000001,10.99
1.3822192847728731,0.6382302761077882,9.014377892017366e-06,890.0882601737975,252999999.99999997,0.0005620000000000001,9.81
1.5087089041247965,0.6603676736354829,7.103672862052919e-06,1189.1583651304243,195000000.0,0.00062,11.23
1.6552678763866426,0.7111342281103135,7.94209972023964e-06,1793.8288040459154,159000000.00000003,0.00102,15.18
1.5716811016201975,0.657082611322403,7.115002915263177e-06,2547.8586107492442,105000000.00000003,0.0005149999999999999,15.439999999999998
1.4508462220430376,0.6672430783510209,8.921975910663606e-06,1569.0629482269285,164000000.0,0.0006620000000000002,14.07
1.5647086724638941,0.8452679872512818,3.182532131671906e-06,841.573879122734,267000000.0,0.0010500000000000002,5.38
1.613633528351784,0.6561021566390992,3.0897129178047186e-06,1405.0545468926427,139000000.0,0.000341,7.89
1.51498887129128,0.6523955672979356,5.361788868904114e-06,890.7744586467742,240000000.0,0.0004780000000000001,7.21
1.5443133026361466,0.8506888210773469,4.959197148680688e-06,831.6424787044524,384000000.0,0.0014999999999999998,5.34
1.3684930354356768,0.6226606696844101,6.286222159862519e-06,2426.659792661667,94099999.99999999,0.0002669999999999999,13.43
1.4963598093017938,0.8292414575815201,9.013095736503603e-06,1213.2476940751073,787000000.0,0.0016800000000000003,0.68
1.2733963787555695,0.596910560131073,3.054764479398728e-06,1219.1323861479757,147000000.0,0.00011600000000000005,3.23
1.5202480740845206,0.6963184788823128,6.31791926175356e-06,1938.9526098966596,132999999.99999997,0.000661,14.21
1.297919547557831,0.6330518245697022,8.730690866708757e-06,2565.171301364898,100000000.0,0.000332,15.309999999999999
1.788174766302109,0.7958455055952073,4.027678310871125e-06,2363.2057681679726,113999999.99999999,0.00102,14.07
1.4747562848031521,0.864926826953888,3.0179864764213568e-06,2401.1449813842773,142000000.00000003,0.0007550000000000001,9.21
1.5027123525738717,0.8030487567186356,7.205733984708787e-06,739.5092695951461,343000000.0,0.0017,9.71
1.7316280245780946,0.714338779449463,9.771250188350679e-06,1631.0840118676422,180000000.00000003,0.0013,15.89
1.3190307676792146,0.6740247666835786,9.030442595481874e-06,1292.746618390083,195000000.0,0.0006500000000000001,12.969999999999999
1.4802078656852247,0.6370287984609605,6.974340900778771e-06,2166.8127849698067,111000000.0,0.00039799999999999997,13.98
1.7192667961120607,0.5958874046802521,2.9099825024604805e-06,1001.1526495218276,179000000.00000003,0.000222,3.6600000000000006
1.3746308505535128,0.637155944108963,8.97999480366707e-06,993.7932640314101,229000000.0,0.0005310000000000001,10.38
1.2688243031501771,0.6032724022865296,8.834896355867387e-06,503.14392149448383,359000000.0,0.00033899999999999995,4.83
1.3892774373292924,0.6200976222753525,5.3889736533164985e-06,1473.1256216764448,136000000.0,0.00027499999999999996,10.04
1.5225560367107394,0.7100771740078927,6.1602785438299185e-06,1856.708528473973,140000000.0,0.00073,14.059999999999999
1.7067067444324495,0.7665973372757435,3.0092978179454808e-06,2912.524744868278,84300000.00000001,0.0006379999999999999,13.899999999999999
1.6013172984123232,0.6842462718486787,9.46246871352196e-06,2194.1509023308754,140000000.0,0.00082,16.17
1.6754305779933931,0.7613873608410359,7.11582736670971e-06,1436.8319064378736,193000000.0,0.00135,13.86
1.4915774378925564,0.7041535332798958,7.682894647121431e-06,1415.7824888825414,182000000.0,0.0008619999999999999,13.56
1.5289732933044435,0.8693790167570115,6.2560801096260555e-06,612.9394024610518,400000000.0,0.00216,7.79
1.4852201197296382,0.780093962699175,4.046735614538193e-06,1245.2463358640669,208999999.99999997,0.000813,8.46
1.4693666003644468,0.7254620477557183,4.912681460380555e-06,923.8842427730559,308000000.0,0.000699,5.59
1.5272579781711102,0.6736712515354157,4.757643803954126e-06,2271.7447504401207,105000000.00000003,0.0004319999999999999,13.259999999999998
1.3079032301902773,0.6127618610858918,8.367676675319672e-06,1374.2502331733701,152999999.99999997,0.00032799999999999995,11.53
1.4881488349288703,0.6722795963287355,6.696415673941375e-06,1189.8462399840353,196000000.00000003,0.000636,11.09
1.557835650444031,0.6558359026908875,7.361321240663529e-06,2685.253351926803,102000000.0,0.000502,15.67
1.4548877924680712,0.7966078430414201,4.386908829212189e-06,1091.7049199342725,229000000.0,0.0009329999999999999,8.66
1.4848069410771132,0.8285299211740494,3.0755111575126656e-06,1423.6083179712293,152999999.99999997,0.000838,9.79
1.7790131807327272,0.9024246633052827,2.9488005638122564e-06,654.3673127889632,270000000.0,0.00164,5.69
1.4019892305135728,0.7996602773666383,3.0479412674903876e-06,1837.5155720859764,123000000.00000003,0.0006400000000000002,11.15
1.6036865383386614,0.7241936713457108,9.286138325929643e-06,1306.3990995287893,210000000.0,0.0012899999999999997,14.53
1.5015189004596323,0.6877691209316255,9.55710142850876e-06,2086.131304502487,145000000.0,0.00077,15.91
1.7280627965927124,0.742793843150139,8.08753862977028e-06,1671.1830552667377,178000000.00000003,0.00134,15.14
1.5052359396591783,0.6352869093418122,5.278754383325578e-06,1865.7661993056533,115999999.99999997,0.000343,11.94
1.5222503162920475,0.7764625422656537,3.212944626808167e-06,823.275253176689,263000000.00000003,0.0007489999999999998,4.96
1.472650469094515,0.7722567670047283,7.232146263122559e-06,2211.869277060032,413000000.0,0.0008809999999999998,4.1
1.5026304809376598,0.6718176931142807,4.790741711854936e-06,875.4884749650954,264000000.00000003,0.0004910000000000001,5.85
1.3044282853603364,0.7211554169654847,9.718035936355592e-06,808.3926439285277,282000000.0,0.00111,12.41
1.3497589766979219,0.7334022022783757,9.913280516862871e-06,970.0689017772673,257000000.0,0.00122,13.62
1.204766321182251,0.7033121511340142,9.984412819147112e-06,1220.621272921562,206999999.99999997,0.000751,13.94
1.597016876935959,0.7698955781757832,7.73542182147503e-06,1060.168772935867,251000000.0,0.00154,12.57
1.6251014649868012,0.8495094448328019,5.139118447899819e-06,1015.0073021650313,241000000.0,0.00167,10.39
1.4381472364068033,0.6504024535417557,8.73142832517624e-06,1377.394117414951,177000000.0,0.0005780000000000001,12.72
1.5306622378528119,0.645556390285492,7.023138120770455e-06,1249.5077699422834,180000000.00000003,0.0005470000000000001,11.31
1.2897556900978089,0.7830846391618252,4.268095821142197e-06,1588.3840546011922,388000000.0,0.0006119999999999999,1.38
1.4996495936997236,0.7855832152068616,5.676075100898744e-06,837.8363698720931,356000000.0,0.00118,6.78
1.6253671020269396,0.6939705044031144,9.899358302354815e-06,2172.3965480923653,146000000.0,0.000917,16.5
1.727248764038086,0.8745715677738191,7.052711039781572e-06,760.8744055032729,316000000.0,0.00271,11.02
1.481762443855405,0.839934664964676,3.6320926547050484e-06,1083.3078920841215,281000000.0,0.000989,5.37
1.5834120333194734,0.7030188024044037,6.155779290944339e-06,2142.4905508756638,125000000.00000001,0.0007089999999999999,14.76
1.7855304658412936,0.898976629972458,2.986824214458466e-06,2522.851631045341,223999999.99999997,0.0011,4.38
1.2899616658687594,0.6294243335723878,8.974301457405092e-06,2807.468950748443,93499999.99999999,0.00031699999999999995,15.66
1.494729368761182,0.7966721355915071,6.5679287128150475e-06,768.2746946811675,386000000.0,0.00142,7.45
1.657405185699463,0.6830005824565888,7.288947150111199e-06,2657.4688702821727,110000000.0,0.0006800000000000002,16.26
1.697641432285309,0.8873928844928742,8.364555150270463e-06,579.4295966625212,420000000.0,0.00327,9.87
1.5979696601629259,0.8774755060672761,5.998818427324296e-06,650.0160247087478,349000000.0,0.00228,8.94
1.5734003305435182,0.7791229896247388,2.9179424643516545e-06,1530.6514799594877,137000000.0,0.0006850000000000001,10.03
1.3659461438655855,0.6096469044685364,4.53466296195984e-06,568.0534541606902,291000000.0,0.0002320000000000001,2.3799999999999994
1.4136135399341585,0.7995530247688294,9.894529253244402e-06,504.61846590042103,430000000.0,0.00218,10.75
1.4894211396574975,0.6834009602665901,6.565260693430902e-06,1747.7717734873293,142000000.00000003,0.000614,13.579999999999998
1.464091904461384,0.7045569330453874,6.4534666314721115e-06,1495.102375745773,166000000.0,0.0007250000000000001,12.93
1.4528997704386712,0.6305797755718232,3.485537230968476e-06,2221.86441719532,90699999.99999999,0.000211,10.49
1.6551010429859163,0.8801437854766847,6.510609049350025e-06,680.7723194360732,339000000.0,0.00254,9.87
1.7223765313625337,0.8253189504146576,7.035466089844704e-06,1010.0747942924498,258000000.0,0.00209,12.33
1.4706318721175196,0.7200275793671609,4.716647684574128e-06,966.1320894956588,305000000.0,0.0006449999999999998,5.1
1.7932490766048432,0.7461684443056584,7.887365072965623e-06,1892.5622683018444,163000000.0,0.00136,15.68
1.5956341266632081,0.8350286811590195,3.699115008115769e-06,1466.142416000366,178000000.00000003,0.0010800000000000002,9.82
1.5647668585181238,0.7316211551427841,5.457550406455994e-06,1831.4144406467674,140000000.0,0.0007969999999999999,13.68
1.3375098645687105,0.6260148882865907,9.073829770088197e-06,1060.0362271070478,206999999.99999997,0.00044800000000000005,10.64
1.5910980463027955,0.8359080970287324,8.485994011163713e-06,1267.6318287849424,592000000.0,0.00171,3.6100000000000003
1.4747131884098055,0.7305823847651483,5.183636531233788e-06,878.1480342149733,316000000.0,0.00077,6.05
1.6556377351284028,0.6811898589134217,8.166374400258066e-06,2717.786163091659,112999999.99999999,0.000701,16.56
1.352956509590149,0.6123855739831925,4.629489898681641e-06,1184.5381110906599,157000000.0,0.00021300000000000003,7.1899999999999995
1.3994492411613466,0.7118573471903802,9.008999139070513e-06,964.5114392042159,251999999.99999997,0.00106,12.51
1.4870829429477455,0.6771686732769013,6.981514275074006e-06,1577.079940587282,155000000.0,0.0006280000000000001,13.2
1.3519264787435532,0.6883791089057923,9.230953693389893e-06,1385.2073550224302,186999999.99999997,0.000745,13.91
1.7282553613185885,0.7409096963703633,6.115773029625416e-06,2222.3062366247177,131999999.99999999,0.0009939999999999999,15.22
1.6287429213523865,0.8473547011613847,4.46462631225586e-06,1176.6791641712186,208999999.99999997,0.00145,10.41
1.4169375389814378,0.6441854596138001,8.202954843640328e-06,548.5093146562575,374000000.0,0.0006299999999999998,6.46
1.3662767440080643,0.7772381298244,2.980268239974976e-06,2166.644364595413,103999999.99999999,0.000514,12.02
1.4349355548620226,0.8796955525875092,9.653719961643221e-06,670.3158020973204,530000000.0,0.0026,7.92
1.7202090203762055,0.6711047172546387,9.495562344789507e-06,2771.8842327594753,116999999.99999997,0.0007569999999999999,17.01
1.29210079908371,0.6167713880538941,8.935208439826966e-06,2710.9039872884746,92900000.0,0.0002799999999999999,15.05
1.4785214826464654,0.6730293542146684,7.036990761756898e-06,746.2200820446013,319000000.0,0.000708,7.559999999999999
1.559910772740841,0.8383762121200562,6.20551085099578e-06,799.9253571033477,304000000.0,0.00185,9.91
1.7297187745571139,0.8137486338615418,4.080404400825501e-06,1802.7211930602787,141000000.00000003,0.00116,12.71
1.5660871490836146,0.665239378809929,5.745641633868218e-06,2268.8003182411194,109000000.00000001,0.00049,14.1
1.5392980054020884,0.5944090783596039,2.9670081734657292e-06,1948.2326060533521,95700000.00000001,0.00014900000000000004,7.58
1.4215310990810395,0.720939975231886,8.750541955232622e-06,585.582286119461,399000000.0,0.00128,9.0
1.4041367769241335,0.7180202320218086,9.504024237394334e-06,1006.7951977252959,246000000.0,0.00114,13.27
1.6238781899213792,0.6664220452308656,6.811421174556018e-06,2736.5994751453395,101000000.0,0.0005560000000000001,15.86
1.6283270180225373,0.5937816202640533,2.9330258369445805e-06,970.5872386693953,178000000.00000003,0.00019100000000000003,3.2599999999999993
1.277955883741379,0.6168202131986619,3.520872443914414e-06,868.0983930826186,196000000.00000003,0.00015399999999999998,3.23
1.2617903709411622,0.8109021484851838,3.246006131172181e-06,1243.57982724905,181000000.00000003,0.0006559999999999999,8.33
1.4609650120139124,0.6325239479541779,3.296876788139344e-06,1747.523110359907,110000000.0,0.00021799999999999996,8.770000000000001
1.230398064851761,0.6789631247520448,9.28734913468361e-06,1528.8226790726183,171999999.99999997,0.0005859999999999998,13.98
1.5176181826740505,0.8156669050455094,9.537162721157075e-06,530.2600115537642,422000000.0,0.0025,10.78
1.383267304301262,0.810162788629532,3.078457027673722e-06,1048.6151576042173,195000000.0,0.0007340000000000001,7.63
1.4982429375406356,0.7050433695316315,4.181070923805237e-06,1586.4186100661752,143000000.00000003,0.0005400000000000001,11.0
1.599902567267418,0.6535690516233444,6.233700174838305e-06,2258.4536224603653,109000000.00000001,0.000492,14.34
1.4941868226975203,0.7435267634689808,6.871715236455203e-06,910.3079438209533,296000000.0,0.00109,9.52
1.71776220202446,0.8919398188591005,8.616643905639649e-06,580.8726996183394,441000000.0,0.0034,9.52
1.4662489503622056,0.6516000151634217,3.444109797477723e-06,599.3213802576064,292000000.0,0.00033899999999999995,2.4600000000000004
1.461817230284214,0.7498274669051171,8.846353352069856e-06,786.5336835384368,311000000.0,0.0014999999999999998,11.68
1.46954640224576,0.6459728837013246,7.831106275320055e-06,833.8567167520522,278000000.0,0.000596,8.43
1.6466729611158373,0.8420485496520996,4.099918574094773e-06,1353.934660553932,184000000.0,0.00131,10.73
1.4701016664505007,0.7518942274153233,4.468490719795228e-06,1089.9192392826078,229000000.0,0.000763,8.23
1.5396713867783547,0.7084335565567017,8.280478835105898e-06,1439.9785101413725,185000000.0,0.000987,14.189999999999998
1.4633562549948693,0.6537259787321091,3.4556917548179634e-06,720.2075719833373,254000000.00000003,0.0003330000000000001,3.6
1.4170337051153183,0.6186339765787126,4.614739060401917e-06,982.9382151365279,186999999.99999997,0.00026399999999999997,6.56
1.693533003330231,0.5957671701908112,3.021301597356797e-06,1839.158350601792,102999999.99999999,0.00020100000000000014,7.97
1.292789089679718,0.7078552052378655,9.840783864259721e-06,1426.0690957307813,187999999.99999997,0.0008049999999999999,14.72
1.7729723989963533,0.7432295769453049,8.593611419200899e-06,1698.701034300029,179000000.00000003,0.0014399999999999999,15.55
1.6243960529565813,0.7888882040977478,3.6613483726978308e-06,1926.1398091912267,131999999.99999999,0.0008369999999999999,11.8
1.484421215951443,0.6896849557757379,4.972361564636231e-06,970.803678035736,240000000.0,0.0005809999999999999,7.54
1.5384853765368462,0.6408575266599655,7.546806544065477e-06,2747.996106743812,98100000.0,0.000444,15.54
1.522613223642111,0.6924917131662369,3.895759403705597e-06,2114.861562848091,107000000.00000001,0.00043399999999999987,12.14
1.6312337547540665,0.5930973172187806,2.970343112945557e-06,1568.6432197690008,116999999.99999997,0.00018000000000000004,6.51
1.385565483570099,0.6188983619213104,7.189275935292245e-06,2890.021905303001,84999999.99999999,0.00027299999999999997,14.74
1.4655019685626032,0.6325053155422211,3.313579231500626e-06,2490.645751357078,81300000.00000003,0.00020100000000000014,10.93
1.482302623987198,0.6741072714328766,8.076993495225907e-06,1362.9263564944265,180000000.00000003,0.0007070000000000001,13.07
1.4116333454847336,0.631769022345543,6.3901614416390665e-06,670.9626615047454,306000000.0,0.00042800000000000005,5.63
1.3325249254703524,0.6150370001792909,5.5155874490737925e-06,2142.657481133938,98500000.00000001,0.00021599999999999994,11.77
1.5663084581494333,0.8562748879194261,2.9174284338951117e-06,1290.0022715330122,160000000.00000003,0.0009679999999999999,9.24
1.6626648008823397,0.7341135520488025,6.189506359398366e-06,2027.6645123958585,139000000.0,0.000941,14.79
1.5132664013653996,0.7973613917827607,5.085977524518967e-06,1081.669583916664,225999999.99999997,0.00116,10.22
1.6748154401779176,0.8342479884624482,4.081809222698212e-06,1473.568335175514,169999999.99999997,0.00127,11.3
1.3985796600580216,0.6246206849813462,3.424510300159455e-06,2123.096242547035,92199999.99999999,0.00018099999999999993,9.72
1.6077539384365083,0.6534529745578767,9.759214282035828e-06,2755.58191537857,111000000.0,0.0006029999999999999,16.84
1.690109145641327,0.7364637315273286,6.608980271965266e-06,1976.984843611717,146000000.0,0.00103,14.97
1.3446845054626466,0.7659406207501889,2.96166467666626e-06,2402.860552072525,93999999.99999999,0.000455,12.62
1.4686128437519075,0.6319144785404206,3.3294205069541935e-06,2580.9859037399287,78899999.99999999,0.00019900000000000012,11.14
1.657455164194107,0.6779929250478746,5.635055512189866e-06,2636.830389499664,100000000.0,0.0005750000000000001,15.3
1.5455406546592714,0.8412669360637666,3.0508358180522926e-06,1326.498083770275,161000000.00000003,0.000943,9.49
1.4601545825600626,0.7744539611041547,7.0991620570421226e-06,2269.331432878971,453000000.00000006,0.0008539999999999998,2.8300000000000005
1.680402821302414,0.6592606365680695,3.0224256217479713e-06,2700.3000229597087,80299999.99999999,0.00032500000000000004,12.14
1.6569952547550202,0.9071862101554872,3.0883028805255895e-06,1894.7329204529522,148000000.0,0.00113,9.56
1.3220016717910767,0.7261260643601418,3.3105061054229743e-06,1186.834119260311,164000000.0,0.0004319999999999999,8.19
1.5027157450094821,0.7298885732889177,3.0306142270565038e-06,2005.4708719253538,108000000.00000001,0.000453,11.13
1.6698280155658722,0.7265241354703904,7.0918820798397075e-06,1911.7170125246046,150999999.99999997,0.00102,15.05
1.4771358557045462,0.7077622354030609,8.015857771039011e-06,752.8517693281173,395000000.0,0.0010399999999999997,7.55
1.6677527368068696,0.7257687225937844,8.03347520530224e-06,1691.7807348072527,170999999.99999997,0.00115,15.03
1.6422576516866685,0.6641806215047837,6.645153965801002e-06,2806.709215044975,98400000.00000003,0.0005459999999999999,15.87
1.4758742585778237,0.8289291232824326,3.7307426929473885e-06,1640.6180448830125,296000000.0,0.000855,3.6600000000000006
1.2764833331108094,0.7618432961404324,9.89663377404213e-06,525.8032977581023,417000000.0,0.00152,10.340000000000002
1.5393159046769143,0.7956504374742509,7.304401338100435e-06,833.9888155460357,308000000.0,0.0017,10.73
1.829656791687012,0.9063519537448884,7.199814185500146e-06,604.5278459787368,413000000.0,0.00347,9.06
1.4697224423289301,0.7173802770674229,6.676448646932841e-06,1229.4073700904844,204000000.0,0.0008449999999999999,11.86
1.2964664340019227,0.7357313811779023,3.2144746184349065e-06,1008.0878734588622,189999999.99999997,0.0004470000000000002,6.99
1.5356981299817563,0.8217501103878022,6.259860184043647e-06,830.122336745262,298000000.0,0.0016800000000000003,9.93
1.4881756279617548,0.6364355206489564,4.373886585235597e-06,2593.907073140144,85100000.00000003,0.00027200000000000005,12.77
1.637267428636551,0.8834082663059235,9.292937964200975e-06,889.1333192586898,703000000.0,0.00275,3.9300000000000006
1.5828384160995486,0.6782669395208359,9.546568602323533e-06,1782.4959773570297,157000000.0,0.0008589999999999998,15.55
1.5713647082448008,0.7313919492065907,6.3728695269674075e-06,1617.5487656146286,163000000.0,0.0009300000000000003,13.68
1.570532163977623,0.6434849470853806,3.1803591847419744e-06,2787.376597523689,76400000.0,0.0002540000000000001,11.96
1.572444596886635,0.6408402800559998,6.217279363423587e-06,2461.4175707101817,99600000.0,0.0004139999999999999,14.44
1.3701080113649369,0.6396745741367341,8.285341054201127e-06,2483.2357019186015,105000000.00000003,0.00038400000000000006,15.14
1.6238285869359972,0.8702463448047638,6.884227883070708e-06,1245.5396652221677,465999999.99999994,0.00184,4.78
1.534537459909916,0.8761252105236055,3.901290863752366e-06,2393.0090963840485,345000000.0,0.0009239999999999999,1.36
1.4752138897776605,0.7823167674243451,5.018119871616365e-06,1063.6309832334516,230000000.0,0.001,9.66
1.477065145969391,0.6611255586147309,8.262776911258698e-06,996.5282231569289,235000000.00000003,0.0007129999999999999,10.950000000000001
1.4620123699307443,0.6910426229238511,5.3214342445135126e-06,1662.0801128447054,142000000.00000003,0.000554,12.41
1.4338132157921792,0.7047779828310013,8.610716074705125e-06,610.1429760456084,395000000.0,0.00114,8.54
1.4762818358838559,0.6437774419784547,3.7045509219169625e-06,2220.31220048666,94200000.00000001,0.000268,11.29
1.7145570874214173,0.5956991136074067,2.9015831947326667e-06,807.9484403133391,220000000.0,0.00022699999999999993,2.0400000000000005
1.419935542345047,0.6776854544878007,5.4153328388929374e-06,683.6422830820082,360000000.0,0.0005400000000000001,4.130000000000001
1.6585722684860231,0.6777846336364747,6.6630989275872715e-06,2273.7725004553795,116999999.99999997,0.000673,15.279999999999998
1.5427532449364663,0.81413671374321,5.110840722918511e-06,1049.1034686565397,233999999.99999997,0.0013199999999999998,10.2
1.6249224454164506,0.8049388378858567,4.251122385263443e-06,1492.8238019347189,167000000.0,0.0011,11.54
1.4839811738580466,0.7264213286340238,5.298318520188333e-06,1542.8612306714056,156000000.0,0.00073,12.5
1.5154581148177386,0.8205297321081162,5.360181272029877e-06,1994.149826467037,399000000.0,0.0009779999999999997,2.72
1.6082751452922823,0.6975069344043733,9.853766888380052e-06,1587.0433226227758,177000000.0,0.0010699999999999998,15.65
1.4141575902700425,0.6313384473323823,6.796298373490573e-06,2322.238452732563,102000000.0,0.00033400000000000004,13.95
1.4108493179082873,0.6355180531740189,8.253020137548447e-06,837.996557354927,276000000.0,0.0005189999999999999,8.17
1.487125910818577,0.7434716619551183,6.803434561938049e-06,982.8923195600509,268000000.0,0.00106,10.26
1.5383617714047433,0.7982783317565919,7.860519394278527e-06,1412.0747819542883,436000000.0,0.00134,5.88
1.4209917515516282,0.7283360615372658,5.576018571853638e-06,1245.820179581642,380000000.0,0.0006689999999999999,3.5500000000000003
1.6157084226608278,0.8745654344558716,8.296213507652284e-06,836.8382155895232,484999999.99999994,0.0026099999999999995,7.28
1.3879481613636018,0.7027205139398576,3.1512234210968025e-06,2812.295883893966,80200000.0,0.000323,12.82
1.4031871229410173,0.776166095584631,3.016286045312882e-06,1198.8511979579923,166000000.0,0.000614,8.55
1.598806017637253,0.8543421775102616,4.158027797937394e-06,1153.2044336199758,211000000.0,0.00137,9.730000000000002
1.365618708729744,0.8152685075998307,3.740643411874772e-06,1058.5669726133344,309000000.0,0.0008120000000000001,4.3
1.5325406782329083,0.6514856457710266,8.474984496831895e-06,1597.2762294113634,153999999.99999997,0.000613,13.83
1.4578814819455148,0.8940048336982728,3.192004561424256e-06,2130.6213662028313,198000000.00000003,0.000894,6.33
1.4660475812852385,0.696325170993805,5.660885229706765e-06,881.7494213581084,274000000.0,0.000673,7.54
1.6044122099876406,0.671202090382576,7.57964649796486e-06,2691.698923707008,107000000.00000001,0.0006010000000000002,16.14
1.3678790330886843,0.6215275347232819,5.924918413162233e-06,2680.4424375295634,85800000.0,0.0002449999999999999,13.61
1.731491929292679,0.6804604947566987,2.9770739078521733e-06,1512.8568299114702,142000000.00000003,0.000433,8.27
1.7265962898731233,0.6639461874961854,7.81832028925419e-06,2907.469674944877,102000000.0,0.000642,16.67
1.2141773879528046,0.6562575906515122,9.684494614601137e-06,2154.725521802902,123000000.00000003,0.0004119999999999999,15.37
1.7540750384330752,0.6017950147390366,3.053240954875947e-06,1612.253740429878,120000000.0,0.00023900000000000006,7.2
1.6982056617736818,0.886790156364441,5.181656241416932e-06,751.9685775041579,328000000.0,0.00221,8.25
1.7555556535720827,0.6016979545354844,3.0387788414955145e-06,1518.1114077568052,127000000.00000001,0.00024100000000000008,6.78
1.5057912200689316,0.6367100179195405,5.547348335385324e-06,2344.7427824139595,98400000.00000003,0.0003380000000000001,13.35
1.4110329598188402,0.6851919651031495,3.2769873142242436e-06,1060.2889508008955,176000000.0,0.0003710000000000001,6.92
1.4261574447155,0.6743805348873139,3.41978681087494e-06,1945.275768637657,106000000.00000003,0.0003179999999999998,10.69
1.5969548821449282,0.7953306555747987,3.0084218382835393e-06,2149.101674556732,109000000.00000001,0.000719,12.13
1.4846712190657856,0.8236594676971436,4.591645449399949e-06,951.0264098644255,314000000.0,0.00113,6.2
1.3051375508308412,0.7681583471596242,2.986908912658692e-06,1940.4742419719694,111000000.0,0.00046299999999999987,11.28
1.4516231641173365,0.8119036942720413,3.070888221263886e-06,1659.7890034317968,134999999.99999997,0.0007330000000000001,10.61
1.3163275659084321,0.6754606693983078,8.52863308787346e-06,2128.822050988674,131999999.99999999,0.0005239999999999999,15.05
1.547772900760174,0.6627463459968568,7.98480409383774e-06,2333.655945956707,119000000.0,0.000587,15.49
1.6618668973445894,0.7898152738809586,7.007143616676331e-06,1147.5839763879774,232999999.99999997,0.00163,12.69
1.486222466826439,0.6905992895364762,7.587555766105653e-06,733.3208918571471,338000000.0,0.000885,8.27
1.6316264122724535,0.8745993912220001,4.1807137727737435e-06,1060.539588332176,229000000.0,0.00154,9.17
1.5119646213948728,0.635915619134903,6.449348937720061e-06,1853.6855671554802,123000000.00000003,0.00040699999999999997,12.92
1.4773630209267141,0.7170039407908917,7.35912972688675e-06,985.3689670562743,261999999.99999997,0.0009620000000000001,10.61
1.4720134645700456,0.7305682942271233,5.695320472121239e-06,1070.0816959142683,230000000.0,0.0008210000000000001,9.83
1.330265682935715,0.8696828484535218,3.380214393138886e-06,2278.4741893410683,255000000.0,0.000736,3.37
1.4135156840085985,0.6968867763876916,8.892378062009813e-06,642.4166560173034,344000000.0,0.00109,9.97
1.4647486165165902,0.6393889725208283,6.86554927006364e-06,2451.631754636764,101000000.0,0.00038,14.509999999999998
1.5103930972516537,0.6366075932979585,5.197195336222649e-06,2309.8975345492363,97899999.99999999,0.00032500000000000004,12.969999999999999
1.4707852117717268,0.638409197330475,8.206919595599175e-06,1091.4700031280515,208999999.99999997,0.0005479999999999999,10.68
1.6119500935077669,0.6514134496450424,5.859452754259111e-06,2652.6272594928737,95700000.00000001,0.000453,14.89
1.7417694211006165,0.7866277657449247,4.021791994571687e-06,2255.02747297287,116999999.99999997,0.0009520000000000003,13.76
1.6471835106611252,0.742975415289402,6.180084519088269e-06,1786.9454268366096,152999999.99999997,0.00101,14.219999999999999
1.310019063949585,0.6765653640031816,9.002219110727312e-06,1402.6770666241644,184000000.0,0.000633,13.34
1.4151039183139802,0.6196821212768555,4.621524721384049e-06,1277.4872332811353,149000000.0,0.00025299999999999997,8.27
1.6241367012262347,0.6477104634046555,9.73609855771065e-06,2898.0202525854106,106000000.00000003,0.000583,17.03
1.4918593229725958,0.7236060932278634,5.913306936621667e-06,854.8750281333922,317000000.0,0.000844,7.13
1.6106725931167605,0.8695685505867005,6.735876716673375e-06,661.8724316358565,350000000.0,0.0024299999999999994,9.78
1.3220648288726808,0.6153780519962311,6.437400937080384e-06,2234.9016293883324,98400000.00000003,0.00023799999999999993,12.74
1.6695802330970766,0.8754382252693177,4.366830557584764e-06,887.8731280565261,334000000.0,0.0016800000000000003,5.92
1.4607589155435563,0.7113201856613159,5.221643492579461e-06,837.843894958496,312000000.0,0.0006810000000000001,5.87
1.7224862158298493,0.8925496459007264,2.957587897777558e-06,1296.7291772365568,164000000.0,0.00133,9.6
1.7053060412406922,0.8022988200187684,9.86342290043831e-06,747.2596615552901,341000000.0,0.0026399999999999996,12.76
1.597287029027939,0.7273143075406552,6.270261999219657e-06,1838.3601326495407,147000000.0,0.000888,14.29
1.628202071785927,0.7143294006586075,3.967458933591844e-06,2737.2489422559734,91599999.99999999,0.0005479999999999999,14.379999999999999
1.4229452401399614,0.7929386794567109,3.026911705732346e-06,2150.460660457611,108000000.00000001,0.0006010000000000002,12.09
1.6753302097320557,0.8803523719310762,2.968443453311921e-06,1105.209246277809,186000000.0,0.00127,8.55
1.4152415782213212,0.6314000040292741,7.190096214413644e-06,1073.2587724924085,202000000.0,0.0004359999999999999,9.700000000000001
1.6708559632301332,0.7736903943121434,3.931765109300614e-06,2144.448973238468,119000000.0,0.000835,13.24
1.4905889175832272,0.7587598018348217,5.858075886964799e-06,931.2314838171004,290000000.0,0.00102,8.47
1.761530148983002,0.74427540153265,6.597476493567229e-06,2150.032289326191,140000000.0,0.00111,15.43
1.6216024518013001,0.6947764948010445,9.886542588472368e-06,1992.4313127994535,153999999.99999997,0.0009620000000000001,16.31
1.3030363082885743,0.6085082352161408,3.714943766593934e-06,2674.650132656097,74099999.99999999,0.00012799999999999994,10.54
1.3566083014011385,0.6585254520177842,8.212416842579843e-06,2304.2445555329323,116999999.99999997,0.0004500000000000001,14.989999999999998
1.722062408924103,0.7356981463730335,7.724539145827295e-06,1815.8872630447147,164000000.0,0.00121,15.27
1.549364358186722,0.8395281314849854,5.206448197364808e-06,2081.6326066851616,431000000.0,0.00102,1.5299999999999998
1.4079323261976244,0.6202521175146103,3.6167274415493017e-06,1833.3592656999824,105000000.00000003,0.0001899999999999999,9.05
1.2675273656845094,0.7123678788542748,9.813604086637497e-06,1215.7253473997114,208999999.99999997,0.0008539999999999998,14.12
1.5574363455176354,0.8414773374795914,7.097782373428346e-06,690.0029927492141,354000000.0,0.00216,9.8
1.7659930229187013,0.806314292550087,4.023804724216462e-06,2080.6345641613007,126000000.00000001,0.0011,13.44
1.4905229654163124,0.6445605129003525,4.375819414854051e-06,644.5313543081282,297000000.0,0.000378,3.5600000000000005
1.539188624918461,0.6448348671197892,7.475330755114556e-06,2287.300892174244,111999999.99999999,0.000477,14.81
1.6447155386209489,0.7789508365094663,6.651225794106723e-06,1254.0222257375715,214000000.00000003,0.00143,12.78
1.4970012679696085,0.7862977512180805,6.959800451993943e-06,2130.915477871895,416000000.0,0.0009310000000000001,3.939999999999999
1.7206524789333344,0.7470142297446728,6.106022618710995e-06,2074.593409895897,139000000.0,0.0010399999999999997,14.94
1.5261206924915316,0.7490441121160984,4.169923305511476e-06,1684.065509587526,141000000.00000003,0.0007110000000000002,11.94
1.6083625316619874,0.6449542880058289,6.731061253696681e-06,2842.9391533136363,94099999.99999999,0.000455,15.5
1.341935044527054,0.6147314429283143,4.596027851104737e-06,2319.1343918442726,88900000.00000003,0.00018400000000000008,11.270000000000001
1.5260655753314496,0.8313883513212205,3.14347916841507e-06,867.2268986701964,236000000.00000003,0.0009360000000000001,6.27
1.5127956189215184,0.6575258731842042,8.31505197286606e-06,1435.9946474432943,168999999.99999997,0.0006429999999999999,13.24
1.4142427235841752,0.5991127967834473,2.939442455768586e-06,1733.5089128464458,103999999.99999999,0.00012999999999999996,6.49
1.2912824392318727,0.6100608497858048,3.6678540706634526e-06,2123.477302491665,90299999.99999999,0.0001349999999999999,9.16
1.4608666062355042,0.7377439096570015,8.447231233119966e-06,903.5589843988417,279000000.0,0.00128,11.83
1.4345080465078355,0.6441378593444825,7.676697701215745e-06,2476.3591885566707,105000000.00000003,0.0004119999999999999,14.95
1.2869536757469178,0.6024128705263139,5.6541205346584325e-06,450.0681459903716,346000000.0,0.00023500000000000002,1.9
1.5215666547417641,0.6380771756172181,5.338863819837571e-06,1305.3165301680563,158000000.0,0.0004009999999999999,10.14
1.464733473211527,0.743992055207491,4.423271894454957e-06,1205.263093113899,191000000.0,0.000719,9.78
1.5763244658708573,0.682625225186348,9.34062159061432e-06,2452.0720839500423,129000000.0,0.000739,16.4
1.5049668040126563,0.7125513240695001,3.8465034365654e-06,1492.8385540843008,149999999.99999997,0.0005419999999999998,10.04
1.5013731246348472,0.6358945459127426,5.227028816938401e-06,1201.3982534408567,168000000.0,0.000385,9.410000000000002
1.7419771850109103,0.7955844193696976,9.133204251527787e-06,937.1582716703414,282000000.0,0.0023,13.43
1.4730362333357336,0.685261756181717,5.8688628077507026e-06,1107.9767644405363,205999999.99999997,0.000633,10.1
1.3296911716461184,0.6483332365751268,8.383467048406601e-06,2359.791837632656,111000000.0,0.0003990000000000001,15.1
1.7545397579669955,0.6595884025096894,9.645003139972687e-06,2887.800961732864,111999999.99999999,0.00073,17.21
1.3447901308536532,0.6144816219806671,4.609479427337647e-06,2140.012077987194,95099999.99999997,0.00018800000000000012,10.81
1.6562500834465028,0.7078208059072495,4.985464021563531e-06,2680.7785332202907,100000000.0,0.000636,15.149999999999999
1.5083154218271375,0.8018337696790696,3.0043498575687412e-06,1046.7059463262556,180000000.00000003,0.000769,8.15
1.5244433373212816,0.7693797044456006,3.6362833380699164e-06,1045.1601743698118,358000000.0,0.0007240000000000001,2.0699999999999994
1.3225040674209596,0.6148053824901581,6.357371138408781e-06,2804.7939687967296,82699999.99999999,0.00022099999999999987,13.78
1.3779919534921647,0.615482971072197,8.181362226605417e-06,2869.85333263874,87800000.0,0.00029400000000000004,15.18
1.581307026743889,0.7332259096205235,4.206003904342652e-06,2211.677610874176,111999999.99999999,0.0006400000000000002,13.48
1.3324616432189942,0.614718970656395,5.520804107189179e-06,2050.597622990608,102000000.0,0.00021799999999999996,11.53
1.4923927411437037,0.8250102549791337,3.0767638981342323e-06,1512.4813392758367,146000000.0,0.000823,10.14
1.5433438405394555,0.7146921873092652,9.771442949771882e-06,1246.8622550368307,214000000.00000003,0.00121,14.56
1.405117526650429,0.678866395354271,8.816603839397431e-06,1079.7618627548215,223999999.99999997,0.000783,12.25
1.6295721530914309,0.8847582936286927,3.747611820697785e-06,2354.0072068572044,324000000.0,0.0010500000000000002,2.1500000000000004
1.5208965741097928,0.7238536231219769,4.311523467302323e-06,1922.8898659348486,124000000.00000003,0.000604,12.68
1.732932186126709,0.6650709360837938,8.728695452213289e-06,2880.275651812553,108000000.00000001,0.0006930000000000001,16.92
1.4054182380437852,0.6334958374500276,7.981658682227136e-06,1717.7618872374294,137000000.0,0.0004159999999999999,13.1
1.5829386770725251,0.7012512177228928,4.2650888264179235e-06,2637.8698945045467,94300000.00000001,0.000508,14.26
1.4728498823940754,0.7284147486090661,5.198408648371698e-06,893.0499404668807,302000000.0,0.0007619999999999999,6.48
1.5875613927841188,0.7810438178479672,5.114358201622964e-06,1353.8443222641943,186000000.0,0.00111,11.79
1.4320991188287737,0.6288158208131791,6.096780370920897e-06,2721.5036302804942,88100000.00000001,0.00029499999999999996,14.189999999999998
1.5168037835508585,0.7298180982470514,7.059966504573823e-06,973.2061177492141,387000000.0,0.00098,6.46
1.6845911264419557,0.7747560672461987,4.986451089382172e-06,1756.5809208899734,148000000.0,0.0010699999999999998,13.419999999999998
1.5316705383360387,0.6496203660964966,3.1669147014617926e-06,2141.657128930092,94999999.99999999,0.00027299999999999997,10.44
1.4128439247608187,0.6315701186656952,7.000419080257417e-06,2154.668003320694,109000000.00000001,0.00034999999999999994,13.73
1.7373658776283265,0.7139693386852742,7.868394449353219e-06,1991.6813746094701,149000000.0,0.0010699999999999998,15.71
1.627723887562752,0.869353723526001,2.994659841060639e-06,1010.8921974897384,201000000.0,0.00119,7.89
1.4855578266084195,0.7090253278613091,4.538478136062623e-06,1745.3050166368482,133999999.99999997,0.000567,12.19
1.4985728710424155,0.704599490761757,4.192628473043442e-06,1677.7940206229684,136000000.0,0.0005310000000000001,11.37
1.5097894202917816,0.6379952788352967,6.512707076966764e-06,1327.5497332215307,164000000.0,0.00045999999999999996,11.17
1.519751708954573,0.6533434867858887,3.151335448026658e-06,1480.8554127812383,130000000.0,0.0002959999999999998,8.12
1.5924692988395692,0.6300540804862976,8.764056116342546e-06,2878.4554749727245,97500000.00000001,0.000464,16.22
1.7167382061481478,0.8180646389722824,3.072213768959046e-06,2268.711656332016,108000000.00000001,0.0008809999999999998,12.56
1.4236077010631563,0.6171459406614304,4.481559276580811e-06,682.6176047325133,255000000.0,0.000268,3.9499999999999997
1.4162719130516053,0.631460925936699,6.7813652567565454e-06,2236.922040581703,105000000.00000003,0.00033899999999999995,13.77
1.519371096789837,0.6799651890993119,4.445867538452149e-06,2209.044761955738,106000000.00000003,0.0004300000000000001,12.88
1.4207390606403352,0.675812727212906,3.3898653984069832e-06,2146.619401872158,98000000.00000001,0.00031,11.22
1.4098871290683748,0.8799919545650483,3.2950801849365242e-06,2309.702403843403,259000000.0,0.0007860000000000001,2.97
1.5093647332862021,0.7807604916393758,5.181931719183923e-06,1149.8911604285238,213000000.0,0.00106,10.67
1.7048826098442078,0.7212440885603428,6.864923108369113e-06,2121.9161078333855,138000000.0,0.0009679999999999999,15.4
1.5062472067773343,0.6353774428367616,6.687179554253818e-06,1870.0907584279773,123000000.00000003,0.0004119999999999999,13.11
1.5089424809440972,0.6624063491821289,5.848939746618271e-06,1074.6702849864957,203000000.0,0.0005530000000000001,9.63
1.28989452123642,0.6084764420986176,4.671285539865495e-06,2415.6648963689804,84699999.99999997,0.000156,11.13
1.3492003977298739,0.6141719341278077,4.623270004987718e-06,1855.8781612664459,107000000.00000001,0.00019500000000000008,9.99
1.787522614002228,0.8040218353271485,6.948787391185762e-06,1352.5740727782247,204000000.0,0.00183,13.92
1.3268241584300997,0.6151775032281876,5.486458882689477e-06,2604.0787547826762,84200000.00000003,0.00020299999999999992,12.77
1.4898445308208468,0.6363251924514771,7.99371586740017e-06,1540.1239991188047,151999999.99999997,0.00049,12.78
1.6093457847833634,0.6964579850435257,6.219265859574081e-06,2214.4648358225822,121000000.0,0.0006959999999999999,14.94
1.6796502649784089,0.6598094165325166,3.020467966794968e-06,2514.834284782409,85200000.00000001,0.000332,11.75
1.412810942530632,0.7485013000667096,8.754828393459321e-06,577.0921260118483,408000000.0,0.0014700000000000002,9.24
1.468571785837412,0.7014771044254303,8.288719177246096e-06,1286.9837060570715,198000000.00000003,0.0009019999999999999,13.41
1.5579061344265939,0.7577484481036664,3.12003967165947e-06,956.6352069377898,235000000.00000003,0.000679,5.49
1.4284147471189501,0.6291853308677674,6.14362632483244e-06,1119.08945441246,183000000.0,0.000385,9.48
1.7782589435577394,0.7005697309970856,8.024435654282572e-06,2205.0347849726677,136000000.0,0.000997,16.21
1.5063720982521773,0.6695440292358399,5.226275190711023e-06,992.7872866392134,221000000.0,0.0005349999999999999,8.24
1.517414538189769,0.7448518507182599,7.017484828829767e-06,851.4368832111358,382000000.0,0.00114,7.25
1.5014612382743509,0.8597022503614427,5.374460637569428e-06,661.2651348114013,382000000.0,0.00173,6.68
1.1958836674690247,0.6581512480974198,9.629889935255051e-06,1308.9054375886915,180000000.00000003,0.000502,13.28
1.5091512328013779,0.6337531417608262,4.449608862400056e-06,1274.5315507054327,152999999.99999997,0.00032799999999999995,8.79
1.4893504187464714,0.7288904964923859,7.880072161555291e-06,1117.4419820308683,232000000.0,0.0011,12.49
1.4794093139469624,0.6537328094244004,3.4132927954196936e-06,1846.963560208678,109000000.00000001,0.00029,10.01
1.5045688686892391,0.709560339152813,7.112240523099901e-06,777.5307744741439,363000000.0,0.0009329999999999999,7.32
1.6071958422660828,0.8626029700040818,3.022056162357331e-06,899.5171934366225,223999999.99999997,0.00115,6.89
1.5288280695676806,0.6356195032596589,4.3560822308063515e-06,1473.4940901398656,134999999.99999997,0.00032700000000000003,9.67
1.6190304011106493,0.7657212205231191,2.940356612205506e-06,2831.9470882415767,85900000.0,0.0005880000000000001,13.65
1.5538974344730379,0.6598510086536408,4.305906891822816e-06,2062.2535347938538,107000000.00000001,0.000378,12.02
1.8029879093170167,0.8597351074218751,8.903135985136033e-06,722.0328152179717,342000000.0,0.00322,12.23
1.284624481201172,0.6351848959922791,9.345868915319445e-06,458.5077166557311,377000000.0,0.0005840000000000001,7.35
1.430715760588646,0.6294029921293259,6.094141401350499e-06,1214.3111899495123,169999999.99999997,0.0003770000000000001,9.98
1.4965157244354488,0.6977685928344727,4.63396367430687e-06,2058.21830034256,116999999.99999997,0.000514,13.03
1.2612375855445863,0.6045679897069931,7.6784775108099e-06,971.0904508829116,194000000.0,0.00027499999999999996,8.59
1.523199438303709,0.850372812151909,4.643880039453507e-06,2235.192947089672,405000000.0,0.0009300000000000003,0.81
1.798058742284775,0.9075639188289644,5.917372345924378e-06,943.0813342332839,265000000.0,0.00263,11.17
1.3950649023056032,0.7206620581448079,9.044498324394228e-06,550.4230707883834,401000000.0,0.0013,9.3
1.4273291051387789,0.690995541214943,8.500287979841234e-06,1000.5814135074614,242999999.99999997,0.000879,11.78
1.7296658992767335,0.6908335000276566,7.029112786054612e-06,2840.2988165616985,106000000.00000003,0.0007269999999999998,16.58
1.3988168746232987,0.6208596467971802,4.490577548742295e-06,2228.2042279839516,93300000.00000001,0.00021599999999999994,11.38
1.5241958856582642,0.7784081272780896,6.361035013571383e-06,1029.2205512523649,251000000.0,0.0012899999999999997,10.93
1.354475435614586,0.6227088868618011,8.307878285646439e-06,1061.7852509021757,203000000.0,0.000413,10.04
1.4995767298154534,0.6435263961553574,5.40851004421711e-06,872.4681586027144,237000000.0,0.0004409999999999998,7.12
1.4974917065352202,0.7644908688962461,4.838748797774316e-06,1036.6521328687666,364000000.0,0.000833,4.09
1.4322386696934701,0.6450149953365326,7.722055673599245e-06,2311.760328710079,111000000.0,0.000422,14.65
1.680218106508255,0.8966095805168153,7.166063725948335e-06,1062.5259876251218,586000000.0,0.00223,2.94
1.6429605156183245,0.8471363425254822,6.3060508742928514e-06,870.6786781549453,285000000.0,0.00204,10.7
1.5783878445625306,0.8629542320966721,8.308272778987885e-06,571.5374946594237,419000000.0,0.00275,9.730000000000002
1.551069138944149,0.6602646142244339,5.044923305511476e-06,2277.4026468396187,103999999.99999999,0.0004159999999999999,13.35
1.7226631700992585,0.6024384856224061,3.0052462816238407e-06,2739.340171217918,73599999.99999999,0.00021000000000000012,10.77
1.5477790340781212,0.6855203613638878,5.700927242636682e-06,2235.5824634432793,113999999.99999999,0.0005599999999999998,14.31
1.5103861525654794,0.648549047112465,7.2101278603076945e-06,999.7874051332473,227000000.00000003,0.000587,9.71
1.4058774143457413,0.626626941561699,3.1958433091640477e-06,672.2264289855956,249000000.0,0.00021399999999999992,1.9699999999999995
1.4476049825549127,0.7236676007509232,8.889131993055345e-06,980.3816229104995,255000000.0,0.00119,12.66
1.4890697177499534,0.719928465038538,6.394381063990296e-06,1414.022959768772,178000000.00000003,0.000829,12.72
1.493784260004759,0.6368224292993546,7.857259556651116e-06,1797.2275912761686,132999999.99999997,0.00046500000000000014,13.57
1.2903829514980318,0.6061274886131287,4.737031370401383e-06,1090.381622314453,168000000.0,0.00018299999999999995,6.19
1.5516995608806612,0.6496556639671326,5.268269225955011e-06,1998.9753440022466,113999999.99999999,0.00040600000000000006,12.68
1.6031075119972231,0.755311692506075,6.197430960834027e-06,1441.9480711221693,183000000.0,0.00111,13.04
1.3100447595119478,0.6320136934518815,9.009980469942094e-06,1334.0637013316152,170999999.99999997,0.0004300000000000001,12.21
1.6477361977100373,0.6606981217861176,6.922366064041854e-06,2331.112615764141,111999999.99999999,0.0005939999999999999,15.3
1.2587733864784243,0.5995393216609956,9.707816451787949e-06,1446.8303993344305,146000000.0,0.00029699999999999996,12.07
1.3080317437648774,0.6730027735233307,9.427851974964142e-06,714.7240936756133,300000000.0,0.000826,10.8
1.3684906482696535,0.6216477245092392,6.325986895710231e-06,1945.1197907328603,111999999.99999999,0.0002869999999999999,12.38
1.5996503859758378,0.7304110810160638,2.995455920696259e-06,1930.0861954689024,112999999.99999999,0.0005109999999999998,10.96
1.7678838908672334,0.7036766454577447,6.889430355280639e-06,2658.06595981121,113999999.99999999,0.0008430000000000001,16.43
1.8424055457115176,0.8990996897220612,9.15173125267029e-06,519.4878876209258,441000000.0,0.00417,10.45
1.4972518868744376,0.7019468173384668,5.185538485646248e-06,2047.5755929946897,122000000.00000004,0.0005780000000000001,13.63
1.565548311173916,0.8103383839130402,5.17728677392006e-06,1103.1759828329084,225999999.99999997,0.00133,10.6
1.753038775920868,0.8399220496416092,8.016437307000161e-06,837.9908204078673,304000000.0,0.0026099999999999995,12.12
1.653744810819626,0.6367320656776428,8.542296826839448e-06,2896.735697984695,98899999.99999997,0.0005199999999999998,16.38
1.470688294619322,0.6852853506803513,7.087862670421601e-06,1483.120687305927,166000000.0,0.000675,13.03
1.4449185356497767,0.7328504998236895,8.84321889281273e-06,886.2608224153518,279000000.0,0.0012899999999999997,12.14
1.490890692919493,0.6973264172673226,7.54781509935856e-06,1497.0045834779737,170999999.99999997,0.0007950000000000001,13.69
1.729490751028061,0.8202078312635422,5.030715286731721e-06,1422.2487360239027,181000000.00000003,0.00148,12.49
1.2546047866344454,0.6868312686681748,9.478001862764359e-06,1145.0019404292104,214000000.00000003,0.0007240000000000001,13.11
1.5410753443837166,0.848851615190506,3.0853144526481634e-06,947.825863957405,216000000.00000003,0.00102,7.1899999999999995
1.4652689628303053,0.685215774178505,9.251967400312425e-06,2153.040610253811,140000000.0,0.0007060000000000002,15.78
1.4153081953525544,0.7114773273468018,8.997115939855576e-06,1040.1488393545148,432000000.0,0.0009509999999999998,6.53
1.4492477238178254,0.6493091136217118,8.603369861841202e-06,781.1443805694579,286000000.0,0.0006810000000000001,9.33
1.4886979267001152,0.6718091636896134,6.043041944503785e-06,1000.8519440889357,225999999.99999997,0.000604,9.18
1.498277650214732,0.7276895374059678,6.050805181264878e-06,1420.620486140251,176000000.0,0.0008399999999999999,12.56
1.772552812099457,0.9047619581222535,2.945075929164887e-06,1483.23930054903,148000000.0,0.00139,10.44
1.2140177071094513,0.6919539213180542,8.949976801872254e-06,2115.864410996437,412000000.0,0.00046199999999999995,3.3199999999999994
1.2614631235599518,0.6065187513828278,7.568421587347986e-06,2688.4223818778987,86200000.00000001,0.00021000000000000012,13.89
1.2107814967632295,0.7559939704835416,9.957673221826554e-06,1698.8813802599905,558000000.0,0.0008170000000000001,3.23
1.5871030032634736,0.7992689430713654,2.998998641967774e-06,1942.4802735447881,116999999.99999997,0.000741,11.58
1.5453872367739678,0.7682689659297467,5.328751146793366e-06,1304.6714961528776,191000000.0,0.00103,11.67
1.2349114000797272,0.6506066858768463,9.052274078130723e-06,2019.20810341835,124000000.00000003,0.00039399999999999993,14.829999999999998
1.5765912115573884,0.6398136287927628,7.555038228631021e-06,2101.4451533555984,118000000.00000001,0.0004939999999999999,14.5
1.7826183736324313,0.7531259894371033,7.0195305198431024e-06,1983.4383502602575,152999999.99999997,0.00127,15.4
1.4334215238690378,0.6296953082084656,5.7021137475967415e-06,2044.0684184432027,108000000.00000001,0.00030899999999999987,12.49
1.2195226013660432,0.6478153288364411,9.788234472274782e-06,479.91591691970814,383000000.0,0.0006379999999999999,8.03
1.7994900405406953,0.9057984352111818,4.992636352777482e-06,1139.446675777435,219000000.0,0.00218,11.21
1.5851404488086702,0.7332221020013094,3.183497607707978e-06,891.6946798563002,261999999.99999997,0.00062,4.43
1.7102695226669313,0.8898101270198823,4.787384659051896e-06,1030.9358984231947,231000000.0,0.00193,10.33
1.5031050827354193,0.6789172857999802,7.758306711912156e-06,1533.9418053627012,163000000.0,0.0007089999999999999,13.71
1.5994866013526918,0.6548834413290024,3.078553825616837e-06,2151.6735404729843,95999999.99999999,0.00030899999999999987,10.64
1.5996825188398363,0.7221607871353627,4.942541852593423e-06,2366.7911365628242,111999999.99999999,0.000679,14.5
1.7170160651206972,0.6941063359379769,9.140231072902682e-06,2600.649774074554,126000000.00000001,0.000866,16.84
1.2908808767795563,0.608492848277092,4.6947978436946875e-06,2142.768010497093,93800000.00000001,0.00016099999999999993,10.44
1.4224459916353227,0.6352286517620087,6.830801572650672e-06,812.5690668821334,270000000.0,0.00045700000000000005,7.18
1.545081563293934,0.7124263063073158,5.2676704972982416e-06,2179.489091038704,119000000.0,0.0006469999999999999,14.219999999999999
1.524556039273739,0.6476099699735642,8.452797532081605e-06,1830.7004887610672,138000000.0,0.0005589999999999999,14.31
1.4791020579636098,0.6536743372678757,3.374381691217423e-06,2575.489833950996,82400000.00000001,0.00026399999999999997,11.92
1.5519816979765892,0.7685759536921979,3.7647444307804114e-06,1746.445346623659,141000000.00000003,0.000738,11.21
1.480601667612791,0.8217717200517655,4.6358848214149486e-06,935.185134410858,316000000.0,0.00113,6.24
1.4918270207941533,0.6709535032510758,5.845301479101182e-06,1246.6161251068113,179000000.00000003,0.000563,10.84
1.7900261521339418,0.7512718923389913,6.935976710170508e-06,2066.8731555342674,148000000.0,0.00124,15.53
1.639321178197861,0.7402009204030038,6.843459259718658e-06,1648.1127887964246,168000000.0,0.00109,14.219999999999999
1.492785348929465,0.6964811459183694,7.208776131272317e-06,779.6556055545806,326000000.0,0.0008650000000000001,8.2
1.51216527633369,0.6499289721250535,8.531646341085435e-06,1537.2217185795305,159000000.00000003,0.0005970000000000001,13.51
1.4735999420285226,0.6811073362827301,8.094271197915078e-06,1369.9551224708555,181000000.00000003,0.000741,13.25
1.6030181944370272,0.6538675636053086,5.10927912592888e-06,2720.237106084823,90399999.99999997,0.0004080000000000001,14.4
1.3296140134334566,0.7925765901803971,3.7333827316761024e-06,2052.220694720745,265000000.0,0.0005570000000000002,3.5299999999999994
1.4859623070806267,0.720411866158247,5.8553656488657005e-06,872.76454269886,368000000.0,0.0008020000000000001,5.4
1.4163735419511796,0.6997449383139611,9.868658334016802e-06,1793.5611791908739,162000000.00000003,0.000813,15.67
1.5668894648551943,0.8400004148483277,4.478272110223771e-06,1088.7819081544874,222000000.0,0.00135,9.82
1.489296329766512,0.8214253753423691,3.4879974424839024e-06,712.7802371978759,357000000.0,0.0009050000000000001,2.8800000000000003
1.6501182675361634,0.8271531969308854,4.72125142812729e-06,1268.5487717390058,199000000.00000003,0.0014,11.17
1.417868721485138,0.6666416823863984,6.401084197685123e-06,681.5669983625411,368000000.0,0.000587,5.11
1.312418192625046,0.6136407136917115,7.393659994006158e-06,1656.5952841192482,128000000.0,0.0002850000000000001,11.92
1.5268101744353773,0.7174786873161794,4.143265485763551e-06,2039.657339453697,115999999.99999997,0.0005549999999999999,12.68
1.3924645096063615,0.8711108922958375,2.9584740996360784e-06,2463.494569063186,221000000.0,0.0006850000000000001,3.6600000000000006
1.591472750902176,0.8309621393680573,7.504857361316682e-06,1482.2991862893102,485999999.99999994,0.0014700000000000002,4.35
1.4800526015460493,0.8404045522212983,5.181180283427239e-06,779.2397886514663,315000000.0,0.00148,7.879999999999999
1.4746210232377053,0.647811108827591,7.701489239931107e-06,832.7310830354689,279000000.0,0.000602,8.37
1.6325086891651155,0.8174256742000581,6.937015879899265e-06,917.0495271682738,281000000.0,0.00191,11.38
1.433760353922844,0.6915323317050934,9.348463892936708e-06,1337.3877033591268,193000000.0,0.0008759999999999998,14.18
1.720155429840088,0.7465651698410511,7.236057922244073e-06,1776.262681931257,165000000.0,0.00123,14.93
1.6128983706235887,0.8167555510997773,3.9025548696517954e-06,1530.1148146390913,164000000.0,0.00106,11.01
1.4834766503423453,0.7556513451039791,4.910315021872521e-06,1307.1002736687658,181000000.00000003,0.0008399999999999999,11.26
1.508267510868609,0.7406599558889867,5.839573189616205e-06,939.9771243333815,371000000.0,0.000901,5.54
1.7571595788002017,0.8951625645160676,4.267731159925461e-06,865.2412444353103,282000000.0,0.00192,7.6
1.3624529957771303,0.6212679773569107,7.341762423515321e-06,870.3100234270095,240000000.0,0.00039399999999999993,8.0
1.55585432946682,0.8438126832246781,3.190913081169129e-06,835.0422531366347,268000000.0,0.0010399999999999997,5.39
1.6508970201015474,0.7390951573848725,6.213906977325679e-06,1867.4529548734424,148000000.0,0.000983,14.44
1.4539319962263109,0.7745990864932538,4.351065635681153e-06,1159.704841673374,205999999.99999997,0.000826,9.35
1.3560912162065508,0.7129513554275037,3.1304047703742986e-06,2421.5669482946396,89799999.99999999,0.0003380000000000001,12.07
1.545366731286049,0.7345397651195527,8.776465237140657e-06,1117.169290781021,237000000.0,0.0013199999999999998,13.4
1.3716874927282334,0.7585295923054219,9.237764388322832e-06,533.048391342163,410000000.0,0.00157,9.84
1.3918800294399263,0.7335209861397743,9.044860482215883e-06,549.2548942565917,407000000.0,0.00139,9.37
1.4901367418468,0.682214418053627,4.758282169699669e-06,1663.923619315028,137000000.0,0.00049,11.71
1.376369208097458,0.8745337843894959,9.80681446194649e-06,678.338512778282,659000000.0,0.00229,5.27
1.5646210804581644,0.7473294809460641,3.1617527008056646e-06,1073.063865303993,229000000.0,0.000622,5.42
1.4524421095848086,0.6303461283445358,5.482017129659654e-06,1494.4553300738332,139000000.0,0.0003380000000000001,10.72
1.4020758032798768,0.6242344826459885,3.464632004499436e-06,2485.82611978054,80500000.00000001,0.00017399999999999997,10.68
1.5151411414146425,0.749058897793293,5.314508497714997e-06,1389.938063919544,176000000.0,0.0008799999999999999,11.99
1.4880924794822932,0.6721120655536652,7.001002788543702e-06,934.5133155584334,255000000.0,0.000688,9.28
1.3056893706321717,0.7194157965481282,6.867983352392913e-06,2067.918471992016,398000000.0,0.0005689999999999998,3.05
1.5030245477333666,0.7685732804238797,7.483311370015145e-06,897.3142057657241,290000000.0,0.0014099999999999998,10.98
1.4534957125782968,0.7761646069586278,4.394359350204469e-06,1175.6189092993734,201000000.0,0.0008399999999999999,9.700000000000001
1.467196436226368,0.8448048412799836,6.34744024835527e-06,654.8364758491515,391000000.0,0.0018,7.799999999999999
1.3850676834583284,0.8459553837776185,4.230401366949082e-06,2408.1448018550873,369000000.0,0.000745,0.6499999999999999
1.5190247900784017,0.7196288421750069,8.943082660436632e-06,1187.4234601855276,221000000.0,0.00117,13.72
1.3879975140094758,0.6568887680768968,8.110057398676873e-06,2293.9111962914467,116999999.99999997,0.0004579999999999999,14.89
1.2962619602680208,0.8305495887994767,3.270985424518586e-06,2275.757633149624,178000000.00000003,0.000589,6.81
1.3221587598323823,0.6142708271741868,6.456436388194562e-06,1758.1060919910667,119000000.0,0.000255,11.53
1.5128687627613546,0.7481197737157346,5.215853244066239e-06,1414.2136201262472,171999999.99999997,0.0008579999999999999,12.02
1.5324689023196698,0.6546307057142259,5.9854678213596355e-06,1805.169481784105,129000000.0,0.0004720000000000001,12.83
1.7272529661655427,0.7826282165944577,4.875015795230866e-06,1860.422587022185,142000000.00000003,0.00112,13.71
1.554163455963135,0.6455917775630952,4.299305021762849e-06,2701.527133584022,84099999.99999999,0.0003129999999999999,13.22
1.773113787174225,0.9068060159683229,4.246995955705644e-06,1101.6567349433897,215000000.00000003,0.00192,9.83
1.4653252936899663,0.7362317696213723,5.283856511116029e-06,1293.4906706213949,183000000.0,0.0007810000000000002,11.38
1.2710068523883822,0.6050953030586244,7.547758981585504e-06,692.8184181451796,263000000.00000003,0.00029200000000000005,6.31
1.2076433300971985,0.6500196039676667,9.702846795320512e-06,2807.3087632656093,101000000.0,0.00035800000000000003,16.25
1.3040239512920382,0.6135621964931488,8.249827787280084e-06,2788.494706153869,88200000.0,0.00025900000000000006,14.79
1.5747461557388307,0.6648205429315568,4.596740275621415e-06,2603.798240423202,91599999.99999999,0.0004009999999999999,13.83
1.4758123442530633,0.7239036999642849,4.623127311468125e-06,1081.4327299594877,219000000.0,0.000679,8.53
1.6760336101055147,0.8021187275648117,7.851040601730348e-06,950.1137137413024,276000000.0,0.00202,12.46
1.4902684338390828,0.8563049286603929,5.7975768595933925e-06,661.5457981824874,356000000.0,0.00184,8.15
1.7443092942237854,0.8116960108280182,4.044450640678406e-06,1902.6628155261276,134999999.99999997,0.00114,12.98
1.5345975033938886,0.64958193898201,8.529685348272324e-06,1777.8266333043573,142000000.00000003,0.000587,14.32
1.3525624036788941,0.7666430242359639,2.994533002376557e-06,1102.0469218492506,177000000.0,0.0005589999999999999,7.879999999999999
1.4801693581044675,0.8242526024580002,5.495115622878075e-06,755.2027255296706,378000000.0,0.0014,6.49
1.4800817906856538,0.7288931854069234,5.857265830039979e-06,999.1870373487471,254000000.00000003,0.0008430000000000001,9.12
1.4875908158719542,0.8714037895202638,2.880374431610108e-06,2525.5749672651286,192000000.0,0.000752,5.4
1.3738192766904833,0.6192066282033921,6.393343908712269e-06,625.0182092189788,303000000.0,0.00036800000000000016,5.23
1.5686885654926301,0.6439068585634232,5.40102656185627e-06,2259.374625980854,102999999.99999999,0.0003879999999999999,13.35
1.5201643712818624,0.69846960157156,4.255425721406937e-06,2214.252196252346,107000000.00000001,0.00048199999999999995,13.02
1.3638138413429262,0.7468880899250508,3.416079074144364e-06,593.0000096559523,351000000.0,0.000554,2.1500000000000004
1.5129747781902554,0.6967555671930313,9.896250337362291e-06,1968.8897132873533,153999999.99999997,0.0008650000000000001,16.12
1.4628508910536768,0.6392868876457215,8.291294753551484e-06,1000.4043132066726,228000000.0,0.0005620000000000001,10.09
1.592962834239006,0.6341934800148011,3.1532501280307777e-06,447.6107954978942,344000000.0,0.000341,0.3299999999999997
1.646421664953232,0.7847266517579556,2.9741232395172125e-06,2624.5932579040523,92800000.00000001,0.0006739999999999999,13.31
1.6592119216918946,0.8949263334274293,3.0972823500633247e-06,2453.589022159576,241000000.0,0.0009660000000000002,3.5500000000000003
1.4734730266034604,0.7390873678028584,4.353583842515946e-06,1349.2900803685186,168999999.99999997,0.000688,10.65
1.6058051347732545,0.6712258994579315,8.736748039722444e-06,2162.944443523884,132999999.99999997,0.0007349999999999999,15.8
1.5500220581889155,0.7892660826444626,9.906851381063463e-06,611.9372993707656,378000000.0,0.00229,11.81
1.5275550037622454,0.6452491432428361,6.7329277954995644e-06,2557.0640265941615,99699999.99999999,0.0004229999999999999,14.89
1.5179256577044726,0.7377952069044114,6.839068774133922e-06,1255.5126026272771,206999999.99999997,0.00103,12.43
1.4628564432263376,0.7084603697061539,7.478054448962213e-06,1143.4123963117597,221000000.0,0.0008809999999999998,11.89
1.504957506246865,0.8123303532600403,3.252998739480973e-06,834.1168165206908,264000000.00000003,0.0008650000000000001,5.26
1.3979715496301652,0.6235683739185334,3.4234534502029426e-06,1739.1126248985527,109000000.00000001,0.00018800000000000012,8.5
1.4917052306234837,0.7885131418704987,7.280447497963906e-06,758.5327625274657,341000000.0,0.00154,9.62
1.5579283073544503,0.6419265925884248,7.5351489633321774e-06,2192.684255540371,114999999.99999997,0.0004850000000000001,14.66
1.602532133460045,0.7459967136383058,3.95719063282013e-06,2181.790091097355,112999999.99999999,0.0006720000000000001,13.16
1.6481111437082292,0.7359182741492988,5.856520965695382e-06,2027.8922021389005,136000000.0,0.0009019999999999999,14.57
1.5204826913774014,0.6667407900094987,4.987717181444169e-06,2006.998613476753,115999999.99999997,0.000435,12.69
1.3822660356760026,0.6562773406505585,8.127534016966821e-06,2367.0790269970894,113999999.99999999,0.0004500000000000001,15.06
1.512292725965381,0.7276220306754113,6.465720228850843e-06,1404.6947956085203,182000000.0,0.0008990000000000001,12.809999999999999
1.6655174732208253,0.878647667169571,5.7701816856861126e-06,819.9760615825652,286000000.0,0.00221,10.180000000000001
1.4563867807388307,0.7164814487099648,5.135265201330185e-06,816.6086971759795,343000000.0,0.0006900000000000001,4.89
1.4767121002078059,0.6927093118429185,7.411076948046685e-06,1000.7636547088622,248000000.0,0.00082,10.54
1.4886862915009262,0.6747638314962388,4.034405559301377e-06,868.1006282567977,238000000.0,0.0004300000000000001,5.47
1.2895158648490908,0.7696224711835385,6.550020558759571e-06,2602.3970842361446,473000000.00000006,0.0006100000000000001,0.3500000000000004
1.404709777235985,0.69079447388649,9.599977701902392e-06,1967.648148536682,149999999.99999997,0.000719,15.61
1.5896963328123095,0.640822970867157,5.438794657588006e-06,2926.4355748891826,84900000.0,0.0003530000000000001,14.52
1.6509638786315919,0.7411750786006451,9.134577780961991e-06,1266.5992900729177,220000000.0,0.00148,14.44
1.603516834974289,0.8678787589073181,4.2403342127799995e-06,1036.486431956291,232999999.99999997,0.00149,9.1
1.4342187210917474,0.7654967956244946,7.337540134787561e-06,2315.5160918831825,452000000.0,0.000804,2.92
1.5477199852466585,0.6583055824041367,7.335217401385308e-06,2586.4259451627727,105000000.00000003,0.00051,15.53
1.4137024372816087,0.6200333654880524,3.595535576343537e-06,1552.2998496890066,121000000.0,0.0001970000000000001,7.99
1.553648851811886,0.6555363893508912,4.714213758707047e-06,1153.8512557744978,180000000.00000003,0.00045399999999999987,8.84
1.3539050102233887,0.6231883406639099,8.075513467192652e-06,1685.8488526195285,133999999.99999997,0.00035899999999999994,12.809999999999999
1.460894697904587,0.62654487490654,4.476393729448319e-06,1560.6698319315908,127000000.00000001,0.00027200000000000005,9.700000000000001
1.5066663902252915,0.8325244814157486,4.262633830308915e-06,1080.4701149463651,228000000.0,0.00116,8.92
1.6579556286334993,0.778968981653452,2.9409023523330696e-06,2702.4396806955333,90199999.99999999,0.0006559999999999999,13.44
1.6060964047908783,0.825415787100792,6.561742406338454e-06,2017.7441015839574,560000000.0,0.00117,0.5000000000000002
1.5532140746712686,0.8668103992938996,6.074863929301501e-06,668.279856443405,341000000.0,0.00211,9.1
1.5158905036747456,0.7220963045954705,6.033288091421128e-06,1604.2581032961605,158000000.0,0.0008020000000000001,13.27
1.4685259446501733,0.7152993947267533,7.241322144865991e-06,1150.113224983215,221000000.0,0.000901,11.8
1.5781827181577683,0.7309436783194543,6.944370046257974e-06,1533.346205949783,175000000.0,0.00101,13.79
1.5449182167649271,0.8415687739849091,5.29245974123478e-06,1000.3463476896285,398000000.0,0.0014099999999999998,4.98
1.4759165056049826,0.6267157942056657,3.542582720518113e-06,1560.7584565877912,122000000.00000004,0.00022800000000000007,8.36
1.5103002537041903,0.6945410817861558,3.9558967947959904e-06,1199.0253180265424,180000000.00000003,0.0005090000000000001,8.4
1.7717419266700747,0.6119485259056092,3.084782272577286e-06,1877.681093290448,106000000.00000003,0.00026399999999999997,8.56
1.6803190290927887,0.8902628660202028,3.286232143640519e-06,727.614790201187,363000000.0,0.0014700000000000002,3.13
1.6113659709692003,0.8723591566085817,6.963884532451631e-06,626.8530637025832,368000000.0,0.00255,9.65
1.6151609212160112,0.648926255106926,5.110949829220772e-06,2917.6264554262157,85200000.00000001,0.000378,14.509999999999998
1.3122847080230715,0.614677780866623,7.3195999711751946e-06,2703.409448266029,87800000.0,0.00024299999999999986,14.189999999999998
1.4264488846063614,0.6298175990581513,5.7096069306135185e-06,2506.9351047277446,91800000.00000001,0.000288,13.5
1.5419323548674584,0.7155151940882206,7.035254031419755e-06,1607.269339263439,165000000.0,0.0008870000000000001,13.98
1.7364718973636628,0.7976109713315964,7.351948529481889e-06,1195.1089203357694,227000000.00000003,0.00184,13.44
1.5899973481893541,0.648851689696312,7.559028014540673e-06,2258.0636218190193,114999999.99999997,0.0005369999999999999,15.07
1.5345305867493153,0.7367132283747196,2.9148228168487556e-06,2746.7742860317226,84400000.0,0.000455,13.05
1.5269536323845387,0.795336002111435,5.103725239634515e-06,1255.1965117454527,379000000.0,0.0009679999999999999,3.99
1.5361843518912794,0.8536727964878082,4.484510779380799e-06,908.0460965633391,316000000.0,0.00137,6.33
1.4089589774608613,0.638182881474495,7.921929135918619e-06,2027.2076055407522,121000000.0,0.0004099999999999999,13.99
1.7892423927783967,0.7499195471405984,9.843557208776475e-06,1403.7574753165243,211000000.0,0.00177,15.53
1.6772847175598147,0.827293172478676,2.979163825511933e-06,1999.8192712664602,116999999.99999997,0.0008990000000000001,11.82
1.7427635371685029,0.8346926629543305,4.008537560701371e-06,1692.6338868215678,149000000.0,0.00128,12.26
1.660206699371338,0.704904118180275,6.1317275315523156e-06,2329.087920486927,119000000.0,0.0007569999999999999,15.24
1.4903521087020637,0.8083875417709351,4.2624986469745646e-06,1936.929516494274,373000000.0,0.0008120000000000001,1.6599999999999997
1.409143853187561,0.6321242541074753,7.374653801321985e-06,912.4992340803145,242999999.99999997,0.00045600000000000013,8.37
1.5070435004308822,0.6362672030925751,7.820526719093324e-06,1528.4879244863985,151999999.99999997,0.0004939999999999999,12.71
1.5240458205342293,0.7616188354790211,8.40633597970009e-06,2349.213056266308,601000000.0,0.0008929999999999999,0.38999999999999996
1.5729162946343422,0.8132195502519608,4.127803891897202e-06,1364.5824715495107,180000000.00000003,0.0010800000000000002,10.7
1.6539036512374878,0.6854289561510086,8.181213274598123e-06,2658.485800027847,115999999.99999997,0.0007269999999999998,16.52
1.5085333658382298,0.7562800414860249,5.208044633269311e-06,1320.5066621303556,184000000.0,0.0009050000000000001,11.59
1.7156995117664338,0.7487645231187344,9.047757118940355e-06,1370.5491200089452,210000000.0,0.00157,14.86
1.425826321542263,0.6310617774724961,6.725778203457595e-06,1783.326046541333,126000000.00000001,0.00036700000000000003,12.63
1.5914298087358476,0.8281179338693619,3.0319118201732642e-06,1656.732067465782,134999999.99999997,0.000888,10.78
1.6336198300123217,0.8770222485065461,4.226609975099564e-06,1002.7092993259429,251000000.0,0.00158,8.43
1.3507367581129075,0.8321458607912064,3.4810286164283757e-06,1135.7780471444128,246000000.0,0.0008369999999999999,6.22
1.5175977710634472,0.7617931880056859,5.697673454880715e-06,952.6858031749724,373000000.0,0.00101,5.68
1.6649071097373964,0.7756613887846471,5.78969043493271e-06,1482.1895509958265,179000000.00000003,0.00124,13.1
1.5983603149652483,0.8551956474781037,4.077102005481721e-06,1082.9397588968275,378000000.0,0.0011999999999999997,3.1900000000000004
1.5841276556253434,0.7761803649365903,8.776219904422761e-06,2076.855629682541,679000000.0,0.0011,0.010000000000000368
1.4241151928901674,0.644879150390625,8.739553511142732e-06,650.293856859207,324000000.0,0.000666,8.31
1.5783098369836808,0.8542036503553391,3.938403069972993e-06,1173.374831676483,218000000.00000003,0.00126,8.83
1.4642141528427601,0.7264231279492379,8.12752901017666e-06,1025.185093283653,249000000.0,0.00111,12.11
1.492459491826594,0.8002003937959672,5.844764813780785e-06,891.2779688835143,283000000.0,0.00133,9.42
1.546421679854393,0.8361021906137467,2.962905108928681e-06,1118.9132481813429,173000000.0,0.00091,8.68
1.4038545459508898,0.6508536994457246,6.707117401063443e-06,621.9130307435988,357000000.0,0.000523,5.16
1.5327298343181612,0.6203496962785722,8.13593040406704e-06,2868.3118820190425,92300000.00000001,0.00038200000000000007,15.61
1.5974422216415407,0.6486303091049195,6.892668392509223e-06,2047.7582067251203,119000000.0,0.000517,14.219999999999999
1.4958162959665062,0.7745245702564717,7.033217623829842e-06,781.5726399421691,349000000.0,0.00136,8.84
1.5293296158313752,0.7761802531778813,3.3656250238418587e-06,794.0431237220763,302000000.0,0.0007640000000000001,3.8399999999999994
1.4619012191891672,0.6451024889945984,5.42366559803486e-06,671.3216304779052,304000000.0,0.00043399999999999987,4.95
1.5950812160968781,0.653009256720543,7.0468713492155084e-06,2447.274208068847,107000000.00000001,0.0005199999999999998,15.26
1.73408859372139,0.7683142416179181,9.872837752103808e-06,1052.602559328079,259000000.0,0.00204,14.36
1.7341255009174348,0.9002884268760682,3.309370189905167e-06,779.9996733665465,362000000.0,0.0015900000000000003,3.2000000000000006
1.264999294281006,0.6056746333837509,7.70131577551365e-06,2016.8692171573637,107000000.00000001,0.0002300000000000001,12.62
1.536637430638075,0.6957678973674775,4.228310197591782e-06,2394.8721885681152,100000000.0,0.0004690000000000002,13.44
1.4669421762228014,0.8099338173866273,4.757290616631509e-06,933.1185668706893,297000000.0,0.00109,7.02
1.612768614292145,0.6459636747837068,7.325411081314088e-06,2827.627390623092,97100000.00000001,0.0004910000000000001,15.83
1.7213694334030152,0.7909867197275162,3.0172778069972996e-06,2680.217877030372,92300000.00000001,0.0007399999999999999,13.5
1.6277606517076493,0.8598467856645585,7.89215448498726e-06,1290.7772436738012,749000000.0,0.00179,0.06000000000000029
1.5919895052909852,0.7192080035805702,6.052333295345307e-06,2043.2899817824361,132999999.99999997,0.0007969999999999999,14.6
1.4857610888779165,0.7878411948680878,7.487197265028955e-06,717.3490822315215,360000000.0,0.00157,9.39
1.512612593919039,0.6606078028678894,5.8284555077552805e-06,1432.6945990324018,156000000.0,0.0005090000000000001,11.55
1.3401061892509463,0.6156627684831619,3.6056177914142615e-06,1461.203910410404,126000000.00000001,0.00016999999999999993,7.1899999999999995
1.442964094877243,0.7079192027449609,8.290104597806931e-06,1105.4459512233732,227000000.00000003,0.000957,12.51
1.5916886776685717,0.8259235918521882,3.039008736610413e-06,1694.912316277623,132999999.99999997,0.000877,10.89
1.7343858361244202,0.6781631916761399,2.981852054595948e-06,1784.9504966288803,121000000.0,0.00041500000000000006,9.48
1.3947016775608063,0.712814348191023,9.002858102321626e-06,863.0593419075011,276000000.0,0.0011,11.89
1.4841882258653643,0.6390161007642746,6.539676113054157e-06,2442.4226880073543,100000000.0,0.00037499999999999985,14.33
1.40340673327446,0.6237361550331116,3.4854181110858924e-06,2575.2216130495067,78100000.00000001,0.00017199999999999995,10.89
1.4739842981100084,0.6987331688404084,8.500803470611573e-06,1311.812803149223,195000000.0,0.0009050000000000001,13.66
1.5059984436258675,0.680370318889618,4.728793531656266e-06,2122.8822618722916,111999999.99999999,0.000453,12.96
1.6146192312240601,0.76714900508523,8.836804777383806e-06,946.2891072034835,276000000.0,0.00178,12.96
1.4898821499198676,0.7624551214277745,4.608934313058854e-06,1064.7800117731092,310000000.0,0.0008120000000000001,5.39
1.7751838982105257,0.7039266183972359,9.809988141059876e-06,2282.241053879261,144000000.00000003,0.00109,16.94
1.4862675547599793,0.718160516023636,5.448979824781419e-06,1662.3713187873361,147000000.0,0.0006980000000000002,12.98
1.4762747749686242,0.6925280839204789,6.6440898664295684e-06,1054.874613881111,230000000.0,0.000739,10.25
1.3936410158872605,0.6323724746704102,8.492253333330155e-06,703.9464563131331,316000000.0,0.0005289999999999998,7.29
1.4748011358082296,0.6306448549032212,3.387452960014344e-06,2758.0081224441524,74800000.00000001,0.00019500000000000008,11.52
1.446606557071209,0.7449954874813557,8.409321695566179e-06,698.5912770032882,347000000.0,0.0013800000000000002,10.22
1.325191390514374,0.7396294623613359,9.613742202520373e-06,514.7273391485213,409000000.0,0.0014099999999999998,9.95
1.519788993895054,0.6946256026625633,9.901015967130662e-06,2045.2238172292707,149999999.99999997,0.000844,16.19
1.7437504649162294,0.7901673585176469,5.988513305783272e-06,1534.4742983579633,177000000.0,0.0014399999999999999,13.71
1.5081613602116706,0.8525449812412262,7.391432911157609e-06,606.5502315759658,406000000.0,0.00226,8.85
1.498162777768448,0.6401168078184128,3.514058619737626e-06,462.37382292747486,345000000.0,0.0003439999999999999,1.0800000000000005
1.5012847961392255,0.6702598482370378,5.189323619008065e-06,1563.7880116701124,144000000.00000003,0.00048700000000000013,11.61
1.5786629050970078,0.6551896065473557,7.006767168641091e-06,2709.6788138151164,99799999.99999999,0.000495,15.59
1.5588877066969873,0.6583832949399949,4.311864763498307e-06,2251.711890101433,99600000.0,0.00036700000000000003,12.48
1.4801947452127935,0.7768301121890545,4.774598047137261e-06,972.9142040014266,312000000.0,0.0009109999999999999,6.04
1.584537971019745,0.6558203458786012,6.942184165120126e-06,2547.246918082237,103999999.99999999,0.0005109999999999998,15.38
1.6941069781780245,0.7235231079161167,9.75992462038994e-06,1455.6059911847112,197000000.00000003,0.0013800000000000002,15.41
1.222169351577759,0.6493767052888871,9.643643796443941e-06,792.871668934822,260999999.99999997,0.0005769999999999999,10.83
1.732413822412491,0.5994904339313507,3.035616219043732e-06,2468.4640318155284,80100000.0,0.00021599999999999994,10.16
1.5191068612039091,0.6967392057180405,7.324746638536454e-06,1656.5323825925586,157000000.0,0.0007770000000000001,14.13
1.4067802369594575,0.6514858603477479,9.880210250616075e-06,2762.6964747905727,106000000.00000003,0.00047099999999999996,16.61
1.6965721607208253,0.8298851519823075,8.087071329355241e-06,793.7795221805571,321000000.0,0.00248,11.72
1.61355177462101,0.7724367029964925,9.899655371904374e-06,779.2464941740035,317000000.0,0.00208,12.94
1.4599617674946785,0.6929801031947137,7.5913628041744244e-06,1215.2522727847097,204000000.0,0.0007839999999999999,12.21
1.4787324450910093,0.8343135952949524,9.370011866092683e-06,1150.3883376717565,550000000.0,0.00178,5.66
1.6637644708156587,0.7633602865040303,8.074813872575761e-06,1221.3303074240682,224999999.99999997,0.0015600000000000002,13.71
1.5222694449126721,0.8006704956293107,5.284032687544824e-06,1049.3432283401487,235000000.00000003,0.00124,10.25
1.4162281036376954,0.6180967748165132,4.521576464176179e-06,985.5208843946456,186000000.0,0.0002559999999999999,6.4
1.6170297950506212,0.8454966276884079,3.0480315983295445e-06,1553.275056183338,145000000.0,0.000998,10.39
1.6813390374183657,0.8815802335739137,8.742443054914476e-06,567.082643508911,426000000.0,0.00331,10.180000000000001
1.762196159362793,0.8056867361068726,3.0418219268321997e-06,2587.764889001846,96399999.99999999,0.000831,13.33
1.4866759400814773,0.7873901747167111,5.917173221707345e-06,873.1757402420043,303000000.0,0.00123,8.7
1.5014416684862228,0.7607531256973744,6.350525148212911e-06,1076.6110122203825,239000000.0,0.00112,11.01
1.4751241631805898,0.6792919278144837,4.859252020716668e-06,805.6322038173674,302000000.0,0.000502,4.76
1.4680251292884352,0.6989305615425111,6.257052287459375e-06,1671.6481670737264,149000000.0,0.0006630000000000001,13.35
1.532753147184849,0.7382534634321929,2.9377672672271734e-06,2652.9598534107204,86800000.0,0.0004610000000000001,12.86
1.5458444684743882,0.6524374186992646,5.146296307444573e-06,1234.5265895128248,169999999.99999997,0.00046500000000000014,9.890000000000002
1.5483414173126222,0.7188220135867597,3.0155565142631536e-06,1300.7409423589704,152999999.99999997,0.0005000000000000001,8.53
1.5124229818582535,0.7714120723307133,6.942442849278451e-06,970.3269153833388,269000000.0,0.00133,10.97
1.5014913955237719,0.7742175556719304,2.9796432256698614e-06,2326.1131271719933,100000000.0,0.0005769999999999999,12.43
1.2614406108856202,0.6039108037948608,8.632838785648348e-06,2297.034479677677,99199999.99999999,0.00023900000000000006,13.739999999999998
1.3856729060411455,0.6308506608009339,3.1835105419158943e-06,883.3370655775069,198000000.00000003,0.00020899999999999998,3.8199999999999994
1.4635553598403932,0.6684036612510682,7.441310241818429e-06,643.6317712068557,374000000.0,0.0007219999999999999,6.48
1.3481293559074403,0.6127143770456315,4.6663396656513225e-06,1374.2014691233633,138000000.0,0.00020699999999999996,8.17
1.7073376536369325,0.6619877457618714,3.061017751693726e-06,1234.8987087607381,160000000.00000003,0.000396,7.09
1.6412439018487932,0.8701852262020112,3.026573538780213e-06,857.8677028417586,239000000.0,0.00125,6.5
1.532622326910496,0.7467129684984685,5.263111084699632e-06,1493.378311395645,165000000.0,0.000864,12.4
1.566128481924534,0.646355339884758,4.262700378894807e-06,1295.8488911390302,152999999.99999997,0.00038400000000000006,9.03
1.6590842485427857,0.872555959224701,9.057198673486711e-06,553.6035001277922,431000000.0,0.00328,10.48
1.5146265216171744,0.6336743742227555,4.4106163978576664e-06,1660.5329997837541,122000000.00000004,0.00030899999999999987,10.36
1.5877353608608247,0.6932744711637497,8.291985481977465e-06,1655.281728133559,163000000.0,0.0009050000000000001,14.829999999999998
1.4825606971979142,0.7949544310569764,4.790087074041367e-06,937.4525696039199,327000000.0,0.00101,5.9
1.6760085582733155,0.6531862467527391,7.087778806686402e-06,2902.7188867330547,96300000.0,0.000539,16.1
1.3569236665964128,0.6217453122138977,7.136982306838037e-06,2574.6304839849467,92500000.0,0.000279,14.23
1.6183938771486284,0.75100287348032,8.176684841513635e-06,1218.6747342348096,223999999.99999997,0.00142,13.6
1.5179452512413265,0.8246620774269104,5.2833297550678265e-06,918.3683544397353,263000000.00000003,0.00142,9.53
1.441425508260727,0.6471583217382432,8.523495495319367e-06,1680.6825501844285,148000000.0,0.0005149999999999999,13.56
1.4926911547780037,0.7637387774884702,5.4088350683450706e-06,900.4854708909987,319000000.0,0.000979,6.93
1.4690134428441526,0.707158961892128,5.832758113741876e-06,1049.3057519197462,228000000.0,0.0007309999999999999,9.66
1.6606190264225007,0.7908755242824556,7.165979027748109e-06,1111.5727126598356,240000000.0,0.0016800000000000003,12.649999999999999
1.3055599808692933,0.6128206729888916,8.31315690279007e-06,2872.7884143590923,85999999.99999999,0.000255,14.92
1.292180621623993,0.6566837042570115,8.999245494604112e-06,1193.2877749204633,201000000.0,0.000565,12.2
1.4710768640041352,0.7420311860740185,5.513441100716592e-06,1192.8886473178861,203000000.0,0.0008459999999999997,10.91
1.5116082262247803,0.8328613132238388,3.0969650447368628e-06,921.8293726444243,214000000.00000003,0.0009180000000000001,7.08
1.5364311240613462,0.6450748980045319,9.211963146924974e-06,2772.7723419666286,103999999.99999999,0.000502,16.48
1.364440315961838,0.6866019129753114,9.221923112869265e-06,1498.3972087502477,177000000.0,0.000726,14.23
1.4834551926702262,0.7054054498672486,7.73513101041317e-06,764.2375230789183,333000000.0,0.001,8.95
1.7702748835086823,0.7015896320343018,6.969061553478242e-06,2559.8731935024257,116999999.99999997,0.0008589999999999998,16.31
1.4655483819544317,0.7670228071510793,8.204208210110665e-06,708.7257802486419,348000000.0,0.00154,10.33
1.5908734917640688,0.8511627048254014,3.018404960632325e-06,1335.9513059258459,160000000.00000003,0.00102,9.6
1.283311986923218,0.7043575420975686,9.773341566324235e-06,699.0660279989241,309000000.0,0.00102,11.55
1.4507176950573923,0.7080967739224434,5.484448969364167e-06,1471.6302156448362,160000000.00000003,0.000651,12.15
1.7767127931118014,0.7553371533751488,7.981254592537882e-06,1694.3640653043983,178000000.00000003,0.0014700000000000002,15.279999999999998
1.6060390770435335,0.6460893362760545,5.987583190202714e-06,2421.9815731048584,101000000.0,0.0004449999999999999,14.4
1.4888175800442698,0.6796671152114869,7.740630552172663e-06,1468.0053964257238,168999999.99999997,0.0007070000000000001,13.41
1.576552936434746,0.6978357285261155,5.543946847319604e-06,2336.637370288372,111999999.99999999,0.000613,14.65
1.4587734505534173,0.7037405356764794,5.042006745934487e-06,854.3021529912947,307000000.0,0.000617,5.46
1.4905329633504154,0.6353350907564164,6.029998786747457e-06,2733.6295247077937,89799999.99999999,0.0003349999999999999,14.43
1.4603354260325434,0.6338638097047806,3.2603161633014686e-06,1955.4512500762937,100000000.0,0.00021300000000000003,9.42
1.6285967230796816,0.8839331209659578,9.320352435112e-06,909.1469943523406,767000000.0,0.00267,2.7700000000000005
1.5129182271659376,0.6552367687225342,7.399116665124894e-06,1100.14471411705,210000000.0,0.0006280000000000001,10.790000000000001
1.4856789484620097,0.7282466389238835,6.7106991335749635e-06,998.0299621820449,260999999.99999997,0.0009490000000000001,10.050000000000002
1.7190000951290132,0.6037367910146714,3.0020342171192175e-06,2827.0423710346217,71699999.99999999,0.0002080000000000001,10.950000000000001
1.4823411349207165,0.7073664352297784,7.2496716976165785e-06,1402.4054557085035,182000000.0,0.0008359999999999999,13.19
1.5103021971881392,0.7005794584751129,5.1492707580328e-06,2156.74090385437,116999999.99999997,0.0005679999999999999,13.85
1.6830444395542146,0.6921359717845917,9.523155808448793e-06,2392.8781151771545,134999999.99999997,0.0008889999999999999,16.64
1.4634938701987268,0.7917155474424363,3.7635937035083777e-06,1594.8226321488617,324000000.0,0.0007250000000000001,2.6700000000000004
1.4933308141306043,0.7455930143594742,6.915933433920146e-06,909.0187698602675,296000000.0,0.00111,9.62
1.465264052152634,0.726795206218958,4.579508990049363e-06,1275.1270011067388,177000000.0,0.000666,10.45
1.5371551372110845,0.7062111407518388,3.104877650737763e-06,834.3434631824492,229000000.0,0.0004830000000000001,5.1
1.5738245487213136,0.6526441633701325,7.417744532227518e-06,2380.917549133301,111000000.0,0.000527,15.24
1.45953785777092,0.6758395850658417,8.084005504846574e-06,653.8569480180739,387000000.0,0.0008319999999999998,7.08
1.5142401527613403,0.6928440392017365,3.938444375991822e-06,1279.699571430683,168000000.0,0.0005000000000000001,8.94
1.3050888597965242,0.6082964301109315,3.72155773639679e-06,2762.8447413444514,72100000.0,0.00012700000000000005,10.73
1.5580920875072481,0.8450313538312912,5.419414728879929e-06,2097.517840564251,492000000.0,0.0010500000000000002,0.09000000000000044
1.2999574899673463,0.7776083283126355,2.9996557831764226e-06,1692.1659950166938,125000000.00000001,0.000508,10.57
1.4820036996155979,0.7594072200357914,8.221734061837197e-06,818.6563402414321,309000000.0,0.00148,11.22
1.4942515103146434,0.7517118304967881,7.872863322496415e-06,947.3118484020232,274000000.0,0.0013199999999999998,11.62
1.5202538184821608,0.7464687801897526,6.277028180658818e-06,933.0372065305709,376000000.0,0.00101,6.22
1.4903482999652626,0.782353312522173,8.088483139872552e-06,708.9787274599074,350000000.0,0.00171,10.43
1.4822139523923399,0.6924800544977189,7.717129513621332e-06,751.7796307802199,329000000.0,0.0009109999999999999,8.72
1.3986921787261963,0.6342484652996064,7.942986547946932e-06,1897.243598476052,126000000.00000001,0.0004009999999999999,13.61
1.5090809701010586,0.6821695536375046,4.4201247096061715e-06,2023.088179528713,113999999.99999999,0.0004430000000000001,12.4
1.4523652330040933,0.7567220203578473,4.62476807832718e-06,1165.7562032341955,200000000.0,0.000789,9.91
1.6890193641185762,0.8808047711849214,2.983539760112763e-06,916.1524027585982,217000000.00000003,0.00134,7.35
1.524278772622347,0.7197916008532048,5.3537566214799886e-06,1896.6579455882309,132999999.99999997,0.0006980000000000002,13.66
1.683068096637726,0.7000632360577584,6.132348582148553e-06,2407.8384339809418,114999999.99999997,0.000743,15.4
1.3631022870540621,0.8632675409317018,2.894024193286896e-06,2428.8156181573863,184000000.0,0.0006710000000000002,6.13
1.3862771898508073,0.7783348761498928,2.995730876922608e-06,2106.537848711014,107000000.00000001,0.0005349999999999999,11.85
1.491794877871871,0.6766702383756639,8.615329205989839e-06,1450.9093686938284,174000000.0,0.000763,13.95
1.5971918106079104,0.7513465650379658,6.848370868712665e-06,1360.401391983032,197000000.00000003,0.00118,13.16
1.3043462991714478,0.6024552404880524,2.9114019274711613e-06,1837.8967996686695,97799999.99999999,0.0001090000000000001,6.42
1.5886846661567688,0.7691149525344373,6.779621850699187e-06,1186.5559145808218,223999999.99999997,0.00133,12.34
1.3791614413261415,0.679629984498024,8.591363370418549e-06,2206.8080604076385,131999999.99999999,0.000583,15.37
1.6743396699428559,0.672511786222458,6.7014742270112045e-06,2429.6413660049434,111000000.0,0.000649,15.599999999999998
1.4820403039455414,0.806484952569008,5.4707470536232006e-06,805.403172969818,347000000.0,0.00127,7.02
1.5875087410211564,0.8715311586856843,4.614912211894989e-06,874.251902103424,274000000.0,0.00165,8.47
1.5634103000164032,0.8013207435607911,6.970322534441949e-06,2055.6928142905235,508000000.00000006,0.0010800000000000002,2.0699999999999994
1.5379912823438646,0.6704609781503678,4.952197030186654e-06,2318.9139291644096,103999999.99999999,0.0004379999999999999,13.53
1.694152218103409,0.7523663766682148,5.107174292206765e-06,2173.8368570804596,126000000.00000001,0.000913,14.46
1.344750201702118,0.6162125676870347,3.598758071660996e-06,1937.835171818733,98700000.0,0.00016200000000000006,8.98
1.5854932934045793,0.7252496950328351,9.918624848127367e-06,1211.4278152585027,223000000.0,0.00137,14.68
1.47421812415123,0.6279092162847519,4.394600301980973e-06,593.0466502904891,295000000.0,0.00032799999999999995,3.2699999999999996
1.4748817540705206,0.6273708522319794,3.4983039200305947e-06,1000.7927119731902,183000000.0,0.000246,5.29
1.4645675852894784,0.6217623978853226,7.142937570810319e-06,2898.1338739395137,86700000.00000001,0.000312,14.989999999999998
1.5232547007501127,0.6539796441793443,6.23740290477872e-06,1339.6577462553976,166000000.0,0.000523,11.38
1.7196663916110995,0.8185914427042008,4.084352880716324e-06,1716.5802530944345,147000000.0,0.00119,12.41
1.4574416980147362,0.8247534513473511,7.993205070495607e-06,632.1030408143996,425000000.0,0.00199,8.74
1.4754431270062924,0.6278804540634156,4.420699656009675e-06,1092.2274291515348,173000000.0,0.00030200000000000013,7.48
1.774396061897278,0.790941220521927,3.913792610168458e-06,2428.4573197364803,110000000.0,0.000954,14.05
1.7559250116348268,0.7067133262753488,5.929946221411229e-06,2754.4155269861217,105000000.00000003,0.0007640000000000001,16.05
1.6118635654449465,0.652393788099289,5.824400633573533e-06,2753.509312868118,93499999.99999999,0.0004470000000000002,15.01
1.6722210645675661,0.8228321850299836,3.916214436292649e-06,1623.2227087020872,155000000.0,0.00114,11.6
1.5608902975916863,0.8297705233097077,5.991960063576699e-06,1442.5704181194303,414000000.0,0.00131,4.58
1.4762841090559962,0.6663004159927369,8.142755702137948e-06,1001.1873692274092,236000000.00000003,0.0007330000000000001,10.97
1.5939888507127764,0.6550419241189958,3.0775522589683537e-06,2241.0001531243324,92700000.00000003,0.00030500000000000004,10.9
1.5004394073039296,0.6505106449127198,7.355839535593988e-06,2541.2309467792506,103999999.99999999,0.00045399999999999987,15.18
1.7464441359043124,0.6006005823612214,3.0697986185550697e-06,1772.0099091529844,109000000.00000001,0.0002339999999999999,7.95
1.4463338702917101,0.8181881994009018,9.235260158777237e-06,1209.1350108385084,796000000.0,0.00158,0.5699999999999998
1.505898901820183,0.5959843218326569,2.972893655300141e-06,1250.6043836474416,139000000.0,0.0001589999999999999,4.7
1.4640814371407034,0.6863370895385743,6.76491403952241e-06,1309.163302183151,184000000.0,0.0006760000000000002,11.98
1.6057046681642533,0.7656363599002362,4.94202020764351e-06,1601.9302438944576,157000000.0,0.000967,12.68
1.6322329312562944,0.8423444151878358,3.028002560138703e-06,1641.1249451339243,138000000.0,0.0009809999999999999,10.73
1.3291029274463655,0.6155160874128343,5.486037895083428e-06,2511.4576071500774,86700000.00000001,0.00020600000000000007,12.59
1.3785751014947893,0.6360747277736665,9.019695520401002e-06,893.7955200672149,251999999.99999997,0.000545,9.700000000000001
1.791588467359543,0.7477787330746651,5.9848535507917415e-06,2462.048709392547,123000000.00000003,0.00103,15.66
1.4658417373895647,0.7110380440950395,5.500424176454545e-06,1620.19014544785,149000000.0,0.0006620000000000002,12.78
1.498811343451962,0.6807614117860795,5.5379327535629284e-06,2034.2597290873525,121000000.0,0.0005149999999999999,13.49
1.57950257062912,0.864631050825119,4.221807628870011e-06,1003.3474415540694,250000000.0,0.00143,8.33
1.3404975950717928,0.6157666146755219,3.5950090289115913e-06,1558.4864765405653,119000000.0,0.0001679999999999999,7.6
1.6626211166381837,0.7364529579877854,9.17592614889145e-06,1345.8077907562254,210000000.0,0.00143,14.72
1.327468514442444,0.693719655275345,9.979314655065538e-06,1798.9523354917762,159000000.00000003,0.0007030000000000001,15.45
1.7172991275787355,0.884494560956955,4.2482555806636815e-06,834.2629969120024,329000000.0,0.00178,5.99
1.6874483942985536,0.7751713939011098,5.0620757341384895e-06,1738.8980481773613,149999999.99999997,0.00109,13.44
1.3135456502437592,0.6142802327871323,7.83998790383339e-06,531.5991789102553,358000000.0,0.00036099999999999994,4.46
1.5526506140828134,0.8395336031913758,3.0218108296394356e-06,1317.8577199578283,159000000.00000003,0.000935,9.540000000000001
1.4233926951885225,0.7684215344488622,9.82411688566208e-06,613.0078732967376,366000000.0,0.00181,11.6
1.7319470286369325,0.8969425678253174,4.236980706453324e-06,1053.7002533674238,232000000.0,0.00181,9.15
1.502979994006455,0.7012831762433053,7.2660154253244415e-06,1576.7120681703088,164000000.0,0.0007950000000000001,13.85
1.5267398558557035,0.6667448312044144,4.9366290420293814e-06,2113.902226090431,111000000.0,0.00042800000000000005,12.92
1.4617566078901292,0.6649168610572815,9.49257892370224e-06,2446.124285459518,121000000.0,0.00058,16.22
1.3687487393617632,0.6426142126321793,8.816277772188189e-06,1306.1223104596136,183000000.0,0.0005069999999999999,12.04
1.7252595841884615,0.8780069053173066,8.01361994445324e-06,643.9516991376876,366000000.0,0.0031200000000000004,10.91
1.2389811158180237,0.6902003914117814,9.99784603714943e-06,1672.6166587322948,165000000.0,0.000635,14.98
1.5326862394809724,0.7227206714451314,3.0204706788063053e-06,1606.7953892052171,129000000.0,0.0004780000000000001,9.82
1.4850077100098134,0.7981993138790131,4.610560268163682e-06,1011.7519944906234,312000000.0,0.00098,5.91
1.463330863416195,0.6820966333150864,9.268394261598588e-06,1454.9368172883985,179000000.00000003,0.000816,14.41
1.4981214938219638,0.6494459241628647,3.4862627983093266e-06,1357.1384847164152,141000000.00000003,0.00031,8.19
1.7285221159458162,0.6869265675544739,7.228237524628641e-06,2344.9630960822105,122000000.00000004,0.000809,15.94
1.4049906671047212,0.7916559219360352,3.03058210015297e-06,1419.4105118513105,147000000.0,0.0006469999999999999,9.66
1.5289689570665361,0.8371973544359208,4.70830261707306e-06,884.4247758388518,369000000.0,0.0012899999999999997,5.05
1.5444950580596926,0.7374502245336771,4.937794268131257e-06,1776.4706835150716,139000000.0,0.0007569999999999999,13.11
1.4757606759667399,0.7908149242401123,4.120772898197175e-06,1273.433595895767,187999999.99999997,0.0008709999999999999,9.9
1.3708044290542605,0.7300911091268063,9.363385170698167e-06,610.2797687053679,354000000.0,0.00134,10.78
1.5476013377308846,0.6419155508279801,4.4170192480087284e-06,2500.3014057874675,89200000.0,0.0003129999999999999,12.84
1.838484799861908,0.9085367023944856,6.124285094439984e-06,618.4113323688506,400000000.0,0.00308,8.1
1.4894175410270691,0.6591248363256456,8.281955629587175e-06,1184.0248778462408,201000000.0,0.000675,12.03
1.490468817204237,0.7657304428517819,7.353243723511697e-06,872.6385533809661,300000000.0,0.00134,10.45
1.491278263181448,0.6354392051696778,4.4151406586170205e-06,2413.759931921959,90299999.99999999,0.00027799999999999987,12.4
1.7457102656364443,0.8193758189678193,7.010274007916451e-06,1103.2548844814298,240000000.0,0.00202,12.85
1.3602096050977708,0.6438257843255998,8.419477969408036e-06,1878.4016389399765,132999999.99999997,0.00043399999999999987,13.83
1.3245519518852236,0.6449364602565766,9.204811364412309e-06,2717.1987593173976,101000000.0,0.00039300000000000007,16.12
1.5561554834246636,0.675483387708664,8.203500583767893e-06,2568.4792101383205,115999999.99999997,0.0006299999999999998,16.11
1.275364136695862,0.6851619601249695,9.181777834892274e-06,1422.8477627038953,184000000.0,0.000658,13.71
1.7178096771240237,0.8500678896903993,5.082252994179727e-06,1200.2745196223257,208999999.99999997,0.00172,11.51
1.5619649201631547,0.6836979031562805,3.847728639841081e-06,2638.5168284177776,88600000.00000001,0.0004009999999999999,13.4
1.474124175310135,0.6851986080408097,7.85370494425297e-06,840.5998647212981,290000000.0,0.000857,9.69
1.402396622300148,0.8234143853187562,3.0837083160877233e-06,1333.189748227596,162000000.00000003,0.0007680000000000001,9.250000000000002
1.4176261246204378,0.6471162289381028,8.290823489427568e-06,2569.912180304527,106000000.00000003,0.00043900000000000005,15.58
1.4748896822333337,0.8384709388017655,5.354263246059419e-06,751.8486976623534,329000000.0,0.00151,7.799999999999999
1.3573505222797395,0.6219444125890732,7.0920906960964215e-06,2120.3611344099045,107000000.00000001,0.000299,13.34
1.442802156507969,0.6272225439548493,5.289124071598054e-06,1187.9692524671552,166000000.0,0.00033400000000000004,9.08
1.6516822457313538,0.7378499262034893,5.5045651048421865e-06,2124.0597143769264,129000000.0,0.000864,14.55
1.7838001012802125,0.8001380324363709,4.9866961091756825e-06,1838.0647357553241,147000000.0,0.00131,13.88
1.606603315472603,0.8763246417045594,7.302798748016359e-06,614.6722584962844,414000000.0,0.00267,8.79
1.5744611352682114,0.758576624840498,5.246126905083657e-06,1503.179885447025,167000000.0,0.0009589999999999999,12.5
1.3809862017631531,0.599481475353241,2.8780913352966314e-06,2893.6878889799113,66700000.000000015,0.00010100000000000002,9.29
1.5366114713251593,0.7607749409973622,6.87707568332553e-06,1113.9222532510755,236000000.00000003,0.00124,11.84
1.486443155631423,0.6915434360504151,6.918212775141002e-06,849.7683256864547,294000000.0,0.0007900000000000001,8.54
1.452468167245388,0.7271492622792721,8.21003131568432e-06,926.2979328632354,273000000.0,0.00114,11.48
1.5433474928140642,0.8419052839279175,9.101045846939089e-06,544.8141992092131,431000000.0,0.0027300000000000002,10.29
1.6778003990650179,0.672850388288498,7.561872810125352e-06,2279.5241624116898,122000000.00000004,0.000726,15.78
1.5312106646597388,0.8417976558208466,2.954805791378022e-06,1215.3889164328573,170999999.99999997,0.0008889999999999999,8.55
1.4780394539237023,0.6384073555469514,7.859315782785417e-06,1914.5511761307714,127000000.00000001,0.000453,13.86
1.4928555166348816,0.765464385598898,4.2994992434978495e-06,1159.7878038883207,271000000.0,0.0007879999999999999,6.1
1.5071306152269246,0.802397158741951,3.0385345518589027e-06,959.671840071678,195000000.0,0.000783,7.52
1.6299874484539034,0.7666298590600491,6.024666607379914e-06,1430.9847280383108,185000000.0,0.00119,12.96
1.4737235538661482,0.6397020220756532,7.78041346371174e-06,2017.735496163368,122000000.00000004,0.0004449999999999999,14.08
1.6110127955675126,0.653415048122406,5.121725276112557e-06,2827.123656868934,88200000.0,0.00040299999999999993,14.55
1.4964341936632992,0.6770432889461518,8.501987576484681e-06,2435.9458237886424,123000000.00000003,0.000626,15.9
1.5152577806264163,0.6365366131067277,5.515023037791253e-06,1965.983726084232,112999999.99999999,0.00035800000000000003,12.47
1.703671807050705,0.8861798465251923,4.509433120489121e-06,798.2953190803527,373000000.0,0.00186,5.26
1.2029310107231141,0.7031155586242677,9.995726913213731e-06,1114.51680958271,220000000.0,0.0007749999999999999,13.579999999999998
1.2762753903865816,0.5997096419334412,9.58735725283623e-06,604.5052707195281,309000000.0,0.00036200000000000007,6.77
1.4630182944238188,0.6304308235645295,3.5672413706779485e-06,2845.76366841793,73500000.0,0.0001970000000000001,11.91
1.498505249898881,0.649417868256569,3.482962280511857e-06,1265.573866665363,149999999.99999997,0.00031400000000000004,7.719999999999999
1.4856569319963457,0.6402823626995088,3.422753959894181e-06,2671.617671847343,78600000.00000001,0.0002300000000000001,11.84
1.582901331782341,0.731648150458932,6.341956391930581e-06,1670.323137193918,159000000.00000003,0.0009300000000000003,13.85
1.482869615033269,0.7397306308150292,7.1418314874172225e-06,992.7136749029158,264000000.00000003,0.0010800000000000002,10.75
1.4745747439563275,0.6846059739589692,7.91085807979107e-06,725.853994488716,330000000.0,0.000886,8.75
1.6395213067531587,0.682409343123436,9.249869972467423e-06,1724.5063902810214,160000000.00000003,0.000939,15.49
1.5665731564164163,0.8376714259386063,7.158681213855745e-06,708.1422507762908,348000000.0,0.00215,10.0
1.6680184721946718,0.7300994485616684,5.871551454067231e-06,2230.4157465696335,127000000.00000001,0.0008669999999999999,14.989999999999998
1.3977070480585099,0.5989085733890533,2.9594562649726873e-06,1539.020027965307,114999999.99999997,0.00013199999999999998,5.7
1.598555499315262,0.8609558254480363,4.6935284137725835e-06,883.1176459789275,373000000.0,0.00155,5.14
1.3747513353824616,0.8006755113601686,3.0430018603801733e-06,1410.0702777504919,149999999.99999997,0.0006599999999999999,9.59
1.4725140765309335,0.6788608431816102,7.334999188780786e-06,720.755636692047,381000000.0,0.000756,6.3
1.314572435617447,0.6111626833677293,8.65384978055954e-06,654.3087512254714,309000000.0,0.00039000000000000016,6.51
1.7641541182994844,0.7051209926605225,5.9265183955431e-06,2892.9831385612483,101000000.0,0.0007399999999999999,16.28
1.39504032433033,0.6328454285860062,8.72751843929291e-06,845.8888828754424,270000000.0,0.0005220000000000001,8.66
1.4274217441678048,0.6943919599056244,3.5063241720199593e-06,2672.8473901748653,84900000.0,0.000341,12.92
1.4938258431851865,0.6361750602722168,5.280251935124398e-06,2434.4516843557353,93999999.99999999,0.00031600000000000004,13.27
1.3811482697725297,0.6211684584617615,5.80811469256878e-06,1665.5242089182136,125000000.00000001,0.00028399999999999996,11.15
1.5322105765342713,0.8175134360790254,2.9627106785774236e-06,1247.6427778601644,158000000.0,0.0008170000000000001,9.3
1.4767584443092348,0.6409226596355438,3.425392538309098e-06,2312.894679605961,89000000.00000001,0.00023999999999999995,11.03
1.7275778353214266,0.793823191523552,5.051429212093354e-06,1656.9705605506895,158000000.0,0.00126,13.32
1.5200265482068063,0.6912031218409539,9.850694805383684e-06,2132.8907385468483,145000000.0,0.0008059999999999999,16.21
1.5786714434623719,0.6613986432552338,6.9835932403802885e-06,1953.8794383406637,127000000.00000001,0.0005780000000000001,14.28
1.3817864120006562,0.7518092505633832,9.388700753450395e-06,589.6484404802321,368000000.0,0.00153,10.83
1.591777601838112,0.6520132005214692,4.295405983924867e-06,2895.330816507339,81300000.00000003,0.00033600000000000004,13.73
1.5184821959584953,0.6397138416767121,3.6835284531116493e-06,1370.6814795732496,140000000.0,0.000301,8.36
1.602831119298935,0.7991331696510315,5.070570275187493e-06,1267.497159540653,200000000.0,0.00125,11.38
1.48090732768178,0.744568743556738,7.548780575394632e-06,879.1745752096175,299000000.0,0.0011999999999999997,10.340000000000002
1.4893763657659294,0.6381859213113785,3.4680228531360634e-06,1946.3080465793607,102999999.99999999,0.00025000000000000006,10.01
1.3729588866233826,0.7221382230520249,6.124716669321061e-06,1569.5151425898073,388000000.0,0.0006190000000000001,3.3199999999999994
1.2672196805477143,0.7636626474559308,3.006905823946e-06,1282.8151062130926,153999999.99999997,0.00048199999999999995,8.83
1.5123032167553903,0.6616609811782838,5.807811468839646e-06,1157.8995659947393,187999999.99999997,0.0005409999999999999,10.19
1.6622232377529145,0.7328542113304138,4.094245880842209e-06,2694.2920982837672,96500000.00000003,0.000646,14.57
1.5830727785825731,0.8138471335172653,8.732417583465577e-06,1393.1799978017805,556000000.0,0.00155,4.17
1.4985932763665917,0.7700694076716901,6.034610979259015e-06,864.0255331993102,326000000.0,0.00114,7.92
1.6595868945121766,0.7640876881778241,6.102006625384093e-06,1536.6677492856977,175000000.0,0.00119,13.49
1.4937258169054985,0.6771785438060761,9.34822377562523e-06,1779.5638199895618,156000000.0,0.0007569999999999999,15.19
1.5193128973245622,0.6537684202194215,3.139070063829423e-06,1278.3200591802595,147000000.0,0.0003039999999999999,7.1899999999999995
1.4831373061984778,0.6738517910242081,5.711927682161332e-06,1440.6090527772901,158000000.0,0.0005400000000000001,11.66
1.6649573385715486,0.6027239799499512,2.9886103868484503e-06,2847.8341847658153,70500000.00000001,0.00018200000000000006,10.67
1.6751104474067688,0.783500761538744,5.112408682703973e-06,1576.9514366984365,164000000.0,0.00117,12.93
1.6048454493284228,0.7179612681269646,8.113950595259668e-06,1571.8088969588277,177000000.0,0.0010699999999999998,14.64
1.3924921005964281,0.6218533515930176,4.437113583087922e-06,2585.103094577789,82199999.99999999,0.00020699999999999996,12.2
1.5097736276686193,0.6331972718238831,4.450836777687074e-06,1748.452393338084,116999999.99999997,0.0003039999999999999,10.68
1.36914381980896,0.728191575407982,9.870354801416398e-06,1027.3398011922834,246000000.0,0.00118,13.79
1.562512703239918,0.759396504610777,9.05620336532593e-06,882.123291492462,290000000.0,0.00171,12.649999999999999
1.7781661212444306,0.6145801663398743,3.053619801998139e-06,1540.9268736839292,130000000.0,0.000277,7.07
1.4878292810171845,0.6694234371185304,5.867646679282189e-06,927.9546439647673,242999999.99999997,0.0005790000000000002,8.24
1.435739189386368,0.5988385856151581,2.9569053053855902e-06,2041.54647141695,90900000.00000001,0.00012700000000000005,7.5
1.5144783295691016,0.7510656662285329,4.225116491317749e-06,1605.0256155431268,147000000.0,0.000726,11.75
1.5796750724315645,0.851788204908371,2.9312304854393013e-06,1239.3520697951315,162000000.00000003,0.000989,9.29
1.4803667016327382,0.752910203486681,7.629811510443688e-06,859.067991375923,304000000.0,0.00128,10.46
1.2904520452022554,0.6082734614610672,4.631474465131761e-06,2594.9974656105037,79500000.00000001,0.0001530000000000001,11.53
1.5079153334721924,0.7260070636868478,7.189256221055986e-06,1292.5123721361158,201000000.0,0.000982,12.82
1.2644314527511598,0.6055041879415513,7.663282528519632e-06,1560.5669394135473,131999999.99999999,0.00024800000000000007,11.26
1.4205148011446,0.6800305455923081,3.2726099193096167e-06,993.7823861837386,186999999.99999997,0.0003640000000000001,6.32
1.5877608418464662,0.67981476187706,5.4399813711643226e-06,2446.978941559791,103999999.99999999,0.000532,14.59
1.7505188405513765,0.8930297434329988,4.09826946258545e-06,736.0842376947402,326000000.0,0.00188,6.05
1.554038353264332,0.6593595117330552,4.325283586978913e-06,1866.362767294049,115999999.99999997,0.000389,11.5
1.4074746876955033,0.7452545620501042,9.949175447225572e-06,825.4095464944838,296000000.0,0.00149,12.93
1.5432886496186258,0.7063050404191018,3.824909567832948e-06,2294.852875173092,101000000.0,0.0004720000000000001,12.77
1.6751672744750978,0.8860299468040467,5.132930472493172e-06,890.5720263719558,264000000.00000003,0.00204,9.87
1.228497326374054,0.6949443519115449,9.964983969926835e-06,803.3255040645598,277000000.0,0.00086,12.08
1.42282133102417,0.6487429797649384,8.976062387228013e-06,2598.6697822809215,107000000.00000001,0.0004610000000000001,16.09
1.3906244695186616,0.8558654665946961,9.651780039072037e-06,803.9576858282088,737000000.0,0.00214,3.62
1.4623563811182978,0.7130671128630639,5.071424141526223e-06,1561.7977380752561,149999999.99999997,0.0006339999999999999,12.22
1.6852643430233003,0.653450980782509,9.022004485130311e-06,2847.6640880107875,107000000.00000001,0.000626,16.78
1.6650441348552705,0.8265744924545289,2.92854517698288e-06,2018.1460604071615,114999999.99999997,0.0008689999999999999,11.81
1.3277846395969393,0.6150540590286255,5.539451062679291e-06,2324.294812977314,92300000.00000001,0.00021000000000000012,12.2
1.3920165181159974,0.6180346280336381,5.410441413521767e-06,888.0901634693145,208999999.99999997,0.0003039999999999999,6.91
1.4124844282865525,0.6991858407855035,3.4879567623138435e-06,2602.6468276977535,86800000.0,0.00034600000000000017,12.79
1.432036091387272,0.632430124282837,6.662427444010974e-06,1059.7636848688123,200000000.0,0.0004269999999999999,9.42
1.3187216341495516,0.6111709624528885,9.36351889371872e-06,475.74195265769947,366000000.0,0.0004379999999999999,5.99
1.5264360733330251,0.6498654752969742,8.422780364751817e-06,1921.0205152630804,133999999.99999997,0.000563,14.57
1.2865613579750061,0.6075188487768174,4.770675122737885e-06,1754.5446213334797,111000000.0,0.0001679999999999999,9.29
1.3442403852939606,0.6230626702308655,8.633079320192338e-06,2706.8935632705684,94800000.0,0.000321,15.309999999999999
1.61396242082119,0.5977743387222291,2.980481028556824e-06,2601.857811212539,75499999.99999999,0.00016299999999999995,9.77
1.642569360136986,0.8711382865905762,7.048294320702554e-06,659.5839858055114,354000000.0,0.0026,10.09
1.223828959465027,0.6742899745702744,9.330470323562623e-06,1680.8529216796157,157000000.0,0.000536,14.39
1.5048438861966134,0.8306503236293793,4.159579068422319e-06,1120.8986043930051,223999999.99999997,0.00111,8.79
1.609528434276581,0.6511088132858277,9.816854745149614e-06,2813.539162278175,109000000.00000001,0.0005930000000000001,16.94
1.4835034880787135,0.7161139324307443,4.505126237869264e-06,1146.8409299850462,201000000.0,0.000639,8.99
1.6545294106006623,0.775140280276537,3.842908143997193e-06,2089.2713889479637,121000000.0,0.00082,12.91
1.7187819242477418,0.7976406902074814,5.044252917170525e-06,1585.843853652477,164000000.0,0.0012899999999999997,13.06
1.6674041748046877,0.7605030007660389,4.0586784780025486e-06,2279.9894884228706,112999999.99999999,0.0007810000000000002,13.7
1.5752140223979951,0.6436796307563782,4.980906486511231e-06,2566.2295818328853,90900000.00000001,0.0003550000000000001,13.67
1.7363890886306763,0.687070119380951,8.238270655274392e-06,2265.877641737461,130999999.99999999,0.000886,16.23
1.7052067279815675,0.8899646580219269,7.2949132621288314e-06,585.1093232631682,404000000.0,0.0029999999999999996,9.15
1.4967799815349283,0.635544240474701,6.130456589162351e-06,1877.853928133845,120000000.0,0.00038200000000000007,12.7
1.602554887533188,0.7659253634512425,5.9033770114183435e-06,1380.826152861118,188999999.99999997,0.00115,12.58
1.713094997406006,0.8278071105480195,9.78973212838173e-06,664.8645848035811,380000000.0,0.0030299999999999997,12.08
1.6689967095851899,0.6785624563694,7.529352977871896e-06,2772.3686695098872,107000000.00000001,0.000664,16.45
1.5073064334690571,0.728634148836136,7.522750064730645e-06,1219.9563458561895,214000000.00000003,0.0010500000000000002,12.75
1.5364021606743337,0.7458291403949261,4.1851130723953255e-06,1769.142488017678,134999999.99999997,0.0006980000000000002,12.25
1.4654110215604306,0.7948686182498933,4.168267309665681e-06,1200.7416710257528,203000000.0,0.0008899999999999998,9.32
1.489774949848652,0.7828212909400464,3.069042176008225e-06,908.5107892751693,212000000.0,0.0007200000000000002,6.72
1.666391730308533,0.7774279765784741,9.506437927484513e-06,871.3528811931609,294000000.0,0.00209,13.23
1.4231186449527742,0.6820538252592088,3.2792234718799597e-06,1338.191583752632,143000000.00000003,0.000354,8.46
1.6827932596206667,0.7785060457885266,6.842610243707896e-06,1321.3842660188673,205999999.99999997,0.00148,13.34
1.6976515889167787,0.8086164325475693,6.05791398882866e-06,1232.7207550406454,214000000.00000003,0.00162,12.48
1.7164099395275116,0.8452057689428331,3.025290548801423e-06,1935.5351775884626,123000000.00000003,0.00102,11.67
1.347395431995392,0.6138042390346528,4.652403473854066e-06,1757.7644549310205,111999999.99999999,0.0001970000000000001,9.68
1.650339460372925,0.6837096333503724,8.377756386995318e-06,2479.186981916427,123000000.00000003,0.00076,16.33
1.5540065154433251,0.6447591125965119,5.182439491152764e-06,1589.5810835063455,134999999.99999997,0.0004099999999999999,11.31
1.4684604696929455,0.7255839876830579,4.5483592450618756e-06,1363.9468625187872,166000000.0,0.0006529999999999999,10.91
1.50596641022712,0.827890580892563,8.26143091917038e-06,592.4999266862868,412000000.0,0.00226,9.63
1.5656627029180528,0.8934141039848329,3.1687893271446232e-06,2252.0957067608833,203000000.0,0.0009459999999999999,5.86
1.4687513373792174,0.7132003627717496,7.743609800934793e-06,1197.7654621005056,213000000.0,0.000939,12.61
1.465551842004061,0.7884326756000519,4.1735359132289895e-06,1229.095861315727,195000000.0,0.000863,9.65
1.560885612666607,0.6442388623952866,3.1473990678787237e-06,2597.8998392820354,80600000.0,0.00025900000000000006,11.58
1.4128778457641602,0.6252001762390137,8.059791415929795e-06,2683.6024522781368,95399999.99999999,0.00034600000000000017,15.18
1.3690286725759508,0.6415213286876679,8.600551664829255e-06,1596.1928777396677,152999999.99999997,0.0004610000000000001,13.01
1.4978001767769458,0.7170898720622063,3.902857571840287e-06,1278.3297449350355,177000000.0,0.000574,8.83
1.6081021070480348,0.7739662013947964,9.098953217267992e-06,840.3640538454055,302000000.0,0.00194,12.62
1.7814292609691622,0.899778038263321,8.636635184288027e-06,599.1656631231307,391000000.0,0.00372,10.91
1.6635101079940797,0.7329032219946385,7.816769644618036e-06,1643.2470846921203,175000000.0,0.00118,14.79
1.478971152752638,0.6741620421409608,6.5373950637877e-06,1461.3627940416334,162000000.00000003,0.0005930000000000001,12.35
1.539158995449543,0.5986172676086426,2.9669781327247625e-06,2800.116494297981,70399999.99999997,0.00013899999999999994,9.84
1.7197867691516877,0.683132153749466,3.0142864584922798e-06,1195.3046470880506,175000000.0,0.00045399999999999987,6.69
1.695278835296631,0.7546739079058171,6.122820556163789e-06,1804.3473009020088,153999999.99999997,0.00111,14.34
1.5785522103309633,0.728920577466488,5.957802541553975e-06,1804.703066125512,146000000.0,0.0008520000000000001,13.97
1.476115156710148,0.7339120320975782,3.0287058055400853e-06,2292.7900329232216,96899999.99999999,0.000435,11.91
1.68425989151001,0.8794381499290467,6.822937052696944e-06,696.5732127428054,335000000.0,0.00267,10.35
1.7103088796138766,0.8277089059352876,6.083744931966068e-06,1124.725818634033,230000000.0,0.00182,12.08
1.354510670900345,0.6151552587747574,3.7102935016155248e-06,2837.820082902908,71299999.99999999,0.00014700000000000002,11.270000000000001
1.2919810473918916,0.7649762146174909,3.4583703875541692e-06,1096.974194049835,199000000.00000003,0.000558,7.36
1.7930669009685518,0.7960985988378525,5.907264471054078e-06,1672.818252816796,166000000.0,0.00149,14.17
1.3104462862014772,0.6134037226438522,7.468780517578126e-06,1739.2545677721498,123000000.00000003,0.00028100000000000005,12.21
1.681071048974991,0.8109140843153001,7.094922453165055e-06,1016.7337507009505,258000000.0,0.00191,12.25
1.5073804456740618,0.6411196410655976,3.6764321625232703e-06,1660.8995497226713,119000000.0,0.00028900000000000014,9.56
1.70930934548378,0.6862081736326219,3.0432757735252386e-06,1113.3967638015745,189999999.99999997,0.0004610000000000001,6.05
1.2944294035434725,0.6897651985287667,9.421110123395922e-06,1772.6685404777525,159000000.00000003,0.0006519999999999998,14.94
1.4825407706201077,0.7346475038677455,6.078118812292815e-06,1245.0938969850538,200000000.0,0.0008830000000000001,11.67
1.7002419769763948,0.8873992860317231,5.267673417925836e-06,667.6061004400252,386000000.0,0.00226,6.83
1.3124260425567629,0.7022976011037827,9.922788411378862e-06,1608.0517061054704,173000000.0,0.000761,15.149999999999999
1.5765764594078064,0.7323068015277386,9.303888857364657e-06,1155.476003885269,232000000.0,0.0013800000000000002,13.98
1.6349637508392336,0.8812365531921388,5.32020601630211e-06,739.8785203695296,321000000.0,0.00211,8.62
1.600941064953804,0.7291983649134637,5.649193644523622e-06,2009.6112713217733,132999999.99999997,0.0008139999999999999,14.31
1.6452700316905977,0.7677902050316334,6.099918611347676e-06,1450.2484276890752,184000000.0,0.00122,13.14
1.3961073964834214,0.6241600781679154,3.3914700746536262e-06,1554.110676050186,120000000.0,0.00019199999999999992,7.76
1.494182625040412,0.6815079152584077,4.76733684539795e-06,1464.5780920982359,151999999.99999997,0.0005069999999999999,10.98
1.3862511098384858,0.8090258181095124,3.060487031936646e-06,1134.1713294386861,180000000.00000003,0.000721,8.25
1.479446277022362,0.707967433333397,6.024160973727704e-06,903.1094163656234,280000000.0,0.0007709999999999998,8.1
1.3711235761642457,0.6215591043233872,6.929361853748561e-06,941.9497400522231,216000000.00000003,0.0003770000000000001,8.51
1.7167120277881625,0.7359322093427182,9.658116132020951e-06,1410.5245023965833,205000000.0,0.00151,15.27
1.4949239529669287,0.6349219769239426,7.0468035489320765e-06,1787.9557348787782,129000000.0,0.00042600000000000005,13.08
1.4736564785242081,0.636885005235672,6.437281562946738e-06,2607.7424287796016,94499999.99999999,0.000354,14.509999999999998
1.6439630270004273,0.8697222948074341,3.0633392333984382e-06,810.1272135972976,269000000.0,0.00127,5.54
1.566562467813492,0.6834106743335725,9.316416889429094e-06,2242.491200566292,137000000.0,0.0007709999999999998,16.1
1.690079712867737,0.8025982260704041,3.021835863590241e-06,2410.3875756263733,101000000.0,0.000783,12.88
1.2425495803356172,0.6455360680818558,9.143069714307786e-06,2556.4875751733775,103999999.99999999,0.0003550000000000001,15.69
1.5277072325348855,0.774288808554411,5.170226052403451e-06,1241.9550418853757,198000000.00000003,0.00103,11.21
1.385970237851143,0.7004581645131112,8.985347896814348e-06,1025.1309275627134,237000000.0,0.000938,12.6
1.7027777016162873,0.8209433734416962,3.0906614959239966e-06,2181.7743703722954,111999999.99999999,0.000895,12.32
1.5139591466635467,0.634029319882393,4.408394426107407e-06,1376.3257414102552,143000000.00000003,0.000323,9.24
1.500940680736676,0.8588093250989914,5.348118141293527e-06,666.3421094417571,382000000.0,0.00171,6.61
1.5517951413989068,0.65396685898304,4.7816480249166496e-06,1886.4736910909412,116999999.99999997,0.00039699999999999984,11.98
1.5044733177870513,0.7316203135997058,6.4431620575487625e-06,1326.7924934625623,192000000.0,0.0009220000000000002,12.43
1.4287648871541025,0.6299700915813446,6.12875271588564e-06,1781.8088475614784,123000000.00000003,0.0003400000000000001,12.16
1.2687371313571931,0.6062879741191864,6.700478814542294e-06,1567.5808414816854,129000000.0,0.00022400000000000002,10.54
1.7558696687221529,0.707717451453209,9.802005231380464e-06,1801.1416699737308,167000000.0,0.00123,16.28
1.4053550004959108,0.7025318071246148,9.852161377668381e-06,1701.3743305578826,168000000.0,0.000835,15.53
1.4586532697081567,0.7291467636823655,4.743114829063416e-06,1173.36481064558,194000000.0,0.0006959999999999999,9.96
1.483710887655616,0.7156806327402593,4.58282431960106e-06,1012.7467215061187,267000000.0,0.0006310000000000003,6.18
1.6509655416011813,0.8746303975582124,4.403393059968949e-06,901.1963307857512,318000000.0,0.00167,6.51
1.4279566526412966,0.6242500394582748,7.905056774616243e-06,2718.4777259826656,93999999.99999999,0.0003439999999999999,15.17
1.5748971194028856,0.8624441742897034,8.77680715918541e-06,1093.2336300611494,751000000.0,0.00205,1.6800000000000004
1.7437104642391206,0.767955956608057,6.013246379792691e-06,1824.6809411793945,153999999.99999997,0.00122,14.44
1.3138744354248049,0.7740739904344083,2.973458588123322e-06,2153.2571241259575,102999999.99999999,0.00047299999999999995,11.98
1.4035989046096804,0.7896313279867173,6.320321634411813e-06,2423.5892593860626,499000000.0,0.000767,0.22000000000000042
1.5180250268429518,0.8203814864158631,4.729448586702348e-06,929.7803342342376,367000000.0,0.00116,4.91
1.5958817929029465,0.745146967470646,2.8970616459846502e-06,2652.8281271457668,87499999.99999997,0.00051,12.969999999999999
1.4575246006250382,0.8004287570714951,4.3326081037521366e-06,1108.6713820695875,223999999.99999997,0.0009440000000000002,8.81
1.5335051223635674,0.8658318758010864,6.035449460148812e-06,649.843543767929,351000000.0,0.00207,8.78
1.4769697397947312,0.6519114017486572,6.264269523322583e-06,822.3251551389693,271000000.0,0.0005180000000000001,7.18
1.7717169284820558,0.8426150143146516,2.862935781478882e-06,2330.0796672701836,106000000.00000003,0.000972,12.5
1.4798226557672025,0.8016228944063187,8.834986895322801e-06,570.3049451112746,405000000.0,0.0021,10.27
1.4163015782833102,0.6547017931938172,8.435592740774156e-06,1889.8585643619297,137000000.0,0.000508,14.16
1.491009125299752,0.772671838849783,9.158375263214113e-06,1911.1681655049322,475000000.0,0.00113,5.15
1.452307038009167,0.6614679336547852,7.981735974550248e-06,2482.8703254461284,111999999.99999999,0.0005000000000000001,15.43
1.2809579193592073,0.6044298559427261,5.666856348514558e-06,773.1062471866607,227000000.00000003,0.00022400000000000002,5.27
1.6596629798412323,0.7628582708537579,9.922230988740922e-06,938.7437552213668,277000000.0,0.00194,13.81
1.7901065647602084,0.8496595859527588,4.975509688258172e-06,1414.8227050900457,181000000.00000003,0.00172,12.58
1.5169013343751432,0.6389485448598863,5.3298357427120214e-06,1121.7131018638609,181000000.00000003,0.0004159999999999999,9.14
1.3432547628879548,0.7116572231054307,9.52208310365677e-06,590.7060503959655,353000000.0,0.00119,10.64
1.651271814107895,0.7409784860908986,7.225770011544229e-06,1604.3244041502473,175000000.0,0.00116,14.34
1.4037931501865388,0.6207321703433991,4.663901567459107e-06,1946.5151354670522,105000000.00000003,0.00023099999999999998,10.82
1.4825071737170221,0.7173477150499822,4.585184186697007e-06,1083.6559832096098,219000000.0,0.0006529999999999999,8.33
1.6080099552869798,0.7213575862348081,8.324181228876116e-06,1505.468741059303,185000000.0,0.00113,14.58
1.5693917602300644,0.7868419893085957,7.152262091636659e-06,965.9347236156462,271000000.0,0.00158,11.49
1.612584686279297,0.797313603758812,3.0254987478256232e-06,2307.169131934643,103999999.99999999,0.0007240000000000001,12.57
1.5017694472800942,0.7186526969075203,4.017406463623048e-06,1426.3514727354047,160000000.00000003,0.000589,10.04
1.5772119104862214,0.8932571411132814,3.1738134324550634e-06,2469.760730862617,268000000.0,0.0008870000000000001,2.2500000000000004
1.6083422273397447,0.6465091556310655,7.579769477248193e-06,2155.9869796037674,118000000.00000001,0.0005459999999999999,14.9
1.572408024966717,0.755628289282322,4.061854660511018e-06,1870.9094841033218,130000000.0,0.0007340000000000001,12.47
1.4895618148148062,0.7326988276094198,7.0699646472930914e-06,1163.4544581174848,222000000.0,0.00101,11.99
1.5361331753432752,0.7647255443036557,8.413160234689714e-06,2312.9467591643333,559000000.0,0.0009239999999999999,1.4700000000000004
1.7829965293407442,0.9050980389118195,3.005548566579819e-06,2616.104885935783,251999999.99999997,0.0010699999999999998,2.81
1.7838389396667482,0.79247385263443,4.8220620006322866e-06,2009.113125503063,136000000.0,0.0011999999999999997,14.11
1.47194701731205,0.7189606346189976,6.727908644825221e-06,1151.9790738821027,219000000.0,0.0008679999999999997,11.36
1.5000207984354348,0.7065017893910409,4.198649346828462e-06,1322.6265758275983,169999999.99999997,0.00057,9.69
1.537172719091177,0.7673359774053098,8.377105504274369e-06,2055.0479665398598,464000000.0,0.0009920000000000003,4.1
1.3874434232711794,0.7784678868949414,3.02533707022667e-06,1818.5524661093948,120000000.0,0.0005589999999999999,11.0
1.4725730158388617,0.8207279205322267,4.366321533918381e-06,1044.2506819963453,247000000.0,0.0010699999999999998,8.14
1.5706317052245142,0.633180320262909,7.71402843296528e-06,2823.0195045471187,95800000.0,0.0004379999999999999,15.67
1.168384623527527,0.8631177932024002,9.917955607175828e-06,638.0106806755065,591000000.0,0.00196,6.76
1.7247696518898012,0.6784444302320481,2.989171981811524e-06,1572.3711177706716,134999999.99999997,0.0004269999999999999,8.71
1.5118162605911494,0.6335184305906296,3.5597067773342137e-06,1272.7685198187826,148000000.0,0.00027299999999999997,7.4
1.6028561890125277,0.8012722492218018,7.058455184102059e-06,946.6661065816878,275000000.0,0.00174,11.49
1.4855465266853571,0.7093088775873185,7.508305996656419e-06,855.1877290010451,302000000.0,0.0009710000000000001,9.52
1.6408662021160128,0.7390813373029232,4.147362917661668e-06,2475.568607449531,103999999.99999999,0.0006760000000000002,14.14
1.6053713679313661,0.6287187337875367,7.0602575242519386e-06,2924.9262362718578,90100000.0,0.0004,15.43
1.4541012078523636,0.7184564106166363,5.147252395749093e-06,1197.3532587289808,191000000.0,0.0006900000000000001,10.51
1.3277238965034486,0.7923477351665498,3.035902231931687e-06,1942.3250034451482,114999999.99999997,0.0005549999999999999,11.5
1.5364129520952703,0.831985241174698,4.699021488428117e-06,948.6567527055739,371000000.0,0.00123,4.76
1.3554710894823077,0.6846820861101152,9.264601826667787e-06,2045.043811202049,143000000.00000003,0.0006339999999999999,15.45
1.4580508768558504,0.6629397690296174,8.127478733658791e-06,2279.3500795960426,121000000.0,0.0005310000000000001,15.149999999999999
1.4152866661548615,0.7192766815423967,8.885096520185472e-06,912.8780961036681,267000000.0,0.00114,12.17
1.4708613798022272,0.8239315330982209,9.297466397285463e-06,1159.3248620629308,682000000.0,0.00167,2.81
1.4811344169080258,0.6547488391399384,7.955712348222734e-06,809.8458051681517,285000000.0,0.0006810000000000001,8.91
1.4872714944183827,0.7839644171297551,4.412479132413865e-06,1107.773959636688,274000000.0,0.0008830000000000001,6.57
1.342480355501175,0.6222140729427338,8.348854690790178e-06,2389.4389271736145,102000000.0,0.00031600000000000004,14.54
1.6340021789073946,0.7683816365897657,5.110469907522202e-06,1618.9416982233522,158000000.0,0.00103,12.95
1.3929509550333024,0.8623878657817842,2.8747768402099615e-06,2414.61443901062,163000000.0,0.000688,7.6
1.5716384142637254,0.6371649831533432,7.058697283267976e-06,2048.7008914351463,116999999.99999997,0.00045900000000000004,14.01
1.551514868438244,0.8664313226938248,5.343581154942513e-06,677.5556802749633,384000000.0,0.00187,6.66
1.5261737801134587,0.7670622400939465,5.944288849830628e-06,1163.829371333122,219000000.0,0.00112,11.36
1.4927843866869808,0.6935991525650025,9.15538975596428e-06,1353.5556122660635,192000000.0,0.000939,14.25
1.374193498492241,0.806735596060753,4.834148809313775e-06,2414.524659514427,410000000.0,0.0006890000000000002,0.3700000000000002
1.5704897761344911,0.7892338782548906,4.139537304639817e-06,1527.3053124547002,160000000.00000003,0.0009360000000000001,11.45
1.608034211397171,0.6921367675065995,3.698697358369828e-06,2813.368842005729,85100000.00000003,0.0004359999999999999,13.88
1.6786132693290712,0.6639232367277146,3.0495113134384163e-06,1718.2495230808852,120000000.0,0.00036999999999999994,9.31
1.7904581487178803,0.7945995926856996,3.0664071440696723e-06,2776.7307609319682,90299999.99999999,0.000798,13.76
1.4757083527743817,0.6541812300682068,3.3769593536853795e-06,2485.244676470756,84900000.0,0.0002669999999999999,11.73
1.5111791577190161,0.6257246553897858,8.624858796596529e-06,2823.842570185661,96100000.00000001,0.00040899999999999997,15.89
1.3330180406570435,0.6279415100812913,8.820426106452943e-06,1532.9557955265043,150999999.99999997,0.0004009999999999999,12.72
1.3411321878433229,0.6271723955869676,8.532641857862474e-06,2536.751732230186,99799999.99999999,0.0003310000000000001,15.04
1.527283997833729,0.6446748465299607,6.7467898763716235e-06,2658.955335617065,97100000.00000001,0.00041700000000000005,15.04
1.5871390253305437,0.8179657816886903,4.766340285539628e-06,1182.8136742115018,210000000.0,0.0013,10.660000000000002
1.501559059554711,0.7106403842568398,3.045957118272782e-06,1005.7664960622786,188999999.99999997,0.00046800000000000005,6.65
1.4547861590981486,0.6617280900478364,8.713956087827684e-06,2527.940899133682,114999999.99999997,0.0005379999999999998,16.02
1.686426740884781,0.8412197560071946,2.8720881938934332e-06,2127.6510804891586,111999999.99999999,0.0009050000000000001,11.93
1.435525032877922,0.6450766682624818,8.740202724933626e-06,1190.6916946172712,198000000.00000003,0.0005780000000000001,11.76
1.5135838955640795,0.6364390969276429,5.1855888664722454e-06,2218.6905816197395,101000000.0,0.0003290000000000001,12.76
1.2877976059913636,0.6790847539901734,8.733600020408631e-06,1949.8947560787199,143000000.00000003,0.0005470000000000001,14.76
1.4337180867791177,0.7388902544975281,7.442929103970528e-06,2001.2987330555914,404000000.0,0.0007810000000000002,4.480000000000001
1.4422524064779283,0.6491546988487245,8.628356456756593e-06,1579.5955359935758,157000000.0,0.0005409999999999999,13.35
1.2517569065093996,0.6040706992149354,9.51656249165535e-06,2496.2641596794124,96100000.00000001,0.00024800000000000007,14.49
1.5815715909004213,0.6563691705465318,8.80768319964409e-06,2712.891653180122,110000000.0,0.000582,16.42
1.3106293916702272,0.6132346719503403,8.335802406072617e-06,2117.606095969677,108000000.00000001,0.00028599999999999996,13.68
1.5773280054330827,0.7618831403553487,7.243685558438302e-06,1154.2652100324628,231000000.0,0.00134,12.51
1.6232617288827897,0.865024620294571,2.9248330593109137e-06,1363.2246404886243,152999999.99999997,0.0010699999999999998,9.83
1.4171126604080202,0.6746831238269807,3.4303434193134315e-06,2408.583641052246,89100000.0,0.000299,11.91
1.64723778963089,0.7378012966364623,5.1688623279333126e-06,2224.200062453747,122000000.00000004,0.000813,14.509999999999998
1.600043946504593,0.7560271583497525,8.159075126051904e-06,1124.948740005493,239000000.0,0.0014700000000000002,13.17
1.5591632276773455,0.6582812458276749,4.329180747270585e-06,1587.0286636054514,132999999.99999997,0.00040699999999999997,10.56
1.6177093416452408,0.8072459667921067,8.298508495092393e-06,762.3881399631499,332000000.0,0.0022,11.51
1.527152303606272,0.8475023299455643,4.6636629104614265e-06,837.4445438385009,356000000.0,0.00137,5.51
1.5194880209863186,0.8274795413017274,3.979434967041017e-06,1224.1682708263395,218000000.00000003,0.0010399999999999997,8.46
1.377802222967148,0.7634862609207631,9.470769554376604e-06,1229.4821739196775,476000000.0,0.00124,6.51
1.498267339775339,0.7675671927630902,7.419020950794221e-06,895.3658044338225,291000000.0,0.0013800000000000002,10.84
1.3716198027133943,0.7815755836665631,3.0278773903846747e-06,1611.4413663744924,131999999.99999999,0.000576,10.32
1.6481599330902101,0.7269514694809914,8.756393849849702e-06,1481.1750799417493,192000000.0,0.00126,14.829999999999998
1.5940611004829408,0.6539808064699174,8.09846417605877e-06,2090.654067695141,126000000.00000001,0.0006079999999999998,15.14
1.514828246086836,0.7609017603099347,9.465044081211092e-06,753.0408650636672,322000000.0,0.00178,12.22
1.5169163737446072,0.639715611934662,6.203494261950255e-06,1225.7359847426412,174000000.0,0.000464,10.52
1.739934825897217,0.8380986481904984,4.039086073637009e-06,1642.8346671164034,152999999.99999997,0.00131,12.12
1.660605150461197,0.6813244342803956,7.417168959975244e-06,2062.8118440508842,131999999.99999999,0.000776,15.35
1.6885106921195985,0.7753568731248379,4.014791458845139e-06,2166.813865303993,119000000.0,0.0008669999999999999,13.45
1.4442836657166482,0.8668307840824128,2.856055617332459e-06,2507.624879479408,177000000.0,0.0007200000000000002,6.49
1.4072079598903657,0.6236024826765061,3.411423802375794e-06,688.3541792631148,250000000.0,0.00021999999999999998,2.3299999999999996
1.4980882685165853,0.8363456010818482,3.166046649217606e-06,898.9471495151519,238000000.0,0.0009419999999999999,6.32
1.7879309713840486,0.7485440477728844,6.054312281310559e-06,2403.8672000169754,126000000.00000001,0.0010500000000000002,15.599999999999998
1.591043919324875,0.6773981004953386,3.8304890096187595e-06,2823.045432567596,84000000.0,0.000391,13.73
1.3397885978221895,0.813561075925827,3.0747096538543705e-06,1235.7592135667799,171999999.99999997,0.0006999999999999999,8.65
1.4922852985560895,0.806755766272545,5.205657854676247e-06,962.0444029569625,255000000.0,0.00123,9.4
1.4251594483852388,0.696750882267952,8.492638230323793e-06,1091.9174104928968,225999999.99999997,0.000886,12.41
1.2648500919342043,0.6056358128786088,7.689124554395678e-06,1924.9171316623685,111000000.0,0.000233,12.38
1.4892769284546377,0.6963070303201676,6.74911391362548e-06,793.0999547243117,320000000.0,0.000804,7.73
1.3542731612920762,0.6252282679080964,7.34074229001999e-06,592.9929316043853,359000000.0,0.000413,4.58
1.5882125884294511,0.8418729096651077,8.922034949064256e-06,1148.3389437198637,559000000.0,0.00198,5.330000000000001
1.4382681995630267,0.6573882937431336,8.003429979085924e-06,2502.816647291183,110000000.0,0.00047600000000000013,15.39
1.7774960339069368,0.9027540922164918,2.9301014542579657e-06,1577.5175690650938,142000000.00000003,0.00136,10.74
1.513260266929865,0.6807652026414872,4.449562966823579e-06,2113.856442272663,110000000.0,0.0004359999999999999,12.649999999999999
1.690014696121216,0.883561545610428,3.0315813720226294e-06,714.9156481027602,307000000.0,0.00142,4.51
1.732021325826645,0.7869013465940953,6.763138480484486e-06,1386.033587157726,198000000.00000003,0.00157,13.71
1.5158978339284659,0.7593405134975911,5.678549185395242e-06,1022.1591144800185,376000000.0,0.00096,5.28
1.5691763520240785,0.6433585435152055,5.333762839436532e-06,2717.8964316844936,89200000.0,0.000363,14.23
1.486936338990927,0.7919042229652405,5.658287853002549e-06,841.1871194839476,329000000.0,0.00121,7.6
1.6108742862939835,0.7548611171543599,7.440680325031281e-06,1272.4925130605695,213000000.0,0.0013199999999999998,13.28
1.5403277590870859,0.8712543189525604,2.84287440776825e-06,2545.586854219436,152999999.99999997,0.0007879999999999999,8.22
1.6130114614963533,0.6522844880819322,3.0761205255985265e-06,2800.980240106582,77300000.0,0.0002869999999999999,12.15
1.2856393754482272,0.7770459674298764,2.9957392215728766e-06,1957.3795720934866,111000000.0,0.0004780000000000001,11.44
1.4824159305542708,0.7716774411499501,5.5036884993314756e-06,942.1206563711165,282000000.0,0.00103,8.37
1.5761006087064744,0.8321377784013749,3.026719361543656e-06,1540.6494513154028,142000000.00000003,0.000903,10.4
1.5094216525554658,0.71580730676651,7.226500272750855e-06,1419.770039618015,183000000.0,0.000906,13.37
1.1956478476524355,0.6596994191408158,9.647857010364534e-06,1679.5471422374246,148000000.0,0.00045600000000000013,14.42
1.3203826725482941,0.7953986138105393,3.0350911319255835e-06,1793.368190526962,123000000.00000003,0.000573,11.01
1.6232251524925234,0.8762491822242737,3.85306066274643e-06,1035.5221033096311,385000000.0,0.00134,2.81
1.5227619566023352,0.7359419949352742,5.186673775315285e-06,1624.6672272682188,150999999.99999997,0.0007800000000000001,12.79
1.3606516599655152,0.6209659606218338,7.422937721014024e-06,788.5011583566665,269000000.0,0.00040299999999999993,7.15
1.3554837852716448,0.6227546632289886,8.357119232416154e-06,979.2017489671706,221000000.0,0.0004229999999999999,9.43
1.6433496773242953,0.7927900582551957,4.113306939601899e-06,1709.598393179476,146000000.0,0.0009909999999999997,12.23
1.5732722014188767,0.6415552318096162,5.406124830245973e-06,2517.891556024551,94099999.99999999,0.00037199999999999993,13.91
1.5390195205807686,0.8434302538633347,4.032965064048768e-06,1140.859007835388,232999999.99999997,0.00117,8.21
1.270117735862732,0.6064486473798752,6.533231422305108e-06,2797.8169471025462,81100000.0,0.0001899999999999999,13.47
1.258095306158066,0.6028693467378616,8.761829763650896e-06,968.861162662506,198000000.00000003,0.00030300000000000005,9.3
1.372004109621048,0.6358511656522752,7.702555269002915e-06,628.6470144987105,364000000.0,0.000493,5.3
1.7793372094631197,0.9012177228927614,2.9240574240684515e-06,730.9994399547576,241000000.0,0.00161,6.62
1.5863052159547808,0.6771582126617433,8.55412369966507e-06,2371.2611123919487,126000000.00000001,0.0007060000000000002,16.03
1.6064228653907777,0.7685736335814,9.725861966609957e-06,810.7325732707976,307000000.0,0.00198,12.96
1.4008889436721803,0.6344091832637787,7.81254391372204e-06,2004.0326863527296,120000000.0,0.000391,13.83
1.6267849802970888,0.8228226453065873,5.128395155072213e-06,1161.7009267210958,218000000.00000003,0.00146,11.02
1.5988037288188937,0.653918194770813,3.064613044261933e-06,2418.5784459114075,86899999.99999999,0.000299,11.36
1.4715033754706384,0.7852892003953458,4.106934547424317e-06,1243.1845366954801,196000000.00000003,0.0008390000000000001,9.38
1.5478010684251786,0.8196434229612352,4.1434436440467845e-06,1268.9298689365385,192000000.0,0.0011,10.2
1.5249208487570287,0.6358818769454957,4.353879660367967e-06,1283.7751880288122,151999999.99999997,0.00033600000000000004,8.800000000000002
1.417932915687561,0.6834097713232041,3.277055531740189e-06,1151.9635394215582,163000000.0,0.000365,7.49
1.5192914418876173,0.8102242916822434,3.3853019177913673e-06,792.7469462156295,303000000.0,0.0008830000000000001,4.14
1.629982540011406,0.8739154279232025,5.106817871332169e-06,887.7805173397063,263000000.00000003,0.00188,9.8
1.7521062433719636,0.8952035307884217,7.284416422247887e-06,642.2611624002456,451000000.0,0.00309,7.76
1.3009619235992433,0.6145859330892564,9.06135305762291e-06,2316.17621332407,103999999.99999999,0.00029699999999999996,14.47
1.4565799400210382,0.7751973129808903,6.277317635715009e-06,2112.3928129673004,398000000.0,0.0008359999999999999,3.5000000000000004
1.6009934037923814,0.651035687327385,9.02738991379738e-06,2752.823337912559,108000000.00000001,0.0005719999999999999,16.53
1.4375227913260462,0.6561410576105119,7.937492638826372e-06,2477.1563261747356,110000000.0,0.00046800000000000005,15.27
1.5274191766977312,0.8214976072311402,6.294270679354669e-06,812.8067404031752,304000000.0,0.0016800000000000003,9.8
1.473517493158579,0.6545624792575837,3.3805588185787206e-06,2310.181699693203,90500000.00000001,0.00027299999999999997,11.3
1.485318411514163,0.6998914897441865,4.630248218774797e-06,1859.1805566102264,127000000.00000001,0.0005310000000000001,12.5
1.791398173570633,0.8408762902021408,2.87684714794159e-06,2380.412846803665,105000000.00000003,0.000988,12.64
1.4161464303731919,0.6916139245033265,9.817959994077683e-06,1979.825712740421,149999999.99999997,0.0007370000000000001,15.79
1.4565293043851855,0.7153800286352635,5.417523100972177e-06,1468.573950231075,161000000.00000003,0.0006810000000000001,12.18
1.5619742184877397,0.6405621886253358,5.255541652441025e-06,2426.9097596406937,95700000.00000001,0.00035800000000000003,13.51
1.6776126980781556,0.7281807728111744,7.867242783308031e-06,1731.7168200388548,168000000.0,0.00115,15.06
1.5420423299074175,0.6468224465847016,3.163973838090897e-06,2405.7217240333557,85900000.0,0.00026399999999999997,11.16
1.5120956752449275,0.7117717266082765,3.83408284187317e-06,1764.3704190850256,128000000.0,0.0005159999999999999,11.16
1.3707551300525667,0.7551345482468605,7.700062930583956e-06,2491.3902133703227,530000000.0,0.0007030000000000001,0.6199999999999998
1.7672526955604555,0.6078363060951233,3.080536931753159e-06,2189.3280297517776,90500000.00000001,0.00025299999999999997,9.71
1.4885024260729554,0.6774090081453324,5.710931643843652e-06,1876.5977043658493,129000000.0,0.0005189999999999999,13.14
1.384052646160126,0.7075824111700059,9.768840044736863e-06,1422.8284657001493,189999999.99999997,0.0009070000000000001,14.89
1.7914907455444338,0.7459790222346784,5.954975217580796e-06,2498.3080029487605,121000000.0,0.00101,15.7
1.4947136057540775,0.7505295954644681,5.991766676306726e-06,1175.401873886585,214000000.00000003,0.0009809999999999999,11.29
1.534906616806984,0.8798720061779023,3.971858441829682e-06,2469.751343131065,376000000.0,0.000894,0.09999999999999984
1.4554179802536966,0.6721583336591721,8.17742542922497e-06,619.2514598369597,380000000.0,0.0008300000000000001,7.37
1.603495439887047,0.6554237008094789,7.109492003917695e-06,2018.5399353504179,123000000.00000003,0.0005679999999999999,14.48
1.3620027333498002,0.621711739897728,7.175043299794198e-06,1402.6458114385603,151999999.99999997,0.00034799999999999995,11.25
1.4681227304041387,0.7054136663675309,7.378125488758088e-06,1317.1539753675459,192000000.0,0.0008340000000000001,12.83
1.4870128702372314,0.6427909523248673,3.6995854377746588e-06,2038.2963791489599,101000000.0,0.00027499999999999996,10.790000000000001
1.487199652567506,0.749556051939726,4.9843412488698965e-06,953.464388847351,362000000.0,0.000807,4.41
1.5273449286818506,0.7721302203834057,7.853511348366739e-06,2346.2489917874336,573000000.0,0.000901,0.4399999999999999
1.616652238368988,0.820514389872551,3.0607012808322914e-06,1885.1196039468048,124000000.00000003,0.0008589999999999998,11.44
1.5544746056199075,0.658103719353676,6.727149099111558e-06,1896.3362853974102,128000000.0,0.000536,13.79
1.6277246296405794,0.6856277346611024,9.020265877246858e-06,2517.9413259029384,126000000.00000001,0.0007680000000000001,16.49
1.4651428498327734,0.6224279254674911,4.526684015989304e-06,451.5244364738463,349000000.0,0.00032500000000000004,1.9300000000000002
1.201908963918686,0.6552191466093064,9.651002526283266e-06,1100.142404437065,204000000.0,0.0005289999999999998,12.49
1.4951526772230865,0.6361773848533631,3.523281335830689e-06,1838.7546967715023,108000000.00000001,0.00025299999999999997,9.72
1.6179569989442826,0.6961962908506394,4.088637650012971e-06,2806.0514032840724,88700000.0,0.000488,14.41
1.4865084674209357,0.6533733040094376,3.3652722537517555e-06,2680.4178506135936,79899999.99999997,0.00026199999999999997,12.11
1.6198677599430085,0.7463223874568939,1.0012104749679567e-05,1028.1114578247068,257000000.0,0.00169,14.15
1.2409603357315064,0.6903029724955559,9.503833562135698e-06,1463.1612151861189,181000000.00000003,0.000664,14.14
1.6366892695426942,0.7418981663882733,2.948851466178895e-06,1941.211253404617,113999999.99999999,0.0005660000000000001,11.06
1.4746382988989355,0.8011413395404816,3.0279773175716408e-06,1546.4405082166193,138000000.0,0.0007120000000000001,10.29
1.4713560551404954,0.826454794406891,5.296356171369554e-06,788.1469577550887,327000000.0,0.0013800000000000002,7.55
1.391024395823479,0.698602630198002,9.123320847749711e-06,626.1744648218154,344000000.0,0.00111,10.25
1.5828685551881791,0.7288957737386227,9.960183292627335e-06,1169.6854904294012,230000000.0,0.00142,14.58
1.6106813818216326,0.6454897105693818,6.930299166589976e-06,2130.6298598647118,114999999.99999997,0.000508,14.42
1.5741832673549654,0.8058463275432587,5.077455550432206e-06,1163.9298424124715,215000000.00000003,0.00128,10.83
1.412140640616417,0.7271881923079492,3.0692616403102882e-06,2178.304523229599,99400000.00000001,0.00039399999999999993,11.53
1.4700072392821313,0.7432763859629632,5.253243640065194e-06,1011.1294239759444,248000000.0,0.0008300000000000001,8.7
1.7900533854961398,0.8458724409341812,3.974076449871064e-06,1789.668586105108,143000000.00000003,0.00136,12.64
1.6378819048404696,0.8174476146697999,6.059226863086225e-06,1057.8625947237012,244000000.00000003,0.00166,11.39
1.7366744756698609,0.7911240845918656,5.02083031833172e-06,1734.6153426915405,151999999.99999997,0.00123,13.54
1.2590727388858796,0.6679389327764512,8.720515191555024e-06,1800.8164335042236,146000000.0,0.00049,14.21
1.7256768107414246,0.9038681387901307,4.040041744709016e-06,2096.7829525470734,391000000.0,0.0012899999999999997,0.7199999999999996
1.5759434670209886,0.8503101646900177,3.2657894194126134e-06,756.4180642366408,359000000.0,0.0011,2.9099999999999997
1.5932650476694108,0.7813827954232694,8.158685222268106e-06,897.2303867340087,290000000.0,0.0018,12.11
1.6532197773456574,0.8061380624771118,6.893673036247493e-06,1028.8825184106825,255000000.0,0.00178,12.02
1.4853306178003551,0.8051485508680344,8.331490099430085e-06,1066.9150501489637,450000000.0,0.00154,6.92
1.6076365649700166,0.6747665584087372,6.615499738603831e-06,2148.4426707029343,120000000.0,0.000624,14.81
1.667467224597931,0.8783734917640686,2.9155458807945257e-06,1520.4300656914709,143000000.00000003,0.00113,10.36
1.4992393214022741,0.653470677137375,6.266800351440908e-06,906.4317047595977,245000000.00000003,0.0005419999999999998,8.19
1.5671772435307505,0.7316294610500337,4.029366225004197e-06,2158.6363315582275,111999999.99999999,0.000607,13.05
1.7047968149185182,0.8813823580741883,4.127191811800004e-06,1236.0994815826414,196000000.00000003,0.0016,10.42
1.3382435202598573,0.6269669473171234,8.940305143594743e-06,1256.0463994741438,179000000.00000003,0.00042800000000000005,11.61
1.6061326682567598,0.6690211951732636,5.993641927838326e-06,2346.6326221823692,108000000.00000001,0.0005419999999999998,14.68
1.5043071197345854,0.7946331828832627,5.591760754585267e-06,854.1527688503264,376000000.0,0.00122,6.2
1.5117792584002019,0.6943212389945984,4.6595398187637334e-06,2247.785657644272,109000000.00000001,0.0004979999999999999,13.49
1.632530137896538,0.8169211864471436,3.053867846727372e-06,1982.6676249504087,119000000.0,0.0008449999999999999,11.73
1.5409167990088464,0.6634894520044328,4.5489208400249485e-06,2071.2814405560493,109000000.00000001,0.00039799999999999997,12.37
1.4973130364902318,0.8554057985544206,5.221282169222833e-06,725.97499191761,327000000.0,0.00165,7.86
1.4975542740896346,0.7340682718902827,7.506604418158532e-06,1137.4864652752874,229000000.0,0.00109,12.29
1.6050215363502505,0.8599382042884828,3.1129800975322728e-06,831.2976658344268,267000000.0,0.00117,5.52
1.4548750877380372,0.663482004404068,8.131810024380684e-06,2283.616282045841,121000000.0,0.0005310000000000001,15.16
1.5444739624857904,0.6529034882783891,4.294004082679749e-06,954.7894001007079,208999999.99999997,0.000411,6.66
1.581707373261452,0.8124572932720185,6.682534974068404e-06,2030.7651832699773,537000000.0,0.00112,1.2
1.735545337200165,0.6684784680604935,3.0012665092945103e-06,2680.416733026504,81400000.00000001,0.0003640000000000001,12.3
1.4884072691202166,0.6872511237859726,4.629565000534058e-06,1726.4874344691632,132999999.99999997,0.0004939999999999999,11.86
1.679865288734436,0.6473292946815491,3.1657454073429112e-06,595.1178371906279,293000000.0,0.00038299999999999993,1.98
1.5219691537320614,0.8072592437267304,7.3736991733312615e-06,736.9483560323714,342000000.0,0.00183,10.06
1.4634958103299143,0.7429036237299443,5.167063847184182e-06,1071.0266530513761,225999999.99999997,0.0008099999999999998,9.44
1.4393726259469988,0.6452075064182282,8.704029709100724e-06,1290.998302400112,185000000.0,0.0005640000000000002,12.2
1.6085716992616654,0.650175878405571,7.150349184870721e-06,2349.2041155695915,110000000.0,0.0005289999999999998,15.13
1.5822563588619234,0.8574937015771866,3.039036691188813e-06,923.5310852527617,218000000.00000003,0.0011,7.14
1.3752620726823808,0.6210774153470994,5.8886446356773384e-06,1845.925526693463,114999999.99999997,0.0002760000000000001,11.74
1.6129728108644488,0.6951661080121995,5.171394720673562e-06,2559.1566711664195,102000000.0,0.000583,14.88
1.4303724378347398,0.6329642146825791,6.699226621538401e-06,976.3332754373549,218000000.00000003,0.0004359999999999999,8.78
1.5647115916013719,0.7879524260759354,4.055607855319978e-06,1556.4098320901392,157000000.0,0.000904,11.4
1.4883625444024802,0.7132864706218244,7.629754558205605e-06,1301.7382770776746,198000000.00000003,0.0009300000000000003,13.1
1.6767824292182925,0.8751990079879761,2.933431804180146e-06,1488.6465221643446,146000000.0,0.00115,10.32
1.316170209646225,0.7833722345530988,9.629198372364046e-06,1403.394743800163,734000000.0,0.0010800000000000002,0.5399999999999997
1.6089998334646227,0.7461452744901181,6.86767976358533e-06,1452.7355059981344,186000000.0,0.00114,13.55
1.4696632616221905,0.7885348945856095,5.02026079595089e-06,990.812063217163,255000000.0,0.00103,8.75
1.3217032492160798,0.6128694623708726,6.463761243969203e-06,1273.6575230956075,155000000.0,0.0002760000000000001,9.75
1.4799655862152579,0.639972558617592,8.273166835308076e-06,1693.141462281346,143000000.00000003,0.0004960000000000001,13.47
1.4912045605480673,0.7173751428723336,6.53879263624549e-06,920.3378409147261,284000000.0,0.0008799999999999999,8.87
1.6641050398349764,0.7840169794857502,4.030972361564637e-06,1926.7466589808462,130999999.99999999,0.0009199999999999999,12.83
1.6970134377479555,0.8973591506481171,8.976560145616533e-06,790.5631810426711,649000000.0,0.00314,4.78
1.364090645313263,0.6234716802835465,7.1014534980058684e-06,2330.0921842455864,100000000.0,0.0002959999999999998,13.83
1.7292777836322786,0.7653863735496998,4.075572013854981e-06,2543.5811579227443,105000000.00000003,0.0008170000000000001,14.36
1.4939370894804598,0.6420705020427705,3.22522920370102e-06,1757.748808711767,111000000.0,0.00025000000000000006,9.02
1.4731420196592808,0.8210734069347382,5.413317814469338e-06,794.4976091384887,325000000.0,0.00137,7.75
1.386628532409668,0.6218063235282898,4.6936621367931374e-06,2847.5667834281917,76999999.99999999,0.00020600000000000007,12.9
1.5014190664049238,0.8408430397510529,4.561136573553086e-06,911.6387665271758,316000000.0,0.00126,6.32
1.7589924573898317,0.8948984742164613,4.219424813985825e-06,730.8924496173858,320000000.0,0.00197,6.58
1.4960678818635644,0.6349796622991563,5.348720937967302e-06,2046.552702784538,108000000.00000001,0.0003330000000000001,12.44
1.544182397425175,0.6846881031990052,6.707346592098476e-06,1927.98975110054,132999999.99999997,0.0006519999999999998,14.349999999999998
1.482130103185773,0.7953499585390091,5.4341652542352684e-06,855.333313345909,322000000.0,0.00118,7.45
1.494482486508787,0.7846560515463353,6.949106782674791e-06,756.2321722507476,365000000.0,0.00142,8.44
1.5327176928520203,0.7190946355462075,6.431037906557322e-06,1645.3704629093406,158000000.0,0.000835,13.7
1.5587860241532328,0.811958509683609,7.216983407735825e-06,793.24471950531,320000000.0,0.00188,10.53
1.5749093502759934,0.6809924393892289,9.518550395965577e-06,2006.2931552529333,147000000.0,0.0008189999999999998,15.87
1.5135196857154372,0.636699977517128,6.416535634547473e-06,1670.2537350356577,133999999.99999997,0.000422,12.38
1.5097760226577521,0.647688925266266,7.48565235733986e-06,2657.761007547378,101000000.0,0.00045099999999999996,15.41
1.2711642265319825,0.6864884957671166,9.128004491329195e-06,1647.2320370376108,166000000.0,0.0006249999999999999,14.33
1.3383578717708589,0.7692584820091725,2.9887655973434453e-06,1196.9801336526868,165000000.0,0.0005499999999999999,8.44
1.3644125640392304,0.6234825521707535,7.106274202466012e-06,2422.9648262262344,97100000.00000001,0.00029200000000000005,14.01
1.4981465260963889,0.6356792986392975,5.289180502295495e-06,2253.3421143889427,100000000.0,0.0003240000000000001,12.88
1.4787850208580495,0.7303393051028252,6.788099702447654e-06,1118.581026792526,229000000.0,0.0009509999999999998,11.31
1.365845212340355,0.5963543772697449,2.9915435314178474e-06,778.6610275506972,215000000.00000003,0.0001420000000000001,0.6999999999999998
1.6153252691030504,0.8292007058858872,7.606132104992868e-06,1648.228049278259,586000000.0,0.0014399999999999999,1.9099999999999993
1.6644882023334504,0.7863119177520276,4.097867041826249e-06,1865.6250666826961,134999999.99999997,0.0009520000000000003,12.76
1.535509416460991,0.706487962603569,3.862112313508988e-06,2197.4902525544167,105000000.00000003,0.0004780000000000001,12.54
1.497093430068344,0.7485424473881722,8.338724285364152e-06,928.7580400705336,277000000.0,0.00139,12.03
1.3536509871482851,0.6448910146951676,8.270615041255952e-06,2239.846169948578,114999999.99999997,0.00040400000000000006,14.65
1.4605462074279787,0.6922103628516197,7.5606586635112775e-06,1300.121948122978,191000000.0,0.0007640000000000001,12.649999999999999
1.6797604680061342,0.8345252931118012,7.06875289976597e-06,878.9180517196654,290000000.0,0.00219,11.46
1.6135664999485018,0.7924093186855317,2.992025017738343e-06,2245.118610560894,105000000.00000003,0.0007089999999999999,12.38
1.557489909231663,0.7406715296208859,4.1910308897495275e-06,1953.1167969107626,124000000.00000003,0.000673,12.809999999999999
1.2622590243816376,0.6004679471254349,9.670204401016236e-06,871.4852035045623,219000000.0,0.00033600000000000004,9.3
1.7797743380069735,0.7483618676662446,5.117940977215768e-06,2762.8322243690486,105000000.00000003,0.0008689999999999999,15.61
1.6151758432388308,0.7436682164669037,7.855518341064454e-06,1340.9618958830831,205000000.0,0.00128,13.81
1.5657230168581011,0.8537167578935624,5.135533690452577e-06,2075.193703174591,457000000.0,0.0010699999999999998,0.5699999999999998
1.2734373807907107,0.8661376029253006,9.794964224100115e-06,643.487975001335,662000000.0,0.00205,5.14
1.402753633260727,0.760662829130888,8.960484594106676e-06,563.7665390968322,397000000.0,0.00158,9.9
1.546373185515404,0.8110572159290315,3.5857712924480445e-06,1024.4383960962293,342000000.0,0.0008870000000000001,2.84
1.5557641357183458,0.6552469700574876,4.683549880981446e-06,1426.4542907476423,148000000.0,0.00043099999999999996,10.3
1.5723783016204835,0.6818865358829499,7.54409557580948e-06,1799.6802292764185,145000000.0,0.0007420000000000001,14.63
1.6919540226459504,0.8240980803966523,4.0108008384704595e-06,1619.641801342368,155000000.0,0.00119,11.84
1.276880353689194,0.6072206318378449,5.585226893424989e-06,2699.971973896026,80299999.99999999,0.00017199999999999995,12.61
1.6837160825729371,0.6638584166765213,3.055356323719025e-06,1427.1663427352903,141000000.00000003,0.000385,8.1
1.563543722033501,0.6860416799783707,5.373484000563622e-06,2382.4610114097595,107000000.00000001,0.0005400000000000001,14.42
1.4685760974884035,0.7086417227983476,6.626465443521739e-06,1152.8108194470403,215000000.00000003,0.0008,11.16
1.6215183556079866,0.7693179331719876,9.046606183052064e-06,910.2054983377456,284000000.0,0.00186,12.969999999999999
1.2780304849147799,0.6080633461475373,5.686764180660249e-06,2233.323819935322,93800000.00000001,0.00018200000000000006,11.65
1.7882387280464174,0.8554542124271394,6.039939299225808e-06,1147.439770400524,223000000.0,0.00211,12.4
1.2999714910984042,0.769080262631178,6.490513123571874e-06,2589.578956365585,444000000.0,0.000629,1.2999999999999998
1.7737002253532412,0.7033542528748513,7.957177460193635e-06,2569.5185661315913,123000000.00000003,0.000919,16.7
1.8066372513771058,0.848672926425934,9.43780255317688e-06,713.7643843889235,348000000.0,0.00326,12.55
1.5790979683399202,0.7601103119552136,5.167024731636048e-06,1519.8023356497285,165000000.0,0.0009580000000000001,12.51
1.5700724959373475,0.6422233253717423,5.371015131473542e-06,2610.8502894639964,91599999.99999999,0.00036700000000000003,14.07
1.491808076016605,0.6818979889154435,4.757987707853318e-06,1564.4535347819326,144000000.00000003,0.0004979999999999999,11.36
1.6244074523448946,0.7679880402982235,7.012508496642114e-06,1246.7923685908315,216000000.00000003,0.0013800000000000002,12.93
1.4013131439685822,0.6454443186521531,8.802122533321382e-06,515.4113024473189,379000000.0,0.000688,7.15
1.709798848628998,0.6906394734978677,6.2436279617249974e-06,2518.819004297256,110000000.0,0.000717,15.69
1.335246026515961,0.613376721739769,5.5449111759662635e-06,1472.967557609081,133999999.99999997,0.00023700000000000004,9.68
1.2305143117904664,0.6734895676374436,9.330146968364716e-06,1775.4110060632227,149999999.99999997,0.0005239999999999999,14.64
1.5960710585117341,0.8099865585565568,5.002778753638268e-06,1198.6865401268003,210000000.0,0.00131,10.98
1.4911895317956807,0.6707462489604951,7.3404628485441214e-06,1166.3827970623968,204000000.0,0.000679,11.4
1.4626173578202726,0.6869312167167664,7.73180066049099e-06,1212.8700241446493,203000000.0,0.000763,12.22
1.5259226739406586,0.7089676424860955,5.02395372092724e-06,2168.590269982815,116999999.99999997,0.0006010000000000002,13.92
1.4179758578538897,0.6479882508516313,9.767388492822649e-06,2856.8462580442424,102999999.99999999,0.00046299999999999987,16.69
1.6372496634721758,0.8708406865596772,3.011801421642304e-06,935.7766360044478,217000000.00000003,0.00123,7.31
1.257874095439911,0.6028397887945176,8.749790519475938e-06,1063.7371540069578,183000000.0,0.00029699999999999996,9.85
1.515498284250498,0.6403185993432999,3.673628151416779e-06,1467.2896564006803,131999999.99999999,0.00029699999999999996,8.79
1.363728564977646,0.6214947223663331,7.1969483196735395e-06,1125.9275600314138,184000000.0,0.000369,9.92
1.39001182615757,0.6194194346666336,5.3906101435422906e-06,1277.7722552418707,152999999.99999997,0.00028399999999999996,9.21
1.2891795337200167,0.6068751007318497,4.727268338203431e-06,1384.2289447784422,136000000.0,0.000176,7.76
1.3712543159723283,0.7448903225362301,8.994410187005998e-06,2170.9906235337257,531000000.0,0.0007770000000000001,2.4
1.4491786211729052,0.6974878907203675,5.727931156754494e-06,1390.3297036886213,168000000.0,0.0006310000000000003,11.82
1.4945292877033354,0.7171250090003014,3.902297019958497e-06,1244.201950728893,182000000.0,0.000573,8.57
1.3433460474014283,0.7606395028531552,9.510863512754442e-06,518.5512006282805,412000000.0,0.00158,10.08
1.6052637040615083,0.8273142725229264,8.085012391209603e-06,691.952884197235,359000000.0,0.00237,10.790000000000001
1.4819710291922095,0.7245058268308641,7.943834990262986e-06,735.1529151201247,394000000.0,0.00117,7.97
1.4933491274714472,0.7869396440684796,6.326221380382777e-06,885.313257575035,293000000.0,0.0013199999999999998,9.62
1.2760772824287416,0.8286485016345978,9.810403704643251e-06,505.0726532936095,482000000.0,0.00213,9.570000000000002
1.425280947983265,0.6529788672924043,8.525480896234513e-06,544.1056489944457,378000000.0,0.000726,7.18
1.4240969538688661,0.6748706638813019,8.671370208263398e-06,577.904388308525,386000000.0,0.000906,7.99
1.5283399499952794,0.8608364313840867,5.681137695908548e-06,703.9500325918196,326000000.0,0.00189,8.82
1.4773344576358796,0.7815729953348637,4.08742517232895e-06,1234.2106476426122,203000000.0,0.000823,8.92
1.7530994653701784,0.9037176489830018,6.507644899189473e-06,933.9625686407088,499000000.0,0.0025799999999999994,4.89
1.7153901994228364,0.6944242268800737,8.101536676287651e-06,2695.826098322868,116999999.99999997,0.000804,16.72
1.7328134179115298,0.845042297244072,6.06819947436452e-06,1070.8974599838255,237000000.0,0.002,11.89
1.4711501576006414,0.6931769460439683,7.107369855046273e-06,1127.7545541524885,218000000.00000003,0.0007680000000000001,11.22
1.5132522191852333,0.6497946918010712,6.211871795356275e-06,978.2956093549727,222000000.0,0.0005289999999999998,8.91
1.4567241087555887,0.6720807641744614,8.315440207719803e-06,734.335958957672,312000000.0,0.0008359999999999999,9.33
1.483647118136287,0.6523295760154725,3.4374476373195654e-06,1747.1248582005499,113999999.99999999,0.0002929999999999999,9.700000000000001
1.4368345230817796,0.6441379576921463,7.670769035816193e-06,2298.454709351063,111000000.0,0.00041999999999999996,14.6
1.5531101971864703,0.8095989167690277,7.956873714923859e-06,705.4724097251891,354000000.0,0.00207,10.59
1.4902085412293673,0.6936488360166551,3.1970735192298894e-06,613.108456134796,295000000.0,0.00044199999999999996,2.84
1.3848163336515429,0.69278464615345,3.2608475089073186e-06,883.5558891296386,210000000.0,0.00038400000000000006,5.59
1.4849575549364091,0.7567457623779774,4.126259088516236e-06,1225.7813587784765,201000000.0,0.000741,8.81
1.4939005779102446,0.7400406695902348,6.361618995666505e-06,937.3331367969512,286000000.0,0.000986,9.01
1.6077819854021074,0.7220441736280919,7.315374344587327e-06,1705.7140003889797,163000000.0,0.0009949999999999998,14.57
1.587560185790062,0.6761875569820405,4.806548357009889e-06,2648.2650190591808,93900000.0,0.00046299999999999987,14.41
1.500193417724222,0.6422757983207703,3.195252716541291e-06,1963.8952910900114,101000000.0,0.0002449999999999999,9.66
1.6918429076671602,0.8942863047122956,9.808250784873963e-06,677.8066158294677,655000000.0,0.00356,5.97
1.5684244886040688,0.6762905091047288,8.268945902585984e-06,2591.969177126884,115999999.99999997,0.000642,16.2
1.4885525163263085,0.7821803234517575,8.272904604673386e-06,687.7211779356002,356000000.0,0.00176,10.52
1.4600001052021983,0.6417315959930421,7.747078463435174e-06,2117.4721717834473,118000000.00000001,0.00043700000000000005,14.28
1.2886109948158266,0.6158650428056718,9.025293111801148e-06,2891.5775120258327,88499999.99999997,0.00027200000000000005,15.3
1.510179849341512,0.7821449540555477,7.397259041666985e-06,840.8563137054442,307000000.0,0.00154,10.63
1.6387232154607774,0.6625753641128541,7.837904557585717e-06,2067.1540051698685,128000000.0,0.000679,15.3
1.3959711313247682,0.6341757327318193,7.752551510930062e-06,2372.8790059685707,105000000.00000003,0.0003659999999999999,14.58
1.4721473671495915,0.8924280881881714,9.986812323331834e-06,642.4702256917952,873000000.0,0.0027899999999999995,2.5200000000000005
1.2868044018745424,0.65923370718956,8.939495503902437e-06,1309.1985806822775,187999999.99999997,0.0005509999999999998,12.63
1.7782386839389803,0.6998860225081445,9.695735067129137e-06,2547.8356629610057,132999999.99999997,0.000999,17.12
1.3209043443202975,0.7166980929672718,9.662958949804307e-06,595.5960154533385,351000000.0,0.0011999999999999997,10.86
1.5566182985901833,0.6835770070552827,9.197221904993059e-06,2384.6196681261063,130999999.99999999,0.0007340000000000001,16.23
1.4653549388051035,0.6996465772390367,4.797059550881386e-06,885.1552307605742,304000000.0,0.00057,4.94
1.554363436996937,0.6565006345510483,7.367718249559404e-06,2486.88693344593,108000000.00000001,0.0005180000000000001,15.39
1.79251965880394,0.7493353508412839,7.933320626616479e-06,1841.0970289260147,167000000.0,0.0014,15.599999999999998
1.502204744098708,0.771565579622984,7.790427878499032e-06,838.0325436592101,307000000.0,0.00152,10.97
1.3473565578460696,0.6229366600513458,8.23275212943554e-06,2036.6776287555692,114999999.99999997,0.00033699999999999995,13.82
1.7405874431133272,0.6981980860233308,9.347433328628541e-06,2488.77565562725,131999999.99999999,0.0009400000000000001,16.85
1.6075209975242617,0.8629120588302613,4.660778999328614e-06,882.6937824487685,371000000.0,0.00157,5.170000000000001
1.5405502572655678,0.7160770051181317,8.028912454843523e-06,1403.300158679485,189999999.99999997,0.00102,13.94
1.6148064762353898,0.7756794579327108,8.16895665228367e-06,980.6675761938094,269000000.0,0.00173,12.62
1.4653405934572221,0.6826377600431442,8.56048858165741e-06,1363.1058782339094,184000000.0,0.000783,13.61
1.557808291912079,0.8493523836135864,4.947078838944436e-06,1792.6383782178161,403000000.0,0.00111,2.3799999999999994
1.620504292845726,0.7742613159120083,4.116897016763688e-06,1840.5056018382309,134999999.99999997,0.000863,12.61
1.5439682185649872,0.6405147045850754,6.808748643845321e-06,2759.184196591377,94600000.00000003,0.000411,15.18
1.4673233069479468,0.7093003571033478,5.0998558253049855e-06,915.1262342929839,273000000.0,0.000664,6.91
1.7083039462566376,0.7763524062931538,7.998513519763949e-06,1212.4657928943632,227000000.00000003,0.00172,13.8
1.2589493572711945,0.6030696272850037,8.698509097099306e-06,1164.381459355354,169999999.99999997,0.0002909999999999999,10.340000000000002
1.5155964251607659,0.6672731280326843,5.152627602219583e-06,1067.667782306671,202000000.0,0.000523,8.89
1.392585137486458,0.6985299780964852,8.975772619247437e-06,1103.6067754030225,223000000.0,0.0009070000000000001,12.96
1.49738053008914,0.6369657754898072,5.209916755557061e-06,2558.840170502662,90199999.99999999,0.000312,13.5
1.6792519748210908,0.6761137694120408,6.434911551885308e-06,2469.1413640975948,109000000.00000001,0.000648,15.56
1.6786834359169007,0.7978448152542115,5.309475213289262e-06,1406.7489951848981,185000000.0,0.00134,12.47
1.4973420353606344,0.7174093499779702,6.367664512246848e-06,1506.6414624452589,168000000.0,0.000809,13.09
1.4953248381614686,0.6977337867021561,7.0005872249603284e-06,785.9053015708922,374000000.0,0.000829,6.5
1.4740896798670293,0.7703956179320813,4.3153834939003e-06,1124.362528324127,232999999.99999997,0.0008139999999999999,7.95
1.464301409572363,0.629690283536911,3.4738968610763556e-06,1953.815847635269,101000000.0,0.00021799999999999996,9.700000000000001
1.5824328392744065,0.8565299659967424,3.0011505186557776e-06,1110.8922511339185,183000000.0,0.00106,8.53
1.2738771557807924,0.6059484869241715,5.743449181318284e-06,1383.0218762159345,140000000.0,0.00020400000000000005,8.88
1.536484093219042,0.7224191397428513,9.494691580533983e-06,1157.3511660099027,228000000.0,0.00127,14.02
1.4956617403775454,0.7164108976721765,5.425081789493562e-06,1765.185950323939,140000000.0,0.0006840000000000003,13.28
1.515503890067339,0.6960986137390137,8.339341789484025e-06,1456.1961516737936,179000000.00000003,0.000888,14.14
1.4747510701417925,0.8565812051296234,8.56692209839821e-06,646.4657485485076,455000000.0,0.00241,8.67
1.5513413429260254,0.759035461395979,4.8853292614221585e-06,1512.410558760166,162000000.00000003,0.0008899999999999998,12.21
1.7628455579280855,0.7602733902633191,8.982301265001298e-06,1377.617001533508,211000000.0,0.00172,14.98
1.4609352618455889,0.6751009315252304,5.345307663083078e-06,754.4123679399489,306000000.0,0.0005279999999999999,5.42
1.7682741880416872,0.8573269307613374,4.070252507925034e-06,1584.9303752183912,158000000.0,0.00145,12.02
1.3144631445407868,0.7108227029442787,5.385005563497544e-06,1878.212897107005,398000000.0,0.00045700000000000005,0.7799999999999999
1.503598138689995,0.6404160350561142,3.2288954257965095e-06,2313.6752024292946,87800000.0,0.00023500000000000002,10.72
1.5286402121186258,0.6486307114362717,5.316439345479013e-06,963.4416848421096,217000000.00000003,0.00046800000000000005,7.959999999999999
1.653866618871689,0.6820859670639039,7.377842083573342e-06,2603.653326630592,111999999.99999999,0.0006869999999999999,16.21
1.791041135787964,0.9041049957275391,5.802750542759896e-06,967.54851937294,258000000.0,0.00253,11.19
1.261403810977936,0.6027387410402298,8.712954103946688e-06,2005.8733895421026,110000000.0,0.00025000000000000006,13.16
1.5007905111182482,0.6356462359428406,5.227198839187623e-06,2816.3326829671855,84099999.99999999,0.00029999999999999987,13.93
1.4316495269536973,0.7158001922070981,9.749858886003496e-06,1144.3933025002477,225999999.99999997,0.00112,14.059999999999999
1.451159580051899,0.629576861858368,4.529431492090226e-06,2868.272095918655,77899999.99999999,0.00023700000000000004,13.129999999999999
1.4088003605604174,0.6198567241430283,4.6796598136425025e-06,1463.005684316158,132999999.99999997,0.000246,9.15
1.5117362435907127,0.7965245157480241,7.065800771117211e-06,806.6834062337874,317000000.0,0.00161,10.13
1.415327623486519,0.6892959326505662,8.765105664730073e-06,1196.4965164661405,206999999.99999997,0.0008239999999999998,13.04
1.4786806628108027,0.7655902571976185,5.282643616199494e-06,955.7176679372786,280000000.0,0.0009520000000000003,7.95
1.4042442977428438,0.6863597810268403,3.3143264949321754e-06,971.2587594985961,192000000.0,0.0003770000000000001,6.3
1.410915979743004,0.7298981040716171,8.925933569669724e-06,645.6560939550399,351000000.0,0.00133,10.45
1.586829087138176,0.8325852692127228,4.119725435972215e-06,1275.7509499788282,193000000.0,0.00121,10.27
1.6174779117107392,0.6950168028473854,9.880138486623765e-06,1887.4334562569854,159000000.00000003,0.000986,16.18
1.287470591068268,0.80363367497921,3.0622519254684455e-06,1445.1776742935178,149000000.0,0.0006119999999999999,9.64
1.3710508793592455,0.7259607553482056,9.451693266630173e-06,817.5530582666396,286000000.0,0.00123,12.29
1.4359471812844278,0.673916244506836,6.381707359105349e-06,693.427875638008,367000000.0,0.000633,5.42
1.3536733835935595,0.7390357621014119,3.112709730863572e-06,2546.570926904678,88900000.00000003,0.00039500000000000006,12.83
1.5836174815893174,0.7828914307057858,8.748726159334184e-06,2037.915952503681,551000000.0,0.00118,2.849999999999999
1.6229339629411699,0.7728515647351742,5.100633755326272e-06,1532.6457396149633,166000000.0,0.00106,12.6
1.656712317466736,0.8403288781642915,3.7046533524990088e-06,1570.6177353858945,163000000.0,0.00116,10.72
1.8012938261032105,0.9047569870948793,3.969766646623612e-06,599.6339321136473,321000000.0,0.00214,6.62
1.6297681599855425,0.665136605501175,6.77454248815775e-06,2537.3919606208797,106000000.00000003,0.0005750000000000001,15.599999999999998
1.7411812126636506,0.6695880800485612,3.006768763065339e-06,2417.07044839859,89100000.0,0.000376,11.69
1.5166744105517866,0.7961498558521272,4.808547422289849e-06,1001.6318708658217,366000000.0,0.00101,4.61
1.3673126131296158,0.764892677217722,3.028014868497849e-06,928.2978177070617,210000000.0,0.0005790000000000002,6.53
1.4883730262517931,0.6986022725701333,5.525710657238961e-06,1971.8341827392576,127000000.00000001,0.0005899999999999999,13.66
1.4564448639750482,0.7169835045933725,3.0255529880523687e-06,1281.5808057785032,151999999.99999997,0.00044600000000000005,8.39
1.4898892421275378,0.6770284473896028,9.353136062622071e-06,1659.9765252321956,163000000.0,0.0007749999999999999,14.95
1.7098282635211945,0.750846154242754,8.06550082564354e-06,1511.0706463456152,192000000.0,0.00142,14.7
1.5000288343057038,0.6408986538648606,3.2278661131858833e-06,2226.6513407230377,90800000.00000003,0.00023700000000000004,10.48
1.6915363490581514,0.8810588121414186,3.009707540273667e-06,769.8606997728347,269000000.0,0.00139,5.6
1.502896740473807,0.7523906104266644,8.262194454669953e-06,921.2139546871184,280000000.0,0.00142,11.94
1.2608860909938813,0.6061883032321931,7.631373941898348e-06,2587.83209323883,88600000.00000001,0.0002119999999999999,13.739999999999998
1.3167275190353396,0.6901753932237625,9.716701835393907e-06,1830.6940812617538,156000000.0,0.0006689999999999999,15.27
1.6431613504886629,0.7910672754049302,8.028672337532045e-06,939.2859339714049,279000000.0,0.00191,12.42
1.6471093386411668,0.8428631275892259,6.137846063822509e-06,922.5869476795195,271000000.0,0.00194,10.85
1.555646449327469,0.8035765081644058,6.961279645562173e-06,1901.7853606492279,452000000.0,0.00111,3.6600000000000006
1.5233824923634531,0.6481502026319504,8.508284240961076e-06,1629.7540366649625,150999999.99999997,0.0005840000000000001,13.8
1.1195941329002381,0.7349047020077706,9.117531329393388e-06,2717.4031287431712,443000000.0,0.00044800000000000005,2.3000000000000003
1.6551787197589876,0.8872936606407167,4.146920859813691e-06,2140.302650630474,384000000.0,0.00116,1.17
1.4019581973552706,0.6777304977178574,8.48744222521782e-06,2254.6478658914566,129000000.0,0.00058,15.41
1.5730128809809687,0.8634532481431961,4.241328269243241e-06,992.7260428667067,255000000.0,0.00142,8.16
1.4907284125685694,0.6993113279342652,6.535008246079088e-06,1733.1068981438873,147000000.0,0.000695,13.79
1.652427238225937,0.8399312853813172,7.112986326217653e-06,808.7051957845687,311000000.0,0.00225,10.97
1.4641816779971124,0.6258235573768617,4.457672089338304e-06,991.5378987789153,187999999.99999997,0.0002980000000000001,6.789999999999999
1.4736463643610478,0.7442751646041871,8.006551399827005e-06,694.1849291324614,397000000.0,0.00133,8.43
1.574194371700287,0.7616563685238362,4.10077327489853e-06,1804.7953043133018,134999999.99999997,0.000773,12.36
1.487577471882105,0.8291653364896775,5.20063427090645e-06,847.9319065809249,287000000.0,0.0014,8.61
1.5279521740972997,0.664485651254654,7.865600243210794e-06,2606.2432229518886,109000000.00000001,0.0005459999999999999,15.83
1.5321084044873716,0.8538177073001862,4.392737776041031e-06,945.580556988716,279000000.0,0.00135,7.43
1.5591384395956995,0.6416393727064134,9.23800951242447e-06,2868.131354451179,101000000.0,0.0004939999999999999,16.58
1.5691811218857767,0.7565518207848073,6.160202998667957e-06,1333.9468762278555,195000000.0,0.0011,12.47
1.5038265366107226,0.7682787068188192,5.248292237520219e-06,1203.3792883157728,203000000.0,0.000984,11.0
1.3722100853919985,0.6228231132030487,6.224270276725293e-06,2611.7541193962093,88900000.00000003,0.00026100000000000006,13.76
1.6225388109683991,0.765284588187933,3.992309302091599e-06,2010.5969831347463,124000000.00000003,0.000785,12.88
1.5279034942388536,0.6677766680717468,7.87109436094761e-06,2542.196616530418,111999999.99999999,0.000565,15.78
1.5755695044994356,0.8136173933744432,5.817739307880402e-06,1003.5860836505889,251999999.99999997,0.00152,10.67
1.5207646183669568,0.799565300345421,4.079325646162034e-06,1364.5948022603986,177000000.0,0.0009419999999999999,10.51
1.501331687020138,0.7047260552644731,4.450915008783341e-06,1999.3510022759435,119000000.0,0.00053,12.78
1.5781602144241333,0.6407622277736664,5.218960791826249e-06,2922.53266274929,83500000.0,0.00033600000000000004,14.3
1.3439550876617432,0.6224307417869568,8.331190317869188e-06,1932.6436445116994,120000000.0,0.000343,13.61
1.3449790477752688,0.6237527757883072,9.19740214943886e-06,777.60311961174,278000000.0,0.00048399999999999995,8.56
1.6487436890602114,0.6879291594028474,9.313897848129273e-06,2386.172294616699,132999999.99999997,0.000833,16.47
1.7360342502593995,0.6644883245229721,9.668235480785371e-06,2819.48472559452,114999999.99999997,0.0007439999999999999,17.12
1.4264171451330185,0.6819862335920335,3.2557958662509922e-06,2219.8365554213524,95200000.00000001,0.00031400000000000004,11.32
1.5230562418699265,0.8260796517133714,3.3586453497409827e-06,789.1814708709716,306000000.0,0.0009530000000000001,4.23
1.6878347039222719,0.8266799747943879,4.057908475399018e-06,1567.521125078201,160000000.00000003,0.00122,11.7
1.4802169986069205,0.7195302911102772,7.825411468744279e-06,766.1564201116561,336000000.0,0.00111,9.3
1.507096158899367,0.5957992315292359,2.9663597941398627e-06,1350.6340906023977,130000000.0,0.00015699999999999989,5.21
1.4920606870204212,0.6813080191612244,4.784310385584832e-06,1862.6758847385643,125000000.00000001,0.00047299999999999995,12.33
1.4964565068483353,0.6370659649372101,5.1862982660532005e-06,2644.754528999328,87899999.99999999,0.00030799999999999995,13.65
1.6813508391380312,0.7779654152691365,7.856270611286164e-06,1155.0185754895208,235000000.00000003,0.0017,13.4
1.3691090673208237,0.8090023308992387,3.060906976461411e-06,1450.423218309879,149000000.0,0.0006830000000000001,9.74
1.8632296800613406,0.8979503989219666,9.706037372350694e-06,467.8260087966918,457000000.0,0.00449,10.92
1.3037947654724122,0.8024306148290635,3.0562790334224707e-06,1159.3433022499082,180000000.00000003,0.000646,8.16
1.5532714426517489,0.7030771672725679,5.507460802793504e-06,2250.5069822072983,115999999.99999997,0.000624,14.46
1.676905417442322,0.6768767505884171,7.474364653229715e-06,2135.8742862939835,128000000.0,0.00076,15.52
1.5656044811010361,0.8123631745576859,8.108178183436395e-06,694.3705976009368,358000000.0,0.00216,10.71
1.345484483242035,0.8178437232971192,9.618382245302202e-06,1096.891939640045,538000000.0,0.00158,6.08
1.5054692471399904,0.774115063995123,4.904186084866524e-06,963.5930061340331,361000000.0,0.000921,4.72
1.4905653744935992,0.7842060662806035,7.300104260444642e-06,767.0507133007048,339000000.0,0.0014999999999999998,9.63
1.2828771650791169,0.6634643465280533,8.647097915410997e-06,2138.474278151989,125000000.00000001,0.0004520000000000001,15.04
1.2893222630023957,0.6001170337200166,2.957301259040833e-06,1552.3006692528722,113999999.99999999,0.00011200000000000001,5.26
1.5135257307440044,0.7937759757041932,4.949402406811715e-06,970.0587689876555,369000000.0,0.0010399999999999997,4.89
1.4123375594615937,0.6316991150379182,6.957148209214212e-06,2343.7274917960167,102000000.0,0.00033899999999999995,14.1
1.4887927539646626,0.7839452974498272,6.088409435003997e-06,880.0391405820845,300000000.0,0.00124,9.0
1.5787304788827898,0.6526064783334733,8.304905086755753e-06,1784.2374108731744,141000000.00000003,0.0006299999999999998,14.509999999999998
1.7293811917304993,0.7968990057706834,8.023610785603524e-06,1070.6364661455152,251000000.0,0.00201,13.33
1.7865894019603732,0.7518941871821881,6.0152699574828156e-06,2358.389340341091,128000000.0,0.0010699999999999998,15.5
1.5011254366021605,0.6373074263334275,4.410950809717179e-06,2506.0925930738445,87899999.99999999,0.00028300000000000005,12.66
1.4532631739974022,0.8408170223236084,7.69110129773617e-06,708.1762254238128,434000000.0,0.00196,7.959999999999999
1.5518519327044489,0.7763368137180806,8.13542701303959e-06,2090.617410838604,479000000.0,0.0010399999999999997,3.62
1.385297414660454,0.619803786277771,5.761744096875192e-06,1181.103430688381,166000000.0,0.00030799999999999995,9.16
1.4571071550250054,0.7165426455438137,5.449245914816857e-06,1452.7371823787687,163000000.0,0.0006909999999999999,12.15
1.7711386978626253,0.8545425474643707,3.0164097547531136e-06,2049.4994819164276,119000000.0,0.00109,12.02
1.7573000550270081,0.760546899586916,5.06316763162613e-06,2395.732507109642,119000000.0,0.0009639999999999999,14.91
1.552067430317402,0.7754069365561009,9.001600772142411e-06,1863.4936418384311,507000000.00000006,0.00117,4.25
1.263282608985901,0.6052928119897842,7.742613449692727e-06,1824.8097803443668,115999999.99999997,0.00023700000000000004,12.13
1.4265392169356348,0.6478046000003815,7.136519700288774e-06,691.2486553192138,323000000.0,0.000539,6.42
1.6142735302448274,0.7266031868755818,2.9903819561004644e-06,1317.102529108524,153999999.99999997,0.000558,8.65
1.3867108583450318,0.6942085772752763,9.087495595216752e-06,744.1753447055816,303000000.0,0.00102,10.99
1.6838680386543274,0.7782213069498539,4.085161268711091e-06,2067.8470209240913,124000000.00000003,0.0009000000000000002,13.31
1.5826615780591966,0.8344865620136261,4.1263994872570046e-06,1253.5143569111822,196000000.00000003,0.00122,10.16
1.5268947422504426,0.7427024558186531,1.0017089426517489e-05,933.8186234235762,274000000.0,0.0015900000000000003,13.59
1.5196806237101557,0.5950582265853882,2.9567488431930547e-06,1442.481309175491,123000000.00000003,0.000156,5.69
1.723256653547287,0.8747858941555023,4.1297538280487066e-06,1328.1749114394186,184000000.0,0.0015600000000000002,10.91
1.6650508224964142,0.6819808870553971,9.455764412879946e-06,1978.7622541189191,148000000.0,0.0009109999999999999,16.03
1.4742795914411546,0.82195682823658,6.3710527662187825e-06,711.605206131935,388000000.0,0.00157,7.53
1.4694531105458737,0.7342432525008917,4.453849196434022e-06,1036.672696471214,308000000.0,0.000661,4.62
1.5318509168922902,0.6453362345695496,7.872563749551775e-06,1350.9503304958341,173000000.0,0.0005809999999999999,12.33
1.4814013548195364,0.6820709109306337,9.480650871992112e-06,1728.1869398429988,161000000.00000003,0.000787,15.2
1.2693035423755648,0.6065283358097077,6.709229510277511e-06,1660.3604350239036,123000000.00000003,0.00022099999999999987,10.87
1.6638372838497164,0.787472053617239,9.049351572990419e-06,850.7467359304427,301000000.0,0.00214,12.77
1.4620086997747423,0.7141482532024385,5.452144637703896e-06,1541.665859520435,155000000.0,0.0006760000000000002,12.49
1.6200671017169954,0.8705617368221283,7.842463240027428e-06,590.479478240013,399000000.0,0.0028,9.84
1.605964404344559,0.7186283446848393,7.162878572940828e-06,1781.7409820854662,156000000.0,0.000947,14.669999999999998
1.3150872588157656,0.7770405314862728,9.809558391571046e-06,518.9915299415587,419000000.0,0.00171,10.46
1.7713905394077303,0.7936870247125626,5.722296640276909e-06,1655.8306403458116,165000000.0,0.00142,13.95
1.3680636405944826,0.6220656752586365,6.323112959042192e-06,2136.5694999694824,103999999.99999999,0.000279,12.84
1.595137605071068,0.6574931949377061,3.0914177298545842e-06,1786.1421704292295,112999999.99999999,0.0003240000000000001,9.46
1.2494304656982422,0.6069708824157716,8.55180034041405e-06,2871.4825510978694,84300000.00000001,0.00021999999999999998,14.64
1.6729703307151795,0.8375981301069261,6.119037874042989e-06,994.0288513898848,255000000.0,0.0019,11.3
1.4975369693711402,0.596398276090622,2.964306175708771e-06,961.6436362266539,176000000.0,0.00016400000000000008,2.8300000000000005
1.2581717491149904,0.6670322477817536,9.051437318325043e-06,1346.6230332851408,186000000.0,0.0005710000000000001,13.05
1.5230219118297101,0.869144430756569,2.851024210453034e-06,2589.5051956176753,170999999.99999997,0.00077,6.82
1.6445623219013215,0.8710377752780915,5.7600863277912145e-06,1692.0739477500317,522999999.99999994,0.00146,1.1000000000000003
1.578635859489441,0.7043188422918321,9.826988071203233e-06,1413.2860228419302,193000000.0,0.00113,15.17
1.5028884898871184,0.695970493555069,4.657805383205414e-06,2151.669628918171,112999999.99999999,0.0005059999999999999,13.27
1.5016514982562514,0.6435956597328186,6.259329829365016e-06,974.4765162467955,220000000.0,0.000495,8.800000000000002
1.468170301616192,0.7416493177413941,4.383599132299424e-06,1274.8902961611745,179000000.00000003,0.0007030000000000001,10.25
1.7183306872844697,0.6950373262166978,9.211595356464388e-06,2473.5020399093623,130999999.99999999,0.0009019999999999999,16.73
1.7511349439620973,0.8947120428085328,8.401059448719025e-06,577.9518485069274,427000000.0,0.00353,9.74
1.4090751349925996,0.7750050343573094,3.0193324685096746e-06,1406.00561350584,146000000.0,0.000595,9.52
1.3796200990676881,0.6598677635192872,9.061950951814652e-06,745.3176677227019,293000000.0,0.0007550000000000001,10.13
1.5098892353475095,0.6341790050268173,3.5443983078002935e-06,1460.809215903282,130999999.99999999,0.000266,8.3
1.5618992641568186,0.7655852414667607,4.085289359092713e-06,1720.1047921553252,141000000.00000003,0.0007879999999999999,12.04
1.5379544019699098,0.8298057228326798,3.2299330830574043e-06,839.5311534404754,265000000.0,0.000956,5.32
1.6796807169914247,0.6571873873472215,9.72874003648758e-06,2786.0960662364955,112999999.99999999,0.0006710000000000002,16.98
1.2624243915081026,0.6001625955104828,9.599505186080933e-06,1642.3959117382763,131999999.99999999,0.0002869999999999999,12.67
1.5627708792686463,0.7636502914130688,5.1917060166597374e-06,1423.9501878619192,175000000.0,0.0009809999999999999,12.12
1.6665374100208283,0.8558916360139848,3.5915864706039437e-06,1521.1375728249548,168000000.0,0.00122,10.29
1.6496181070804596,0.7283457756042481,9.727851748466493e-06,1314.1515403985975,212000000.0,0.0014099999999999998,14.93
1.4652860797941687,0.6849091708660127,4.725811362266541e-06,796.7236936092376,317000000.0,0.000501,4.09
1.303183150291443,0.6131231278181076,9.263357013463976e-06,1273.3144238591192,166000000.0,0.00036099999999999994,11.69
1.4066293090581896,0.8235356211662294,3.5113357603549965e-06,927.1816462278365,310000000.0,0.0008619999999999999,4.2
1.4724373519420626,0.7609938628971578,7.913619115948679e-06,740.3163164854049,344000000.0,0.00142,9.95
1.5998042106628418,0.8537824004888536,7.110862821340562e-06,688.7521147727965,350000000.0,0.00235,10.06
1.423780319094658,0.644145029783249,7.732286736369133e-06,2358.501173555851,109000000.00000001,0.000413,14.72
1.5520129814743997,0.6568488031625749,4.6101280152797705e-06,1071.3919550180433,194000000.0,0.000453,8.04
1.4748622588813307,0.7866950668394567,5.205304041504861e-06,934.8974674940108,283000000.0,0.00106,8.06
1.4702599011361601,0.7801782108843327,2.994742035865784e-06,2226.0100319981575,103999999.99999999,0.000585,12.2
1.4746295750141145,0.7243483968079091,4.508875697851182e-06,1464.2801806330679,156000000.0,0.0006400000000000002,11.32
1.463897828757763,0.6257278740406037,4.470233917236329e-06,797.40571975708,229000000.0,0.00030799999999999995,5.29
1.5086137929931285,0.6510084718465806,7.339909702539445e-06,2580.883756279945,102999999.99999999,0.0004579999999999999,15.27
1.3721477240324023,0.6613564521074295,8.17772437632084e-06,2284.8417535424232,119000000.0,0.00047000000000000004,14.97
1.4465593412518503,0.7158571109175683,8.231176033616067e-06,1019.1344767808913,247000000.0,0.00103,12.01
1.4930988606065514,0.6661637842655183,7.128475666046144e-06,940.3142631053923,251000000.0,0.00067,9.38
1.7298825502395632,0.8949161410331727,3.0487863719463354e-06,2450.6836682558055,217000000.00000003,0.0010500000000000002,4.8500000000000005
1.5608145385980607,0.8501617580652238,4.685200244188309e-06,887.3667865991591,371000000.0,0.0014099999999999998,5.03
1.6495487093925478,0.7833062388002873,2.947836756706238e-06,2601.6322076320644,93099999.99999999,0.0006710000000000002,13.23
1.7570756793022158,0.8437854856252671,3.832693457603455e-06,1758.2831922918556,144000000.00000003,0.00128,12.2
1.3741614818573,0.7577008791267873,2.954447805881501e-06,2565.6351000070567,89100000.0,0.0004430000000000001,12.98
1.4143554121255877,0.6192177951335908,4.637331366539002e-06,1176.634833216667,160000000.00000003,0.000257,7.76
1.5218706719577313,0.7674746476113797,9.176076769828797e-06,738.4111285209655,330000000.0,0.00183,11.9
1.4840101797133685,0.8053142040967942,4.066752761602402e-06,1225.30061006546,276000000.0,0.0008889999999999999,5.71
1.5457895368337633,0.7470039501786233,5.818624153733255e-06,1417.7367016673086,179000000.00000003,0.0009580000000000001,12.52
1.500205270573497,0.7144285462796689,3.885192573070527e-06,1319.3434402346609,169999999.99999997,0.0005620000000000001,9.11
1.5437871828675271,0.7093175232410431,7.282120496034623e-06,1646.566169336438,162000000.00000003,0.00087,14.23
1.4897048626095057,0.6987658202648164,4.647380828857423e-06,1955.7819813489912,122000000.00000004,0.000523,12.78
1.2876340806484223,0.607230618596077,4.754802033305169e-06,1569.531701505184,122000000.00000004,0.00017199999999999995,8.59
1.323821371793747,0.6592139482498169,8.465124249458315e-06,1908.363655209541,137000000.0,0.0004720000000000001,14.13
1.493936648592353,0.7465846382081509,6.635711159557105e-06,927.505075931549,290000000.0,0.0010699999999999998,9.42
1.4052011132240296,0.6773942291736603,8.776262670755388e-06,1973.603583872318,143000000.00000003,0.000622,14.989999999999998
1.4696813598275187,0.7368006192147732,5.4101609289646156e-06,1285.4337245225904,186000000.0,0.0008020000000000001,11.43
1.52287013232708,0.8189897328615189,6.14620503038168e-06,834.7207605838774,296000000.0,0.00161,9.78
1.3371831715106965,0.6491325527429581,8.534856319427491e-06,1789.9306975305078,141000000.00000003,0.00045399999999999987,13.7
1.5160859640687705,0.63731809258461,6.3673305436968815e-06,1583.6228542029855,140000000.0,0.0004300000000000001,12.08
1.5145400371402504,0.7841215454041959,5.545717477798463e-06,925.5540668964385,377000000.0,0.00113,5.79
1.6155738294124604,0.6490755289793015,6.178783431649209e-06,2517.198428511619,100000000.0,0.00047000000000000004,14.85
1.3545634210109712,0.6652780026197435,9.053840160369873e-06,966.7549580335616,241000000.0,0.0007089999999999999,11.53
1.423725637793541,0.6310208827257157,6.744781084358693e-06,1871.9008211046455,121000000.0,0.00036099999999999994,12.89
1.39999136030674,0.6548244774341584,8.324123233556748e-06,1990.2658015489576,130999999.99999999,0.0004850000000000001,14.3
1.3886930376291275,0.6363549917936325,8.13907925784588e-06,581.137865781784,368000000.0,0.0005479999999999999,5.95
1.527976852655411,0.8297172367572785,3.927753210067749e-06,1236.1402735114095,249000000.0,0.00102,6.86
1.5282916367053987,0.8679912507534028,3.888792246580124e-06,2267.0805752277374,311000000.0,0.0009549999999999999,2.81
1.5628508672118189,0.6397664576768876,4.485917061567308e-06,1556.0340993106363,130999999.99999999,0.00035800000000000003,10.31
1.436955763399601,0.6830478742718697,8.985948085784913e-06,2226.129651069641,134999999.99999997,0.000655,15.72
1.520802513509989,0.6555018603801728,6.171700440347196e-06,1442.0472010970113,156000000.0,0.0005129999999999999,11.78
1.4862902607768775,0.7303077891469002,4.953543648123742e-06,1571.8674212694166,150999999.99999997,0.0007089999999999999,12.35
1.5614495962858201,0.756378398090601,5.0936209112405785e-06,1522.3302990198133,163000000.0,0.000912,12.43
1.7373201906681062,0.8916257321834565,3.462487012147904e-06,1051.895052194595,225999999.99999997,0.00154,7.799999999999999
1.7481854796409608,0.7618401624262333,5.079282194375992e-06,2293.5727164149284,123000000.00000003,0.000982,14.74
1.5166433818638325,0.8338857293128968,9.108227252960207e-06,1158.4466993808744,680000000.0,0.00177,2.81
1.4593599513173106,0.7071759313344956,6.530703201889993e-06,1316.4856210350988,186999999.99999997,0.00076,12.15
1.4911872105672956,0.7840795420110226,5.274181410670281e-06,1060.8841776847837,232000000.0,0.0010800000000000002,10.06
1.4915438309311868,0.6709631949663163,6.91623978689313e-06,1018.2649195194243,231000000.0,0.0006689999999999999,9.97
1.5561731681227686,0.6409418374300003,4.440261185169221e-06,2230.7962104678154,97799999.99999999,0.00032500000000000004,12.24
1.5713562056422234,0.6787160396575929,8.420845031738283e-06,2555.1525056362148,119000000.0,0.000666,16.22
1.3213896811008454,0.8056165784597398,9.566500008106233e-06,1140.6598165631292,814000000.0,0.0013800000000000002,0.3500000000000004
1.4782497547566893,0.7690439768135549,5.321863785386086e-06,1073.3359605073927,230000000.0,0.000976,9.95
1.3826461851596834,0.6562315285205842,8.879364997148515e-06,1232.0809364318845,197000000.00000003,0.0006029999999999999,12.25
1.6950571954250337,0.8001697450876236,3.031814813613892e-06,2481.5624505281444,98700000.0,0.0007719999999999999,13.06
1.580893483757973,0.6516790330410004,6.591588247567416e-06,2644.881337881088,98899999.99999997,0.0004690000000000002,15.24
1.6444767147302628,0.6866299197077752,9.3347886800766e-06,2326.1712417006493,134999999.99999997,0.0008369999999999999,16.39
1.6061098337173463,0.6713223248720169,6.840360891073943e-06,2085.1912274956703,123000000.00000003,0.000627,14.77
1.5057995522394778,0.6363533824682236,5.580197155475617e-06,2244.0489307045937,102000000.0,0.000343,13.15
1.4369138181209566,0.7216847129166127,3.0556723773479466e-06,1682.2911910712717,122000000.00000004,0.0004210000000000001,10.050000000000002
1.4593230843544007,0.629224866628647,3.502843409776688e-06,2039.776176214218,97500000.00000001,0.00021500000000000005,9.98
1.3119002044200898,0.6142546981573105,7.464983597397805e-06,2207.8041657805443,102000000.0,0.0002599999999999999,13.35
1.6924472808837892,0.6601911485195161,3.035729289054871e-06,2169.986993074417,97100000.00000001,0.00034799999999999995,10.82
1.3285194575786592,0.6508911609649659,8.342431604862214e-06,2227.1560057997704,116999999.99999997,0.000413,14.77
1.5331170648336412,0.6272318959236146,6.802430074661971e-06,2893.2182788848872,88299999.99999999,0.0003490000000000001,15.05
1.56736778318882,0.7306136190891267,8.844946026802064e-06,1205.7898119091985,223000000.0,0.0012899999999999997,13.84
1.4789095759391786,0.8482204645872117,7.948583304882051e-06,951.1993378400801,457000000.0,0.00184,6.85
1.5347372375428678,0.8439975678920747,4.121763825416565e-06,1102.1203845739362,229000000.0,0.00121,8.67
1.489607558771968,0.7421783186495304,7.411133900284768e-06,1046.576529741287,249000000.0,0.00114,11.64
1.5315801277756693,0.6909134477376938,3.883888930082322e-06,2298.335798084736,99699999.99999999,0.000422,12.61
1.5089117204770448,0.728435030579567,4.27286583185196e-06,1755.1186699420211,133999999.99999997,0.000626,12.14
1.5035192705690863,0.6367688566446305,4.4236446917057045e-06,2418.3973222970963,90500000.00000001,0.00028599999999999996,12.47
1.4645092964172364,0.6879061996936798,7.090890422463418e-06,1421.4337915182111,173000000.0,0.000692,12.8
1.4320166364312172,0.6446281224489213,8.787956446409227e-06,987.2085154056548,232000000.0,0.000609,10.68
1.2927305459976197,0.6805779844522477,8.852676928043367e-06,1715.3318058699367,159000000.00000003,0.000587,14.2
1.3152512133121492,0.6134796649217606,7.3245930969715126e-06,1283.007889986038,158000000.0,0.00030599999999999996,10.500000000000002
1.462596456706524,0.7077762410044671,6.589270625263454e-06,1232.9772040247915,200000000.0,0.000779,11.69
1.4708637714385988,0.6897115007042885,5.167580798268319e-06,886.8761658668517,270000000.0,0.000587,6.7
1.704504704475403,0.7186392165720463,4.936703518033028e-06,2783.0133140087123,98899999.99999997,0.0006909999999999999,15.4
1.3070282578468324,0.6125192731618881,8.422296583652497e-06,1183.4378466010091,173000000.0,0.000341,10.71
1.5109023347496988,0.81582550406456,4.037565678358078e-06,1234.9508628249166,245000000.00000003,0.0009660000000000002,7.109999999999999
1.5218965329229832,0.6501837909221649,9.81097197532654e-06,2794.8983311653133,107000000.00000001,0.00053,16.78
1.4043161630630494,0.8293271183967591,4.034608960151673e-06,2178.0873388051987,330000000.0,0.0007749999999999999,2.29
1.521823335438967,0.6478205770254136,7.404354184865953e-06,2382.205605506897,109000000.00000001,0.0004690000000000002,14.95
1.5158762175589802,0.7976907402276994,6.341188410297037e-06,901.8826782703399,282000000.0,0.00145,10.17
1.4459907799959184,0.707340180873871,8.365091085433962e-06,815.144583582878,300000000.0,0.00106,10.57
1.481767162308097,0.699939313530922,8.627299815416338e-06,1312.9593729972837,196000000.00000003,0.0009329999999999999,13.79
1.7284188508987428,0.8960953295230867,6.042782530188561e-06,754.4076740741729,311000000.0,0.0026099999999999995,9.99
1.7298782408237459,0.7819665737450123,3.949907422065736e-06,2304.523728787899,113999999.99999999,0.0009019999999999999,13.75
1.5330602668225766,0.6564777284860611,4.322502732276917e-06,880.6433081626891,232000000.0,0.00041799999999999997,5.86
1.4782108694314957,0.7051696434617043,7.99502681195736e-06,1073.0271339416502,404000000.0,0.0008470000000000002,6.06
1.776665246486664,0.9076563119888307,5.149865418672562e-06,978.0693352222441,247000000.0,0.00232,10.45
1.3589683771133425,0.6222177922725678,8.539677858352663e-06,708.9090645313262,312000000.0,0.00045900000000000004,6.89
1.4802095890045168,0.8188173472881318,4.419739812612535e-06,1032.9060554504392,275000000.0,0.00106,7.06
1.2689567327499391,0.6071280509233475,6.652625374495984e-06,2505.628198385238,88299999.99999999,0.00019599999999999997,12.99
1.6125883609056475,0.6556932359933854,3.0869777500629432e-06,1607.6485551893709,124000000.00000003,0.000332,8.74
1.626262190937996,0.593943876028061,2.993362665176392e-06,2033.880829811096,93000000.0,0.00017100000000000006,8.26
1.6347652316093446,0.6641320198774339,5.872651904821396e-06,2532.9643040895457,101000000.0,0.0005250000000000001,15.01
1.502675634250045,0.8332036793231965,3.0682346224784857e-06,1001.8650740385054,196000000.00000003,0.0009000000000000002,7.79
1.6659687995910646,0.7056006118655206,7.035970002412797e-06,2068.095088005066,137000000.0,0.0008780000000000001,15.29
1.64407694041729,0.8848198056221009,8.399464368820191e-06,984.9961400032042,655000000.0,0.00242,3.3199999999999994
1.4357532396912576,0.6472415506839753,8.596790522336961e-06,1583.366312086582,156000000.0,0.0005259999999999999,13.27
1.5754166364669802,0.698643895983696,4.572036147117615e-06,2584.686681628227,97700000.0,0.000523,14.39
1.6436078488826753,0.686361461877823,9.344443023204806e-06,1689.278922975063,164000000.0,0.00098,15.5
1.3424754917621613,0.6179131597280503,8.422862768173219e-06,2739.1516715288158,91900000.00000001,0.0002980000000000001,15.09
1.2495470345020294,0.8451016008853913,3.1279472708702094e-06,2384.220689535141,201000000.0,0.0005719999999999999,5.28
1.2527384877204897,0.606272703409195,8.573451787233354e-06,2681.228026747703,88700000.0,0.00022600000000000005,14.37
1.5997368961572649,0.7765257842838765,9.805751144886018e-06,737.787440419197,330000000.0,0.00212,12.61
1.4425509274005892,0.6269071877002717,5.297399774193764e-06,1001.1291801929473,193000000.0,0.00034600000000000017,7.959999999999999
1.7343488395214082,0.8920480370521546,2.975394129753113e-06,712.2400701045989,269000000.0,0.00151,5.65
1.370333790779114,0.6216552257537842,6.896424684673549e-06,1119.6724623441694,183000000.0,0.00036200000000000007,9.730000000000002
1.7204929053783418,0.6919355794787407,9.222342431545258e-06,1886.9140204042194,153999999.99999997,0.00103,16.0
1.6851051807403565,0.5965898394584657,3.0243544876575474e-06,2196.060411632061,87499999.99999997,0.00019399999999999995,9.14
1.427106235921383,0.5991145849227906,2.9473427534103397e-06,1940.852992236614,94700000.00000001,0.00012799999999999994,7.18
1.2783044993877413,0.7105469584465027,9.82716351747513e-06,1319.519683718681,198000000.00000003,0.000829,14.44
1.2698246061801912,0.6655969977378846,8.76703202724457e-06,1631.5397825092075,159000000.00000003,0.000512,13.67
1.4801329895853998,0.6935717761516572,4.80078136920929e-06,925.5221039056777,271000000.0,0.000565,6.06
1.293701595067978,0.6351862728595734,9.306231409311296e-06,603.7665456533431,323000000.0,0.0005660000000000001,8.51
1.4842868797481061,0.8225955069065095,3.4079985320568092e-06,808.7652474641799,311000000.0,0.000912,4.109999999999999
1.5666901901364327,0.8131182789802552,8.505757480859757e-06,1524.0476578474043,744000000.0,0.0014,0.010000000000000368
1.5614038914442063,0.6406436383724213,7.0024477690458304e-06,1782.6202716678379,130999999.99999999,0.00048399999999999995,13.32
1.5363004021346571,0.6466088891029359,6.008556112647057e-06,1318.7529817223547,164000000.0,0.0004850000000000001,11.02
1.4669148512184622,0.6277518600225449,3.5350479185581214e-06,1844.9327554553745,106000000.00000003,0.00021999999999999998,9.4
1.3432182848453522,0.6894252598285676,9.193420916795732e-06,1174.522966146469,211000000.0,0.000789,13.14
1.618979635834694,0.8675749808549882,4.451499342918396e-06,890.8078372478484,339000000.0,0.00158,5.82
1.3208869636058809,0.6154576063156129,6.405091122724117e-06,2608.426839113235,87300000.0,0.00022600000000000005,13.47
1.5474273651838304,0.8108826130628587,3.91384768486023e-06,1422.3466366529462,175000000.0,0.0009750000000000001,10.31
1.607962426543236,0.6454372555017472,7.727401360869408e-06,2039.1760319471357,123000000.00000003,0.0005560000000000001,14.71
1.6129071772098542,0.822570025920868,8.963182836771013e-06,634.5471292734145,383000000.0,0.00259,11.12
1.2567098915576935,0.7392380453646183,9.978316217660906e-06,606.4456999301909,361000000.0,0.00128,11.22
1.6844241678714753,0.7083337023854256,2.973269164562226e-06,1957.5031399726865,111999999.99999999,0.00048199999999999995,10.74
1.6163828372955324,0.668767136335373,8.773151159286501e-06,1845.6622976809738,146000000.0,0.000785,15.33
1.4852851163595917,0.7198225893080236,4.539646178483963e-06,1653.4045264124868,141000000.00000003,0.0006159999999999999,12.05
1.453318776190281,0.7129657566547395,8.222937986254693e-06,1109.4661355018613,228000000.0,0.0009949999999999998,12.56
1.3749488800764085,0.637850108742714,8.915247619152071e-06,1097.5945293903349,210000000.0,0.000517,10.96
1.5631619229912759,0.6401903182268144,6.129278168082238e-06,2067.886359989643,112999999.99999999,0.00041999999999999996,13.419999999999998
1.535895048826933,0.7659123770892621,6.897837486118079e-06,1072.3582208156583,245000000.00000003,0.0012899999999999997,11.64
1.3568353325128557,0.6119156420230866,4.613329023122788e-06,987.4148964881896,184000000.0,0.0002190000000000001,5.99
1.4394280895590783,0.713917037844658,8.710531026124955e-06,1056.3436448574064,237000000.0,0.00106,12.78
1.3020831763744356,0.6135497063398362,9.125214457511902e-06,2120.9087148308754,111000000.0,0.00030599999999999996,14.12
1.4688994936645032,0.7109167635440827,6.152662537992001e-06,1496.071398258209,165000000.0,0.0007349999999999999,12.8
1.5847766339778901,0.7839766390621663,4.157182484865189e-06,1603.412341326475,152999999.99999997,0.000917,11.8
1.4640065722167492,0.6453550636768342,3.7073449194431313e-06,2477.1179556846614,85800000.0,0.00025900000000000006,11.94
1.5826188504695893,0.6488262623548509,7.483712852001191e-06,2771.182537078857,99400000.00000001,0.0004939999999999999,15.8
1.572726970911026,0.6610932379961014,9.681308001279833e-06,2618.727937340736,116999999.99999997,0.000626,16.63
1.719181913137436,0.8457884162664414,4.103650093078614e-06,1503.2366216182706,166000000.0,0.00137,11.6
1.5512845605611802,0.7329070106148721,9.721027284860612e-06,1066.3578212261198,246000000.0,0.00143,13.89
1.5555723533034327,0.8151898115873337,4.139942020177842e-06,1312.4826848506925,186000000.0,0.0010800000000000002,10.44
1.6497059762477877,0.8709461331367493,3.055993854999543e-06,812.4010562896727,268000000.0,0.00128,5.56
1.539541728794575,0.7411300420761109,5.957969173789025e-06,1437.5992044806478,177000000.0,0.000934,12.68
1.6911903262138368,0.7229475550353528,4.902231872081757e-06,2719.949513673782,101000000.0,0.0007020000000000001,15.26
1.5895760446786882,0.7289697378873826,6.335380233824254e-06,1751.5128217637537,152999999.99999997,0.0009090000000000001,14.09
1.4506428971886636,0.7090027123689652,5.571311041712762e-06,1285.655193030834,181000000.00000003,0.0006800000000000002,11.32
1.4355572551488878,0.755347352474928,3.4452210962772376e-06,620.2574372291564,352000000.0,0.0006249999999999999,2.27
1.478954438120127,0.7427357934415341,7.81335261464119e-06,755.4301172494887,344000000.0,0.00127,9.52
1.4670873261988164,0.7303953900933267,9.367227882146837e-06,950.7891088724135,264000000.00000003,0.00133,12.99
1.7337139248847964,0.8914629936218262,2.922932147979737e-06,1550.1132160425184,143000000.00000003,0.00126,10.58
1.4920663654804232,0.64508775472641,3.5211559534072882e-06,464.13782238960255,350000000.0,0.00035800000000000003,1.0800000000000005
1.4639398232102396,0.6282347202301026,4.479739099740983e-06,1951.5981078147886,106000000.00000003,0.000266,11.07
1.2986529350280762,0.6743758499622345,8.594071209430696e-06,2091.181196272373,132999999.99999997,0.0005129999999999999,14.989999999999998
1.521465139836073,0.831791326403618,3.431802690029145e-06,718.2280272245406,359000000.0,0.0009750000000000001,2.92
1.2615092754364015,0.604689234495163,7.666103333234789e-06,1070.0816959142683,179000000.00000003,0.00027000000000000006,9.16
1.633162906765938,0.704704861342907,3.1622909307479865e-06,862.2567653656005,252999999.99999997,0.0005250000000000001,4.28
1.556539410352707,0.6413153350353241,5.313753724098207e-06,2145.8869725465775,106000000.00000003,0.00037300000000000007,12.92
1.5626879230141641,0.6565286993980408,4.402554631233216e-06,1305.8273419737814,158000000.0,0.00042800000000000005,9.37
1.5467720657587052,0.7114018142223358,5.073253601789475e-06,2244.1391572356224,114999999.99999997,0.000622,14.189999999999998
1.6324428588151934,0.7947807401418686,5.180046558380128e-06,1343.9006283879278,191000000.0,0.00126,11.91
1.2366869509220124,0.8152063071727753,3.7490041255950936e-06,2430.887550115585,290000000.0,0.0005409999999999999,2.3100000000000005
1.5215860024094583,0.816504603624344,3.0109748840332037e-06,1009.2289298772811,186000000.0,0.0008319999999999998,7.98
1.74006085395813,0.9082227051258088,9.813246518373491e-06,673.3746379613875,805000000.0,0.00359,3.24
1.6276753395795824,0.7753017984330655,6.19677720963955e-06,1314.1686767339704,202000000.0,0.0013,12.61
1.506728038005531,0.6395954847335816,3.233366280794144e-06,2403.064325451851,84900000.0,0.0002320000000000001,10.950000000000001
1.4975780110806227,0.6986568421125413,7.638266727328301e-06,1497.6717084646223,171999999.99999997,0.0008170000000000001,13.79
1.5012448541354388,0.6646955072879792,5.871100425720216e-06,998.196631669998,221000000.0,0.000565,8.98
1.6048894912004472,0.6722646117210389,4.817062512040139e-06,2737.2395545244212,91500000.0,0.00045600000000000013,14.56
1.441894519329071,0.6298539698123933,5.611439839005471e-06,1771.1730320006607,121000000.0,0.00032199999999999986,11.71
1.654421317577362,0.7928817003965378,6.164387423545123e-06,1239.064998924732,214000000.00000003,0.0014700000000000002,12.38
1.5479804009199143,0.6638448983430864,8.814482420682909e-06,1946.3258162140844,140000000.0,0.000679,15.21
1.4454996451735498,0.8309639722108841,9.416559159755708e-06,1052.0086735486982,645000000.0,0.00181,4.12
1.3094397604465486,0.6144913405179978,8.257450938224794e-06,2500.501155853271,95399999.99999999,0.00027000000000000006,14.37
1.5409844800829888,0.7204977616667748,3.015172868967057e-06,1401.0514616966245,144000000.00000003,0.000493,9.0
1.6216802000999453,0.6756011545658113,4.331846863031388e-06,2884.747043251991,85900000.0,0.0004319999999999999,14.42
1.2252937674522402,0.6841578483581544,9.678856134414674e-06,1624.8305439949033,166000000.0,0.000602,14.56
1.3572433412075045,0.6214413911104203,7.107034921646119e-06,1838.0482140928505,120000000.0,0.00031400000000000004,12.66
1.6617119371891023,0.7863571621477604,7.989446118474008e-06,1017.3008143901824,260999999.99999997,0.00184,12.84
1.3176193714141846,0.6143325179815293,6.537976881489158e-06,2031.8857878446577,106000000.00000003,0.000244,12.31
1.5381609722971918,0.6603790193796159,4.748340457677842e-06,1001.270443201065,213000000.0,0.0004720000000000001,7.55
1.4858466770499945,0.8118831753730774,4.130068629980088e-06,1200.8590549230573,204000000.0,0.000984,9.4
1.6903222382068634,0.8233808666467667,3.96651640534401e-06,1642.379445955157,152999999.99999997,0.00117,11.84
1.5635718896985056,0.6465977758169175,5.318398669362069e-06,2183.4943369030952,106000000.00000003,0.00039399999999999993,13.14
1.5535490199923516,0.8484252870082856,4.711973637342454e-06,879.1213035583495,372000000.0,0.0014,5.06
1.7872028231620791,0.857515561580658,7.073792755603791e-06,951.1984437704085,267000000.0,0.0025,12.23
1.5616189464926722,0.7712629459798337,8.220731243491175e-06,2282.938502728939,567000000.0,0.0009739999999999999,1.2399999999999995
1.5628814980387689,0.8398574084043503,4.151597410440446e-06,1173.2809543609617,207999999.99999997,0.00124,9.700000000000001
1.612009593844414,0.6559141695499421,3.0885348618030553e-06,1507.20327347517,130999999.99999999,0.00033600000000000004,8.33
1.414592903852463,0.717034935951233,9.025934606790543e-06,965.0644212961196,254000000.00000003,0.00112,12.62
1.5062599807977677,0.8202372461557389,8.89360973238945e-06,555.1304221153258,419000000.0,0.00237,10.2
1.4523420587182045,0.795386901497841,8.212823644280434e-06,612.1313869953154,405000000.0,0.00178,9.32
1.7299130201339723,0.6001735657453537,3.0234605669975285e-06,2558.0210536718364,77800000.0,0.00021399999999999992,10.37
1.5509722754359248,0.7130339026451111,4.341570049524308e-06,2329.87567037344,106000000.00000003,0.0005560000000000001,13.7
1.476446843147278,0.6934012234210969,7.927283793687822e-06,702.2298425436019,382000000.0,0.000943,7.54
1.4117272138595582,0.6345979481935502,8.270055741071701e-06,927.3351281881331,247000000.0,0.000505,9.01
1.481503800675273,0.7990191668272019,5.533860355615617e-06,838.7970477342604,324000000.0,0.00123,7.639999999999999
1.5475371524691584,0.6457456827163697,3.161478370428086e-06,2498.4994828701015,83200000.00000003,0.00026100000000000006,11.38
1.4702717296779158,0.7778511799871922,2.9748638272285467e-06,2359.3552336096764,98899999.99999997,0.000567,12.55
1.5126878377050164,0.7955626666545869,3.0394802093505865e-06,2271.019734442234,105000000.00000003,0.000657,12.44
1.4823241621255876,0.7233010478317738,6.390235226601363e-06,1326.8626406788824,188999999.99999997,0.0008499999999999998,12.3
1.4925539614632728,0.83100163936615,5.329907298088075e-06,830.2138298749923,291000000.0,0.00146,8.76
1.4478137120604517,0.6461792975664139,8.711435586214068e-06,1085.8151614665983,214000000.00000003,0.0006100000000000001,11.31
1.6455782264471055,0.8814083218574524,7.68878920376301e-06,1055.0111085176466,515000000.0,0.00224,5.1
1.5611414819955827,0.6587828546762468,7.990458011627198e-06,2703.479260206222,106000000.00000003,0.0005459999999999999,16.04
1.4833668529987336,0.701929521560669,4.585507959127427e-06,1770.8512693643568,131999999.99999999,0.0005409999999999999,12.21
1.6022208094596864,0.8581099480390549,3.129692971706391e-06,846.4411944150924,268000000.0,0.00115,5.42
1.3746213555336,0.5985542178153992,3.031102597713471e-06,1169.1322103142736,148000000.0,0.00013699999999999991,3.7
1.5277731612324716,0.7079916313290596,4.591054856777192e-06,2233.184792101383,111000000.0,0.0005549999999999999,13.64
1.7769425868988038,0.9022229254245759,2.9965749382972723e-06,1077.8655409812925,186000000.0,0.00151,8.69
1.5694166332483293,0.6552456289529801,4.3125279545784e-06,2511.2711936235423,90800000.00000003,0.0003530000000000001,13.07
1.7736260890960696,0.6053442299365998,3.0627490580081944e-06,2450.272917747497,81600000.0,0.000246,10.41
1.4140062153339388,0.6186945229768753,4.532593488693238e-06,1179.3732568621633,159000000.00000003,0.0002489999999999999,7.59
1.4790679737925532,0.7571696318686009,7.885668396949769e-06,845.6049412488936,304000000.0,0.00137,10.87
1.6379437118768694,0.6628742694854737,5.862585231661798e-06,2622.6675063371654,98700000.0,0.000517,15.16
1.596790847182274,0.7164412938058377,5.150078520178796e-06,2382.147416472435,111999999.99999999,0.0006710000000000002,14.65
1.6103582918643953,0.7213830940425396,4.181829243898393e-06,2577.7509361505504,98500000.00000001,0.000592,14.29
1.5568894386291505,0.6451919049024583,4.3321387171745304e-06,2516.2794739007945,88900000.00000003,0.000321,12.87
1.693089258670807,0.8889421820640565,4.533371210098268e-06,942.1642422676085,263000000.00000003,0.00186,8.74
1.5074615618214013,0.7813260085880757,7.250077560544015e-06,857.4067354202269,302000000.0,0.00149,10.55
1.5644348815083504,0.7001843243837357,7.318544894456864e-06,1776.0410923510788,150999999.99999997,0.000822,14.59
1.518891763687134,0.7102343291044236,8.978658825159075e-06,1276.809975504875,205999999.99999997,0.0010800000000000002,14.04
1.3784118175506592,0.6220929801464081,5.348059415817262e-06,2699.7123956680293,83300000.00000001,0.0002320000000000001,13.24
1.5407321244478227,0.8379340499639512,9.175683528184892e-06,1157.3779508471487,555000000.0,0.00188,5.49
1.3764458119869234,0.6956669747829438,3.3072381317615515e-06,602.9913127422332,302000000.0,0.0004080000000000001,2.74
1.3138021230697634,0.613613909482956,7.355102598667146e-06,1474.5191037654874,141000000.00000003,0.00029499999999999996,11.28
1.661578667163849,0.7250750094652176,5.017748951911927e-06,2564.4854754209514,107000000.00000001,0.000719,15.02
1.6918715715408326,0.7366155579686166,7.544551506638528e-06,1747.3003845661876,167000000.0,0.00118,14.96
1.3572521746158601,0.6822815984487535,9.172559499740601e-06,851.5538573265075,269000000.0,0.0008669999999999999,11.52
1.5711977675557138,0.7062854200601578,8.115428432822228e-06,1577.2162303328512,171999999.99999997,0.0009639999999999999,14.56
1.7323943853378296,0.7116233378648759,6.025583684444428e-06,2528.85590493679,112999999.99999999,0.0008049999999999999,15.66
1.5241148315370083,0.7101765990257264,5.418400749564172e-06,2069.449193775654,124000000.00000003,0.000646,14.04
1.4146399319171907,0.6924722760915757,9.132767826318743e-06,1263.9751583337782,200000000.0,0.000863,13.73
1.366023623943329,0.6624606370925904,9.063844978809358e-06,856.8120300769805,264000000.00000003,0.0007309999999999999,10.89
1.4883978355675938,0.7389155991375447,7.223317205905916e-06,905.890643596649,294000000.0,0.00111,9.96
1.4636775411665441,0.7125617757439614,6.189429119229318e-06,1402.307108044624,175000000.0,0.000752,12.42
1.498364915046841,0.699214580655098,4.046682834625245e-06,1061.995208263397,213000000.0,0.0005289999999999998,7.1
1.4871499814093114,0.8133274197578431,6.414815430529416e-06,749.510109424591,341000000.0,0.00157,8.81
1.6574696481227875,0.6832411229610443,8.38812878727913e-06,2450.3733515739436,124000000.00000003,0.00077,16.31
1.4757560022175313,0.6793410211801529,7.927376106381418e-06,1361.2702786922453,181000000.00000003,0.000721,13.04
1.541852366924286,0.8201940447092056,4.0594801902771e-06,1288.0944758653638,189999999.99999997,0.0010699999999999998,10.08
1.5650045022368433,0.6791103422641754,8.443592131137849e-06,1634.68118943274,160000000.00000003,0.000813,14.68
1.523128091543913,0.8227666407823563,5.6114583015441905e-06,2130.263514816761,440000000.0,0.0009809999999999999,1.8800000000000001
1.4251214101910592,0.6472204238176347,9.125334411859513e-06,2655.450284481048,105000000.00000003,0.000453,16.2
1.4345138266682627,0.8223232179880143,3.0704071521759037e-06,1121.6608732938764,181000000.00000003,0.0008,8.34
1.3765452325344087,0.6612074464559555,8.50318378210068e-06,1865.2294036000965,141000000.00000003,0.0005159999999999999,14.14
1.3540490716695788,0.7937627524137497,3.1078381240367895e-06,914.2190515995024,233999999.99999997,0.0006830000000000001,6.03
1.5906729429960251,0.8589997440576554,3.021121352910996e-06,922.4142432212828,216000000.00000003,0.00111,7.18
1.5008439312223347,0.6368097066879274,5.212591633200646e-06,2475.9240746498103,92599999.99999999,0.00031600000000000004,13.33
1.48982748426497,0.6374083667993546,5.3016564846038825e-06,935.4846477508544,214000000.00000003,0.00040699999999999997,7.639999999999999
1.5297839038074017,0.7223331525921822,4.301282912492753e-06,2019.663445651531,119000000.0,0.0005939999999999999,12.93
1.7938343703746797,0.8498595088720322,5.977263882756234e-06,1207.7088952064512,214000000.00000003,0.00204,12.64
1.758304023742676,0.7048958569765091,7.001674532890321e-06,2333.125613629818,126000000.00000001,0.0009090000000000001,15.91
1.5629934802651406,0.7089835703372956,6.0701274015009415e-06,2068.0963173508644,129000000.0,0.000723,14.56
1.738616842031479,0.8347115188837052,2.9589568376541144e-06,2174.674302339554,111000000.0,0.0009520000000000003,12.28
1.5804247230291368,0.8457831412553788,3.2604496777057655e-06,829.5014798641204,305000000.0,0.0010800000000000002,4.26
1.2712827265262605,0.6072239488363267,6.684694726020099e-06,1941.562809050083,108000000.00000001,0.0002119999999999999,11.72
1.5203113339841368,0.6661525458097458,7.884218826889993e-06,2472.9714095592494,113999999.99999999,0.000561,15.630000000000003
1.242054605484009,0.6423135370016099,9.267878770828249e-06,2802.4784028530116,96999999.99999997,0.00033899999999999995,16.0
1.605321452021599,0.7463851265609265,2.9701278209686286e-06,2113.9796748757362,106000000.00000003,0.0005499999999999999,11.63
1.7582949221134188,0.8639103502035141,4.088803082704545e-06,1505.2488744258878,165000000.0,0.00149,11.7
1.4727156445384026,0.7193157613277436,7.817088410258294e-06,862.7394884824752,298000000.0,0.0010699999999999998,10.22
1.623687270283699,0.8605673879384995,3.900209814310075e-06,937.7835988998412,355000000.0,0.0013,3.97
1.2712022244930268,0.6561396628618241,9.541901648044588e-06,489.5617365837096,386000000.0,0.000738,8.3
1.3277199089527132,0.6150765001773835,5.453450471162797e-06,2699.1457790136333,81799999.99999997,0.00020100000000000014,12.94
1.5539078816771508,0.643211603164673,6.170902326703073e-06,2738.329723477363,92900000.0,0.000396,14.84
1.4407479867339135,0.6491008132696152,8.749414801597596e-06,1178.1492382287977,201000000.0,0.0006079999999999998,11.88
1.7738393783569337,0.8102176398038865,7.987767696380616e-06,1076.3134360313413,251000000.0,0.0022,13.44
1.3125767648220064,0.6129246085882187,7.389667600393296e-06,1180.9160113334653,168999999.99999997,0.00031100000000000013,10.050000000000002
1.4758087366819383,0.7450187645852566,5.0315141826868065e-06,931.7723214626311,299000000.0,0.0008120000000000001,6.54
1.436456434428692,0.730985476076603,8.577417165040972e-06,638.5462284088134,367000000.0,0.0013199999999999998,9.74
1.769979822635651,0.9026781141757966,7.578617602586747e-06,661.1645519733428,352000000.0,0.00328,10.75
1.546732994914055,0.6902486577630044,6.387406677007676e-06,2020.254239439964,128000000.0,0.000648,14.43
1.604979506134987,0.6684212297201158,8.68941593170166e-06,1796.0922624915836,148000000.0,0.000776,15.16
1.5543114870786667,0.7540785469114781,9.522264182567598e-06,865.8808767795562,291000000.0,0.00171,12.92
1.6060489118099215,0.6716181993484498,8.696034491062165e-06,1763.2333673536775,150999999.99999997,0.0008030000000000002,15.14
1.5115218736231328,0.6798891663551331,4.2028782069683085e-06,944.9831694364547,233999999.99999997,0.00047600000000000013,6.1
1.523018827289343,0.7198434300720692,3.032137125730515e-06,1823.8570746034382,115999999.99999997,0.0004470000000000002,10.500000000000002
1.4986287980340423,0.7732755549252034,5.395862787961961e-06,876.7014294862746,341000000.0,0.0010399999999999997,6.46
1.381085103750229,0.7250869542360306,9.67014953494072e-06,938.5655373334884,260000000.0,0.0011999999999999997,13.14
1.7532436251640322,0.760139261931181,4.05398315191269e-06,2776.481315493583,97100000.00000001,0.0007800000000000001,14.81
1.6817971587181093,0.6594503313302994,3.0199349522590644e-06,2604.799076914787,82699999.99999999,0.0003290000000000001,11.95
1.5443438306450845,0.866571217775345,7.281603440642358e-06,590.7868146896361,405000000.0,0.00245,8.92
1.6885168612003327,0.7530094631016255,4.077167719602585e-06,2524.8322933912273,103999999.99999999,0.000745,14.26
1.533040349185467,0.715725439041853,4.156987845897675e-06,2126.931354403496,111999999.99999999,0.0005470000000000001,12.93
1.5088410006836057,0.6726505994796753,8.824290722608568e-06,2111.3657504320145,136000000.0,0.0006710000000000002,15.49
1.4056185722351076,0.6335097134113312,7.871617883443833e-06,1817.3948507755993,130000000.0,0.0004049999999999999,13.36
1.576608592271805,0.7575085915625096,6.268688276410104e-06,1329.1189372539518,197000000.00000003,0.00113,12.55
1.5388394504785539,0.6701344728469849,4.071570962667466e-06,2093.9096733927727,106000000.00000003,0.0003860000000000001,11.97
1.6870065271854402,0.9018606662750245,4.2385234236717235e-06,2149.109572172165,412000000.0,0.0011999999999999997,0.03999999999999956
1.5586297184228899,0.7031529173254968,3.159617096185685e-06,754.724621772766,258000000.0,0.000492,4.14
1.5996084541082383,0.7804660968482495,4.141440302133561e-06,1688.0347970873115,146000000.0,0.0008990000000000001,12.11
1.5972482532262804,0.7225598707795143,4.0101866722106945e-06,2494.434520602226,99000000.00000001,0.0005719999999999999,13.88
1.4127364486455918,0.6523348778486252,8.400839775800706e-06,1888.7778762727974,136000000.0,0.0004939999999999999,14.08
1.7984677255153658,0.7906314611434937,3.078991293907166e-06,2827.5122791528697,88499999.99999997,0.000787,13.88
1.5615087792277338,0.6579714238643647,4.3380367159843456e-06,1404.288403689861,148000000.0,0.0004210000000000001,9.8
1.5609419077634812,0.7624615989625455,8.246165320277215e-06,968.6994105577468,271000000.0,0.0015600000000000002,12.4
1.4828347440809013,0.854741308093071,5.5408589094877255e-06,664.5589619874953,390000000.0,0.00169,6.67
1.612736839056015,0.7509143427014352,5.15609459578991e-06,1781.710024923086,144000000.00000003,0.0008979999999999999,13.44
1.305808871984482,0.6512248635292054,9.769624650478365e-06,2755.7918727397914,103999999.99999999,0.0004159999999999999,16.41
1.4859663046896459,0.6542393445968628,4.991928830742837e-06,708.4987610578536,301000000.0,0.0004379999999999999,4.57
1.4936555592343213,0.7651882119476796,6.59263537079096e-06,974.0980267524718,268000000.0,0.00119,10.4
1.491263682022691,0.7751539327204228,3.998114049434663e-06,1374.0530908107755,175000000.0,0.000789,10.050000000000002
1.3893419176340105,0.6350196450948716,7.894083872437478e-06,2175.5669936537743,112999999.99999999,0.00038,14.24
1.2885169029235841,0.6033865928649903,5.571728169918061e-06,569.4327801465987,293000000.0,0.00023099999999999998,3.24
1.5784765720367433,0.6394352138042451,7.612998396158219e-06,2056.2566369771957,120000000.0,0.000499,14.43
1.4706011965870858,0.7502517230808735,9.190355092287065e-06,781.4173698425292,311000000.0,0.00157,12.03
1.603330832719803,0.720378588885069,5.997033193707467e-06,2087.7817198634148,130999999.99999999,0.000801,14.68
1.4953237652778626,0.7330600507557393,4.244490265846253e-06,1578.3119685947893,147000000.0,0.000649,11.48
1.4613727301359178,0.7914901345968247,4.232007503509523e-06,1194.7166100144384,201000000.0,0.000886,9.540000000000001
1.3524258613586426,0.623460665345192,8.06634134054184e-06,2226.5023291110992,107000000.00000001,0.00032500000000000004,14.15
1.6664057850837708,0.8824478566646576,5.159481793642045e-06,1541.0601086914537,428000000.0,0.00149,2.7700000000000005
1.57437923848629,0.8466972559690477,3.2386294603347783e-06,788.749262690544,305000000.0,0.00109,4.36
1.7934146761894227,0.8003262162208558,6.880274448543788e-06,1421.4626625180242,196000000.00000003,0.00177,14.11
1.733283966779709,0.8902145504951477,2.961568713188172e-06,782.2244912385939,241000000.0,0.00148,6.57
1.341438925266266,0.6694927364587785,8.509625643491746e-06,2288.26455026865,123000000.00000003,0.0005039999999999999,15.4
1.3307647168636323,0.7982371151447297,3.076193124055863e-06,987.43337392807,212000000.0,0.00067,6.84
1.57569996714592,0.6443881541490556,4.972595214843751e-06,2485.557302832603,93300000.00000001,0.0003600000000000001,13.5
1.3765488535165789,0.621135449409485,5.919425651431084e-06,2868.3360964059825,81400000.00000001,0.00023900000000000006,13.899999999999999
1.6050819307565691,0.8496810078620911,3.05278429389e-06,1453.1855210661886,152999999.99999997,0.00102,10.0
1.4636052377521993,0.6917712941765786,6.348236927762629e-06,775.1289308071135,370000000.0,0.000721,5.66
1.5339027151465416,0.8733649849891664,9.528980791568757e-06,865.3475642204284,884000000.0,0.00242,0.86
1.4495241388678552,0.6318813264369966,3.4708312451839455e-06,2486.4089041948314,82100000.0,0.00020499999999999994,11.16
1.6342722952365876,0.7877297401428224,2.965468585491181e-06,2427.3487478494644,98400000.00000003,0.0006890000000000002,12.83
1.7490988075733187,0.8672682344913484,6.162577234208585e-06,974.3230342864989,254000000.00000003,0.00226,11.53
1.7707937479019167,0.6049223631620407,3.0494374632835392e-06,2541.04371368885,79100000.00000001,0.00024299999999999986,10.63
1.5526868775486948,0.7401868835091592,5.2717453986406335e-06,1667.7220836281774,149999999.99999997,0.0008269999999999999,13.05
1.222833001613617,0.820563367009163,3.735859423875809e-06,2531.7979902029033,333000000.0,0.0005109999999999998,0.2400000000000002
1.4909337077289821,0.7230046547949315,8.942712366580965e-06,1086.9041383266447,237000000.0,0.0011999999999999997,13.27
1.5694420516490937,0.6773322433233262,9.337918758392335e-06,1625.0439845025537,165000000.0,0.000866,15.11
1.6338505536317827,0.8706257522106171,2.9915089011192327e-06,1133.762516081333,184000000.0,0.00118,8.62
1.6649269938468934,0.7273878023028374,5.994032353162766e-06,2216.6871950030327,128000000.0,0.000866,15.03
1.5751005649566652,0.8633924424648286,4.4706768095493325e-06,890.0512307882308,320000000.0,0.0014999999999999998,6.38
1.3363806366920472,0.812382459640503,3.070662915706635e-06,1315.615728497505,163000000.0,0.000686,9.06
1.2581776142120362,0.5993900120258332,9.68306976556778e-06,2009.2623978853223,112999999.99999999,0.000268,13.62
1.55545599013567,0.6420646995306015,5.176295220851899e-06,2709.811061620712,88000000.00000001,0.0003439999999999999,14.01
1.3427848398685456,0.62536458671093,8.565998136997224e-06,2622.4641799926753,97200000.0,0.0003259999999999999,15.18
1.6634178400039674,0.8306754022836685,3.048642426729203e-06,1900.6955828517673,124000000.00000003,0.0009300000000000003,11.52
1.7841339111328127,0.6165074229240418,2.934354722499848e-06,963.5990411043166,204000000.0,0.000301,3.5799999999999996
1.4696311354637148,0.7300316669046879,5.053666412830353e-06,939.922586083412,277000000.0,0.0007489999999999998,7.09
1.6195824891328814,0.747537385672331,5.183807909488679e-06,1865.1139009743927,139000000.0,0.000879,13.7
1.7891440451145173,0.903941720724106,4.211082041263581e-06,893.2920098304747,254000000.00000003,0.00202,8.51
1.531162675470114,0.647777196764946,7.380297705531122e-06,2381.604716181755,109000000.00000001,0.0004740000000000001,14.97
1.530626041442156,0.717782049626112,7.084512814879418e-06,1510.0600123405454,174000000.0,0.0009090000000000001,13.67
1.5236324183642866,0.755311493575573,3.814101994037629e-06,1647.9063238948581,146000000.0,0.000688,10.87
1.422084403038025,0.8546471625566483,8.945683479309084e-06,855.5087745189666,489000000.00000006,0.00207,7.54
1.603469780087471,0.7491958178579808,2.9448126554489143e-06,1360.289894044399,150999999.99999997,0.00062,9.02
1.5262825168669225,0.7450909651815892,5.955573163926603e-06,1346.288166940212,187999999.99999997,0.000957,12.26
1.5080081613734366,0.651275235414505,8.491489171981813e-06,1451.7562761902807,167000000.0,0.000611,13.2
1.5811899840831758,0.6387634992599488,6.6165256351232535e-06,2134.587310254574,111999999.99999999,0.0004449999999999999,13.97
1.5619455590844156,0.7094388037919999,9.803628265857698e-06,1328.6806195974348,203000000.0,0.00117,14.88
1.6251844704151155,0.871898227930069,8.675803303718568e-06,1004.8447847366332,617000000.0,0.00235,4.35
1.565796107053757,0.6481035768985749,4.938284307718278e-06,2237.915575504303,102000000.0,0.00037499999999999985,12.94
1.2607640862464906,0.6004547953605652,9.679407089948655e-06,960.8722031116484,201000000.0,0.0003290000000000001,9.91
1.5290190137922766,0.6527457296848298,3.1258102059364325e-06,1182.0727884769437,157000000.0,0.00030799999999999995,6.66
1.3358078956604005,0.627770295739174,8.846736371517183e-06,1445.041477680206,159000000.00000003,0.0004099999999999999,12.39
1.5878197073936464,0.726641321182251,5.939536571502686e-06,1905.9156645089386,140000000.0,0.0008340000000000001,14.23
1.4930187771096828,0.7838163681328297,6.362940279766918e-06,891.8395936489104,292000000.0,0.0013,9.65
1.7760987102985384,0.9003830194473268,2.980930387973786e-06,955.5631428956984,201000000.0,0.00154,8.1
1.505320847220719,0.6616238862276078,7.117790758609773e-06,1104.4068187475202,210000000.0,0.000636,10.7
1.7868544042110446,0.7989272207021714,4.010644793510438e-06,2311.8472769856453,115999999.99999997,0.0010399999999999997,13.95
1.7401683926582339,0.8680147379636766,4.123262315988541e-06,1416.7421981692312,174000000.0,0.00152,11.33
1.4749133035540583,0.6911884903907777,6.334711227566005e-06,1034.3134701251981,231000000.0,0.000708,9.82
1.6144624739885332,0.8697600603103638,5.835718482732774e-06,774.9012410640715,300000000.0,0.0021,9.84
1.270257478952408,0.6001980990171433,9.62939301133156e-06,703.1303197145461,271000000.0,0.0003530000000000001,7.76
1.6255356699228287,0.7164391949772836,8.963492214679719e-06,1478.9540246129034,188999999.99999997,0.00118,14.88
1.5513866409659387,0.7129765167832375,4.113444209098817e-06,2315.62352925539,103999999.99999999,0.0005310000000000001,13.37
1.3742181569337846,0.619185134768486,6.32895227149129e-06,823.5793113708495,236000000.00000003,0.000352,7.15
1.6628519117832186,0.727792064845562,3.909102499485016e-06,2762.9652917385097,92400000.00000001,0.000605,14.5
1.6655535221099855,0.881776535511017,5.638226479291917e-06,994.0412193536757,420000000.0,0.00199,5.3
1.5439829394221307,0.5961077213287354,2.9822350740432745e-06,2532.3418825864787,76800000.0,0.0001420000000000001,9.2
1.3735802024602892,0.6941841065883637,9.214904844760896e-06,526.7981737852095,397000000.0,0.0011,9.01
1.4913255678489805,0.7622575230896473,6.194914344698192e-06,928.6374896764754,288000000.0,0.0011,9.13
1.5129664286971094,0.6659896910190582,6.652291692793371e-06,1721.215291880071,140000000.0,0.0005570000000000002,13.28
1.5010883419308814,0.8263731300830842,3.0592945814132697e-06,1440.6041726469991,149999999.99999997,0.0008369999999999999,9.92
1.4613470882177355,0.6284401148557663,4.48230215907097e-06,2047.7935224771497,102000000.0,0.0002630000000000001,11.34
1.4847661010921003,0.8309356391429902,3.1815397441387183e-06,892.5752639770507,241000000.0,0.0009109999999999999,6.17
1.4759764663875103,0.7225134104490281,5.748210951685906e-06,997.9882389307021,250000000.0,0.0007990000000000001,9.0
1.5095489736646415,0.6311633616685868,6.679948471486569e-06,2810.2442920207973,90399999.99999997,0.000354,14.92
1.4365823552012444,0.7365858770906926,4.656444787979127e-06,999.7019469738005,364000000.0,0.0006540000000000001,3.18
1.4081408858299256,0.6327826827764512,8.006825625896454e-06,1547.207564115524,149999999.99999997,0.00042899999999999997,12.5
1.5011369877029213,0.6284022331237794,8.832192480564119e-06,2849.5005816221233,96100000.00000001,0.0004119999999999999,16.05
1.294775265455246,0.8224462777376176,3.181372225284577e-06,1306.0863986611364,173000000.0,0.0007049999999999998,8.75
1.4809380523860456,0.8239605993032456,6.293277900665999e-06,717.1689271926879,354000000.0,0.00163,8.45
1.4265161141753198,0.6310762524604798,6.736491065472366e-06,1690.043520182371,131999999.99999999,0.000374,12.35
1.5796709775924684,0.6778394579887391,8.529767125844956e-06,2399.4565308094025,125000000.00000001,0.0006980000000000002,16.05
1.4677709810435773,0.7676333136856557,4.269901186227799e-06,1297.1607893705366,179000000.00000003,0.0007900000000000001,10.4
1.6442864298820496,0.8462090134620667,5.445919111371041e-06,1011.9520425796508,245000000.00000003,0.00175,10.71
1.4791115999221802,0.6263518989086152,3.5384656786918644e-06,1183.1733509898183,156000000.0,0.00023999999999999995,6.52
1.6641167521476747,0.6622411161661149,3.0342134833335882e-06,2888.4776979684825,76300000.0,0.00031899999999999995,12.5
1.4692796699702741,0.7218526348471642,5.669586092233659e-06,1064.3682926893232,228000000.0,0.000778,9.72
1.4851208735257388,0.7409551329910756,6.244687549769879e-06,1012.3237520456313,256000000.0,0.0009580000000000001,9.83
1.7342529952526093,0.9051757872104645,8.004857853055002e-06,1001.1562258005141,780000000.0,0.0025799999999999994,0.68
1.6360758215188982,0.8197015285491944,4.100222736597062e-06,1470.8476439118383,169999999.99999997,0.00116,11.23
1.7556401968002322,0.7637480355799199,9.863317757844926e-06,1153.9641693234441,242999999.99999997,0.00197,14.75
1.518099207803607,0.7742013774812222,3.133560717105866e-06,1652.4409987032411,161000000.00000003,0.000605,8.12
1.3108714878559113,0.6125546604394914,7.452008292078973e-06,1080.1952630281446,182000000.0,0.00031699999999999995,9.55
1.4857215363532306,0.6721712440252304,7.65106324851513e-06,1012.2665315866469,236000000.00000003,0.0007309999999999999,10.64
1.5439701855182648,0.5951311826705933,2.9888369441032417e-06,2341.7080864310265,82000000.0,0.0001440000000000001,8.72
1.2787608504295351,0.661709350347519,8.884960919618608e-06,1420.7927435636518,177000000.0,0.0005369999999999999,13.02
1.30822252035141,0.6128306776285172,8.35374277830124e-06,1466.9519588351247,145000000.0,0.00032199999999999986,11.88
1.5006153905298563,0.7275196462869645,5.9179123491048825e-06,857.0719063282012,363000000.0,0.00086,5.84
1.479620236158371,0.8655052810907364,4.000393807888032e-06,2365.190751850605,341000000.0,0.0008740000000000001,1.6299999999999997
1.4591190576553346,0.6865184873342515,5.701935693621636e-06,1570.76583430171,149999999.99999997,0.0005679999999999999,12.33
1.6268438547849657,0.819501891732216,7.992305830121042e-06,757.5998753309249,334000000.0,0.00227,11.24
1.4203372836112977,0.6758321642875672,8.937646746635438e-06,1358.2827448844907,185000000.0,0.0007200000000000002,13.51
1.4828547757118942,0.8299604326486588,5.396736785769464e-06,802.8339147567748,305000000.0,0.00146,8.44
1.4690353833138945,0.7462138384580613,5.390646651387216e-06,1147.134259343147,211000000.0,0.0008520000000000001,10.46
1.3856059938669205,0.729076223820448,3.0052938461303717e-06,2619.432836771011,85400000.0,0.0003710000000000001,12.61
1.5862356930971147,0.8463703304529191,7.149768710136415e-06,1355.8487519621847,464000000.0,0.00164,4.97
1.517264473065734,0.6661829173564912,7.899998247623445e-06,2561.9960129261012,111000000.0,0.0005509999999999998,15.77
1.445795886218548,0.6282572060823441,5.263454779982568e-06,1479.8999503254888,138000000.0,0.0003179999999999998,10.37
1.2728582918643954,0.6046186655759812,5.762486040592194e-06,974.1869121789931,186999999.99999997,0.00021700000000000007,6.77
1.4754307731986047,0.7096672117710114,7.756294921040536e-06,1272.3650708794592,201000000.0,0.000912,13.0
1.3898863881826402,0.700965741276741,9.223900794982911e-06,1148.6645340919492,217000000.00000003,0.0009300000000000003,13.44
1.7632395029067995,0.8109719663858415,6.006284385919572e-06,1391.7365223169325,192000000.0,0.00166,13.34
1.3202345430850984,0.6149068236351014,6.478873366490008e-06,2134.0378671884537,102000000.0,0.00024100000000000008,12.53
1.4643669314682486,0.6259212702512742,4.452111214399338e-06,1088.2507562637327,173000000.0,0.0002929999999999999,7.41
1.4767262600362303,0.628540724515915,4.391757488250733e-06,806.7018836736678,228000000.0,0.00031699999999999995,5.330000000000001
1.453620904684067,0.7605435602366925,2.9188874959945685e-06,2686.8555247783656,87300000.0,0.000488,13.27
1.5102912560105326,0.7222080789506437,4.100630372762681e-06,1778.4984800964592,130999999.99999999,0.000583,11.83
1.5138950720429423,0.7405324392020703,3.992685437202454e-06,1645.1144982129333,143000000.00000003,0.0006540000000000001,11.3
1.4844271000474694,0.7644888438284397,9.245726853609087e-06,2058.5728734731674,608000000.0,0.000987,1.64
1.6903017818927766,0.8810132324695588,6.986123859882356e-06,1552.114814519882,651000000.0,0.00175,0.06000000000000029
1.5548525020480157,0.7117192313075066,8.047475337982179e-06,1495.6704452633855,180000000.00000003,0.00099,14.27
1.5307667121291162,0.8011559307575227,4.14830169081688e-06,1348.821811378002,179000000.00000003,0.0009779999999999997,10.61
1.6126361757516863,0.8283632755279542,6.180826045572758e-06,935.6202483177184,270000000.0,0.00178,10.790000000000001
1.7089432239532472,0.6908382385969163,3.0370421111583717e-06,1667.1707686036823,145000000.0,0.0004210000000000001,7.76
1.6385975360870362,0.8789110243320466,3.210347145795823e-06,718.0135995149611,361000000.0,0.00134,3.1
1.5050165522843602,0.8227958768606186,5.583837196230889e-06,2190.2566701173782,480000000.0,0.000947,0.5899999999999996
1.6201845645904542,0.8220835179090501,4.08552384376526e-06,1424.742817878723,175000000.0,0.00116,10.97
1.4309771955013277,0.6298220336437226,6.09532404690981e-06,1501.2185946106908,142000000.00000003,0.0003569999999999999,11.22
1.4452814787626267,0.7852264322340489,3.0168755948543556e-06,2033.062309026718,111999999.99999999,0.000602,11.69
1.773896920681,0.755798676609993,6.0446045845747e-06,2200.897738337517,134999999.99999997,0.00111,15.23
1.3436759233474733,0.6243890941143037,7.870812833309174e-06,611.8061691522597,361000000.0,0.0004229999999999999,4.89
1.260505896806717,0.6837400048971177,9.494167119264603e-06,1791.6533369570968,155000000.0,0.0005989999999999999,14.91
1.2331965386867525,0.6520487219095231,8.998993694782259e-06,1677.3786181583998,144000000.00000003,0.0004269999999999999,13.99
1.6101959556341172,0.8190967708826066,3.016595840454102e-06,1820.0903963297603,125000000.00000001,0.0008459999999999997,11.29
1.4898568846285345,0.7253309413790704,9.423560112714769e-06,1042.924329638481,246000000.0,0.00128,13.45
1.273611241579056,0.6834038257598878,9.239523231983186e-06,1298.2852309942243,196000000.00000003,0.0006760000000000002,13.35
1.2753748655319215,0.6138221204280854,3.561421811580659e-06,1365.8670261502264,131999999.99999999,0.0001459999999999999,6.31
1.7429532766342164,0.8970937371253969,6.0108726918697365e-06,644.6025073528289,347000000.0,0.00272,9.15
1.335280841588974,0.6176967322826385,3.5657687485218053e-06,1172.0732524991033,152999999.99999997,0.000176,5.71
1.5515069738030436,0.8661059617996216,6.0455595254898085e-06,672.9801297187804,339000000.0,0.00209,9.1
1.6348130643367769,0.8670484095811845,3.109050810337067e-06,2475.713744759559,122000000.00000004,0.000872,10.74
1.400264060497284,0.7095186799764633,3.0231513977050786e-06,982.1299016475676,187999999.99999997,0.0004139999999999999,6.49
1.6725613296031954,0.8367142260074616,8.993298679590226e-06,647.4896818399428,380000000.0,0.00284,11.3
1.5844398021697998,0.6748470783233643,9.369836419820787e-06,1726.3758061453698,158000000.0,0.0008449999999999999,15.34
1.4925362365320327,0.7108733654022218,6.460768461227418e-06,872.7366775274276,374000000.0,0.0008179999999999999,5.88
1.7414774000644686,0.8875162839889528,3.979061543941499e-06,1346.19116038084,181000000.00000003,0.0015900000000000003,10.78
1.5622809290885926,0.7298120453953744,2.8972089290618902e-06,2929.287955164909,80100000.0,0.0004449999999999999,13.38
1.4744890809059144,0.6363493770360947,6.853532504290343e-06,2646.174684166908,95300000.0,0.000369,14.82
1.6139263540506363,0.825460508465767,5.1275571435689934e-06,1122.5159019231794,223999999.99999997,0.0014700000000000002,10.8
1.6123872041702272,0.7895859628915788,8.416130512952807e-06,2023.0092778801916,609000000.0,0.00121,1.3499999999999999
1.3465413451194765,0.6159701853990556,3.6448211669921883e-06,2400.3312289714813,82300000.00000003,0.00015399999999999998,10.28
1.5986952781677248,0.7788202218711376,4.056575417518617e-06,1736.4953849464653,142000000.00000003,0.0008689999999999999,12.13
1.5092209858819843,0.7479168467223645,7.215986117720605e-06,796.3548898696898,378000000.0,0.00121,7.82
1.5458460912108423,0.8200023382902146,8.62124389410019e-06,1415.9273654222486,735000000.0,0.00149,0.6199999999999998
1.5264587581157685,0.6356517970561982,4.35660669207573e-06,1377.285599708557,143000000.00000003,0.0003310000000000001,9.250000000000002
1.4428820192813874,0.6494118243455888,8.73458155989647e-06,1277.8572663664816,187999999.99999997,0.0005930000000000001,12.32
1.4803569965064527,0.6406614392995835,3.416170865297318e-06,2576.466083526611,80899999.99999997,0.0002320000000000001,11.65
1.6300741106271746,0.6878517553210259,3.7212216556072243e-06,2903.599396347999,83000000.0,0.00043099999999999996,14.04
1.54922264367342,0.6411864459514619,4.441100031137467e-06,2410.673975944519,91900000.00000001,0.00031600000000000004,12.649999999999999
1.7424208402633667,0.7854690201580525,4.978218883275986e-06,1851.6278471797702,144000000.00000003,0.00117,13.81
1.639523720741272,0.8733829379081727,6.793532695621253e-06,1351.7117425799368,570000000.0,0.00174,2.0699999999999994
1.3702165246009828,0.6216187477111816,5.917010448873044e-06,2228.2918840646744,99100000.0,0.00026100000000000006,12.7
1.5169704984873535,0.7998485952615738,2.975646555423737e-06,1149.221912026405,167000000.0,0.0007550000000000001,8.72
1.5071086088195444,0.6349823713302613,3.5290975570678716e-06,1557.3047585785387,124000000.00000003,0.0002630000000000001,8.7
1.408296498656273,0.8169180661439897,4.740414500236512e-06,2382.500797510147,405000000.0,0.000739,0.5000000000000002
1.4816046852618456,0.7056555658578874,9.782215267419816e-06,1327.9312402009962,201000000.0,0.0010500000000000002,14.75
1.4654126308858395,0.6652682662010193,8.136190548539163e-06,689.7158473730086,326000000.0,0.0007810000000000002,8.54
1.473296081274748,0.6831001192331315,9.48999959230423e-06,1621.3792674243448,168000000.0,0.000807,14.989999999999998
1.487872014194727,0.765582724660635,7.548155665397645e-06,847.1999615430831,307000000.0,0.0013800000000000002,10.51
1.5621532559394837,0.8273334681987763,4.471457451581956e-06,1143.9730152487753,370000000.0,0.0010699999999999998,3.65
1.5536303311586381,0.8427725851535798,3.927951604127885e-06,1190.2057677507398,260000000.0,0.00112,6.68
1.7603935539722444,0.6993178099393845,9.490445405244829e-06,2554.991647601127,130999999.99999999,0.0009589999999999999,17.01
1.7756153941154482,0.7044036805629731,9.809899270534517e-06,2181.0520738363266,148000000.0,0.00112,16.84
1.5227312989532948,0.747719317674637,6.948329895734788e-06,1168.818801641464,223999999.99999997,0.00113,12.11
1.4904716569930316,0.7459708191454412,5.878842487931253e-06,941.3509368896483,285000000.0,0.000947,8.42
1.5479586616158487,0.7096945300698281,7.431244507431985e-06,1622.291078791022,165000000.0,0.0008929999999999999,14.26
1.6423784226179123,0.8139618515968323,3.0608249902725225e-06,2076.2999281287193,114999999.99999997,0.0008319999999999998,11.99
1.6257166653871538,0.8152318596839906,8.765613853931428e-06,687.8810673952102,360000000.0,0.00245,11.38
1.4927874125540257,0.670915174484253,5.9478505551815045e-06,1078.166842460632,206999999.99999997,0.000589,9.8
1.4705944262444974,0.7462756767868997,5.401197627186776e-06,1067.205101251602,231000000.0,0.0008589999999999998,9.64
1.4870283778756859,0.672167381644249,7.582193180918695e-06,1102.140501141548,217000000.00000003,0.0007110000000000002,11.21
1.4627116598188878,0.8099024802446366,4.669013291597367e-06,968.8569158315657,273000000.0,0.0010699999999999998,7.67
1.4337581679224969,0.8591295540332795,9.087781816720965e-06,846.626192331314,498000000.0,0.00215,7.51
1.4155991345644,0.631107321381569,7.002559795975686e-06,1969.815373420715,116999999.99999997,0.00036099999999999994,13.3
1.4921391790732743,0.7048617124557496,7.2258845418691645e-06,1493.5365617275236,171999999.99999997,0.0008149999999999999,13.54
1.535502950102091,0.7415468215942383,6.983914300799371e-06,1256.6141709685323,208999999.99999997,0.00109,12.61
1.64022755920887,0.7126671798527241,9.80002796649933e-06,1428.6609664559362,195000000.0,0.00125,15.29
1.4246241152286532,0.7360013499855996,9.615658760070802e-06,845.6561267375945,286000000.0,0.00139,12.69
1.4596103802323344,0.7402063697576523,4.941795215010644e-06,1295.645974576473,179000000.00000003,0.0007550000000000001,11.14
1.499521002871916,0.6350543797016145,4.49143871665001e-06,909.7243398427962,208999999.99999997,0.00034999999999999994,6.46
1.6011185109615327,0.751898979395628,9.968832522630693e-06,936.1598193645476,275000000.0,0.00176,13.7
1.633353951573372,0.5928112864494324,2.9856388568878178e-06,1853.6351826041935,101000000.0,0.0001750000000000001,7.63
1.5946588844060898,0.8437714487314225,6.191524356603623e-06,1722.1589777618644,484000000.0,0.00131,2.58
1.619896674156189,0.8770114481449128,6.27197700738907e-06,631.8585127592086,396000000.0,0.00241,8.01
1.4778352014720442,0.6262333631515503,3.557536125183106e-06,1463.6489674448965,129000000.0,0.00023099999999999998,7.959999999999999
1.5481092274188997,0.7357823833823205,8.803875744342805e-06,1108.117803931236,239000000.0,0.00134,13.39
1.7705974996089937,0.9046568334102632,2.984002888202668e-06,1286.120109260082,164000000.0,0.00145,9.68
1.4845286920666696,0.8357840359210968,4.577963769435883e-06,923.278510570526,291000000.0,0.00123,7.16
1.5428959384560585,0.8161301404237747,5.248791873455048e-06,1015.4582858085631,242000000.0,0.00137,10.15
1.5224341683089735,0.6375968098640442,5.3780922293663035e-06,1494.257517158985,141000000.00000003,0.000387,10.950000000000001
1.4435975879430771,0.6288524687290192,5.286918476223947e-06,1865.2444537729023,113999999.99999999,0.00029999999999999987,11.65
1.5325152061879637,0.6303920656442643,6.149788849055768e-06,2926.329925656318,85300000.0,0.00032700000000000003,14.71
1.5885195046663285,0.7535174041986467,9.11630153656006e-06,980.0380021333693,267000000.0,0.00164,13.22
1.6967158377170564,0.8946332037448884,6.014037400484086e-06,1366.9032528996465,543000000.0,0.00187,1.8800000000000001
1.684548729658127,0.8798438072204591,2.9831442236900336e-06,912.6007854938506,218000000.00000003,0.00133,7.3
1.5666719108819962,0.806171625852585,7.972058683633805e-06,736.2071722745894,342000000.0,0.00205,10.88
1.5473844632506373,0.6486615657806397,6.3585817515850075e-06,1807.5243961066005,129000000.0,0.00047600000000000013,13.05
1.5429386392235758,0.5943960249423981,2.9762519598007207e-06,2044.7345748543737,91900000.00000001,0.0001479999999999999,7.89
1.565973061323166,0.7579863958060742,7.155274718999864e-06,1171.601705253124,227000000.00000003,0.00128,12.47
1.31197527050972,0.728958072513342,3.2710121273994452e-06,1376.7028152942655,144000000.00000003,0.00041899999999999983,9.16
1.5246863275766374,0.6757357388734818,4.150082856416703e-06,1005.741387605667,211000000.0,0.0004669999999999999,6.89
1.5704890698194505,0.7293912649154664,4.964486405253411e-06,2063.0952641367912,124000000.00000003,0.0007150000000000001,13.88
1.5855948597192766,0.6397138237953187,6.275002960115672e-06,2292.302541434765,105000000.00000003,0.0004269999999999999,14.12
1.4370990470051768,0.6448863029479981,7.626035451889039e-06,2413.425847887993,107000000.00000001,0.0004159999999999999,14.82
1.432760886847973,0.6737359017133714,3.406466871500016e-06,1750.9669736027715,114999999.99999997,0.0003259999999999999,10.08
1.4487112507224085,0.7849838934838772,3.027918696403504e-06,1829.7955784946678,121000000.0,0.00062,11.1
1.589824488759041,0.8565027862787248,3.032649070024491e-06,1239.115811884403,171999999.99999997,0.00106,9.090000000000002
1.45782445371151,0.6569437891244889,8.526366889476778e-06,881.665527820587,260000000.0,0.0007160000000000001,10.31
1.3582415878772738,0.6238542973995209,7.93796379864216e-06,2429.8781454563136,99900000.00000001,0.0003149999999999999,14.49
1.4557632386684418,0.8571539729833604,9.684643775224687e-06,867.1678155660628,802000000.0,0.00222,2.35
1.6577220618724824,0.6826838493347168,7.361935198307038e-06,2700.0926733016963,109000000.00000001,0.000675,16.33
1.7776443064212801,0.7037865310907364,9.039198011159899e-06,2566.4057880640025,129000000.0,0.000972,16.97
1.4951952589675785,0.8494045078754425,3.103830605745316e-06,2180.1010817289352,130999999.99999999,0.0007709999999999998,10.2
1.529536145925522,0.7167827971279622,6.060247622430325e-06,1783.1660639494655,145000000.0,0.0007680000000000001,13.85
1.5547443553805353,0.77346103861928,9.013054847717287e-06,2078.4794092178345,619000000.0,0.00109,1.4700000000000004
1.4315333470702172,0.663364738225937,8.078465387225152e-06,2453.2214105129237,113999999.99999999,0.000502,15.42
1.5874892234802247,0.7742095805704594,2.934142351150513e-06,2669.282361865043,90299999.99999999,0.0006029999999999999,13.32
1.3650535225868226,0.6012552648782731,2.9099182486534122e-06,2627.941474318504,72699999.99999999,0.00010300000000000004,8.65
1.6490382313728333,0.7874776102602482,9.767243713140489e-06,745.9095418453215,332000000.0,0.00232,12.69
1.5487773388624193,0.83327876329422,5.6736763268709196e-06,1983.3945780992506,410000000.0,0.00106,2.8300000000000005
1.3924881130456925,0.6349644362926484,7.899823531508448e-06,2081.104062497616,116999999.99999997,0.000387,14.04
1.4631947793066502,0.8490336924791336,7.259764969348909e-06,798.2263267040252,436000000.0,0.00184,7.14
1.3321718573570254,0.8357803076505662,9.686819642782213e-06,954.7158628702163,601000000.0,0.00172,5.2
1.5752034097909928,0.7608582146465779,8.150518730282785e-06,1026.6509205102918,258000000.0,0.00152,12.649999999999999
1.409621912240982,0.6230340868234635,3.5286559164524083e-06,2748.0366379022594,74000000.0,0.00016900000000000004,11.270000000000001
1.4688094072043898,0.6346017569303514,3.092761635780335e-06,786.3652259111403,221000000.0,0.000246,3.2699999999999996
1.3866939514875414,0.8817002177238465,3.258621364831925e-06,2200.0214383006096,223999999.99999997,0.0008149999999999999,4.92
1.5201499119400979,0.800850883126259,3.150361210107804e-06,857.4746847152709,236000000.00000003,0.0008139999999999999,5.98
1.3082934379577638,0.6127399295568466,8.402014076709748e-06,1093.684837222099,185000000.0,0.00034799999999999995,10.23
1.4073694288730623,0.6216837197542191,3.558865427970887e-06,1940.5385777354238,100000000.0,0.00018800000000000012,9.35
1.7691515743732453,0.7034570485353471,7.995982587337496e-06,2129.2569413781166,140000000.0,0.00102,16.06
1.6815531313419343,0.8566178530454637,5.387785375118256e-06,1035.9645932912824,238000000.0,0.00185,10.92
1.4325135022401811,0.6290601253509522,5.274557128548623e-06,2705.857932567596,84800000.00000001,0.000266,13.52
1.5456817388534547,0.6520498216152192,5.1756140887737285e-06,1415.7742187380788,150999999.99999997,0.00044899999999999996,10.78
1.5137831557542087,0.7800752900540829,5.334751784801484e-06,1138.6660039424894,217000000.00000003,0.00109,10.74
1.5015961170662195,0.8401576280593873,4.4054059982299815e-06,979.1539907455443,276000000.0,0.00122,7.33
1.2628088772296906,0.6671699881553651,8.695488542318346e-06,1962.985724210739,134999999.99999997,0.00047000000000000004,14.66
1.6502560615539552,0.8356989115476608,3.0520370304584507e-06,1793.788459151983,130000000.0,0.000954,11.19
1.6772906720638276,0.7833074994385243,9.8888957798481e-06,807.2272986173629,314000000.0,0.00229,13.17
1.6168355941772463,0.6447043508291245,6.85999507084489e-06,2226.549006998539,111000000.0,0.0005000000000000001,14.6
1.51715840511024,0.7468158401548863,6.031957641243935e-06,926.0326921939849,372000000.0,0.0009779999999999997,6.0
1.6114502727985383,0.8736912846565247,5.9444463029503835e-06,728.3602207899092,315000000.0,0.00219,9.65
1.6132535219192505,0.8669165074825288,2.9123381972312934e-06,1389.1495317220686,150999999.99999997,0.0010500000000000002,9.84
1.708135485649109,0.8875363290309907,4.498321175575257e-06,789.0945971012114,374000000.0,0.00188,5.250000000000001
1.7912004590034487,0.7477145612239838,6.94176870584488e-06,2119.0414130687714,145000000.0,0.00121,15.630000000000003
1.445325404405594,0.6433597683906556,7.699756994843485e-06,2219.2717269062996,113999999.99999999,0.0004269999999999999,14.46
1.4708723165094855,0.7392592526972295,5.468494936823846e-06,1246.22668325901,193000000.0,0.0008239999999999998,11.24
1.5571164697408677,0.6513914108276367,4.866854310035706e-06,2061.6492927074432,109000000.00000001,0.0003860000000000001,12.49
1.33123916387558,0.6148691028356552,5.436824798583985e-06,2882.006794214248,77600000.00000001,0.0001970000000000001,13.25
1.4734943546354773,0.7275495104491712,5.4090027958154686e-06,957.3113471269606,265000000.0,0.000785,8.06
1.695176786184311,0.8950829207897187,5.1653239876031885e-06,1720.017112791538,500000000.0,0.00151,0.4599999999999997
1.458623304963112,0.8400829911231995,7.943206846714021e-06,659.1545343399047,434000000.0,0.00209,8.43
1.5391043543815615,0.6447789788246155,7.825052022933962e-06,1439.1377866268156,163000000.0,0.0005679999999999999,12.69
1.4849692013114693,0.7790168546140195,4.937233090400697e-06,1141.6643038392065,211000000.0,0.0009769999999999998,10.3
1.475131168216467,0.7286366857588292,7.369505986571313e-06,1063.2539093494413,242999999.99999997,0.00102,11.48
1.4215390384197237,0.6720174729824067,8.48392203450203e-06,2420.0681149959564,121000000.0,0.000558,15.74
1.557355669140816,0.6407519638538361,4.476503878831864e-06,1282.6016470789907,155000000.0,0.00037499999999999985,9.1
1.4903070811182262,0.681090670824051,4.803049236536027e-06,1759.3193817883728,130999999.99999999,0.00048100000000000004,12.04
1.7436818897724153,0.8366490662097932,5.888977900147439e-06,1174.7945025563238,219000000.0,0.00187,12.28
1.3348061621189118,0.7127297915518285,9.543008148670198e-06,697.5800842046737,314000000.0,0.00114,11.47
1.470506738126278,0.6923379421234132,6.594950880855323e-06,1136.2998858094213,212000000.0,0.0007200000000000002,10.86
1.6519108772277833,0.8806448757648468,6.688698019832374e-06,1194.3050026893613,465999999.99999994,0.00194,4.69
1.7447183668613435,0.788995885848999,7.892851158976556e-06,1200.537711381912,229000000.0,0.00187,13.82
1.322437369823456,0.773592645674944,3.00359258055687e-06,1797.8038378059862,119000000.0,0.000501,10.89
1.6253409147262574,0.8715830147266389,2.8672883510589605e-06,2660.3761613368983,148000000.0,0.000838,8.48
1.4399452596902849,0.6289531499147416,4.371435344219208e-06,2686.559438705444,81199999.99999999,0.00023500000000000002,12.68
1.7577710151672366,0.9006687998771669,2.9341573715209967e-06,1846.9909224659202,130999999.99999999,0.00124,10.92
1.5853044211864473,0.7021322876214982,7.161613732576372e-06,1860.5605345219371,146000000.0,0.0008269999999999999,14.76
1.4484732136130334,0.6291384100914003,4.4116319417953495e-06,2873.5143989324565,77099999.99999997,0.0002300000000000001,13.0
1.598021247982979,0.6756399840116502,9.309564471244813e-06,2010.0507065653799,144000000.00000003,0.0008030000000000002,15.8
1.517435694113374,0.6925647497177124,3.909849345684052e-06,1923.559822142124,115999999.99999997,0.0004470000000000002,11.61
1.5686417967081072,0.6554890841245652,5.915612615644933e-06,2184.2078790068626,111000000.0,0.0004669999999999999,13.85
1.5201043389737607,0.8160178095102311,2.9957901239395146e-06,1097.7309495210645,186000000.0,0.000811,7.73
1.4604894742369654,0.7835627473890782,3.0239748060703284e-06,1724.8746398836372,126000000.00000001,0.0006299999999999998,10.78
1.3081081509590151,0.7735203467309476,6.786924410611392e-06,2627.8459578752513,413000000.0,0.000648,2.3600000000000008
1.6744939506053926,0.8803794443607331,2.969431877136231e-06,1200.8142396807668,175000000.0,0.00125,9.05
1.4938775137066842,0.7494789496064187,7.035624742507935e-06,1043.6281114816663,250000000.0,0.00114,11.29
1.702432519197464,0.6724945932626725,8.612935543060305e-06,2814.449176192283,111000000.0,0.0007060000000000002,16.81
1.453959757089615,0.6792133301496507,5.903046041727067e-06,749.8263865709304,311000000.0,0.0006079999999999998,6.33
1.5550223886966708,0.6454463750123979,4.313946336507798e-06,2606.62730038166,86399999.99999999,0.00031699999999999995,13.05
1.7336569368839265,0.7949762016534806,9.87777402997017e-06,833.4873914718627,313000000.0,0.00252,13.33
1.4904599145054818,0.6619967937469483,8.269981265068055e-06,1266.7483389377592,189999999.99999997,0.000675,12.5
1.5479597300291064,0.8276062667369843,3.4329025149345406e-06,858.6931526660918,360000000.0,0.0009610000000000002,2.64
1.4795089803636075,0.7743745498359204,5.04716019332409e-06,932.2179406881331,306000000.0,0.0009580000000000001,6.81
1.4178237676620484,0.6737319499254227,8.760131627321245e-06,1091.0409241914747,221000000.0,0.0007550000000000001,12.15
1.479115042090416,0.6425516456365586,4.4042999148368845e-06,520.3476846218108,350000000.0,0.0003860000000000001,2.22
1.3691060543060305,0.645801928639412,8.515604168176651e-06,1731.2732730060814,144000000.00000003,0.00046199999999999995,13.48
1.480285144597292,0.7457527153193951,4.908759787678719e-06,929.1530698537825,333000000.0,0.0007900000000000001,5.170000000000001
1.7673083782196046,0.7592737086117268,7.031559541821481e-06,1818.0309068411586,163000000.0,0.00133,15.04
1.5857218712568284,0.6784049659967423,8.493770599365236e-06,2599.7645705938335,118000000.00000001,0.0006720000000000001,16.33
1.4104051351547242,0.8164966195821762,9.427599757909777e-06,1153.3625349402425,684000000.0,0.00157,2.84
1.6265802919864656,0.867034873366356,8.676641941070558e-06,1006.1549693346022,582000000.0,0.00234,5.02
1.372781351208687,0.7337582934647799,3.115827709436417e-06,2628.824889659881,86700000.00000001,0.00039000000000000016,12.99
1.67922722697258,0.7866890139877797,7.123634830117227e-06,1192.9066777229307,225999999.99999997,0.00163,13.04
1.6317901074886323,0.5928961694240571,2.978385269641877e-06,1757.337676361203,106000000.00000003,0.000176,7.28
1.5257460236549378,0.8521273344755174,8.905010402202608e-06,547.1902638673781,441000000.0,0.00271,9.8
1.6040696918964388,0.6518750756978989,6.108468983322383e-06,2732.2658449411388,95099999.99999997,0.00045600000000000013,15.14
1.4852204460650684,0.6709047406911851,7.5400356948375715e-06,843.7440842390059,283000000.0,0.0007399999999999999,9.07
1.636118432879448,0.8663007080554963,4.050798624753953e-06,1185.6620311737058,205999999.99999997,0.0014399999999999999,9.79
1.4535404428839684,0.766132152825594,9.384833216667176e-06,1968.6345681548116,575000000.0,0.000997,2.6100000000000003
1.6716881453990937,0.6737364381551744,6.711953777819873e-06,2342.5874784588814,113999999.99999999,0.000661,15.439999999999998
1.6722048103809357,0.7604429505765439,6.112101018428803e-06,1625.628678128123,167000000.0,0.00116,13.81
1.6998809516429902,0.5963227093219757,2.919494569301606e-06,715.3047919273375,248000000.0,0.0002300000000000001,1.0500000000000003
1.3657186388969422,0.6688058942556382,8.703716158866884e-06,1733.5122004151342,152999999.99999997,0.000567,14.04
1.5663705557584764,0.6546707332134247,8.200051948428155e-06,2113.9232739806175,126000000.00000001,0.0005930000000000001,15.13
1.6513225793838502,0.7910950005054475,5.136390060186387e-06,1429.216146469116,180000000.00000003,0.00123,12.3
1.3550252169370653,0.6234558641910554,8.031713336706163e-06,1776.7564970999954,128000000.0,0.0003530000000000001,13.08
1.6460094630718232,0.7416352361440659,8.219670847058297e-06,1400.037884712219,201000000.0,0.00133,14.3
1.4223584532737734,0.7054409936070443,9.079257547855378e-06,1129.257224500179,222000000.0,0.0009949999999999998,13.35
1.3906415194272996,0.6285042107105255,8.859252721071244e-06,2817.4292594194408,94800000.0,0.000363,15.86
1.2633766651153566,0.7836839698255063,3.140703111886979e-06,1666.9057328253982,129000000.0,0.0005180000000000001,10.56
1.5649747654795647,0.7595072977244854,8.14905945956707e-06,1016.3779854774474,260000000.0,0.0014999999999999998,12.56
1.3929013878107073,0.7530307643115521,2.9450571537017828e-06,2649.6528387069698,86899999.99999999,0.0004379999999999999,13.14
1.5379162386059761,0.8513339638710022,4.248607307672502e-06,1018.9508199691771,248000000.0,0.0013,8.28
1.4721661962568762,0.83409823179245,6.167593568563462e-06,688.2839947938918,370000000.0,0.00167,7.98
1.570783692598343,0.6435487121343614,6.290360754355789e-06,2034.6480533480642,115999999.99999997,0.00044800000000000005,13.55
1.5938228487968447,0.7289586916565896,8.331017583608628e-06,1374.2487058043478,200000000.0,0.0011999999999999997,14.16
1.4786434270441533,0.8091543763875962,5.437303885817528e-06,806.5723180770873,340000000.0,0.00128,7.1899999999999995
1.5877694427967073,0.7284487500786782,5.227682724595071e-06,2099.1901233792305,125000000.00000001,0.000748,14.189999999999998
1.6654884338378908,0.7505032114684582,6.895503278821708e-06,1582.6153866946695,176000000.0,0.0011999999999999997,14.13
1.2729559779167177,0.6055718243122101,5.750496551394463e-06,1283.2576707005499,149000000.0,0.00020699999999999996,8.43
1.4728859782218935,0.7341129619628192,3.022350728511811e-06,2380.8938562870026,93900000.0,0.0004300000000000001,12.13
1.6872547566890719,0.7788597263395787,9.802760630846025e-06,866.525650024414,297000000.0,0.00219,13.44
1.535094577074051,0.7087628960609437,6.305318592116238e-06,1892.747117206454,139000000.0,0.000741,14.26
1.5216804563999178,0.7430047921836377,4.942119613289834e-06,1583.258558064699,152999999.99999997,0.0007879999999999999,12.47
1.4725917465984824,0.6282487571239472,4.462684512138367e-06,1566.6157305240629,127000000.00000001,0.00028100000000000005,9.8
1.6515175938606264,0.7373451668769122,9.99347969889641e-06,1195.9597393870351,230000000.0,0.00157,14.79
1.3384225845336915,0.6484908610582353,8.600996851921083e-06,1693.4573762118814,148000000.0,0.000464,13.43
1.347578537464142,0.6109023302793504,5.475983947515488e-06,678.1358569860457,257000000.0,0.0002689999999999999,4.8
1.4955590061843396,0.6366749972105027,4.3376217782497415e-06,2800.3421723842616,80299999.99999999,0.000266,13.11
1.689166957139969,0.8840212941169739,7.040683686733247e-06,651.6024023294448,355000000.0,0.00283,10.16
1.5124121446162464,0.6699169903993607,4.89747802913189e-06,1924.9072223901746,120000000.0,0.00044199999999999996,12.43
1.4319605469703676,0.6271308928728104,6.952983185648919e-06,2718.3038294315334,91199999.99999999,0.000321,14.72
1.5456311836838723,0.7338252872228623,2.89711880683899e-06,2838.928952813148,82199999.99999999,0.0004500000000000001,13.22
1.5132750671356918,0.7218417316675186,5.0017118901014335e-06,1861.803179606795,131999999.99999999,0.0006680000000000001,13.27
1.3667025715112688,0.7584924347698689,9.609157443046572e-06,1871.8575146049259,614000000.0,0.00091,1.7399999999999998
1.2887877702713013,0.6065597087144852,4.729854553937913e-06,1287.4916493892667,145000000.0,0.00017800000000000002,7.28
1.44810575991869,0.6287545502185822,4.519595861434937e-06,2320.16272097826,92300000.00000001,0.00025299999999999997,12.04
1.2336838245391846,0.6874223738908768,9.897477418184281e-06,1672.9434458538888,164000000.0,0.000618,14.86
1.3670290857553484,0.6217065989971161,6.349049787968398e-06,2036.8552878499029,108000000.00000001,0.00028300000000000005,12.62
1.4731275469064713,0.8062594056129456,9.69735684990883e-06,513.3388489484786,425000000.0,0.00233,10.76
1.684152138233185,0.8078958839178086,9.02444487810135e-06,769.2841738462447,330000000.0,0.00246,12.25
1.4945167399942876,0.7624760605394841,8.142912164330484e-06,2355.642981827259,543000000.0,0.000857,1.36
1.3375600755214692,0.6197952568531037,3.468158662319184e-06,681.5362274646758,248000000.0,0.000187,1.8699999999999997
1.663382023572922,0.8595827221870423,3.01639473438263e-06,1561.551198363304,145000000.0,0.00109,10.47
1.3685819506645205,0.6856684863567353,9.155126482248308e-06,2054.0173649787903,143000000.00000003,0.0006429999999999999,15.43
1.4306459471583368,0.6313896238803864,6.6746730878949175e-06,1514.286484569311,145000000.0,0.000387,11.71
1.5646289348602296,0.6609280765056611,8.038553655147553e-06,1701.0694574564693,147000000.0,0.0006599999999999999,14.28
1.4712355434894564,0.6444531530141832,3.705315917730332e-06,2307.5988069176674,91199999.99999999,0.0002649999999999999,11.52
1.7934374392032626,0.7926463723182678,9.579668283462525e-06,1015.4954642057418,271000000.0,0.00241,14.11
1.486794938519597,0.6757568746805191,5.5977004766464244e-06,1823.5062826424835,130999999.99999999,0.000508,12.86
1.2663834214210512,0.6055826514959336,6.718501433730126e-06,1371.2172135710714,144000000.00000003,0.00023099999999999998,9.79
1.3073121607303622,0.6125906825065613,8.385952502489092e-06,1557.263985276222,138000000.0,0.00031600000000000004,12.21
1.4920910155400635,0.7645245887339116,6.408770063892008e-06,991.5820062160491,261999999.99999997,0.00115,10.33
1.5951318740844729,0.8596076220273973,3.0636690557003028e-06,870.4711794853209,238000000.0,0.00114,6.45
1.6092063188552859,0.7189154997467996,4.973545461893082e-06,2448.906704783439,109000000.00000001,0.0006680000000000001,14.68
1.4220534861087801,0.6950842916965485,9.927811056375504e-06,1922.8025823831556,153999999.99999997,0.000773,15.85
1.46967588365078,0.6489017218351365,6.6349671818315994e-06,830.2524238824843,272000000.0,0.0005250000000000001,7.44
1.4110255122184754,0.7912179529666902,9.36053839325905e-06,521.1917608976363,419000000.0,0.00196,10.3
1.4902232598513365,0.7755459465086461,2.9686049222946172e-06,2400.5832821130753,97500000.00000001,0.0005689999999999998,12.64
1.357341215014458,0.6235497504472733,8.047962665557862e-06,1518.4154286980627,147000000.0,0.00037300000000000007,12.21
1.292529881000519,0.6008732736110688,4.709683239459992e-06,484.9829077720641,342000000.0,0.00019900000000000012,0.5300000000000004
1.4442831739783288,0.6272091150283814,5.27284960448742e-06,1095.6016480922697,178000000.00000003,0.0003400000000000001,8.55
1.7336653769016268,0.889507269859314,6.7450096234679235e-06,751.3878047466277,315000000.0,0.00278,10.78
1.5423291966319086,0.8051010310649872,8.994145870208742e-06,1442.1769529581068,567000000.0,0.00145,3.97
1.4733172684907914,0.6670287162065507,8.129009976983071e-06,907.828465104103,259000000.0,0.000754,10.3
1.3561321914196016,0.6227014482021332,8.502822041511538e-06,897.4647074937819,245000000.00000003,0.00043700000000000005,8.74
1.7091169059276583,0.8901350498199464,5.678380310535432e-06,855.7766973972319,277000000.0,0.00232,10.33
1.501429453538731,0.8076995462179185,9.195730298757554e-06,1409.5316752791402,557000000.0,0.00151,4.67
1.514106971025467,0.6456011384725572,7.357730224728585e-06,2672.5995093584056,99600000.0,0.00043999999999999996,15.35
1.2531793534755709,0.8530463486909867,3.25367882847786e-06,2577.8941363096233,275000000.0,0.000521,0.9000000000000005
1.5521869629621508,0.6435081034898759,6.3734488673508175e-06,2736.170023679733,93900000.0,0.00040600000000000006,14.97
1.3655337005853654,0.6212345749139786,6.612641409039499e-06,524.8332321643828,356000000.0,0.000376,3.9499999999999997
1.493061329238117,0.71642444729805,7.465400308370592e-06,797.1985936164855,331000000.0,0.00103,8.87
1.5057207288220527,0.6372320026159287,7.828837469220162e-06,1342.1228080987928,170999999.99999997,0.0005189999999999999,11.95
1.5362732090055944,0.668049243092537,4.6889388561248785e-06,2252.922125160694,103999999.99999999,0.0004119999999999999,13.05
1.618082955479622,0.8775563657283784,5.140488326549531e-06,735.4905754327773,330000000.0,0.002,8.01
1.7669378757476808,0.7018434718251229,7.033224299550057e-06,2395.8400189876556,123000000.00000003,0.0008920000000000001,16.05
1.3739463329315187,0.6214605152606965,5.8781258910894404e-06,2042.808227241039,106000000.00000003,0.000268,12.25
1.3389313280582429,0.6149083524942398,4.541054755449296e-06,2763.6658698320384,76499999.99999999,0.0001750000000000001,12.24
1.2249561488628389,0.6739744931459427,9.272143095731736e-06,1502.2831335663793,171999999.99999997,0.0005620000000000001,13.83
1.5194380246102812,0.6473077923059464,7.11029475927353e-06,1080.9485912322996,207999999.99999997,0.000573,10.31
1.5661058709025384,0.6872879505157471,4.271873652935029e-06,2626.129865646362,92400000.00000001,0.00044899999999999996,13.97
1.2735138058662416,0.6053547441959382,5.734283104538919e-06,1186.1455738544462,159000000.00000003,0.00021000000000000012,7.94
1.3184162557125092,0.6517819225788117,8.888736248016358e-06,2421.7176735401154,111000000.0,0.00041999999999999996,15.66
1.5810706794261933,0.6510686159133912,6.915364641696216e-06,1955.2742615342138,124000000.00000003,0.0005259999999999999,14.01
1.4155390352010728,0.6215615183115006,3.262309074401856e-06,564.8118555545806,287000000.0,0.00021700000000000007,0.7999999999999997
1.4342708542943001,0.7065680980682374,5.137755349278451e-06,804.8390150070189,360000000.0,0.0006320000000000001,4.159999999999999
1.604084837436676,0.8837989747524262,1.0106084287166596e-05,707.7080309391021,675000000.0,0.0031500000000000005,5.79
1.5551639556884767,0.8059808224439622,3.0057233870029457e-06,1714.7678714245556,128000000.0,0.0007640000000000001,10.94
1.4780710257589817,0.674482610821724,7.757511258125306e-06,706.8889141082763,331000000.0,0.0008030000000000002,8.24
1.5854693770408632,0.8024639546871186,3.0664497017860417e-06,2232.0266366004944,108000000.00000001,0.0007349999999999999,12.37
1.7722041070461274,0.6128207623958588,3.076598674058915e-06,1703.8957793265579,116999999.99999997,0.00027000000000000006,7.87
1.2966687083244326,0.6093971192836762,3.6849405765533453e-06,2404.5960903167725,81100000.0,0.0001310000000000001,9.9
1.2091324746608736,0.6533365845680238,9.630077689886094e-06,997.4383860826491,219000000.0,0.0005440000000000001,12.01
1.7797691345214846,0.7011117205023766,9.739298522472383e-06,2505.7848095893855,134999999.99999997,0.00102,17.11
1.6316427916288376,0.6667337536811829,8.689460575580598e-06,2738.5931015014644,111999999.99999999,0.000648,16.57
1.2497527062892915,0.6059319823980331,9.456452637910845e-06,2600.310623645782,93499999.99999999,0.0002449999999999999,14.64
1.489191672205925,0.6677907943725586,5.30698485672474e-06,844.4770723581313,268000000.0,0.0005159999999999999,6.47
1.3436568796634676,0.7550925604999066,9.692821323871613e-06,1849.4148943573234,672000000.0,0.0008709999999999999,0.3500000000000004
1.6473448276519778,0.6808637291193009,7.460814192891122e-06,2017.3519775271413,133999999.99999997,0.0007709999999999998,15.25
1.412191164493561,0.7219479449093342,2.9864161610603337e-06,2823.9398002624507,80799999.99999999,0.000363,12.96
1.3465500175952914,0.7328476343303919,9.612426042556764e-06,715.1086181402205,314000000.0,0.0013,11.86
1.7584876835346224,0.8931100130081178,9.459337174892426e-06,579.1002810001372,515000000.0,0.00393,8.78
1.457246580719948,0.7355796039104462,5.140057742595674e-06,1248.5918328166006,186999999.99999997,0.0007590000000000001,10.98
1.4448806717991831,0.6283749461174012,5.275875791907311e-06,1575.7815837860105,130999999.99999999,0.0003129999999999999,10.73
1.6261763423681261,0.6913093328475953,9.278364658355713e-06,1606.0676444321869,170999999.99999997,0.00101,15.279999999999998
1.7229048907756808,0.6697235763072968,2.9890096783638005e-06,2871.127903461456,77200000.00000001,0.00035600000000000003,12.649999999999999
1.4725142642855646,0.74368599280715,5.598914206027985e-06,1130.0725415349004,217000000.00000003,0.0008689999999999999,10.46
1.7933465480804445,0.7492812998592854,8.913481265306474e-06,1625.0186804682014,186999999.99999997,0.00157,15.599999999999998
1.5749862402677537,0.7582856096327305,4.148912727832795e-06,1833.0399896949527,132999999.99999997,0.000763,12.52
1.542577922344208,0.6241337835788727,7.1344245672225966e-06,2913.180693984031,88399999.99999999,0.000354,15.22
1.2582081377506258,0.7656594134867192,3.050341814756394e-06,1768.3252338320015,119000000.0,0.00044600000000000005,10.77
1.7321765184402467,0.8959891319274903,3.585153371095658e-06,1776.0676629841325,342000000.0,0.00134,2.6100000000000003
1.5353538550436499,0.763067214936018,3.935955166816712e-06,1651.2894369661806,146000000.0,0.0007439999999999999,11.36
1.3428594768047335,0.6157650947570801,3.6081964969635017e-06,1842.3630874603984,102999999.99999999,0.00016299999999999995,8.67
1.4926573432981969,0.7314267575740815,4.196684181690217e-06,1203.412443399429,199000000.00000003,0.000664,8.69
1.4122215986251831,0.6621208459138871,6.228188376873732e-06,648.167461156845,362000000.0,0.000545,4.86
1.357250198721886,0.7169372275471688,9.515362948179247e-06,950.4074901342391,252999999.99999997,0.00109,12.98
1.4695061646401884,0.7626954562962056,5.180923372507096e-06,1066.2511289119718,231000000.0,0.00091,9.570000000000002
1.5337907351553441,0.5945541679859162,2.9575328230857856e-06,1852.0057033747432,99799999.99999999,0.00014999999999999993,7.25
1.3070118606090546,0.7754549704492093,2.9914705157279972e-06,1394.4133296608923,146000000.0,0.000532,9.410000000000002
1.5207857944071295,0.7099890232086182,6.3754034843295825e-06,1782.1837700903413,146000000.0,0.000756,14.0
1.4280086249113084,0.6959201842546464,5.365851774811746e-06,757.0796012878417,362000000.0,0.0006159999999999999,4.38
1.5670464903116228,0.6404607743024827,6.221488691866399e-06,2823.1793940067287,91000000.0,0.000391,14.95
1.393214187026024,0.6193270504474641,5.696322456002236e-06,806.992158293724,232999999.99999997,0.0003310000000000001,6.57
1.4926669366657734,0.6720272809267045,7.337030276656152e-06,1460.6048837304113,166000000.0,0.0006429999999999999,12.92
1.4667765319347383,0.7966668874025346,7.735019505023957e-06,673.3691990375518,408000000.0,0.00165,8.51
1.5606047317385674,0.7091335102915765,5.056454360485077e-06,2342.89637953043,111000000.0,0.0006119999999999999,14.379999999999999
1.6643768906593324,0.7085018634796143,9.800142496824266e-06,1518.5970924794672,186000000.0,0.00122,15.55
1.346446591615677,0.6471211731433869,8.65424343943596e-06,1602.5846563279626,155000000.0,0.0004740000000000001,13.14
1.3681178838014605,0.7446461610496045,9.321121811866762e-06,537.1033698320388,398000000.0,0.0014700000000000002,10.01
1.7132923007011416,0.6483346670866014,9.076351940631868e-06,2921.2061613798137,103999999.99999999,0.0006150000000000001,16.88
1.4847358625382185,0.6959878653287889,5.24758054316044e-06,1992.8306266665456,124000000.00000003,0.0005549999999999999,13.419999999999998
1.4804657310247422,0.640386512875557,7.654406428337098e-06,2101.1199355125427,118000000.00000001,0.0004409999999999998,14.24
1.563342297077179,0.7023648440837861,4.523933827877045e-06,2516.981020569801,100000000.0,0.00053,14.219999999999999
1.5919111579656602,0.7321959748864174,7.329047054052354e-06,1495.4816848039625,182000000.0,0.0010800000000000002,13.94
1.4060495942831042,0.6846498101949693,3.227747827768326e-06,900.2461582422255,205000000.0,0.00036999999999999994,5.59
1.2802865624427797,0.7229972183704377,9.831484377384186e-06,921.5188324451445,256000000.0,0.0010399999999999997,13.129999999999999
1.5867610126733782,0.8277906328439714,6.381040973588825e-06,1871.903521940112,510000000.0,0.00121,1.9
1.4127009809017184,0.6374302357435228,6.84690085425973e-06,707.1253210306166,308000000.0,0.00046800000000000005,6.14
1.4570115700364115,0.7152169100940228,5.064817473292351e-06,1465.0345519185064,158000000.0,0.0006469999999999999,11.86
1.3984680444002153,0.6347222954034806,7.880449235439302e-06,1992.0284226536749,121000000.0,0.00039399999999999993,13.83
1.387394016981125,0.7299878261983396,3.0256403982639318e-06,2530.486464500427,87800000.0,0.000376,12.42
1.7740570127964022,0.6113936573266984,3.0852743983268743e-06,1970.3500270843504,101000000.0,0.00026100000000000006,8.88
1.6503854691982272,0.886500120162964,7.611218377947809e-06,1085.7808142900465,645000000.0,0.00211,2.11
1.7705240249633791,0.7041367560625077,9.816989302635195e-06,2084.2537581920624,151999999.99999997,0.00114,16.72
1.4208948880434038,0.6606402933597565,8.64980658888817e-06,553.3335655927657,384000000.0,0.000791,7.48
1.6348979651927948,0.6673388063907624,6.5250718276947745e-06,2738.34753036499,100000000.0,0.000554,15.77
1.4284497499465945,0.7245890982449056,3.0690765976905827e-06,1987.3330667614935,107000000.00000001,0.0004049999999999999,11.0
1.5187327589839699,0.7063350051641465,3.2856613695621496e-06,547.4897027015685,350000000.0,0.00051,1.6499999999999992
1.413937756419182,0.8044870018959046,3.3799838721752174e-06,840.5839204788207,303000000.0,0.000791,4.14
1.4049112200737002,0.6831806123256684,8.826512902975083e-06,896.650657057762,261999999.99999997,0.000873,11.4
1.5495876476168633,0.642233830690384,5.941756352782251e-06,2740.016087889671,91500000.0,0.0003789999999999999,14.65
1.5035738026723267,0.764174734801054,8.113260075449944e-06,2186.936244368553,465999999.99999994,0.0009050000000000001,3.5500000000000003
1.4987296217121184,0.7538829155266286,6.008984193205834e-06,1163.3849442005155,217000000.00000003,0.00101,11.26
1.545045679807663,0.8469326198101045,4.2164180278778085e-06,1073.9122629165647,228000000.0,0.00128,9.02
1.4685387723147871,0.7932117372751236,4.99422423541546e-06,950.531169772148,276000000.0,0.0010500000000000002,8.0
1.6510078668594361,0.6834908768534661,9.348718196153642e-06,2198.8129913806915,139000000.0,0.000855,16.24
1.4892738550901414,0.6326943844556809,6.47302719578147e-06,2762.642905116081,90600000.0,0.0003439999999999999,14.72
1.599742913246155,0.676318046450615,7.554929018020631e-06,1881.590412929654,139000000.0,0.000726,14.84
1.6670035779476167,0.8823820173740388,8.199207678437234e-06,876.4699399471282,508000000.00000006,0.00271,6.5
1.4973813688382507,0.6366713851690293,5.187383070588113e-06,2735.8071058988567,85800000.0,0.0003039999999999999,13.8
1.4666936896741392,0.8056084424257279,3.0353412628173833e-06,1513.772692531347,141000000.00000003,0.000726,10.17
1.4983367936220022,0.6980058208107949,5.398808240890504e-06,2062.9100427031517,122000000.00000004,0.000576,13.78
1.6151459366083147,0.6364694327116013,3.1386029720306402e-06,563.7640058994292,291000000.0,0.0003349999999999999,1.7099999999999997
1.4832984231412412,0.7167363367974758,6.479774367064238e-06,999.6079206466674,255000000.0,0.000855,9.700000000000001
1.268883901834488,0.606953126192093,6.623677078634501e-06,2601.0185778141017,85800000.0,0.00019399999999999995,13.16
1.4948534080758693,0.7732686795294286,5.7254860699176796e-06,875.576615333557,323000000.0,0.0011,7.55
1.7638404607772828,0.8139828085899353,6.973875790834428e-06,1193.6540082097051,224999999.99999997,0.00195,13.28
1.559800346195698,0.84041505753994,4.181948572397232e-06,1154.1233882308004,211000000.0,0.00125,9.64
1.3950029611587527,0.6192717343568802,5.707327276468278e-06,599.5635986328124,300000000.0,0.0003439999999999999,4.58
1.3954879313707353,0.6357279181480409,8.940096318721773e-06,657.1792364120482,320000000.0,0.000595,8.04
1.6266858369112016,0.7919836521148682,8.892552882432938e-06,779.3814986944197,323000000.0,0.00216,12.14
1.3855456709861758,0.627192708849907,3.3165111243724828e-06,1168.4721633791921,153999999.99999997,0.00020100000000000014,5.84
1.2712738931179048,0.6857881665229798,9.132672488689425e-06,1743.9518701285122,159000000.00000003,0.0006100000000000001,14.59
1.4391892701387408,0.6709029614925385,8.987402349710466e-06,1650.733847171068,160000000.00000003,0.000667,14.379999999999999
1.4995097424834969,0.7286036923527718,8.441327184438707e-06,1094.9753522872923,237000000.0,0.00119,12.93
1.215813320875168,0.6535806745290756,9.716147750616075e-06,2516.5605843067165,110000000.0,0.00038299999999999993,15.89
1.4981577191501858,0.7601553864777089,7.519837677478791e-06,935.1446777582167,279000000.0,0.00133,11.19
1.3442854464054108,0.8724508166313172,3.1100657284259804e-06,2624.119699001312,272000000.0,0.0006010000000000002,0.8199999999999995
1.4715391248464587,0.8254917740821839,6.481346460059286e-06,696.3531970977782,389000000.0,0.00163,7.719999999999999
1.4931992825120688,0.6970065683126451,6.516628488898278e-06,1768.1401148438451,144000000.00000003,0.000679,13.85
1.3152289867401123,0.6152918547391892,7.370805665850641e-06,2411.367252469063,95399999.99999999,0.00025299999999999997,13.72
1.7393165051937105,0.8908237874507905,5.906813025474549e-06,890.6370699405669,271000000.0,0.00242,10.83
1.4774430625140669,0.7108145490288735,4.5464664697647105e-06,977.1786928176879,285000000.0,0.0005970000000000001,5.31
1.6023357510566714,0.6474839955568314,5.8526526987552654e-06,2616.9506013393398,95600000.00000001,0.000433,14.71
1.464737129956484,0.6952353045344354,6.7004082761704935e-06,1203.1675800681112,202000000.0,0.00073,11.43
1.4485143005847931,0.6302941650152207,5.503558322787286e-06,835.5745971202849,235000000.00000003,0.00038299999999999993,6.85
1.4522277340292933,0.7183978892862798,5.0868101119995125e-06,1281.2997326254842,178000000.00000003,0.000675,11.01
1.633649003505707,0.6680112630128862,5.477805793285371e-06,2672.240242362022,96399999.99999999,0.000508,15.03
1.557847009599209,0.6655976772308351,4.073787301778794e-06,2544.85073685646,90000000.00000001,0.00036200000000000007,13.05
1.7045306861400606,0.594984269142151,3.015349984169007e-06,1670.6578917801378,112999999.99999999,0.00020600000000000007,7.27
1.5540956228971483,0.6447591215372086,5.1883606463670735e-06,1779.8017542809246,123000000.00000003,0.00039699999999999984,11.92
1.6675319731235505,0.7348132453858853,7.180644750595094e-06,1768.3870457112787,162000000.00000003,0.0011,14.77
1.6785568177700043,0.8341279596090317,5.078622445464135e-06,1208.1033289432523,210000000.0,0.00157,11.38
1.4868542052805425,0.6378480434417725,7.842035159468651e-06,1891.0042215138672,128000000.0,0.00045700000000000005,13.81
1.5204972065985205,0.6872549861669541,9.234935969114304e-06,1441.212363541126,182000000.0,0.000913,14.57
1.5696793869137766,0.7612393610179425,5.2824023514986044e-06,1449.9649330973623,173000000.0,0.000983,12.31
1.4332856699824335,0.6552096158266069,7.456068590283395e-06,602.880373597145,370000000.0,0.0006370000000000001,6.14
1.4901922635734082,0.6539071261882783,8.477884680032731e-06,1273.3400538563726,187999999.99999997,0.0006410000000000001,12.46
1.462669448554516,0.7538106724619866,8.79349207878113e-06,2145.629033446312,486999999.99999994,0.00086,3.54
1.4571767181158066,0.6404931575059891,8.319014221429826e-06,912.2750461101531,251000000.0,0.0005769999999999999,9.410000000000002
1.285586875677109,0.654138207435608,9.430564612150193e-06,601.6195118427275,332000000.0,0.0007120000000000001,9.43
1.5179134022444487,0.7976308017969133,5.2299377620220195e-06,1065.216392278671,231000000.0,0.0011999999999999997,10.27
1.4251978620886805,0.6212743341922761,8.162222728133203e-06,2760.266467928886,93199999.99999997,0.000341,15.3
1.217378604412079,0.7005493953824043,9.997488886117937e-06,1418.6809509992597,186999999.99999997,0.000708,14.509999999999998
1.4815297577530147,0.8380337566137315,5.089245915412903e-06,747.9633688926696,366000000.0,0.0014099999999999998,6.23
1.6799157679080965,0.6796287149190904,6.210898235440255e-06,2761.0761225223537,101000000.0,0.000617,15.919999999999998
1.6208468288183213,0.869646030664444,7.744746863842011e-06,1125.1976266503332,509000000.00000006,0.00204,5.04
1.5610657274723054,0.78693191036582,8.180897638201714e-06,800.0163286924361,319000000.0,0.00187,11.46
1.417182943224907,0.6312040060758591,7.134217619895936e-06,1160.213567316532,186999999.99999997,0.0004269999999999999,10.25
1.4839136704802514,0.7383275449275971,6.653500180691481e-06,1111.736327409744,231000000.0,0.000989,11.24
1.5503960877656937,0.6548887699842454,4.756787955760957e-06,1794.1526900976894,122000000.00000004,0.00040400000000000006,11.7
1.5494280427694322,0.8144746631383897,8.099333897233011e-06,668.6476171016692,369000000.0,0.00216,10.44
1.716978442668915,0.6921960353851319,8.169807597994805e-06,2008.7930485606191,143000000.00000003,0.0009459999999999999,15.78
1.7814542412757874,0.8010401397943497,4.021452993154526e-06,2240.4204607009888,119000000.0,0.00106,13.81
1.6160225719213488,0.5938499093055726,2.937145590782166e-06,792.8249537944793,218000000.00000003,0.00019500000000000008,1.62
1.7339978992938996,0.8438741773366929,5.043718129396439e-06,1277.2570103406904,198000000.00000003,0.00167,11.89
1.311890780925751,0.720455664396286,9.707459300756455e-06,916.0998761653899,258000000.0,0.0010699999999999998,12.99
1.718455857038498,0.693146212399006,8.147091999650003e-06,2546.839073300361,122000000.00000004,0.000835,16.56
1.475985648483038,0.6792352974414826,9.335339218378069e-06,1550.6580770015714,170999999.99999997,0.0007950000000000001,14.69
1.5854504674673082,0.8572451055049897,3.078517317771912e-06,869.2979365587233,240000000.0,0.00112,6.38
1.403390657901764,0.6228449285030365,3.5555229783058172e-06,2218.1409150362015,89399999.99999997,0.00018299999999999995,10.16
1.5379094615578652,0.7181225828826429,7.499031230807305e-06,1457.623869180679,182000000.0,0.000967,13.78
1.4549433320760727,0.7064071208238603,5.485385239124299e-06,1566.5629059076307,151999999.99999997,0.0006379999999999999,12.5
1.6618503570556642,0.8813656389713288,5.569852605462075e-06,1591.1566764116285,507000000.00000006,0.0015600000000000002,1.4900000000000002
1.6150356441736222,0.6687908560037613,7.68373203277588e-06,2396.761953830719,116999999.99999997,0.0006449999999999998,15.79
1.630878567695618,0.749113216996193,7.209151640534402e-06,1429.3318539857862,192000000.0,0.00123,13.75
1.610379293560982,0.7417010642588139,8.717255771160127e-06,1215.7743722200391,224999999.99999997,0.0014099999999999998,13.91
1.7385796666145326,0.9051022589206696,3.024813443422318e-06,1917.3507317900655,137000000.0,0.00121,10.33
1.716221970319748,0.7161402538418771,5.98753833770752e-06,2467.5601273775096,115999999.99999997,0.0008189999999999998,15.51
1.7792454779148104,0.7022196829319001,9.087789118289948e-06,2385.10000705719,134999999.99999997,0.00101,16.79
1.2732871413230897,0.5945248067378999,2.9802331924438482e-06,935.6410354375838,191000000.0,0.00011899999999999997,1.1000000000000003
1.3607109993696214,0.7133320659399033,3.1288489103317267e-06,2247.9875683784485,95500000.00000003,0.00034600000000000017,11.63
1.4961220046505332,0.8250403851270677,8.129741176962853e-06,601.9261777400969,410000000.0,0.00217,9.47
1.6773341774940491,0.6746542900800706,3.1789478957653052e-06,753.4751594066619,296000000.0,0.00043700000000000005,2.22
1.421615079045296,0.7656151928007603,7.39244730770588e-06,2412.603974342346,491000000.00000006,0.000778,1.72
1.4400264278054238,0.6363994002342225,7.531852200627328e-06,2576.4887332916255,99400000.00000001,0.00038099999999999994,14.98
1.502502744086087,0.7217325478792191,6.939222648739816e-06,830.4676711559295,327000000.0,0.00098,8.33
1.4319169119000437,0.6650073230266572,8.082906514406206e-06,2412.6302003860474,115999999.99999997,0.0005109999999999998,15.36
1.6892350137233736,0.8869524121284486,4.260566234588624e-06,1007.7939480543135,251999999.99999997,0.00172,8.48
1.6624676764011384,0.8797121286392213,7.50290283560753e-06,607.1656495332717,387000000.0,0.0029,9.87
1.660600107908249,0.8134913474321366,9.809238791465761e-06,654.6230167150496,379000000.0,0.00278,12.0
1.5502435997128488,0.8266363352537156,9.201948523521424e-06,557.4348866939544,417000000.0,0.0026099999999999995,10.64
1.5202008403837681,0.7398291505873203,8.781159102916718e-06,1006.9784820079802,258000000.0,0.0013800000000000002,12.87
1.4167198061943056,0.6977752089500427,9.919107168912888e-06,1857.2732824832199,158000000.0,0.0007929999999999999,15.78
1.7460747778415682,0.9132875204086305,7.743061035871507e-06,866.2391752004622,646000000.0,0.00287,3.24
1.53676500543952,0.6479714423418046,3.1678319871425633e-06,2318.4730038046837,88700000.0,0.0002669999999999999,10.94
1.4139513194561006,0.6309708684682847,6.836013223975898e-06,2134.0888291597366,109000000.00000001,0.0003439999999999999,13.57
1.3947040110826494,0.6240556508302689,3.393293589353562e-06,1456.514999270439,127000000.00000001,0.00019399999999999995,7.34
1.4913558823987842,0.75394292101264,5.110700741410256e-06,893.5863822698592,340000000.0,0.000873,5.58
1.6681932270526887,0.7275387436151505,6.099416941404344e-06,2190.7110065221786,130000000.0,0.0008830000000000001,15.05
1.456271128356457,0.6876005575060845,8.188229247927667e-06,1295.6643030047414,192000000.0,0.0007839999999999999,13.07
1.6393579781055452,0.8850486338138581,2.9157682657241828e-06,1572.0095597207544,143000000.00000003,0.0011,10.19
1.6164860039949418,0.742985650151968,5.913240753114224e-06,1722.714898176491,153999999.99999997,0.0009620000000000001,13.81
1.5259266749024392,0.6367008626461029,4.318149536848069e-06,1194.0568611025808,162000000.00000003,0.00034200000000000013,8.29
1.4433853760361672,0.6506531864404679,8.518814772367478e-06,658.8696986436843,325000000.0,0.0007020000000000001,8.37
1.462001332640648,0.7859435476362706,3.6561675965785985e-06,1588.5109752416608,155000000.0,0.0007219999999999999,10.07
1.7293573379516602,0.7877024441957474,3.0141775608062748e-06,2734.8310798406596,90600000.0,0.00073,13.61
1.5979045271873475,0.648597800731659,5.837322637438775e-06,2729.3431311845775,93199999.99999997,0.00042600000000000005,14.86
1.5558142036199571,0.8240691035985948,7.380281642079355e-06,719.9403196573256,347000000.0,0.00206,10.17
1.5180954303592444,0.6479674816131592,9.817747414112093e-06,2865.373075008392,105000000.00000003,0.000521,16.87
1.3285268962383272,0.6153427988290787,5.512913301587106e-06,2418.1127846240997,89399999.99999997,0.0002080000000000001,12.4
1.5426495105028153,0.6446494638919831,7.523316770792009e-06,2265.8162862062454,112999999.99999999,0.00048199999999999995,14.8
1.617640954256058,0.7928007066249848,5.289194583892823e-06,1303.062506020069,197000000.00000003,0.00126,11.78
1.679997754096985,0.7582357965409756,5.0673770904541025e-06,1988.545350730419,133999999.99999997,0.00095,14.04
1.728837847709656,0.599857395887375,3.0532394945621497e-06,2276.402071118355,85800000.0,0.00021999999999999998,9.700000000000001
1.5066684287041427,0.6356101602315903,5.2242144793272025e-06,1485.768288373947,140000000.0,0.000365,10.68
1.5246163733303548,0.7901169329881669,2.984318315982819e-06,1536.6226732730863,136000000.0,0.000699,10.27
1.4257030427455903,0.7194018669426442,8.679865062236787e-06,782.4454754590987,307000000.0,0.00118,10.98
1.6630490720272066,0.8775888204574586,3.7097527682781227e-06,1214.40365165472,214000000.00000003,0.0014099999999999998,8.64
1.6760805487632753,0.6725609689950943,7.615807518363e-06,2175.1985251903534,126000000.00000001,0.0007399999999999999,15.62
1.3055021882057192,0.6133744597434998,9.234340578317644e-06,1185.7264041900632,176000000.0,0.000369,11.28
1.4492038607597353,0.6503842949867249,8.367514789104463e-06,1912.1899753808973,133999999.99999997,0.0005059999999999999,14.21
1.7139222621917727,0.7494824297726155,6.1013471633195885e-06,1993.3452755212782,143000000.00000003,0.00106,14.77
1.5804676830768587,0.6798751205205918,8.433156937360765e-06,2509.176984429359,121000000.0,0.0006850000000000001,16.19
1.2616061568260195,0.6030008554458619,8.689837336540224e-06,2104.866422712803,106000000.00000003,0.000246,13.37
1.616714707016945,0.8752813875675203,4.961516857147217e-06,1957.1056887507436,454000000.00000006,0.0011999999999999997,0.5099999999999996
1.3322391986846924,0.6113782346248627,6.445142021402718e-06,580.9723138809203,300000000.0,0.00031400000000000004,4.8
1.6397254317998888,0.7971358358860017,7.156122431159021e-06,1025.5790054798124,257000000.0,0.00174,12.15
1.6931232690811158,0.8292156994342804,5.0344084203243265e-06,1275.320492684841,200000000.0,0.00153,11.7
1.4920039493590596,0.7837480075657368,7.0169580727815635e-06,782.3426574468612,339000000.0,0.00143,9.23
1.2107396543025972,0.7023398011922837,9.980611830949785e-06,1324.3798837065694,196000000.00000003,0.000729,14.25
1.508559192158282,0.7127933017909528,3.819848328828813e-06,1679.9874156713483,133999999.99999997,0.0005239999999999999,10.82
1.6524967253208163,0.8992303848266603,3.131820440292359e-06,2564.4774287939067,272000000.0,0.0009369999999999999,1.9300000000000002
1.4751167446374895,0.8294583231210709,5.246922880411149e-06,804.7726303339003,311000000.0,0.0014,7.959999999999999
1.4811935663223268,0.6909983709454537,3.246218711137772e-06,487.2240424156188,348000000.0,0.0004500000000000001,1.4700000000000004
1.3205361485481264,0.6130491614341737,6.478736475110055e-06,1371.019549667835,146000000.0,0.0002709999999999999,10.17
1.5497236847877505,0.769786197692156,6.3814570065587765e-06,1144.5036455988882,228000000.0,0.00124,11.67
1.4161676555871965,0.7707616321742535,2.948888182640076e-06,2447.7120041847224,94300000.00000001,0.0005069999999999999,12.74
1.7293899893760682,0.8220457702875138,8.07062840461731e-06,889.52998816967,292000000.0,0.00238,12.41
1.535148683935404,0.7405376225709915,4.9176721870899205e-06,1686.2720269709823,145000000.0,0.0007719999999999999,12.809999999999999
1.6706611096858979,0.6499789506196977,3.1296775341033942e-06,804.1493892669677,225999999.99999997,0.0003710000000000001,4.080000000000001
1.485168980062008,0.7712521769106389,5.664756730198861e-06,933.4492981433867,285000000.0,0.00106,8.54
1.5730934813618662,0.8018556654453278,2.941925406455994e-06,1683.498636819422,128000000.0,0.0007499999999999999,10.790000000000001
1.6416023880243302,0.663932365179062,7.762530878186227e-06,2200.9245604276657,123000000.00000003,0.00067,15.53
1.7413814663887026,0.5998360633850098,3.0776340365409857e-06,1940.3666928410528,99500000.00000001,0.00022899999999999996,8.61
1.498666657274589,0.7488619811832905,2.9418590664863592e-06,2854.8797518014903,83200000.00000003,0.00047600000000000013,13.579999999999998
1.5446966484189035,0.6515447795391084,6.059555798768998e-06,1889.5912189036605,124000000.00000003,0.000464,13.09
1.387179207801819,0.6562916278839112,8.775874853134157e-06,2466.6298478841777,112999999.99999999,0.000477,15.84
1.412312909960747,0.6311516135931016,7.025436133146287e-06,2057.9962357878685,112999999.99999999,0.0003550000000000001,13.52
1.568609270453453,0.7328995764255525,9.992139130830766e-06,1103.6403030157087,241000000.0,0.0014700000000000002,14.349999999999998
1.292987322807312,0.6772543251514436,9.252545893192292e-06,1072.6477503776548,223999999.99999997,0.0007160000000000001,12.48
1.424681442975998,0.6736278265714646,8.651198476552965e-06,2037.2703224420545,138000000.0,0.000605,15.04
1.5790554195642472,0.8535260528326035,2.979413747787476e-06,1140.7564505934713,176000000.0,0.00103,8.770000000000001
1.6890039682388307,0.880057454109192,2.9898307919502263e-06,831.2622755765914,240000000.0,0.00136,6.52
1.5450542494654658,0.8558279871940614,9.129891842603684e-06,1011.663183569908,531000000.0,0.00216,6.41
1.3639669686555864,0.6214701622724533,7.226213842630388e-06,1035.8841270208356,199000000.00000003,0.0003770000000000001,9.36
1.5275206334888936,0.8209314644336702,7.282856807112695e-06,704.1175216436385,354000000.0,0.00196,9.8
1.7215448498725892,0.7853489018976689,5.713436082005502e-06,1570.6125758588312,170999999.99999997,0.00133,13.55
1.7632402360439303,0.8717499554157258,8.944411963224413e-06,632.8265666961669,379000000.0,0.00339,11.53
1.4634274117648602,0.7141550280153752,6.24343340098858e-06,1217.1750813722608,201000000.0,0.0007810000000000002,11.39
1.498119611805305,0.6370114445686341,3.4802291989326485e-06,1757.20864161849,111999999.99999999,0.0002559999999999999,9.4
1.5119079139083624,0.7251600220799447,7.049640730023385e-06,1337.694890797138,194000000.0,0.0009580000000000001,12.93
1.504620345309377,0.6750793755054475,5.9264834523201e-06,1943.952918052673,126000000.00000001,0.000527,13.49
1.4936959141865374,0.725270339101553,4.215817004442215e-06,1569.5686191320417,147000000.0,0.000617,11.28
1.5818837463855744,0.7359572801738978,7.324628353118897e-06,1412.477523088455,191000000.0,0.00111,13.63
1.4986231691669674,0.7713628001511098,6.690171997994185e-06,825.4316747188567,334000000.0,0.00127,8.71
1.4859712712466717,0.6795894652605058,9.313177913427353e-06,1906.2681049108503,149999999.99999997,0.000739,15.4
1.4733051717281342,0.8061167746782304,4.142861604690553e-06,1186.6032257676122,208999999.99999997,0.000943,9.1
1.497650304157287,0.730905282497406,3.0278214812278755e-06,2206.618554890156,100000000.0,0.0004409999999999998,11.67
1.3999243676662447,0.6327541619539262,8.433815747499467e-06,1008.1544071435927,224999999.99999997,0.0004889999999999999,9.78
1.7400262713432313,0.7452381402254106,8.270313382148743e-06,1640.6699568033216,182000000.0,0.0014,15.19
1.5939364939928056,0.7811007253825665,7.147283568978311e-06,1054.4689297676084,251000000.0,0.00153,12.05
1.6874967813491824,0.7567459166049958,7.143400803208352e-06,1528.3184237778185,184000000.0,0.00131,14.18
1.7450339555740357,0.8994115769863129,9.926195532083513e-06,480.6857109069823,462000000.0,0.00414,10.72
1.198821473121643,0.6594976276159287,9.656449705362322e-06,1773.6351415514944,142000000.00000003,0.0004470000000000002,14.65
1.3597564905881883,0.6211085379123689,7.488382935523988e-06,687.3660832643508,307000000.0,0.000413,6.13
1.5799511522054674,0.8180929988622666,6.493877803906799e-06,1984.2106401920316,523999999.99999994,0.00114,1.4200000000000004
1.480370666831732,0.7131497271358967,3.0280939340591437e-06,1191.847316920757,162000000.00000003,0.000453,7.87
1.5585412010550501,0.6407651871442795,4.436259716749192e-06,2140.220433473587,101000000.0,0.0003290000000000001,12.02
1.3578228861093522,0.7622672460973263,2.9563007354736335e-06,2482.0217043161388,91500000.0,0.00044899999999999996,12.8
1.6052479058504106,0.6001323759555817,2.9761660099029547e-06,2779.461249709129,71399999.99999997,0.00016000000000000004,10.17
1.4418634057044983,0.6727257907390595,3.381502181291581e-06,1460.2267295122144,132999999.99999997,0.00033899999999999995,8.98
1.6872465491294861,0.6779991298913957,6.2549660727381714e-06,2839.3684625625606,99000000.00000001,0.000607,16.02
1.5805933445692064,0.7188069976866246,8.860337108373644e-06,1362.847752869129,200000000.0,0.00117,14.4
1.587526971101761,0.7590564139187337,6.2197515442967425e-06,1352.8064191341398,194000000.0,0.00114,12.649999999999999
1.3836374312639237,0.6223352283239365,5.321682810783387e-06,2798.480868339538,81000000.00000001,0.0002300000000000001,13.4
1.4043637186288835,0.6205775231122971,4.494572967290879e-06,2047.3728254437444,100000000.0,0.00022099999999999987,10.9
1.35700481235981,0.6217210024595261,7.1060091555118574e-06,2023.3648195862768,111000000.0,0.0003039999999999999,13.129999999999999
1.5838325053453446,0.8037110477685929,3.0579435825347907e-06,2152.4866223335266,111000000.0,0.0007460000000000001,12.15
1.4796460412442685,0.8073020339012147,9.05754914879799e-06,1410.9625965356825,730000000.0,0.00139,0.86
1.3035470724105835,0.6140706449747086,9.058540076017381e-06,2226.549118757248,107000000.00000001,0.000301,14.3
1.4722934134304524,0.5939533352851868,3.007361441850663e-06,681.6286146640776,245000000.00000003,0.00016900000000000004,0.16000000000000014
1.5347923234105112,0.7904572784900666,3.3751723468303686e-06,944.405823945999,288000000.0,0.0008059999999999999,4.159999999999999
1.4146105706691743,0.6206188917160035,3.559728473424912e-06,1273.137845098972,144000000.00000003,0.00020400000000000005,6.66
1.5159395243972542,0.6976088047027589,9.836504727602007e-06,1797.251312062144,163000000.0,0.00091,15.87
1.4668284863233567,0.7294855490326883,4.914399728178979e-06,997.4950104951857,247000000.0,0.00073,7.97
1.485140060260892,0.7580139063298703,4.202354788780213e-06,1174.7983768582342,219000000.0,0.0007569999999999999,8.14
1.524274952709675,0.7087306022644043,3.863510042428971e-06,2021.4086323976514,112999999.99999999,0.000492,12.04
1.5172150131314994,0.8119447588920594,5.761218175292016e-06,908.6212813854216,272000000.0,0.0014399999999999999,9.84
1.2641829550266268,0.6048798143863678,7.639658614993097e-06,876.5688091516494,212000000.0,0.00028100000000000005,7.94
1.1991149425506593,0.6587494522333146,9.705716311931612e-06,1860.7606571167705,137000000.0,0.00043700000000000005,14.85
1.4555441647768022,0.726205649971962,8.28822559118271e-06,712.6554399728774,344000000.0,0.00123,9.83
1.415127432346344,0.7267133407294751,3.0705709159374244e-06,2084.1754153370857,102999999.99999999,0.0003990000000000001,11.28
1.4896046094596387,0.703415322303772,5.47044424712658e-06,1939.4980296492574,129000000.0,0.000611,13.62
1.491515879519284,0.7528552271425725,4.028677791357041e-06,1366.2685751914976,173000000.0,0.0007110000000000002,9.95
1.3305124282836915,0.6196746468544007,3.521221041679383e-06,981.9567501544951,180000000.00000003,0.00018000000000000004,4.45
1.4937524478882553,0.6704924583435059,5.900648675858976e-06,1158.6012616753576,192000000.0,0.000576,10.35
1.443782588839531,0.6824204787611962,6.507304854691029e-06,784.7878634929656,376000000.0,0.0006760000000000002,5.4
1.5388139426708223,0.7139431446790696,6.4379549697041525e-06,1778.5215582698581,148000000.0,0.0007969999999999999,14.09
1.6059605062007904,0.865666338801384,3.1927403509616856e-06,724.5938032865523,359000000.0,0.00122,3.0599999999999996
1.6164215862751008,0.7190861798822881,4.1687193810939795e-06,2635.9881758689876,96500000.00000003,0.000583,14.4
1.567600178718567,0.8058489292860032,6.038820855319501e-06,1000.4733055830001,255000000.0,0.0014999999999999998,10.78
1.5343489274382593,0.8537402004003526,4.364203035831452e-06,957.4313014745711,278000000.0,0.00134,7.39
1.2890288650989534,0.6102098375558853,3.658261895179749e-06,2030.3457155823705,93800000.00000001,0.00013600000000000003,8.88
1.7640865266323091,0.8646212875843049,7.1120108366012585e-06,861.9931638240813,288000000.0,0.0026,11.71
1.4744055904448035,0.6850034683942795,6.083060748875142e-06,950.2359032630919,248000000.0,0.000664,8.75
1.515000329911709,0.6926070973277093,3.891048848628999e-06,1461.5609794855116,148000000.0,0.0004830000000000001,9.87
1.2814785540103915,0.6043342173099518,6.492144580930472e-06,570.2209025621413,297000000.0,0.0002649999999999999,4.34
1.405806827545166,0.8494200915098191,3.314733505249024e-06,1624.1253465414045,196000000.00000003,0.0007879999999999999,6.88
1.4338878214359285,0.6284495204687119,5.363940745592118e-06,2046.0686758160589,106000000.00000003,0.0002909999999999999,12.16
1.6993352293968202,0.6726747304201127,3.148059338331223e-06,824.2342919111251,257000000.0,0.00042899999999999997,3.3500000000000005
1.6349023193120957,0.7393157780170442,9.647269755601885e-06,1174.6006384491918,232000000.0,0.00153,14.42
1.4329195752739907,0.7618385128676892,9.412301510572435e-06,1964.082561433315,634000000.0,0.000957,1.1899999999999997
1.5715627357363702,0.8181404381990434,8.84529545903206e-06,1318.401090800762,574000000.0,0.00161,4.130000000000001
1.467182593792677,0.7391707442700863,8.048885479569437e-06,742.1984821557998,341000000.0,0.00128,9.83
1.5112085446715355,0.6840276494622232,4.318865090608598e-06,1476.3436019420622,149000000.0,0.000488,10.46
1.5191159918904307,0.8263819098472596,4.218716979026795e-06,1151.0473787784574,211000000.0,0.00113,9.53
1.556826111674309,0.7373047851026059,2.990196287631989e-06,2307.7077344059944,97600000.00000001,0.00048399999999999995,12.03
1.505290979705751,0.6361174911260605,7.801673650741577e-06,1709.87381786108,138000000.0,0.0004740000000000001,13.31
1.7517376184463502,0.7062604129314424,8.022357627749445e-06,2043.0573374032972,145000000.0,0.0010399999999999997,15.89
1.5467338755726816,0.7618884466588498,5.921530276536943e-06,1261.1970230937002,203000000.0,0.00109,11.9
1.4629228524863722,0.6930862873792649,5.33461430668831e-06,1271.1730524897573,177000000.0,0.0005999999999999997,10.86
1.4427821695804597,0.6569625288248063,4.995566472411156e-06,600.8207350969313,354000000.0,0.0004470000000000002,3.24
1.4539748713374139,0.6580989360809327,3.4050572514534e-06,591.0482555627822,296000000.0,0.0003510000000000001,2.43
1.711456722021103,0.7718284852802754,5.039671391248704e-06,1902.4757128208873,140000000.0,0.00106,13.899999999999999
1.455391775071621,0.6283295005559922,4.507114350795747e-06,2139.7758573293686,98500000.00000001,0.00025900000000000006,11.59
1.4674836851656439,0.6924966573715211,7.673177719116212e-06,1040.753901004791,238000000.0,0.0008300000000000001,11.14
1.480341037362814,0.7309305779635907,5.596257477998735e-06,963.9867693185805,372000000.0,0.000792,4.79
1.2855579257011416,0.6040878653526307,5.600449517369271e-06,675.265148282051,255000000.0,0.00022699999999999993,4.34
1.7947119355201724,0.8466376841068268,7.737457290291787e-06,921.7244684696196,279000000.0,0.0026099999999999995,12.55
1.487434932589531,0.7219475157558919,7.295503541827203e-06,1237.873539328575,207999999.99999997,0.000957,12.55
1.4623831674456598,0.686311934888363,8.623451679944993e-06,1348.3175188302992,186999999.99999997,0.000813,13.67
1.7489827036857606,0.8953436136245728,8.45728549361229e-06,654.7781378030776,505999999.99999994,0.00347,7.75
1.6405372917652132,0.6619759976863862,6.860254745930434e-06,2428.806751966476,109000000.00000001,0.0005840000000000001,15.45
1.6420906126499177,0.7119518816471101,6.9939530193805704e-06,1989.1306310892103,142000000.00000003,0.000897,15.09
1.5020332847256215,0.771978434175253,2.9409941434860236e-06,2563.8752728700633,92199999.99999999,0.000554,13.04
1.6402331829071046,0.8730535089969635,4.418568849563599e-06,898.3380645513533,320000000.0,0.00165,6.46
1.4851107046008112,0.652954450249672,3.4149800837039955e-06,1656.4684752374885,119000000.0,0.00029699999999999996,9.36
1.5412903860211373,0.8899303793907166,9.67986896634102e-06,507.39604234695423,499000000.0,0.00344,9.69
1.4150184899568559,0.6188467115163804,4.626868009567261e-06,1082.0867419242857,171999999.99999997,0.0002599999999999999,7.2
1.4752467893064023,0.8178245633840562,4.3082206547260295e-06,1088.473007082939,228000000.0,0.0010500000000000002,8.81
1.463263437151909,0.7512013837695123,8.71300855278969e-06,787.8996729850768,312000000.0,0.00149,11.54
1.4758596159517767,0.7547708362340928,8.568920642137529e-06,2343.283362686634,596000000.0,0.000844,0.5600000000000005
1.642062744498253,0.8984071969985963,9.983614236116411e-06,725.6394922733306,835000000.0,0.00319,2.9099999999999997
1.4703401237726212,0.6916587889194489,5.968460641801358e-06,896.2188959121703,269000000.0,0.0006850000000000001,8.04
1.5759707361459734,0.8055493444204331,5.122070536017419e-06,1161.2091138958929,216000000.00000003,0.0012899999999999997,10.86
1.6979531586170198,0.7200520098209382,3.9246942698955545e-06,2923.4443157911296,88100000.00000001,0.000589,14.79
1.5233551025390626,0.8084500193595887,4.958282887935639e-06,1068.0761486291883,228000000.0,0.00122,10.08
1.6320088237524033,0.8750211417675019,4.302695244550706e-06,954.0827125310897,282000000.0,0.0016,7.46
1.6159295439720156,0.7728578589856625,8.948311835527421e-06,884.1067850589751,291000000.0,0.00189,12.75
1.5141108937561514,0.7259193643927575,4.302472859621049e-06,1834.9741231650112,129000000.0,0.0006150000000000001,12.42
1.5023446446284654,0.6745357543230057,4.618763059377671e-06,870.0155019760131,269000000.0,0.0004830000000000001,5.4
1.517713624611497,0.7729024596512318,8.106022968888285e-06,822.110429406166,311000000.0,0.00164,11.32
1.3094900071620943,0.7187511764466763,9.704032987356188e-06,702.2810280323027,312000000.0,0.00115,11.71
1.5105871461331846,0.7211489595472813,9.445975303649904e-06,1123.5685199499128,232000000.0,0.00124,13.81
1.671123379468918,0.8792160630226136,9.157836198806763e-06,784.5961600542067,544000000.0,0.00308,7.06
1.2780157864093782,0.6081330120563507,5.673604980111123e-06,2323.604144155979,90800000.00000003,0.00018000000000000004,11.86
1.455013816058636,0.7293236911296845,8.183278992772103e-06,849.7980535030364,297000000.0,0.00118,10.86
1.383104467391968,0.6325400412082672,8.441859781742097e-06,561.6617500782012,369000000.0,0.000545,6.1
1.4852164451032879,0.6640342444181443,8.20130155980587e-06,2260.2087557315826,123000000.00000003,0.0005620000000000001,15.26
1.6857824921607973,0.7482903219759465,6.175277583301068e-06,1862.1940743178127,149999999.99999997,0.00106,14.48
1.275160324573517,0.7801882289350034,3.1326914131641395e-06,1808.0242462456224,120000000.0,0.000502,11.06
1.5104490526020529,0.7798473961651325,4.083228021860123e-06,1445.4520791769025,165000000.0,0.0008359999999999999,10.89
1.4588290125131609,0.7771883569657804,4.521297752857209e-06,1055.2972108125684,246000000.0,0.000866,7.959999999999999
1.5455686166882516,0.7124095514416695,8.492473006248476e-06,1385.612107813358,193000000.0,0.0010500000000000002,14.17
1.4314176052808762,0.6297334760427475,5.704521700739862e-06,2143.327549099922,103999999.99999999,0.0003039999999999999,12.72
1.5187669962644579,0.7474321737885475,4.2364781498909e-06,1653.9180297404525,143000000.00000003,0.0007110000000000002,11.93
1.3174395203590394,0.7151039578020574,9.599891960620882e-06,882.1740299463271,264000000.00000003,0.0010500000000000002,12.649999999999999
1.5814659923315049,0.8301721841096878,8.385145366191866e-06,1448.6856311559675,643000000.0,0.00157,2.1200000000000006
1.3425617694854737,0.6856445163488388,9.39878484606743e-06,508.37251543998707,396000000.0,0.00102,8.99
1.3832850337028504,0.6445264130830766,8.125196471810342e-06,2163.580574095249,118000000.00000001,0.00041799999999999997,14.42
1.500367263844237,0.7743049375712873,4.879424378275872e-06,1230.4480299353597,195000000.0,0.0009530000000000001,10.86
1.4231947213411333,0.7580715961754323,9.669411450624467e-06,661.529704928398,344000000.0,0.00167,11.77
1.36955806016922,0.6227873593568802,6.268945343792439e-06,2515.871480107307,91500000.0,0.00026399999999999997,13.6
1.4065305948257447,0.6199984341859818,4.562061578035355e-06,1749.2289859801529,113999999.99999999,0.0002300000000000001,10.04
1.728023797273636,0.891168773174286,2.9366661906242376e-06,1473.2963889837263,149000000.0,0.00128,10.32
1.6449254393577577,0.8811092376708985,4.707784622907639e-06,1810.4296289384363,432000000.0,0.0012899999999999997,1.1899999999999997
1.5465282529592514,0.8382817715406419,3.0795399546623236e-06,1444.9492394924162,152999999.99999997,0.000926,9.91
1.4045793235301973,0.6231419652700425,3.5922517478466042e-06,2662.6977622509,76300000.0,0.00017399999999999997,11.24
1.658394867181778,0.7368638623505831,6.1901691332459455e-06,1953.1794935464857,143000000.00000003,0.0009620000000000001,14.63
1.269127643108368,0.6061611235141755,6.689079761505128e-06,1470.2515974640844,136000000.0,0.00022800000000000007,10.180000000000001
1.4601712659001351,0.6899084329605103,6.492319153621794e-06,1569.729924201965,156000000.0,0.0006400000000000002,12.99
1.3986432909965516,0.7109835326671601,9.001334160566331e-06,757.2760730981826,306000000.0,0.00114,11.17
1.522291848063469,0.7561017282307149,7.636265888810158e-06,1482.8742966055868,409000000.0,0.00103,5.73
1.4640640854835512,0.6774303942918778,8.127742424607278e-06,1188.5067373514173,205000000.0,0.000745,12.26
1.5741856634616853,0.7060734987258912,4.101045519113541e-06,2557.253718376159,95600000.00000001,0.000508,13.94
1.454200699925423,0.7188571639358998,5.453182816505433e-06,1367.9981157183645,171999999.99999997,0.0007070000000000001,11.78
1.6601260900497439,0.6831381529569627,9.459890842437746e-06,2084.447994828224,144000000.00000003,0.0008899999999999998,16.16
1.5149364072829485,0.6989127650856972,4.494089603424073e-06,2227.301701903343,109000000.00000001,0.0005039999999999999,13.35
1.26454074382782,0.7306046292185784,9.943715125322343e-06,905.9445112943648,260999999.99999997,0.0010800000000000002,13.25
1.3695957094430924,0.6226667135953904,6.275286052376033e-06,2334.0735509991646,96999999.99999997,0.0002709999999999999,13.24
1.6247376322746279,0.7379746008664371,3.9645754396915445e-06,2432.8496605157848,102999999.99999999,0.0006410000000000001,13.8
1.4841844495385887,0.6394690364599228,3.4259689450263984e-06,706.0791850090026,254000000.00000003,0.0002980000000000001,3.1699999999999995
1.5646819040179254,0.754961907863617,4.90270783007145e-06,1604.262890294194,153999999.99999997,0.0008709999999999999,12.58
1.3733002066612245,0.6199939101934433,6.271998990327121e-06,1191.1689788103101,168000000.0,0.0003259999999999999,9.65
1.7156778216362,0.8755606770515443,6.146213896572591e-06,872.6764023303984,276000000.0,0.00234,10.91
1.7374269068241122,0.668743309378624,3.0042228102684026e-06,2588.3174240589137,83800000.00000001,0.00036800000000000016,12.11
1.5844487875699997,0.7581312529742719,4.124787300825119e-06,1884.0690348297355,130000000.0,0.00076,12.649999999999999
1.545933084189892,0.6497916787862779,7.372931256890298e-06,1596.769645810127,148000000.0,0.0005549999999999999,13.14
1.6030031383037568,0.7232587806880475,4.210309952497483e-06,2508.196040987968,101000000.0,0.0006010000000000002,14.16
1.7455646216869356,0.672682821750641,3.001755297183991e-06,2188.563749194145,98299999.99999999,0.00039000000000000016,10.99
1.4864745017141106,0.6717472225427629,6.586279198527337e-06,1547.4830679595468,153999999.99999997,0.00058,12.69
1.2913170397281648,0.6082991927862168,4.687923103570939e-06,1959.0597525238989,101000000.0,0.00016400000000000008,9.9
1.4642620638012886,0.6925021559000016,5.454595252871514e-06,1205.0993293523786,186999999.99999997,0.0006150000000000001,10.56
1.5255307495594026,0.8180487155914308,3.03889212012291e-06,1566.695302724838,139000000.0,0.0008080000000000001,10.44
1.3547513723373414,0.6865027785301209,9.331264317035677e-06,1999.5262026786802,146000000.0,0.000649,15.41
1.51651156693697,0.7502307817339898,7.427655264735223e-06,1072.6969987154005,245000000.00000003,0.00123,11.99
1.4901593796908856,0.7589896179735661,6.023404687643052e-06,1079.9350887537,235000000.00000003,0.0010399999999999997,10.65
1.4316356733441353,0.694930386543274,8.497453510761263e-06,902.0942002534865,268000000.0,0.0009440000000000002,11.22
1.747337579727173,0.9008341848850251,5.572252318263055e-06,873.2302784919738,274000000.0,0.0024299999999999994,10.29
1.525412117689848,0.6462768763303758,7.883255019783976e-06,1264.5066455006597,184000000.0,0.000595,11.93
1.3526878237724305,0.8726230680942536,3.3865942955017095e-06,2398.670643568039,292000000.0,0.0007070000000000001,1.43
1.5499433130025866,0.8340062767267228,3.3535083830356603e-06,751.0942518711089,357000000.0,0.000999,2.849999999999999
1.570431822538376,0.7523260205984116,8.677531272172929e-06,1014.6694183349608,260000000.0,0.00153,12.98
1.505513561703265,0.639483842253685,6.4956635721027865e-06,1150.0540673732755,186999999.99999997,0.0004799999999999999,10.23
1.527948930859566,0.7992008328437806,3.2557257711887367e-06,842.5348550081252,265000000.0,0.0008300000000000001,5.04
1.7928649842739106,0.7461751364171506,9.810128539800646e-06,1465.510122478008,204000000.0,0.00171,15.67
1.3053604602813722,0.6548524707555772,9.794184625148775e-06,2598.8558977842326,109000000.00000001,0.0004300000000000001,16.22
1.7694159865379335,0.9026294767856599,2.996248662471772e-06,1186.8208944797514,174000000.0,0.0014700000000000002,9.22
1.3822963178157808,0.7082434326410294,3.471813619136811e-06,2388.1843984127045,93499999.99999999,0.00035899999999999994,12.32
1.5526575565338137,0.863013392686844,7.791025981307031e-06,1012.6565694808959,475000000.0,0.00204,6.27
1.2675987482070925,0.6062729001045227,7.628789082169534e-06,2117.340110242367,102999999.99999999,0.00022699999999999993,12.83
1.5598676025867464,0.6400199353694916,4.463698804378511e-06,2036.6560965776441,105000000.00000003,0.0003330000000000001,11.78
1.521672633290291,0.6961504876613618,5.258963689208031e-06,2229.2047291994095,113999999.99999999,0.000558,14.05
1.7888419389724732,0.8472610116004945,5.867780402302743e-06,1230.6232675909994,210000000.0,0.00198,12.64
1.5739533931016922,0.7573038451373578,5.168258801102639e-06,1535.4962199926374,163000000.0,0.0009360000000000001,12.56
1.4775477826595307,0.7977049559354783,4.73856407403946e-06,953.9141803979873,316000000.0,0.00101,6.15
1.7028164863586428,0.869189465045929,3.122593134641648e-06,2524.1057127714153,119000000.0,0.000923,10.96
1.3978227853775025,0.6243925541639328,3.440966576337815e-06,2213.7768864631653,89000000.00000001,0.0001789999999999999,9.98
1.4703609980642798,0.640185695886612,7.773428469896317e-06,2041.9215336441991,121000000.0,0.0004430000000000001,14.13
1.6390911608934404,0.7698773883283139,7.136712253093721e-06,1246.3691383600233,217000000.00000003,0.00143,13.08
1.4766003459692003,0.7850381635129452,3.0373285412788396e-06,982.5728386640548,194000000.0,0.0007070000000000001,7.44
1.4754634246230127,0.7445345990359784,4.323789477348329e-06,1178.2547384500501,201000000.0,0.0007179999999999999,9.11
1.6258513033390047,0.7690485052764416,7.988479599356652e-06,1089.707940816879,246000000.0,0.0016,13.01
1.4493204966187478,0.6840967029333115,5.460227996110917e-06,746.4571595191954,315000000.0,0.0005769999999999999,5.59
1.4567978382110598,0.7531932145357133,8.223599925637247e-06,690.5357837677001,357000000.0,0.00142,9.9
1.5456904381513596,0.6658522188663484,7.046185314655305e-06,1814.240926876664,136000000.0,0.0005939999999999999,13.95
1.6055006682872774,0.7761327154934407,5.108267858624459e-06,1445.9994360804556,175000000.0,0.0010800000000000002,12.22
1.583500000834465,0.7279439672827721,4.912643909454347e-06,2177.9179498553276,119000000.0,0.0007030000000000001,14.1
1.2795742571353914,0.598241651058197,3.0225330591201788e-06,1387.295454740524,128000000.0,0.00011400000000000003,4.33
1.4256358355283738,0.680174258351326,3.3263759613037117e-06,1239.0688732266424,152999999.99999997,0.00035899999999999994,8.0
1.3778757423162462,0.7016880244016648,9.19777473807335e-06,531.386911869049,398000000.0,0.00116,9.15
1.5144622117280961,0.7200433507561684,9.769276678562166e-06,1153.3400341868398,228000000.0,0.00125,14.189999999999998
1.7109316170215607,0.6973481208086014,9.866666465997697e-06,2277.048483490944,143000000.00000003,0.0009909999999999997,16.77
1.4776711843907835,0.7474359400570393,4.6496716439723975e-06,1021.9516158103942,271000000.0,0.0007680000000000001,6.78
1.4218595534563065,0.6301871716976166,6.174582343548537e-06,2247.7915808558464,102000000.0,0.0003149999999999999,13.33
1.4051065027713776,0.6201000809669495,4.554971337318421e-06,1846.3058974593876,109000000.00000001,0.00022699999999999993,10.35
1.4499563187360764,0.6476920098066331,8.650699883699419e-06,1483.2625463604925,165000000.0,0.0005530000000000001,13.03
1.513338939473033,0.660092917084694,5.8453570753335965e-06,1528.3637046813963,148000000.0,0.000499,11.91
1.6733276546001437,0.7062668949365617,8.992923170328142e-06,1654.972407966852,171999999.99999997,0.00112,15.4
1.4093830168247223,0.7189359918236733,8.94246119260788e-06,651.0816067457198,346000000.0,0.00125,10.4
1.738701617717743,0.5996582686901093,3.076748043298722e-06,2019.3985775113104,95700000.00000001,0.00022699999999999993,8.9
1.2589517176151277,0.5992637157440186,9.672781020402909e-06,1918.4608682990072,116999999.99999997,0.00027200000000000005,13.41
1.664237004518509,0.7272337943315507,6.932333383709193e-06,1927.4439960718153,149000000.0,0.001,14.989999999999998
1.4895896539092066,0.8487297087907791,6.994674310088159e-06,623.3206689357756,398000000.0,0.00208,8.54
1.3984129071235658,0.6321282953023911,8.334591805934907e-06,1018.1128531694411,222000000.0,0.0004799999999999999,9.78
1.5047724276781083,0.6354635417461396,6.5214566122740515e-06,1934.5855638384817,119000000.0,0.0004,13.16
1.3294624865055085,0.8179332017898561,3.1147312223911293e-06,1093.2836979627607,198000000.00000003,0.0007280000000000002,7.59
1.6365504384040834,0.7705003358423711,7.109054431319238e-06,1238.7837022542951,218000000.00000003,0.00143,13.02
1.7512877583503725,0.7640207894146444,6.0584764182567606e-06,1915.0600135326383,149000000.0,0.00119,14.669999999999998
1.5903639882802965,0.8048190504312516,9.021353393793108e-06,656.8487286567687,368000000.0,0.00235,11.36
1.4728393703699114,0.7598837994039059,4.936883449554444e-06,1221.1089506745336,194000000.0,0.00086,10.76
1.3447575688362123,0.6159359693527222,3.6339084506034856e-06,2215.5535891652107,88200000.0,0.00015699999999999989,9.8
1.7586962163448336,0.7606077454984189,6.073971364647151e-06,2011.2992748618124,144000000.00000003,0.00116,14.88
1.4951972795650363,0.729607093334198,4.086458861827851e-06,1352.5895699858663,170999999.99999997,0.0006379999999999999,9.83
1.4988226809538903,0.6897273123264314,4.5838615596294415e-06,1000.0822246074675,237000000.0,0.0005470000000000001,6.94
1.4069976300001146,0.6776189267635346,8.805702805519105e-06,976.8335819244384,242999999.99999997,0.0008080000000000001,11.7
1.4866454713046553,0.7709783233702183,7.596922218799592e-06,718.3593809604644,393000000.0,0.0014399999999999999,8.38
1.5975085705518723,0.7458662152290345,4.921633079648019e-06,1882.647259160876,134999999.99999997,0.00082,13.5
1.5748944103717806,0.7147648707032205,3.020315676927567e-06,1209.9899649620054,163000000.0,0.000508,8.01
1.4700519762933255,0.7663313649594784,5.150893792510034e-06,1013.4879797697066,250000000.0,0.000926,8.82
1.535749462991953,0.660914021730423,6.741177316755057e-06,1803.1807821244,133999999.99999997,0.0005459999999999999,13.55
1.4904047079384328,0.7076414421200753,6.897099610418082e-06,899.7441381216048,287000000.0,0.000872,9.07
1.2880202829837801,0.6074090391397476,4.643620520830156e-06,2764.926433563232,75300000.00000001,0.00014999999999999993,11.9
1.5269609570503235,0.6350007444620133,4.3831739723682415e-06,1662.477722391486,122000000.00000004,0.00031699999999999995,10.4
1.4846279371529818,0.8351739585399628,7.481286436319352e-06,629.2858272790908,406000000.0,0.00205,8.76
1.5326055362820628,0.8678176224231721,8.025357007980348e-06,655.4848253726958,444000000.0,0.00251,8.41
1.4376763164997102,0.7573634840548039,3.0202393233776098e-06,2121.0634261369705,105000000.00000003,0.0004979999999999999,11.7
1.5362153224647046,0.7894589692354202,8.858514428138734e-06,666.7255908250808,361000000.0,0.00206,11.2
1.5972218602895738,0.6527215451002122,8.197187855839731e-06,1973.1712639331815,130999999.99999999,0.00062,14.95
1.6343763828277589,0.737954468652606,8.7767353951931e-06,1316.7426288127897,212000000.0,0.0013800000000000002,14.34
1.4612341269850733,0.633013477921486,3.2700180709362036e-06,1560.996502637863,121000000.0,0.00022300000000000013,8.03
1.4547129079699517,0.7089657604694367,8.285462260246279e-06,758.2277357578276,322000000.0,0.00109,10.0
1.4906503261998296,0.8197090655565262,4.54777616262436e-06,989.8425191640853,314000000.0,0.00109,5.99
1.4898993428796532,0.7020388573408127,4.130481898784638e-06,1009.3494057655333,236000000.00000003,0.000539,6.31
1.3693559736013414,0.6764944821596146,9.218668073415757e-06,611.4919781684874,339000000.0,0.0009310000000000001,9.9
1.6630712628364563,0.6799321800470353,8.369174122810365e-06,2366.421140730381,126000000.00000001,0.0007749999999999999,16.19
1.4946154452860356,0.7284149140119554,6.784979742020369e-06,917.4858331680297,291000000.0,0.00098,9.24
1.4658285275101663,0.7662754766643048,5.031719774007798e-06,1076.4710158109663,227000000.00000003,0.000903,9.55
1.768216931819916,0.7571151785552502,5.0825718641281136e-06,2556.0804754495616,112999999.99999999,0.0009300000000000003,15.2
1.4994704524520786,0.7078104838728906,4.291767090559006e-06,1170.7410141825674,197000000.00000003,0.000592,8.56
1.4034416466951372,0.7283314816653729,3.0654510557651525e-06,1873.285064473748,111999999.99999999,0.0004099999999999999,10.71
1.5580911532044412,0.7107697695493699,4.112103641033173e-06,2397.1939384937286,101000000.0,0.000523,13.57
1.3899326741695406,0.656592419743538,8.241360887885095e-06,2095.780737698078,126000000.00000001,0.000475,14.509999999999998
1.483123441413045,0.654911944270134,8.46342757344246e-06,1180.2802532911298,201000000.0,0.000658,12.02
1.2895661473274231,0.6635669052600861,8.743890017271043e-06,1594.5045575499532,162000000.00000003,0.0005189999999999999,13.47
1.5961038529872895,0.7816109575331212,4.538412421941758e-06,1518.471363931894,163000000.0,0.0009949999999999998,11.96
1.5062086097896101,0.7475419566035272,3.989670515060426e-06,1538.9144159853456,152999999.99999997,0.0006840000000000003,10.86
1.5605046272277834,0.6581706762313844,4.331083327531816e-06,1496.3833540678022,140000000.0,0.0004139999999999999,10.2
1.7254580318927766,0.8925180852413178,2.970411121845246e-06,1198.6984610557554,174000000.0,0.00136,9.14
1.4754794776439668,0.7025650531053543,7.379824668169023e-06,1402.9957652091978,181000000.00000003,0.0008120000000000001,13.22
1.6392440736293794,0.6472700715065003,3.1603762507438668e-06,451.69565081596363,346000000.0,0.00039000000000000016,0.6
1.5572312861680986,0.6481135636568071,5.298443689942361e-06,2088.2213041186333,110000000.0,0.0004,12.91
1.460763578116894,0.6330644041299821,3.2888738512992865e-06,1847.3527599126098,105000000.00000003,0.00021599999999999994,9.11
1.4053723186254503,0.6969575688242913,8.918715655803681e-06,752.1647512912749,305000000.0,0.0010399999999999997,10.84
1.3975840598344804,0.624285113811493,3.4511003196239476e-06,2303.5906180739403,85999999.99999999,0.00017699999999999988,10.22
1.5200083762407304,0.725026921927929,7.497026219964028e-06,1305.0743490457533,201000000.0,0.00102,13.15
1.3717073500156405,0.6215799182653428,6.272917710244657e-06,1767.8739894181488,121000000.0,0.00029499999999999996,11.86
1.5477009862661364,0.660425689816475,5.839587584137917e-06,2106.145426630974,114999999.99999997,0.000475,13.64
1.36517071723938,0.6115095287561417,4.552764385938645e-06,785.1368486881255,223999999.99999997,0.0002249999999999999,4.45
1.7143926143646242,0.7347132325172425,6.777650792151691e-06,2045.5177426338194,144000000.00000003,0.0010500000000000002,15.24
1.58236985206604,0.8657652765512467,4.24359154701233e-06,994.4209754467009,251000000.0,0.00145,8.36
1.4288923278450967,0.6848637878894807,4.915105372667313e-06,726.59994661808,355000000.0,0.0005129999999999999,3.44
1.439356438815594,0.6288489997386933,5.272747486829759e-06,2807.348474860191,82500000.0,0.0002630000000000001,13.68
1.5170037154108287,0.8234770685434342,9.057260423898698e-06,547.0080226659774,422000000.0,0.00247,10.340000000000002
1.578366208076477,0.6767402797937394,5.866968259215356e-06,2289.6312847733498,111000000.0,0.0005509999999999998,14.5
1.5343920707702638,0.594537091255188,2.952261924743653e-06,1745.3113030642269,105000000.00000003,0.00015199999999999995,6.9
1.3400835871696473,0.6884463384747506,9.19519853591919e-06,1067.4403905868528,227000000.00000003,0.000813,12.68
1.7362059116363526,0.888847589492798,4.9795160591602335e-06,1067.2999471426008,225999999.99999997,0.002,10.82
1.6458428353071215,0.662685763835907,6.7200019843876375e-06,2441.195949912071,108000000.00000001,0.000582,15.42
1.773389518260956,0.6180628091096878,2.9718776941299442e-06,767.2106027603148,257000000.0,0.00031100000000000013,1.77
1.3837648004293444,0.6829559057950975,9.107166022062303e-06,702.5270462036132,312000000.0,0.0009520000000000003,10.55
1.7180695652961733,0.7439084507524968,5.111944615840913e-06,2509.9047571420665,112999999.99999999,0.000848,15.07
1.2524331986904145,0.7825703881680967,9.973838061094286e-06,965.5835777521132,528000000.00000006,0.00137,6.51
1.6300784915685655,0.6459463924169541,9.141871839761736e-06,2824.5631903409953,105000000.00000003,0.0005620000000000001,16.64
1.6684554219245913,0.8861331939697267,5.0685398131608975e-06,875.0044852495192,269000000.0,0.00202,9.62
1.5987949132919312,0.6482980459928513,5.979840189218522e-06,2339.516721665859,103999999.99999999,0.0004520000000000001,14.219999999999999
1.356700658798218,0.6235214442014695,8.034904539585115e-06,1604.192892089486,140000000.0,0.0003659999999999999,12.52
1.516249354183674,0.8639763951301576,6.585315730422736e-06,605.8188825845717,387000000.0,0.00219,8.55
1.6931531310081482,0.7884539633989335,7.466623321175576e-06,1153.0718877911565,233999999.99999997,0.00174,13.18
1.2432995438575745,0.7445336669683457,9.989293187856675e-06,541.7540967464446,415000000.0,0.00134,10.21
1.5262544542551042,0.7919282823801042,3.0179574787616735e-06,2338.756389915943,102000000.0,0.0006469999999999999,12.61
1.5050898933783174,0.7939485847949982,5.828228324651719e-06,845.7496315240859,381000000.0,0.00126,6.42
1.5412853434681895,0.811922425031662,2.9773605465888983e-06,1475.2603620290754,141000000.00000003,0.000789,10.19
1.5924860000610352,0.6737149894237519,7.629800975322724e-06,2559.5828443765636,111999999.99999999,0.000622,15.99
1.5067000860348345,0.6365691304206849,7.809629127383233e-06,1442.5902739167211,160000000.00000003,0.0005039999999999999,12.37
1.7912362933158876,0.7939070194959641,3.963760793209077e-06,2452.865049242973,110000000.0,0.000987,14.18
1.468511136621237,0.7109001114964486,5.086149632930756e-06,1659.3684647232292,143000000.00000003,0.000622,12.55
1.5418720453977586,0.67030348777771,4.047305971384049e-06,2290.2733758091927,98500000.00000001,0.000376,12.44
1.2657240986824037,0.6057954490184785,7.64935238659382e-06,1749.6602255851028,120000000.0,0.00023999999999999995,11.87
1.6171323537826539,0.6672980993986131,7.59560000896454e-06,2740.9764677286144,105000000.00000003,0.000591,16.19
1.5052659044042231,0.7115429610013962,5.944708794355393e-06,1793.085906654596,142000000.00000003,0.0007129999999999999,13.72
1.549785625934601,0.6408033907413483,6.88135638460517e-06,2345.4640731215477,106000000.00000003,0.00043700000000000005,14.57
1.4888206388801337,0.7109986245632173,4.370423138141633e-06,1660.3510938584802,139000000.0,0.0005679999999999999,11.69
1.7533610701560975,0.7101098343729974,8.931342571973802e-06,1844.9185062199829,161000000.00000003,0.00117,15.93
1.4525300145149231,0.714144565165043,5.141822010278702e-06,1271.9347625970838,179000000.00000003,0.000664,10.96
1.2919653117656709,0.6365500062704087,8.77482905983925e-06,1948.9712193608282,124000000.00000003,0.00037300000000000007,14.18
1.4560967803001406,0.7662960536777974,3.0459948778152473e-06,950.2668231725692,204000000.0,0.000639,6.86
1.5841319918632508,0.7483569458127023,9.574644595384599e-06,971.3390767574309,267000000.0,0.00164,13.5
1.5889147818088534,0.7519060514867306,2.9751308560371405e-06,1112.7187609672544,179000000.00000003,0.000642,7.67
1.6254786640405656,0.7436985567212105,2.9363265633583073e-06,1637.1116433292625,130999999.99999999,0.000592,10.050000000000002
1.5381563991308214,0.7892201006412507,3.004876405000687e-06,1829.7559227794407,121000000.0,0.0006850000000000001,11.19
1.5749737948179245,0.7740663371980191,2.936476349830628e-06,2549.869075417518,93300000.00000001,0.000602,13.02
1.35396765768528,0.6446341037750245,8.78153356909752e-06,1402.9715135693548,173000000.0,0.000495,12.45
1.6164423555135727,0.6729879498481751,9.483182847499849e-06,2598.8750457763667,122000000.00000004,0.00071,16.65
1.6104959249496462,0.7189495280385018,8.25485783815384e-06,1550.4831373691557,180000000.00000003,0.0011,14.669999999999998
1.3673803210258486,0.6375721156597138,9.026911139488222e-06,959.4964534044265,236000000.00000003,0.0005379999999999998,10.25
1.738245552778244,0.7408007450401783,8.01300546526909e-06,1743.6327803879974,171999999.99999997,0.00131,15.29
1.682034033536911,0.8021990239620209,6.146250821650029e-06,1231.7135110497472,215000000.00000003,0.00157,12.47
1.4726375967264176,0.6865898475050927,6.555515523999931e-06,1655.417105183005,149000000.0,0.000627,13.3
1.2592751920223237,0.5998801052570344,9.6891605257988e-06,1349.2030575871465,153999999.99999997,0.00030300000000000005,11.72
1.3787851452827455,0.6970795065164567,9.075492441654207e-06,858.2243621349334,272000000.0,0.00098,11.72
1.5118474278599026,0.7270634651184082,7.3305252045393e-06,868.2132810354232,387000000.0,0.0010500000000000002,7.1
1.4574390292167665,0.6855563744902612,9.305669188499452e-06,2179.4469207525253,139000000.0,0.000699,15.84
1.5079666955396533,0.7806893326342107,4.467473715543747e-06,1319.7132870554922,180000000.00000003,0.0009180000000000001,10.94
1.769993805885315,0.6049644201993942,3.037953138351441e-06,2628.9373934268947,76899999.99999999,0.00024100000000000008,10.83
1.681532692909241,0.8817782342433931,2.9768448472023017e-06,1236.921243369579,171999999.99999997,0.00126,9.22
1.7732363283634187,0.861334902048111,6.094013076275588e-06,1068.4177577495573,236000000.00000003,0.00218,12.02
1.3080696165561678,0.7072091192007065,9.57898047566414e-06,851.5067696571349,269000000.0,0.000996,12.35
1.3522098988294602,0.7166848473250866,3.4102728664875037e-06,2229.65619713068,98899999.99999997,0.00036800000000000016,11.92
1.7039191424846651,0.8837015390396119,3.412877649068833e-06,1023.4036594629287,239000000.0,0.00145,7.1899999999999995
1.5053309015929701,0.6831858068704606,4.380203276872636e-06,1745.4394996166227,129000000.0,0.000464,11.55
1.4489742502570153,0.6463289648294449,8.673361033201219e-06,889.2868757247924,255000000.0,0.000644,10.050000000000002
1.4047886610031128,0.6748665153980256,8.882575184106828e-06,552.4739921092986,388000000.0,0.000926,8.24
1.4604691967368126,0.7069171026349068,6.433578135445715e-06,1409.0631455183027,175000000.0,0.0007420000000000001,12.56
1.6795016705989838,0.8878422081470491,5.124717980623246e-06,823.0227530002593,293000000.0,0.00211,9.05
1.7157242953777314,0.7959483593702317,4.0797295272350315e-06,1958.4019407629964,130999999.99999999,0.00103,13.11
1.2938249409198763,0.6165570884943009,8.964163959026338e-06,2611.6471290588374,95399999.99999999,0.00028399999999999996,14.92
1.4231951683759692,0.6746629804372788,3.4225290715694433e-06,2043.5676276683805,102000000.0,0.00031400000000000004,10.97
1.6432818800210953,0.7271594971418381,6.817621614784003e-06,1885.5314347892997,149999999.99999997,0.000976,14.8
1.3782623648643495,0.6220554918050767,5.398664608597756e-06,2423.878639936447,90900000.00000001,0.00024100000000000008,12.72
1.7088136911392213,0.8900346457958223,9.766336232423784e-06,482.3154509067534,443000000.0,0.00385,11.13
1.4519279211759568,0.6288400679826737,5.292671278119088e-06,2899.4135856628413,80299999.99999999,0.0002599999999999999,13.82
1.4759599551558495,0.6835957914590837,5.830247521400452e-06,1818.3910865336654,133999999.99999997,0.0005509999999999998,13.18
1.506198955513537,0.7237815566360951,4.081516325473786e-06,1694.447139278054,137000000.0,0.0005930000000000001,11.5
1.7205010414123536,0.9055431246757508,3.080100297927857e-06,2653.268232941627,275000000.0,0.000986,1.6499999999999992
1.5748737752437594,0.8081707656383516,4.058954685926438e-06,1431.386463344097,171999999.99999997,0.00103,10.88
1.4748440556228162,0.7102304711937905,7.254034385085107e-06,1316.9059827923772,193000000.0,0.0008579999999999999,12.8
1.5860463738441468,0.6514812022447587,5.110910713672639e-06,2516.9285684823985,94700000.00000001,0.00039799999999999997,13.899999999999999
1.360854971408844,0.7128848969936371,3.1292436122894293e-06,2335.9526619315147,92500000.0,0.00034200000000000013,11.85
1.4472341179847719,0.6684524327516557,8.89462485909462e-06,1471.185192465782,171999999.99999997,0.0006779999999999999,13.77
1.5908029139041902,0.7256234630942345,5.249804079532624e-06,2170.7267612218857,122000000.00000004,0.0007340000000000001,14.349999999999998
1.6135040044784548,0.7523518525063992,7.2354267537593855e-06,1336.8532359600065,203000000.0,0.00126,13.39
1.3551319420337677,0.6184762716293335,8.843453586101533e-06,2882.1341991424556,90299999.99999999,0.000312,15.55
1.4351232334971429,0.7895516395568848,3.0106586217880256e-06,2217.5211757421494,105000000.00000003,0.000592,12.26
1.646163994073868,0.6631233036518097,6.827100459486247e-06,2267.0106887817383,113999999.99999999,0.000602,15.14
1.4418043658137323,0.6296827286481858,5.611432015895844e-06,1670.726269483566,127000000.00000001,0.00032700000000000003,11.4
1.6029263287782671,0.6902013972401619,5.654456824064256e-06,2396.883323788643,109000000.00000001,0.0006029999999999999,14.829999999999998
1.4794060640037061,0.7421941794455053,7.533104106783868e-06,965.7721519470214,270000000.0,0.00116,11.1
1.4987247437238695,0.887736225128174,3.2111254930496223e-06,2384.3553960323334,263000000.00000003,0.0008369999999999999,2.58
1.5866698622703554,0.8586813926696778,3.0285585224628453e-06,1137.2779980301855,184000000.0,0.0010800000000000002,8.56
1.4742603532969953,0.742753404378891,5.670165732502938e-06,1181.1404973268507,379000000.0,0.0007879999999999999,4.26
1.49139540810138,0.7116595879197122,3.034137964248658e-06,1398.2492238283155,142000000.00000003,0.00043999999999999996,8.86
1.4713832147419454,0.7287194296717644,5.66041135787964e-06,1062.4476820230482,231000000.0,0.000809,9.71
1.5194720685482026,0.6551634639501572,6.235398389399053e-06,1161.9710102677343,188999999.99999997,0.0005459999999999999,10.45
1.6482079625129702,0.6860048443078995,5.213763326406479e-06,2702.7469426393504,97299999.99999999,0.0005660000000000001,15.17
1.6893047153949738,0.8609070539474488,8.067936837673189e-06,653.8269221782683,366000000.0,0.00286,10.83
1.6751639485359193,0.7500979632139206,8.636099874973299e-06,1310.07394939661,215000000.00000003,0.00151,14.36
1.6115759253501893,0.7207772366702557,7.197133049368859e-06,1764.6953109651802,158000000.0,0.0009700000000000002,14.66
1.4898758791387083,0.8131629198789597,4.212052524089814e-06,1175.651580095291,205999999.99999997,0.00102,9.55
1.5350731417536736,0.8184170186519624,4.081911444664002e-06,1277.2528007626531,191000000.0,0.00106,10.06
1.4755514904856684,0.6281104356050492,4.412342697381974e-06,900.6707668304442,205999999.99999997,0.000312,6.14
1.4802128389477731,0.7059845924377443,4.798052042722703e-06,1028.48644554615,229000000.0,0.0006299999999999998,8.06
1.3873198539018632,0.7227477081120015,9.484991759061815e-06,914.0803217887877,264000000.00000003,0.00119,12.84
1.6742578446865084,0.7575937606394292,4.0774132609367375e-06,2360.0108101963997,110000000.0,0.000769,13.899999999999999
1.6769173443317416,0.8278618544340134,5.780020862817765e-06,1111.4612519741056,231000000.0,0.00171,11.59
1.3124793112277986,0.677213716506958,8.668663412332536e-06,1856.2188763171432,148000000.0,0.000558,14.41
1.4025766521692278,0.7085222303867341,3.0304387807846074e-06,1078.2338231801984,173000000.0,0.0004080000000000001,7.14
1.301899391412735,0.6341352581977845,8.880729347467423e-06,1608.6080875247715,146000000.0,0.00040299999999999993,13.21
1.352032569050789,0.6156217753887177,3.670718997716904e-06,2665.4567867517467,75199999.99999997,0.00014999999999999993,10.9
1.7324031293392184,0.896162921190262,4.129623234272004e-06,1201.254419982433,201000000.0,0.00172,10.22
1.2624797344207765,0.7656132839620114,3.020942151546479e-06,1674.2017418146131,124000000.00000003,0.000453,10.44
1.6766550064086916,0.7332683991640807,7.121497035026551e-06,1838.9161881059406,157000000.0,0.0010800000000000002,14.92
1.4254732310771943,0.6963627576828003,8.503846347332002e-06,997.639775276184,245000000.00000003,0.0009140000000000001,11.86
1.7174110651016237,0.5951105296611786,2.9583142995834354e-06,1190.4077157378194,152999999.99999997,0.00021700000000000007,4.94
1.514498605951667,0.6387022376060486,3.2281583845615393e-06,2493.6849921941753,82199999.99999999,0.0002300000000000001,11.16
1.5475676000118257,0.6441498309373856,5.238339677453042e-06,1207.0274278521536,170999999.99999997,0.00043999999999999996,9.700000000000001
1.465522185713053,0.7060765475034715,8.741848289966584e-06,1210.9029591083524,211000000.0,0.000993,13.5
1.5367093764245512,0.8406078100204468,9.811283856630327e-06,516.4498388767241,445000000.0,0.0029400000000000003,10.81
1.2594135582447052,0.6030389964580536,8.744431585073472e-06,879.6412050724028,216000000.00000003,0.00030899999999999987,8.67
1.5574825957417489,0.658320289850235,4.344409316778183e-06,1675.5440104752777,127000000.00000001,0.0004009999999999999,10.9
1.704131215810776,0.82182175219059,4.101752728223801e-06,1630.9437640011308,153999999.99999997,0.00121,12.08
1.5854461759328844,0.7035392582416535,4.0844847261905675e-06,2637.2378617525096,93099999.99999999,0.000501,14.1
1.7947845160961153,0.8437131643295289,2.995689988136292e-06,2270.3519761562347,110000000.0,0.0010399999999999997,12.54
1.3543879419565201,0.6234569817781449,8.029507741332056e-06,1862.1355686336753,123000000.00000003,0.00034700000000000003,13.32
1.4932030817493798,0.6710218369960785,6.542692977935076e-06,1644.7382159531114,146000000.0,0.0005679999999999999,13.0
1.433486491441727,0.6317431390285493,6.632164161652328e-06,1331.8876102566717,162000000.00000003,0.000402,10.94
1.5181393403559924,0.795876181125641,6.182401541620494e-06,937.1824115514754,271000000.0,0.0014,10.27
1.7522623121738437,0.8656041830778123,5.122252345085145e-06,1188.8921186327932,208999999.99999997,0.00187,11.62
1.4680290855467322,0.7151688046753407,7.297162249684335e-06,1150.6831571459768,221000000.0,0.000906,11.86
1.495855159778148,0.8327570199966431,5.269083037972451e-06,838.2474184036254,287000000.0,0.00146,8.800000000000002
1.422214722633362,0.6310823231935502,6.966973200440408e-06,1705.77129535377,131999999.99999999,0.00038,12.54
1.5935224413871767,0.8557833015918732,9.759118735790254e-06,536.6757065057753,444000000.0,0.00323,10.94
1.4839404724538328,0.7849991507828237,5.391369923949243e-06,1002.6108771562575,249000000.0,0.0011,9.59
1.281302011013031,0.6805358916521073,9.253791958093644e-06,1183.2676008343694,208999999.99999997,0.000695,12.94
1.396007063984871,0.6338077783584596,7.537056550383569e-06,720.939591526985,311000000.0,0.0004799999999999999,6.52
1.6634553194046022,0.8382854014635087,5.1093706041574484e-06,1150.1433998346326,219000000.0,0.0016,11.09
1.4882422406226399,0.6394404262304306,5.303165197372437e-06,856.5326333045958,236000000.00000003,0.0004159999999999999,6.88
1.4548441395163538,0.6954385623335839,8.312746554613115e-06,654.2991399765014,388000000.0,0.00102,8.02
1.4630790755152703,0.6991745352745057,5.700233593583108e-06,798.1325984001159,312000000.0,0.0006909999999999999,6.5
1.586946076154709,0.6611051291227341,4.637602776288987e-06,2681.9904446601863,89399999.99999997,0.00039500000000000006,13.99
1.6109923034906388,0.744656726717949,4.862991154193879e-06,1993.3033660054205,129000000.0,0.0008049999999999999,13.75
1.5475662142038347,0.6426692247390747,7.025698989629747e-06,1600.0424809753893,144000000.00000003,0.0005030000000000001,12.77
1.5300132282078267,0.7735961996018887,7.239757105708123e-06,962.3695462942122,272000000.0,0.00143,11.32
1.5630389258265496,0.7635424219071866,4.17803117632866e-06,1719.8819592595098,141000000.00000003,0.000794,12.2
1.506531915999949,0.7031979739665986,4.451750308275224e-06,2083.3697840571404,114999999.99999997,0.000521,12.99
1.361054527759552,0.637823635339737,8.519666135311127e-06,2577.9008418321605,102000000.0,0.00038,15.52
1.5054090891033411,0.6426542043685913,3.0948386192321785e-06,892.1882808208464,200000000.0,0.0002799999999999999,4.41
1.457192163169384,0.686977480351925,9.45706805586815e-06,1936.5266636013982,150999999.99999997,0.0007489999999999998,15.54
1.3477369844913485,0.6245680332183838,9.199773699045182e-06,640.1687413454055,318000000.0,0.000514,7.77
1.5703516602516177,0.7047849655151368,3.2809065878391272e-06,891.9801861047744,355000000.0,0.0005069999999999999,1.0500000000000003
1.731927037239075,0.769978078454733,7.036896467208863e-06,1527.491372078657,185000000.0,0.0014399999999999999,14.27
1.7058617234230042,0.8872808039188386,9.198532015085222e-06,545.3709065914153,432000000.0,0.00357,10.56
1.3824517428874972,0.6205878227949143,5.45754498243332e-06,1847.0239657908676,112999999.99999999,0.0002599999999999999,11.34
1.4753161065280438,0.6817312359809876,6.8137327991426e-06,1568.1914165616033,156000000.0,0.0006320000000000001,13.1
1.5603560015559197,0.8437394410371781,5.352565839886666e-06,2039.3324568867681,459000000.0,0.0010800000000000002,1.1600000000000006
1.3868369936943055,0.6582021832466126,9.056250303983689e-06,622.215300798416,332000000.0,0.000782,9.2
1.5449738144874574,0.7606633521616459,3.3750471770763403e-06,970.8126187324523,304000000.0,0.000708,3.4299999999999997
1.4875529486685992,0.6409745335578919,7.873795732855798e-06,1006.0106515884398,225999999.99999997,0.0005660000000000001,9.96
1.4783803515136242,0.748808728158474,4.924481421709062e-06,938.8587921857833,312000000.0,0.0008099999999999998,5.94
1.5883667260408403,0.8116305917501451,7.952324211597444e-06,1669.3094950169323,505999999.99999994,0.00137,3.89
1.490927538648248,0.6511207222938539,3.469583302736283e-06,1085.7767164707182,173000000.0,0.000323,6.64
1.3397314488887788,0.7405140593647958,8.995731145143511e-06,2227.0057648420334,585000000.0,0.000745,0.9599999999999999
1.5149290032684803,0.6708173274993897,8.721122890710832e-06,1532.6547175645826,166000000.0,0.000745,14.25
1.46986787840724,0.7305619351565839,5.026558086276055e-06,874.457761645317,338000000.0,0.0007399999999999999,5.04
1.7424254894256592,0.7090016707777977,6.987149730324746e-06,2258.827343583107,130000000.0,0.000928,15.75
1.4833437088876964,0.6779195755720139,8.567547947168351e-06,2369.901455938816,126000000.00000001,0.0006310000000000003,15.8
1.2585449695587159,0.7131867974996567,9.805391281843188e-06,1008.7493360042571,237000000.0,0.000912,13.33
1.3430596947669984,0.6145873188972474,4.608420282602311e-06,2230.155535042286,91900000.00000001,0.0001860000000000001,11.05
1.6235681980848313,0.7446619503200055,2.9301865696907048e-06,1540.985770523548,138000000.0,0.0006010000000000002,9.65
1.669106984138489,0.6742426872253419,8.580927342176438e-06,2110.0480780005455,134999999.99999997,0.000807,15.88
1.660586053133011,0.7380186382681132,7.1978726983070384e-06,1689.253577031195,168000000.0,0.00113,14.57
1.6267640858888628,0.7702081359922887,5.199381634593011e-06,1550.3504425287244,165000000.0,0.00106,12.76
1.7096937954425813,0.8021166265010834,8.059564650058747e-06,982.5057089328765,269000000.0,0.00209,12.88
1.509189330227673,0.6501566290855408,8.397180855274202e-06,1939.8620650172231,132999999.99999997,0.0005479999999999999,14.53
1.4390415608882905,0.6175881743431092,8.298031181097032e-06,2840.009436011314,91000000.0,0.00033600000000000004,15.42
1.7550653815269472,0.9014796316623689,4.770306497812272e-06,1078.4300714731214,223999999.99999997,0.00204,10.55
1.5602293565869332,0.8375577628612519,7.22210817039013e-06,695.0068026781081,354000000.0,0.00216,9.92
1.4774070471525194,0.6382777512073518,7.225772514939309e-06,1080.4502964019773,205000000.0,0.000501,10.020000000000001
1.4869288478046656,0.8330829173326493,4.4879815280437475e-06,965.6887799501418,285000000.0,0.00118,7.09
1.3495209217071535,0.6442785412073136,8.372145861387254e-06,2454.874545335769,107000000.00000001,0.00039300000000000007,15.25
1.3044872581958773,0.6130175471305848,9.294878721237184e-06,1084.7808718681333,188999999.99999997,0.0003770000000000001,10.81
1.4582707554101946,0.6332700580358506,3.300717622041703e-06,2220.4518243670464,89900000.00000001,0.00020699999999999996,10.24
1.5064818274229765,0.6487236678600312,4.964975610375405e-06,794.8322147130965,263000000.00000003,0.00042899999999999997,5.66
1.414006555080414,0.6318822741508484,7.24773719906807e-06,991.5998131036757,220000000.0,0.00044600000000000005,9.08
1.5750780969858171,0.7786435760557652,2.953027546405793e-06,2501.4540851116176,95200000.00000001,0.00062,12.94
1.7747895598411563,0.7055618047714234,7.814724266529085e-06,2744.9413686990733,116999999.99999997,0.0008839999999999999,16.88
1.6300982952117922,0.6389008104801178,8.403502762317659e-06,2856.1700433492656,99799999.99999999,0.0005159999999999999,16.27
1.4895132992416622,0.7031015753746034,6.586351692676545e-06,1666.2900168448684,152999999.99999997,0.0007269999999999998,13.67
1.5325836002826692,0.6500109851360322,3.1615349054336555e-06,2055.2039816975594,98400000.00000003,0.0002760000000000001,10.17
1.6346200972795488,0.7359135009348393,4.914409115910531e-06,2286.4010855555534,116999999.99999997,0.0007619999999999999,14.42
1.3296431064605714,0.6728804737329483,8.495095103979112e-06,2218.4457927942276,127000000.00000001,0.000514,15.24
1.7482096910476685,0.837640017271042,6.916779529303313e-06,1004.8261582851409,257000000.0,0.00221,12.29
1.4313425973057747,0.6294309943914415,5.286734268069268e-06,2610.684067010879,87200000.0,0.00027000000000000006,13.36
1.3516543686389924,0.6231036990880967,8.212694928050043e-06,1597.5563898682592,141000000.00000003,0.00036800000000000016,12.57
1.5035033024847508,0.799858170747757,8.139860525727274e-06,654.4977724552153,374000000.0,0.00194,10.17
1.470827863365412,0.7578740112483502,8.441918402910234e-06,778.0316770076751,319000000.0,0.00151,11.19
1.5041226049885155,0.7980927050113679,3.0485938191413885e-06,2202.3055627942085,108000000.00000001,0.000667,12.25
1.3130426466464997,0.6665015637874604,9.444088369607926e-06,495.0614571571349,390000000.0,0.000848,8.56
1.4799626782536508,0.6754571646451951,7.731013968586924e-06,1293.7973737716673,187999999.99999997,0.0006999999999999999,12.48
1.5683865889906885,0.7383535668253899,6.315091324970127e-06,1511.9020007550714,173000000.0,0.000976,13.28
1.4915246274322274,0.6424488455057145,3.208092421293259e-06,1371.3934943079946,137000000.0,0.00026199999999999997,7.43
1.4835230715572836,0.7285786807537079,4.599753946065903e-06,1032.485395669937,265000000.0,0.0006869999999999999,6.55
1.4517455175518992,0.6318715274333955,3.471875578165055e-06,2576.6916126012798,79600000.00000001,0.00020299999999999992,11.36
1.6039813041687012,0.6719126880168915,7.606814280152322e-06,2488.992169499397,113999999.99999999,0.000633,15.9
1.3953087598085405,0.7090442240238191,3.0410410761833196e-06,1170.3005358576772,161000000.00000003,0.000402,7.719999999999999
1.6040072679519655,0.7253924109041692,8.347788453102114e-06,1444.613218307495,192000000.0,0.00117,14.41
1.4088548451662064,0.6196707576513291,4.552004396915437e-06,1564.3394663929937,125000000.00000001,0.00023500000000000002,9.36
1.4142072021961214,0.6311553329229356,7.264562830328943e-06,1153.6067649722097,188999999.99999997,0.00043099999999999996,10.26
1.4790848247706891,0.7410340815782548,4.2446108460426334e-06,1320.4006031155584,174000000.0,0.0006890000000000002,10.22
1.491809103637934,0.7278318978846073,4.274543523788453e-06,1572.3749734461305,147000000.0,0.0006310000000000003,11.44
1.3657827258110047,0.6869810342788697,9.178533226251603e-06,1733.4072496742008,161000000.00000003,0.0006900000000000001,14.78
1.657112538814545,0.7376985210925341,8.216931506991388e-06,1484.7761690616605,192000000.0,0.0012899999999999997,14.57
1.563790449500084,0.808227163553238,7.080725386738778e-06,837.8373384475707,305000000.0,0.0018,10.71
1.5171960432082416,0.6378639310598374,6.3216933123767385e-06,1493.0265694856641,147000000.0,0.0004379999999999999,11.74
1.4924985565245152,0.8468333870172501,5.896902188658715e-06,696.3694393634795,342000000.0,0.00178,8.54
1.4663841024041178,0.7361866224557162,8.031995177268983e-06,941.9203847646712,272000000.0,0.00119,11.51
1.621500188112259,0.8776606142520905,7.273891001939774e-06,609.5189154148101,407000000.0,0.00272,9.0
1.2335658967494965,0.6955378532409668,1.0028658032417299e-05,1579.6947404742239,173000000.0,0.00067,14.88
1.3581040173769,0.623115760087967,7.953616693615914e-06,2518.0711895227428,97200000.0,0.00031,14.64
1.5737306982278825,0.6454629331827164,4.966137602925302e-06,2407.4465334415436,95899999.99999999,0.000365,13.33
1.583716830611229,0.8599882990121842,4.166280239820481e-06,1074.2641538381574,227000000.00000003,0.00139,9.1
1.525248431414366,0.7456055447459221,4.1895259320735935e-06,1707.0623040199278,139000000.0,0.000697,12.03
1.3611127674579622,0.6219160437583924,7.180015459656717e-06,1583.6477205157278,137000000.0,0.00033600000000000004,11.94
1.4917540160939098,0.5959456086158753,2.9666180610656746e-06,868.179902434349,194000000.0,0.00016499999999999997,2.05
1.4642539568245412,0.7986794650554657,4.604574024677277e-06,1000.1431703567504,278000000.0,0.000984,7.16
1.5517535582184794,0.8101702630519868,8.906316548585893e-06,608.1930100917815,389000000.0,0.00234,10.83
1.5955890387296678,0.6686412602663041,8.960911005735398e-06,1789.9344507604835,149999999.99999997,0.000785,15.24
1.7449984252452853,0.7887123048305512,6.8792012743651876e-06,1384.8167955875394,199000000.00000003,0.00162,13.83
1.6728401720523836,0.7301924742758275,6.8296190313994894e-06,1945.3980326652525,148000000.0,0.00101,14.989999999999998
1.7662630677223208,0.9177228927612305,5.8109421730041514e-06,1385.229669511318,558000000.0,0.00207,1.3499999999999999
1.5077673694118858,0.6412368446588517,5.363164484500886e-06,952.6249319314956,214000000.00000003,0.0004319999999999999,7.879999999999999
1.3273443460464478,0.6216262847185136,3.4564811587333687e-06,887.9835456609725,197000000.00000003,0.00018200000000000006,3.7
1.631489306688309,0.7153144463896752,7.958669900894165e-06,1702.459931373596,166000000.0,0.0010399999999999997,14.94
1.503793339803815,0.7308046996593476,7.637872233986855e-06,859.7853332757949,397000000.0,0.00112,7.31
1.3257012963294985,0.6146439224481584,6.359226297587157e-06,2897.166565060615,80500000.00000001,0.00021799999999999996,13.92
1.2647858798503877,0.6062400609254838,7.650566428899766e-06,2396.401345729828,93800000.00000001,0.00021799999999999996,13.41
1.4540745288133623,0.7838690154254437,3.0230938196182257e-06,1936.539255082607,115999999.99999997,0.000611,11.41
1.5811969846487046,0.6385097801685334,6.5715040042996415e-06,2235.079437494278,108000000.00000001,0.00043700000000000005,14.17
1.5543717429041863,0.64482119679451,5.169019728899003e-06,1495.5975413322446,142000000.00000003,0.00041700000000000005,10.96
1.4847207706421615,0.7798696048557759,9.951412647962572e-06,601.4363020658492,378000000.0,0.00207,11.68
1.6647297620773316,0.864563861489296,4.1181718707084664e-06,1249.4328916072843,196000000.00000003,0.0014700000000000002,10.35
1.6050524175167085,0.868630850315094,7.930309250950814e-06,1162.6115739345548,622000000.0,0.00191,2.76
1.4684790216386319,0.838924714922905,5.827438294887544e-06,698.6823976039885,392000000.0,0.00158,6.85
1.648371183872223,0.7796691097319127,7.570769980549814e-06,1112.9053235054014,241000000.0,0.00164,12.9
1.4894105460494758,0.747052699327469,4.430162698030472e-06,1096.669018268585,268000000.0,0.000738,6.33
1.4240322947502138,0.6303234815597535,6.1192263849079615e-06,2523.9039510488506,93099999.99999999,0.00030300000000000005,13.87
1.5037419743835927,0.6969361737370492,9.249236822128298e-06,1341.0378918051717,195000000.0,0.000982,14.32
1.5636711940169337,0.7860720880329609,7.878967747092248e-06,2057.4196353554726,491000000.00000006,0.00109,3.24
1.7191840052604677,0.6921957582235337,8.130643859505654e-06,2748.3829408884044,114999999.99999997,0.000789,16.78
1.5723414972424508,0.7318110790103675,7.253801882267e-06,1444.036245346069,186000000.0,0.00106,13.67
1.5208628207445145,0.6371897041797638,5.438116550445558e-06,1681.2586337327955,128000000.0,0.00037499999999999985,11.63
1.3187020540237429,0.7434889309108258,9.93252119421959e-06,802.751138806343,295000000.0,0.00133,12.79
1.277549171447754,0.6046737313270569,5.692447617650033e-06,876.7184168100356,204000000.0,0.00021999999999999998,6.07
1.6943612158298493,0.6618150830268861,3.045236766338349e-06,1822.3128300160167,113999999.99999999,0.000365,9.65
1.5210459016263487,0.64175583422184,4.956858351826669e-06,947.6357251405715,212000000.0,0.0004119999999999999,7.37
1.4880630075931551,0.6882860586047174,7.353335931897164e-06,736.9975298643111,377000000.0,0.000822,6.709999999999999
1.4974346514791252,0.7783233739435673,6.961471363902093e-06,873.0493038892745,299000000.0,0.0013800000000000002,10.180000000000001
1.6937677502632142,0.8872967541217804,6.280534185469151e-06,610.7244193553923,397000000.0,0.00262,8.06
1.4782300427556039,0.6396846592426301,6.2124243155121816e-06,965.8818244934081,219000000.0,0.00046199999999999995,8.6
1.7980530917644502,0.9062193274497987,7.86050145328045e-06,690.686136484146,347000000.0,0.00346,11.23
1.7930465161800386,0.8474395126104356,4.896679446101189e-06,1459.8750621080396,176000000.0,0.0016800000000000003,12.68
1.5067935509607198,0.8278176248073579,4.165885955095292e-06,1128.0066445469854,250000000.0,0.0010699999999999998,7.52
1.4827805265784264,0.7064567238092423,7.748034447431565e-06,1343.369886279106,191000000.0,0.000886,13.31
1.5002388110384346,0.7288500756025315,7.061306029558183e-06,1249.3364065885542,206999999.99999997,0.000984,12.49
1.5272184848785402,0.676857814192772,4.502573192119599e-06,2287.467859685421,102999999.99999999,0.0004229999999999999,13.09
1.6901903808116914,0.8642638295888901,2.9582700729370124e-06,2339.2151966691017,111999999.99999999,0.0009400000000000001,11.71
1.5263626880943777,0.7759406380355359,4.178797215223313e-06,1493.7038272619245,160000000.00000003,0.0008449999999999999,11.33
1.571357323229313,0.6619751930236817,4.068364322185517e-06,2720.1228886842723,85200000.00000001,0.0003530000000000001,13.4
1.7270329713821413,0.8722750961780549,5.139839112758637e-06,1096.395134925842,223000000.0,0.00192,11.13
1.47992230206728,0.852644518017769,3.889559119939805e-06,2086.1311927437782,304000000.0,0.0009050000000000001,3.21
1.23347527384758,0.7978789329528809,3.7920931875705724e-06,2547.8194206953044,328000000.0,0.00047900000000000004,0.5800000000000003
1.6030685037374497,0.8652390092611314,3.2267687916755682e-06,754.569724202156,362000000.0,0.00121,2.95
1.514037897437811,0.6923482775688172,6.574885360896588e-06,1855.7983282953498,138000000.0,0.0006649999999999999,14.11
1.3576239287853242,0.6234857708215714,8.062975421547892e-06,1429.4601157307623,155000000.0,0.00038,11.86
1.570569808781147,0.7318897023797036,7.923904106020928e-06,1330.2709460258482,203000000.0,0.00116,13.7
1.4734832882881166,0.6623684406280518,8.222643211483957e-06,902.8323292732238,258000000.0,0.0007340000000000001,10.27
1.5094766981899739,0.6690049767494203,5.704582512378694e-06,1938.8915523886678,124000000.00000003,0.0004910000000000001,13.18
1.6797947824001314,0.6625816404819489,3.044767171144486e-06,1990.3926104307172,105000000.00000003,0.00035600000000000003,10.28
1.5860520511865617,0.8211534529924394,6.654200609773398e-06,864.2679005861281,293000000.0,0.00183,10.65
1.413384944200516,0.6757904559373856,8.787535041570665e-06,873.6146539449691,266000000.0,0.0008340000000000001,11.06
1.6305963277816773,0.8140142440795899,3.975728482007981e-06,1554.5399412512777,161000000.00000003,0.0010800000000000002,11.34
1.4718927405774596,0.6279637187719346,3.474075853824616e-06,906.317189335823,201000000.0,0.0002489999999999999,4.56
1.5655957505106928,0.8598793387413025,4.835639998316765e-06,793.2164072990416,372000000.0,0.0016,5.67
1.713379901647568,0.7744617976248265,9.83957639336586e-06,952.294498682022,278000000.0,0.00213,13.899999999999999
1.5977542340755464,0.8026850670576097,6.1072878241539015e-06,1066.4357542991636,242999999.99999997,0.00151,11.28
1.5526506766676904,0.8063358664512635,3.004783362150193e-06,1694.7227502241728,129000000.0,0.000765,10.88
1.6094313472509385,0.8718782186508179,5.490901052951814e-06,834.4591706991195,407000000.0,0.00189,5.8
1.4968870184384289,0.797453784942627,3.6052852571010597e-06,1687.1657846495507,149000000.0,0.0007709999999999998,10.42
1.4162149518728258,0.6306919008493425,7.033772751688958e-06,1785.7342418283222,127000000.00000001,0.00037300000000000007,12.809999999999999
1.6962356328964234,0.6936988323926926,9.674746811389924e-06,2428.2604008913036,134999999.99999997,0.000908,16.77
1.4925126554444434,0.7695125050842763,6.616375718265773e-06,898.4031826257705,296000000.0,0.00123,9.64
1.5350699119269848,0.672016140818596,4.127965986728669e-06,1074.4634568691251,193000000.0,0.0004579999999999999,7.58
1.7792363405227662,0.8427022129297257,3.875138938426972e-06,1824.650393798947,140000000.0,0.0013,12.56
1.7087266087532045,0.6650914549827577,3.098482102155686e-06,936.7888718843459,205999999.99999997,0.00041500000000000006,5.14
1.4944498775526882,0.6584574043750764,5.397621005773545e-06,817.9587423801421,269000000.0,0.0004889999999999999,6.34
1.7280189692974093,0.600919970870018,3.0137638747692112e-06,2649.4530886411662,75600000.00000003,0.0002119999999999999,10.57
1.4810013458132745,0.6924850702285767,6.726123411208392e-06,971.4760929346083,252999999.99999997,0.0007590000000000001,9.55
1.5328141048550608,0.8079477310180665,4.153847128152848e-06,1308.1639558076856,185000000.0,0.00102,10.41
1.5093116680160166,0.7543967932462693,7.507131695747377e-06,1011.9356513023375,259000000.0,0.00128,11.7
1.3698409885168077,0.8063739091157914,9.218201816082003e-06,526.6063213348388,445000000.0,0.00198,9.6
1.3396501421928406,0.6683293998241425,9.057081639766694e-06,1073.5405534505842,223000000.0,0.000688,12.08
1.5206057578325274,0.6367555618286134,4.353257983922959e-06,1098.763823509216,175000000.0,0.00034700000000000003,7.74
1.4965774856507779,0.6527468115091325,8.504569202661515e-06,1362.690135836601,177000000.0,0.0006249999999999999,12.85
1.5856032729148866,0.7667898125946523,3.835021615028382e-06,1878.8733724504707,130999999.99999999,0.000754,12.05
1.427064871788025,0.6302840888500214,6.1351656317710885e-06,2066.7712315917015,109000000.00000001,0.00032500000000000004,12.91
1.2585995614528658,0.7137144774198533,9.818725824356081e-06,1110.4322522878645,222000000.0,0.000882,13.76
1.3637017518281938,0.6223723322153092,7.110197126865388e-06,1681.7859811708329,130000000.0,0.00032999999999999994,12.24
1.504350687749684,0.8406566709280014,4.5347624719142926e-06,925.598919391632,315000000.0,0.00125,6.27
1.6887011110782624,0.8568706065416337,7.954451680183412e-06,680.3030818700789,356000000.0,0.00277,10.91
1.4720218710601332,0.8210618287324906,4.51819270849228e-06,984.1381311416625,278000000.0,0.0011,7.26
1.49346958771348,0.7714994184672833,5.5866919010877615e-06,886.9476914405822,320000000.0,0.00106,7.36
1.676609766483307,0.7293693624436856,9.716942787170412e-06,1367.6473796367643,206999999.99999997,0.00143,15.119999999999997
1.5107551954686642,0.6369734823703767,6.579325236380101e-06,1508.3417221903799,147000000.0,0.0004430000000000001,11.94
1.5120844423770905,0.6607396334409714,5.283787667751313e-06,914.8108512163161,239000000.0,0.0005039999999999999,7.36
1.5911252617836,0.8441525101661683,8.146450713276864e-06,1349.204584956169,630000000.0,0.00167,2.3600000000000008
1.497723324643448,0.675597032904625,8.71476259827614e-06,2217.919781804085,131999999.99999999,0.000657,15.62
1.319478911161423,0.6149309098720551,6.40289389807731e-06,2703.8699686527248,84999999.99999999,0.00022300000000000013,13.63
1.6934319734573366,0.8877576828002931,7.325715869665147e-06,594.555765390396,408000000.0,0.00296,9.06
1.492166884057224,0.6467699736356736,3.5681826472282417e-06,916.2032902240752,204000000.0,0.000323,5.4
1.507999106682837,0.8109229356050492,4.543184310197831e-06,1037.0367318391798,333000000.0,0.00103,5.16
1.3348549783229828,0.6460586965084076,9.176075309515e-06,749.456837773323,287000000.0,0.0006339999999999999,9.72
1.4805384412407876,0.673895725607872,6.14216721057892e-06,925.5774617195128,250000000.0,0.00062,8.46
1.287090861797333,0.7023803651332856,9.784004569053652e-06,593.3232903480529,349000000.0,0.00106,10.7
1.6175351679325105,0.6669402748346329,8.686181128025055e-06,2016.8356895446775,137000000.0,0.0007420000000000001,15.56
1.6342198580503464,0.8397602051496507,3.0440524518489843e-06,1684.7375659272072,136000000.0,0.0009700000000000002,10.85
1.526638799160719,0.7193421632051469,8.496741503477097e-06,1257.6290890574453,210000000.0,0.00111,13.7
1.643515393137932,0.8668495863676072,3.906334787607193e-06,956.2284052371978,334000000.0,0.00139,4.71
1.2964686691761018,0.6355786263942719,8.817786693572999e-06,1775.8299987763164,133999999.99999997,0.0003879999999999999,13.73
1.2410928189754487,0.650809594988823,8.98603841662407e-06,1520.7447968423364,157000000.0,0.00044600000000000005,13.45
1.2649628698825837,0.6003047704696656,9.66734364628792e-06,785.8254313468932,242000000.0,0.0003439999999999999,8.59
1.3027184307575228,0.6039495438337327,4.634630203247071e-06,572.6077705621718,289000000.0,0.00019599999999999997,1.9
1.4306707575917246,0.6292095780372621,5.6787030398845684e-06,2693.943783640861,86899999.99999999,0.00028100000000000005,13.83
1.5241839207708836,0.7103048577904701,8.138595685362816e-06,1396.5680748224256,188999999.99999997,0.000979,13.93
1.8062288045883181,0.9139850735664369,3.3505656421184544e-06,928.2033443450927,363000000.0,0.00173,3.23
1.5037573087960483,0.6338968724012376,4.472686409950257e-06,1090.3044342994688,176000000.0,0.0003380000000000001,7.76
1.4874369174242021,0.8568902850151062,7.701389312744141e-06,894.722744822502,454000000.00000006,0.00194,6.9
1.7552651703357698,0.8971566796302797,5.102839246392251e-06,619.0659403800963,387000000.0,0.00245,6.86
1.4554137602448465,0.6896958142518997,5.8283763378858575e-06,1603.3012904226778,149000000.0,0.0005859999999999998,12.6
1.3166352510452273,0.6965550988912583,9.37074849009514e-06,1142.2308087348936,216000000.00000003,0.0008239999999999998,13.29
1.5511259704828264,0.7429641835391522,7.373802959918977e-06,1235.7823103666303,215000000.00000003,0.00117,12.87
1.5336611330509187,0.6506864547729493,7.417077064514161e-06,1445.744179189205,162000000.00000003,0.0005719999999999999,12.58
1.2472148537635803,0.6889543980360032,9.481710225343705e-06,1254.6302303671835,201000000.0,0.0007020000000000001,13.5
1.5927701443433764,0.7280817925930024,4.216045647859574e-06,2367.8006157279015,106000000.00000003,0.00062,13.85
1.308575338125229,0.6121208041906357,8.534539431333544e-06,834.5649689435958,241000000.0,0.0003710000000000001,8.35
1.5958413362503052,0.9059830605983735,3.1766147315502173e-06,1972.8054404258726,161000000.00000003,0.0010500000000000002,8.65
1.4936046279966833,0.8351550400257112,4.5966038405895245e-06,911.6677492856978,321000000.0,0.00122,6.17
1.5847364366054537,0.877605950832367,9.100557684898378e-06,630.823254585266,478000000.0,0.0029999999999999996,8.82
1.4082279503345492,0.6326943844556809,8.130557283759118e-06,1281.7722111940382,178000000.00000003,0.00045600000000000013,11.37
1.5634508773684503,0.6392860919237138,7.907416537404062e-06,1780.184397473931,134999999.99999997,0.000523,13.85
1.3271943390369416,0.7234857961535455,3.371122896671296e-06,1667.2720126807687,124000000.00000003,0.0004,10.31
1.3326694607734682,0.6122309535741807,6.627375975251199e-06,462.8835916519164,353000000.0,0.0003200000000000001,3.51
1.5991683036088944,0.8668467074632645,4.768233478069306e-06,793.5075759887694,362000000.0,0.0017,5.98
1.54207371622324,0.6440710723400117,6.984311193227769e-06,1516.1978378891943,150999999.99999997,0.0005129999999999999,12.46
1.5204931184649468,0.6354050159454346,4.391870141029358e-06,2051.804393529892,102999999.99999999,0.000301,11.57
1.7661280989646913,0.838750183582306,9.618767976760866e-06,684.1658353805541,365000000.0,0.00316,12.29
1.4833688914775849,0.7227362930774689,5.8481991589069375e-06,929.1076958179473,279000000.0,0.0008210000000000001,8.15
1.4306308373808863,0.6697394281625748,8.933418512344362e-06,1493.2124242186544,170999999.99999997,0.0006689999999999999,13.82
1.3992607086896898,0.6248765677213669,3.407004892826081e-06,2030.3369238972662,95700000.00000001,0.00018299999999999995,9.44
1.1838537096977235,0.8109840631484986,9.849298328161242e-06,1051.1295050382612,841000000.0,0.00118,0.030000000000000145
1.6091524422168733,0.720933946967125,9.225409507751467e-06,1358.5661649703977,203000000.0,0.00125,14.66
1.507632756046951,0.6254520803689957,7.963386923074723e-06,2796.6343164443965,94499999.99999999,0.0003879999999999999,15.49
1.3468513548374177,0.614196914434433,4.641423374414444e-06,1944.7055384516714,102999999.99999999,0.00019300000000000006,10.28
1.458872263133526,0.652618083357811,7.515840277075768e-06,717.7899330854415,317000000.0,0.0006190000000000001,7.37
1.5176032584160568,0.7761395998299122,7.396099656820299e-06,997.5811392068862,413000000.0,0.00131,6.82
1.4275142401456835,0.6446622043848038,8.82213279604912e-06,882.3880106210707,256000000.0,0.000627,10.020000000000001
1.4820606574416162,0.6373656928539276,7.1766469329595575e-06,1164.2493605613706,189999999.99999997,0.00049,10.56
1.566222269833088,0.7007607221603395,3.777855962514878e-06,2542.505964636802,92300000.00000001,0.000453,13.37
1.4262425735592843,0.6294292509555818,6.206270162016154e-06,944.0718144178389,216000000.00000003,0.0004009999999999999,8.27
1.5396862104535105,0.8207681447267533,4.604230225086213e-06,1040.492609143257,365000000.0,0.0011,4.37
1.5655121728777888,0.6402965158224107,4.439239799976349e-06,1656.4577650278804,124000000.00000003,0.0003530000000000001,10.64
1.6097262740135194,0.7210007429122925,6.9554066807031644e-06,1816.4758589118717,152999999.99999997,0.000938,14.65
1.5513382762670518,0.8618504494428635,6.7594664953649055e-06,633.6167007684707,367000000.0,0.00227,9.27
1.5931192070245743,0.8241700798273087,8.275417804718019e-06,1485.4787960648534,727000000.0,0.00149,0.3200000000000003
1.40007900595665,0.6310199260711671,8.38866451382637e-06,2643.0774033069606,99100000.0,0.00037199999999999993,15.42
1.3621323734521866,0.6226107895374299,7.148122519254685e-06,1947.457894682884,114999999.99999997,0.0003149999999999999,13.02
1.4044471979141238,0.8544371277093888,3.132702678442002e-06,2322.4043771624565,147000000.0,0.0007049999999999998,8.9
1.6045011430978777,0.6736596554517746,8.563770532608033e-06,2672.3963320255275,114999999.99999997,0.0006599999999999999,16.45
1.6661762058734895,0.8362957566976548,4.086073338985443e-06,1438.550531864166,174000000.0,0.00128,11.13
1.5613668948411943,0.6422371119260789,5.169461891055108e-06,2820.494577288627,85700000.00000001,0.0003400000000000001,14.16
1.6141834169626237,0.6525955706834794,5.860981807112694e-06,2481.8668812513347,100000000.0,0.0004669999999999999,14.6
1.4233476608991624,0.6462015420198441,5.538219913840295e-06,575.0707834959029,358000000.0,0.000444,3.67
1.35623154938221,0.6981308341026307,9.189986467361452e-06,1016.2145197391509,237000000.0,0.000908,12.68
1.6051699161529542,0.7280184075236321,2.9906698465347295e-06,1520.7992047071455,137000000.0,0.0005409999999999999,9.55
1.4558330342173578,0.7304056540131569,9.693620949983598e-06,954.4202238321303,263000000.00000003,0.00134,13.27
1.4079052180051805,0.6203107327222824,3.4545804560184486e-06,573.607563972473,288000000.0,0.00022300000000000013,1.1800000000000004
1.6122022479772569,0.8681322276592255,4.849232494831086e-06,935.4159533977507,251000000.0,0.00172,9.69
1.367190170288086,0.7867077983915807,9.731356084346773e-06,513.6838853359221,420000000.0,0.0019,10.57
1.6771052062511445,0.8563955694437028,3.009242534637452e-06,1658.7551049888132,138000000.0,0.0010699999999999998,10.82
1.4232044577598573,0.6305042624473572,6.1365944184362894e-06,2432.9442828893657,95800000.0,0.0003070000000000001,13.7
1.466000993549824,0.6266633212566376,4.4351853430271154e-06,1376.064859330654,141000000.00000003,0.0002799999999999999,8.91
1.4115802824497223,0.6964270994067193,9.274885565042496e-06,1244.7338849306104,204000000.0,0.0009019999999999999,13.83
1.6225666344165803,0.8741086542606354,5.357624262571336e-06,701.0630071163176,386000000.0,0.00205,6.73
1.4590665936470033,0.6930312663316728,5.293811783194542e-06,1462.4360501766203,157000000.0,0.000576,11.71
1.474037852883339,0.8172286301851274,4.305036544799806e-06,1074.2542445659635,246000000.0,0.00103,7.959999999999999
1.5233505159616472,0.7423487685620785,3.997000873088838e-06,1714.182563126087,138000000.0,0.0006599999999999999,11.62
1.584282034635544,0.832691913843155,6.432958493009211e-06,1706.7673075944183,452000000.0,0.00126,3.5600000000000005
1.513643151149154,0.6998840510845185,4.259255915880204e-06,2121.071882545948,111000000.0,0.00049,12.79
1.4671584941446782,0.7775322921574116,4.636233419179917e-06,1015.138804912567,274000000.0,0.000888,7.09
1.2913364946842194,0.7612423159182072,3.016510099172593e-06,920.5916076898574,208999999.99999997,0.0005149999999999999,6.41
1.2939922213554385,0.6609501779079437,9.620288163423539e-06,2279.979020357132,121000000.0,0.00046199999999999995,15.73
1.6058858871459962,0.6694864779710771,8.680118322372438e-06,2138.64903151989,132999999.99999997,0.0007269999999999998,15.73
1.3141215384006502,0.6144889086484909,7.394055739045144e-06,2123.0667755007744,105000000.00000003,0.00026399999999999997,13.15
1.4996374599169942,0.7064137592911721,4.259378582239152e-06,1236.812278628349,183000000.0,0.0005809999999999999,9.16
1.6910742938518526,0.886920189857483,8.376833260059358e-06,584.480196237564,429000000.0,0.00324,9.62
1.4253212660551073,0.6729379892349244,8.82600659132004e-06,1281.6715165972707,193000000.0,0.000714,13.05
1.481864505261183,0.7369353856891394,5.310652643442155e-06,1385.5304121971128,173000000.0,0.0007929999999999999,11.9
1.4196512818336489,0.6297729849815369,6.226837195456029e-06,2143.626391887665,106000000.00000003,0.0003200000000000001,13.129999999999999
1.566184888780117,0.6383852362632753,6.171791553497315e-06,2239.2676323652267,106000000.00000003,0.0004080000000000001,13.83
1.5219180285930636,0.7673760049045086,3.936327338218689e-06,1563.4252801537511,153999999.99999997,0.0007590000000000001,10.96
1.4433870166540148,0.770077557116747,3.0573619604110725e-06,927.1524399518966,211000000.0,0.000648,6.629999999999999
1.4730805858969689,0.8029179900884629,6.168076567351819e-06,2233.0343276262283,414000000.0,0.0008839999999999999,2.87
1.3866866111755372,0.7702020160853863,2.994742035865784e-06,2159.1159254312515,103999999.99999999,0.0005059999999999999,11.92
1.5024967655539514,0.7465522862970829,9.215100526809693e-06,868.9089417457579,289000000.0,0.00154,12.55
1.3636910945177079,0.6200869113206864,7.984160512685776e-06,2699.650257825851,92199999.99999999,0.00030200000000000013,14.92
1.575033250451088,0.7829090796411038,7.933288604021073e-06,2155.1127657294273,534000000.0,0.00106,2.0699999999999994
1.4282328575849534,0.6300240486860276,5.701475903391839e-06,2420.3970581293106,94400000.0,0.00029200000000000005,13.32
1.6114239871501923,0.6442306190729142,6.864679392427207e-06,2317.1822652220726,108000000.00000001,0.0004910000000000001,14.78
1.7263947308063508,0.8149579256772995,3.0785807371139534e-06,2346.996434032917,105000000.00000003,0.0008679999999999997,12.77
1.5164719462394716,0.7591978915035725,8.627310246229173e-06,851.1637449264525,299000000.0,0.0016,11.98
1.6085030525922777,0.8621536999940873,7.79475572705269e-06,1243.5923814773557,658000000.0,0.00179,1.69
1.4920125329867007,0.7905318170785904,6.608847070485354e-06,785.1494401693343,343000000.0,0.0014,8.66
1.5017291426192971,0.8063289105892182,4.091502994298936e-06,1280.3155854344366,188999999.99999997,0.000963,9.99
1.3651291608810425,0.622033828496933,6.947074860334397e-06,1584.8890244960783,136000000.0,0.00032999999999999994,11.8
1.4820525348186495,0.637280935049057,6.04397863149643e-06,2535.444304347038,94700000.00000001,0.0003439999999999999,14.12
1.489144714549184,0.6376839637756349,6.097543228417636e-06,1133.6978822946546,185000000.0,0.00044199999999999996,9.8
1.4675309255719187,0.6446487575769425,3.7185108959674843e-06,2390.7058984041214,88499999.99999997,0.00026199999999999997,11.74
1.4515484154224396,0.7183885529637337,9.507275104522706e-06,1062.94210255146,239000000.0,0.00118,13.54
1.5413947463035584,0.8105804443359376,3.0273293554782874e-06,1682.7795999124644,130999999.99999999,0.000779,10.83
1.5237505517899992,0.6347335875034333,4.414647489786149e-06,1846.9676766544578,111999999.99999999,0.00030899999999999987,11.02
1.3614348113536836,0.7825753323733807,2.988946676254273e-06,2129.320867359638,106000000.00000003,0.00053,11.97
1.6799300730228426,0.8314093351364137,4.068576693534852e-06,1509.9622607231138,166000000.0,0.00125,11.45
1.5499822899699212,0.6422479301691056,4.494379788637162e-06,1106.9468706846235,178000000.00000003,0.0003879999999999999,8.08
1.3088761925697328,0.6129439294338227,8.409877240657808e-06,2201.8548399209976,105000000.00000003,0.0002819999999999999,13.87
1.688253128528595,0.7815185554325581,7.982421174645425e-06,1116.7492270469663,242000000.0,0.00178,13.36
1.6905441641807557,0.6910599678754807,3.0896670222282413e-06,1048.4984070062635,208999999.99999997,0.0004690000000000002,5.32
1.6829925119876863,0.5975647866725922,3.0047428905963906e-06,2484.380260109901,78899999.99999999,0.000189,9.860000000000001
1.410432752966881,0.6191578477621079,4.558341532945634e-06,1367.369659245014,140000000.0,0.00024199999999999997,8.55
1.5007781078573317,0.7668209441006184,2.973781526088715e-06,2370.6563487648964,97700000.0,0.0005499999999999999,12.48
1.7154554128646853,0.6906122714281083,6.157314889132978e-06,2610.323160886764,107000000.00000001,0.0007049999999999998,15.82
1.5739627182483675,0.7599874712526798,7.299852773547174e-06,1154.2754918336866,231000000.0,0.00133,12.54
1.7324129641056063,0.895210647583008,3.022805511951447e-06,644.4563269615172,308000000.0,0.00155,4.55
1.4378345578908922,0.6696533292531968,3.470248371362687e-06,2792.784377932548,79500000.00000001,0.00028599999999999996,12.66
1.4992050690343606,0.6506941348314286,7.525520071387292e-06,2416.392967104912,109000000.00000001,0.0004690000000000002,15.04
1.4283576875925066,0.6748032152652741,3.3973038196563727e-06,1853.7977170199154,110000000.0,0.00032199999999999986,10.4
1.493456874601543,0.6374807685613633,4.506765961647034e-06,731.9384366273879,260000000.0,0.000363,4.75
1.3193145811557772,0.6143446058034897,6.51630042679608e-06,1938.7996867299078,110000000.0,0.00024800000000000007,12.07
1.4212778449058534,0.629161360859871,6.933245558291674e-06,2622.692391276359,93599999.99999999,0.00032500000000000004,14.58
1.4700172930955888,0.6848168537020684,7.872045025229456e-06,935.279682278633,260999999.99999997,0.000831,10.48
1.624097612500191,0.8737646341323854,2.977316319942475e-06,2521.9178497791286,133999999.99999997,0.000855,9.72
1.6808634459972382,0.7860873587429524,5.542963430285455e-06,1471.4068099856374,179000000.00000003,0.0012899999999999997,12.93
1.4871432065963746,0.72379789352417,9.901610523462297e-06,1127.879425883293,232999999.99999997,0.00127,14.26
1.5456800535321238,0.7594443328678608,5.921547487378121e-06,1278.6183804273603,200000000.0,0.0010699999999999998,11.98
1.4631628654897215,0.6934348672628403,7.6043138056993496e-06,1131.7361444234846,219000000.0,0.0008059999999999999,11.71
1.5095202159136536,0.6915615811944008,8.36538961529732e-06,1460.9853476285932,177000000.0,0.000855,14.11
1.4585775285959246,0.6721713781356812,6.303891461342574e-06,743.958756327629,313000000.0,0.0006159999999999999,6.66
1.627061077952385,0.7937246024608613,5.056629806756974e-06,1364.267162978649,186999999.99999997,0.00122,11.87
1.3686429977416994,0.697999468445778,3.238233298063279e-06,794.6851402521132,232999999.99999997,0.000391,4.78
1.2563468098640442,0.6022170513868332,8.796844750642777e-06,1352.9976382851598,150999999.99999997,0.0002799999999999999,11.18
1.6902473866939547,0.8877605438232423,9.234342873096467e-06,549.8300045728682,447000000.0,0.00352,10.14
1.5563455894589426,0.6411677598953248,5.210559189319612e-06,2606.828838586807,90399999.99999997,0.00034799999999999995,13.85
1.7047212660312654,0.8383911967277528,7.474142581224443e-06,842.1504795551299,302000000.0,0.00239,11.62
1.380800047516823,0.6307222187519074,3.2093570530414585e-06,981.090098619461,180000000.00000003,0.00020600000000000007,4.57
1.504243258573115,0.6330600500106812,4.479744523763657e-06,1931.489698588848,108000000.00000001,0.0002959999999999998,11.25
1.386553689837456,0.6333693891763688,8.993493735790254e-06,655.5801182985305,320000000.0,0.0005780000000000001,7.959999999999999
1.570281583070755,0.64722198843956,4.930063784122468e-06,2329.666458070278,98600000.0,0.00036999999999999994,13.14
1.27869331240654,0.6562876850366594,9.39159405231476e-06,717.144340276718,293000000.0,0.000688,10.33
1.5406459897756577,0.7109076082706453,6.340093018487097e-06,1873.0529602617023,141000000.00000003,0.0007619999999999999,14.26
1.4906095426529646,0.760918077081442,7.052334383130075e-06,896.6300934553145,296000000.0,0.00124,10.08
1.5102811373770237,0.6418959528207779,6.193912595510484e-06,1055.5006116628645,201000000.0,0.00048399999999999995,9.45
1.5749484658241273,0.8601638585329057,4.17104795575142e-06,1049.8151481151579,235000000.00000003,0.0013800000000000002,8.770000000000001
1.3140303611755373,0.6137842386960983,7.3498192876577386e-06,1567.901365458965,133999999.99999997,0.00029,11.61
1.6163273245096208,0.7416379339993001,7.917692244052888e-06,1358.3081513643262,203000000.0,0.00127,13.91
1.5451001375913622,0.6436535775661469,4.5078803896904e-06,1022.8148400783538,193000000.0,0.00039500000000000006,7.47
1.4577364057302475,0.6875770032405853,5.6828756779432305e-06,1472.1888601779935,158000000.0,0.00058,11.97
1.6850958466529848,0.827909615635872,6.787930462509395e-06,964.5473510026931,267000000.0,0.00202,11.75
1.6153594493865968,0.5969063580036164,2.9848957657814033e-06,2509.184435009956,77800000.0,0.00016400000000000008,9.55
1.3486208617687228,0.622294244170189,9.121179401874544e-06,492.5491213798522,370000000.0,0.0005129999999999999,6.41
1.574377351999283,0.7050169676542283,4.296255886554719e-06,2568.6123520135875,96999999.99999997,0.000523,14.17
1.695819890499115,0.8250999391078949,3.0438999533653265e-06,2089.987315237522,114999999.99999997,0.0009090000000000001,12.07
1.4817524012178185,0.6731444567441941,6.599372398108245e-06,1366.0846948623655,171999999.99999997,0.0006060000000000001,11.97
1.260310971736908,0.6004892706871033,9.663479655981065e-06,1056.492134928703,186000000.0,0.00032199999999999986,10.44
1.4428742587566377,0.6295492082834244,4.480875223875046e-06,2680.736511945724,82000000.0,0.00024199999999999997,12.8
1.579143288731575,0.6409517616033554,6.522796019911767e-06,2064.490757882595,114999999.99999997,0.0004520000000000001,13.77
1.6965072154998782,0.7513576716184617,4.055443465709687e-06,2607.864543795585,101000000.0,0.0007330000000000001,14.42
1.4822466418147089,0.7357629541307689,7.128630980849267e-06,1075.6224691867826,241000000.0,0.0010399999999999997,11.42
1.244581550359726,0.6901921659708024,9.47405192255974e-06,1363.656774163246,189999999.99999997,0.0006830000000000001,13.84
1.2722787559032442,0.6071089625358582,6.6563348323106775e-06,1761.7455795407293,116999999.99999997,0.00021799999999999996,11.18
1.3694722563028336,0.6214039653539658,7.021537095308305e-06,773.7378329038619,268000000.0,0.00039399999999999993,6.89
1.6288398116827012,0.7410801194608212,5.8658370375633246e-06,1824.81406442821,147000000.0,0.000941,14.08
1.5304320260882378,0.6368654966354371,5.0845753103494655e-06,1853.87840680778,115999999.99999997,0.0003490000000000001,11.81
1.6328523695468904,0.7681144796311856,5.174044355750085e-06,1601.7847433686254,160000000.00000003,0.0010399999999999997,12.94
1.6769017159938813,0.8784771502017976,2.950527489185334e-06,1368.9861744642255,157000000.0,0.0011999999999999997,9.85
1.2983141720294953,0.653838810324669,9.842096060514452e-06,2669.2325919866557,107000000.00000001,0.0004229999999999999,16.32
1.3862984508275986,0.7098465129733086,3.0559913516044623e-06,1261.289373040199,150999999.99999997,0.000396,8.24
1.5296885199844839,0.8181084841489793,3.0581342577934273e-06,1655.182449147105,134999999.99999997,0.0008080000000000001,10.7
1.5411581665277483,0.7664165161550046,8.295758515596391e-06,889.612317085266,291000000.0,0.00162,11.97
1.3567602485418322,0.7507237717509271,7.840551167726518e-06,2381.46211206913,449000000.0,0.000704,3.1199999999999997
1.7345547258853913,0.7877395570278168,7.730574414134026e-06,1214.5019620656965,225999999.99999997,0.00181,13.739999999999998
1.6174059838056565,0.6929898351430893,8.254391372203828e-06,1732.9029291868208,158000000.0,0.000916,15.06
1.318920922279358,0.6301714718341828,9.097534209489824e-06,1145.485185086727,194000000.0,0.0004500000000000001,11.34
1.66880339384079,0.785552852600813,4.606958508491517e-06,1679.1373044252393,150999999.99999997,0.0010699999999999998,12.79
1.569514498114586,0.7353394567966461,3.0006761252880103e-06,2015.7629176974294,109000000.00000001,0.0005039999999999999,11.25
1.5815696150064469,0.6835721969604492,4.285338789224625e-06,2708.3270549774165,90100000.0,0.0004430000000000001,14.13
1.6762069880962374,0.7809614069759846,4.027875036001206e-06,2020.644389092922,126000000.00000001,0.000903,13.1
1.4742960914969445,0.654453992843628,3.3774266541004187e-06,2397.377446293831,87600000.00000001,0.00027000000000000006,11.52
1.6695398032665254,0.7740911073982716,4.884725943207741e-06,1738.5111115872858,148000000.0,0.0010399999999999997,13.24
1.7585537731647494,0.6017572224140167,3.021983981132508e-06,1421.3144332170484,134999999.99999997,0.000244,6.33
1.7762439429759982,0.6144823729991913,3.0653459131717687e-06,1630.8292765170333,123000000.00000003,0.0002740000000000001,7.48
1.416688558459282,0.6264301300048829,8.497684448957445e-06,2721.901267766952,96600000.00000001,0.00036700000000000003,15.55
1.5975976288318636,0.6735965341329575,7.564948856830598e-06,2638.1300687789912,109000000.00000001,0.000611,16.08
1.3415769696235658,0.7877893745899202,3.018814057111741e-06,2065.013751387596,109000000.00000001,0.000539,11.85
1.4830455612391236,0.752655789256096,5.422529891133309e-06,947.3119974136351,284000000.0,0.00091,7.84
1.4818330440670253,0.7064292758703232,8.189388111233712e-06,1292.126730084419,199000000.00000003,0.000938,13.44
1.730438643693924,0.8902964293956758,2.988768100738526e-06,988.7692630290984,201000000.0,0.00142,8.04
1.4450272008776666,0.6647022753953934,8.075476855039598e-06,2359.2706695199013,118000000.00000001,0.000521,15.27
1.485270604491234,0.790350553393364,5.436669170856477e-06,973.9163070917128,257000000.0,0.00115,9.46
1.7867093145847321,0.900798100233078,2.9186308979988103e-06,1668.7061842530964,137000000.0,0.00134,10.99
1.5100347172468902,0.6344630241394044,3.530099123716355e-06,1184.896111488342,158000000.0,0.000277,6.88
1.6623302578926087,0.7301004499197007,9.8799966275692e-06,1307.6030015945432,214000000.00000003,0.00146,15.05
1.4851215418428183,0.7160769380629063,7.423358812928201e-06,892.8478062152861,292000000.0,0.000993,9.82
1.6446668565273286,0.6875125631690026,9.190822809934617e-06,2502.2868365049358,128000000.0,0.0007990000000000001,16.56
1.725808310508728,0.8926705777645112,2.947487115859986e-06,1386.629819869995,156000000.0,0.00131,9.99
1.5011954422574492,0.6363023132085801,6.6412783972919e-06,2156.4055159687996,110000000.0,0.00039300000000000007,13.78
1.4913139544427396,0.6326447099447251,6.9094385839998734e-06,2740.9345954656596,92900000.0,0.0003640000000000001,14.96
1.4854191686958076,0.630521509051323,8.45771586894989e-06,2747.609347105026,98500000.00000001,0.00041500000000000006,15.77
1.4598514035344126,0.6920469805598259,5.300078615546227e-06,1561.7963969707487,149000000.0,0.0005640000000000002,12.07
1.5019464247394354,0.695434905588627,7.429498597979547e-06,1576.8951103091238,163000000.0,0.000773,13.89
1.4767791330814364,0.6935517311096192,7.14165072143078e-06,1046.8399822711942,236000000.00000003,0.0007900000000000001,10.64
1.4791432209312918,0.6300420194864274,3.432418733835221e-06,2845.977574586868,72900000.00000001,0.00019300000000000006,11.7
1.4638580113649369,0.6587977409362794,8.191468223929406e-06,2179.0900379419327,124000000.00000003,0.000527,14.93
1.5603665739297867,0.6413321077823639,5.273117989301682e-06,2248.38088452816,102000000.0,0.00036800000000000016,13.129999999999999
1.4454961583018304,0.6877497553825379,8.5024091899395e-06,1278.6163315176962,195000000.0,0.0008049999999999999,13.24
1.7227889120578768,0.7693574108183384,5.040260002017022e-06,2002.4320781230924,134999999.99999997,0.0010399999999999997,14.14
1.7262699723243715,0.6893534258008004,8.111743226647378e-06,2789.9611294269557,112999999.99999999,0.0007749999999999999,16.82
1.581961977481842,0.7808932028710843,9.079071044921876e-06,752.3150295019149,329000000.0,0.00203,12.04
1.5874026864767077,0.7819566093385221,6.158015996217728e-06,1174.256309866905,223000000.0,0.00133,11.79
1.2283105909824372,0.7567786172032357,7.23255191743374e-06,2714.153036475181,435000000.0,0.000549,1.7599999999999996
1.702564984560013,0.8857256054878235,4.3198724985122685e-06,942.7318274974822,281000000.0,0.00177,7.6
1.403733238577843,0.6792919099330903,8.861328452825548e-06,1174.4124740362165,208999999.99999997,0.000761,12.73
1.6291524142026903,0.7489957675337792,6.18387445062399e-06,1614.6102752536533,166000000.0,0.00106,13.7
1.6740274071693422,0.7803242571651936,5.0566657930612575e-06,1624.1172254085538,159000000.00000003,0.00113,13.04
1.26827609539032,0.659115555882454,9.365899831056597e-06,828.6447376012801,263000000.00000003,0.000666,11.08
1.4945087676867843,0.6420551866292954,3.221366465091706e-06,1856.4683403819797,106000000.00000003,0.00024699999999999993,9.35
1.6921406865119935,0.8283123135566712,4.080698132514955e-06,1557.3395341634748,161000000.00000003,0.00124,11.71
1.331305629014969,0.7912224233150483,3.6169625520706184e-06,769.324630498886,347000000.0,0.000686,2.89
1.4270715147256852,0.7726840294897557,3.034009248018265e-06,1007.417395710945,193000000.0,0.000636,7.35
1.4513179913163186,0.6646296501159669,8.050325557589532e-06,2383.7011605501175,116999999.99999997,0.0005220000000000001,15.32
1.4791413344442845,0.7290208965539933,6.588611137121917e-06,1078.8239836692808,237000000.0,0.0009220000000000002,10.73
1.5815353810787203,0.8565398365259171,4.0937255918979655e-06,1116.5815889835355,220000000.0,0.00134,9.19
1.4901511609554292,0.7999566435813904,6.702946823090316e-06,749.4354546070098,388000000.0,0.0014700000000000002,7.639999999999999
1.5066934391856195,0.6355023354291917,5.238233909010888e-06,1579.6467401087282,132999999.99999997,0.00035899999999999994,11.03
1.592735293507576,0.7491078101098538,5.935575783252717e-06,1532.559387385845,169999999.99999997,0.00101,13.16
1.5674705162644387,0.7899547934532166,6.3175047151744375e-06,1056.8899959325788,246000000.0,0.00142,11.26
1.5860555201768876,0.8071738153696061,5.204138711094857e-06,1157.6812639832494,218000000.00000003,0.00133,10.94
1.6011541932821276,0.7246238261461259,7.921384438872339e-06,1521.7972472310064,182000000.0,0.0011,14.39
1.4464772656559945,0.6669526666402817,8.301841974258424e-06,594.6280360221862,380000000.0,0.000807,7.37
1.7277482450008395,0.6924085557460785,9.241489231586458e-06,2293.692894279957,137000000.0,0.000941,16.55
1.3240455508232118,0.7681382305920125,9.916613787412644e-06,577.0902633666991,383000000.0,0.00165,11.24
1.5167804952710868,0.8338495910167695,4.506687313318254e-06,1022.312968969345,236000000.00000003,0.00126,9.18
1.377213388681412,0.6753259778022767,8.440931439399721e-06,2290.822632610798,126000000.00000001,0.000549,15.42
1.4134412437677384,0.6202931463718415,3.569100141525269e-06,1368.8547462224958,134999999.99999997,0.00020100000000000014,7.14
1.6088148772716524,0.8395029991865158,8.20275728404522e-06,1239.4966110587118,537000000.0,0.00175,4.52
1.2557150781154633,0.6619798332452774,9.364192098379137e-06,936.2617433071135,240000000.0,0.0006449999999999998,11.71
1.516011393070221,0.7262688964605332,3.0249765813350684e-06,1703.6162242293356,123000000.00000003,0.0004720000000000001,10.19
1.5122193552553655,0.6497227460145951,7.321928963065148e-06,2470.676109194755,106000000.00000003,0.0004610000000000001,15.07
1.4693076699972154,0.6390858471393586,6.893273118883372e-06,2360.516257584095,103999999.99999999,0.0003860000000000001,14.349999999999998
1.6288027435541155,0.6650652319192887,7.734960570931435e-06,2290.495105087757,120000000.0,0.0006540000000000001,15.64
1.5330683000385763,0.7946506619453431,7.154838398098946e-06,848.5241532325743,303000000.0,0.00164,10.64
1.4741401724517347,0.6991305381059647,4.943038359284401e-06,926.6166687011718,269000000.0,0.0006029999999999999,6.53
1.5167036477476359,0.6528647124767304,3.171769410371781e-06,1767.3808354884384,111999999.99999999,0.0002850000000000001,9.250000000000002
1.489280315861106,0.6859270155429841,4.663359999656678e-06,1809.025716036558,128000000.0,0.0004850000000000001,12.13
1.6044868022203447,0.6265762031078339,8.743000686168672e-06,2919.740483164787,95700000.00000001,0.000453,16.2
1.451991181075573,0.7836827225983144,3.006719738245011e-06,2128.020517528057,108000000.00000001,0.0005930000000000001,11.95
1.5110638462007047,0.67429578602314,8.469531476497652e-06,2525.0716060400005,119000000.0,0.000614,16.04
1.7864259302616121,0.6999065726995469,7.86951357126236e-06,2842.3908650875087,112999999.99999999,0.000853,17.01
1.4272173643112185,0.6878640621900559,5.438577592372895e-06,706.0097455978392,357000000.0,0.0005899999999999999,4.52
1.7327234566211702,0.8341239184141159,2.931914329528809e-06,2186.227098107338,110000000.0,0.0009360000000000001,12.28
1.7284927725791932,0.745462491363287,6.412660144269467e-06,2044.7971969842908,143000000.00000003,0.0010800000000000002,15.07
1.5561316788196564,0.718073071539402,4.850438192486763e-06,2226.374477148056,114999999.99999997,0.000636,14.04
1.381236693263054,0.6711554020643234,8.298726081848145e-06,2225.929044187069,126000000.00000001,0.000527,15.09
1.6261543929576876,0.795898112654686,6.069444105029107e-06,1171.9895824789999,223999999.99999997,0.00146,11.87
1.5149625778198244,0.6925539314746857,3.892220437526704e-06,1645.7530595362184,132999999.99999997,0.00046800000000000005,10.65
1.6594617605209352,0.6817757964134217,7.334255889058114e-06,2721.741676330566,108000000.00000001,0.0006680000000000001,16.34
1.4487426638603211,0.7086937800049783,5.5269541144371045e-06,1373.6608177423475,169999999.99999997,0.0006649999999999999,11.75
1.5054964257404209,0.740402164310217,6.443186237476767e-06,863.5065257549285,325000000.0,0.00102,8.02
1.5113891635090113,0.7150283105671407,8.085489496588707e-06,1309.38134342432,200000000.0,0.00101,13.56
1.526867001503706,0.8269943565130234,4.1776517033576974e-06,1175.081945955753,206999999.99999997,0.00113,9.63
1.499580391170457,0.6601410984992981,8.299594342708588e-06,1350.9223535656927,179000000.00000003,0.0006590000000000001,12.89
1.4719335660338404,0.7856451742351056,3.01626205444336e-06,1074.192553758621,179000000.00000003,0.000695,8.08
1.299382531642914,0.748527655005455,9.933369010686876e-06,704.1158825159072,324000000.0,0.0013800000000000002,12.16
1.5985097855329515,0.6459869205951692,8.20286075770855e-06,2795.6125438213344,102000000.0,0.0005239999999999999,16.16
1.4877678740769626,0.6365671545267105,3.425796419382096e-06,582.5729966163634,292000000.0,0.00030300000000000005,2.05
1.5887320697307588,0.779866448789835,3.7084462046623237e-06,1846.825649961829,136000000.0,0.0007879999999999999,11.52
1.5110793795436621,0.7693479605019093,2.93044400215149e-06,2642.989709973335,89900000.00000001,0.0005470000000000001,13.22
1.442074164748192,0.627759200334549,5.328076273202897e-06,729.4852584600447,261999999.99999997,0.00036700000000000003,5.63
1.5134905379265549,0.6839792579412461,4.324869692325593e-06,1382.8817680478094,158000000.0,0.0004969999999999999,10.020000000000001
1.7118685483932496,0.8840752780437471,4.369552791118623e-06,850.7195413112639,320000000.0,0.00182,6.54
1.457294721901417,0.7982083171606065,4.484058916568757e-06,1044.0229922533033,250000000.0,0.0009580000000000001,7.99
1.4988275803159923,0.6345676213502884,4.420597434043885e-06,2232.071451842785,96200000.0,0.0002850000000000001,11.98
1.6841365277767182,0.7746338479220868,3.9650354385375984e-06,2179.2824491858482,118000000.00000001,0.000851,13.4
1.416942483186722,0.6755894958972931,3.41165640950203e-06,2321.8467757105827,91900000.00000001,0.00030300000000000005,11.69
1.5226252734661103,0.719644732028246,4.112648338079453e-06,1959.863595664501,120000000.0,0.0005640000000000002,12.42
1.6222024351358415,0.715189003944397,5.002380818128587e-06,2525.5389809608455,106000000.00000003,0.000657,14.85
1.5410006627440453,0.6700687855482103,4.101941108703614e-06,1153.8831815123556,178000000.00000003,0.0004500000000000001,8.2
1.5494127050042155,0.8409010738134385,5.212708562612534e-06,907.4123501777648,263000000.00000003,0.0015600000000000002,9.64
1.3771822929382325,0.6216820925474167,6.23462150245905e-06,2808.077439665794,84300000.00000001,0.0002540000000000001,14.07
1.3576388329267504,0.6241080790758133,7.939182952046396e-06,2334.8946794867516,102999999.99999999,0.0003200000000000001,14.32
1.5238708421587945,0.6681395530700684,4.555359154939652e-06,927.1130263805388,239000000.0,0.0004720000000000001,6.3
1.5474489212036133,0.8449514329433442,3.122903555631638e-06,871.190309524536,240000000.0,0.00102,6.28
1.4604432776570322,0.6869099289178849,6.71518597379327e-06,1398.4625339508054,173000000.0,0.000661,12.39
1.559054607152939,0.807983073592186,6.9314985536038885e-06,1829.3631467968223,442000000.0,0.00113,3.9799999999999995
1.4951797468587757,0.7854598246514798,4.563342690467835e-06,1075.9408324956892,313000000.0,0.000906,5.5
1.3413088560104371,0.678943419456482,8.677532106637955e-06,1924.9651879072187,145000000.0,0.00058,14.68
1.2292301952838898,0.7958317369222642,9.821580529212953e-06,1068.7613785266874,695000000.0,0.00127,2.86
1.5814443200826647,0.6571502029895783,6.2288287505507475e-06,2173.9773377776146,112999999.99999999,0.0005000000000000001,14.15
1.5094864625483753,0.7466092474758625,4.9295668601989755e-06,1490.8208996057508,161000000.00000003,0.000804,12.11
1.4960365315899253,0.6358062386512757,6.109742742031813e-06,2168.7052324414253,107000000.00000001,0.000365,13.39
1.5239429444074633,0.6526143103837968,3.1563904285430912e-06,1679.0706589817999,116999999.99999997,0.00028900000000000014,8.9
1.3303494751453402,0.6830880358815193,8.814426094293596e-06,2024.0417420864103,142000000.00000003,0.0005930000000000001,15.09
1.2323919653892519,0.6471326172351838,9.623246133327486e-06,695.5953985452651,290000000.0,0.000595,10.07
1.5266651496291161,0.663510936498642,4.993659719824792e-06,1375.8330717682836,157000000.0,0.00047600000000000013,10.58
1.7768281102180483,0.7433832250535489,5.838477015495301e-06,2512.214511632919,119000000.0,0.0009679999999999999,15.62
1.4735295452177526,0.6276961416006089,4.443932831287385e-06,1184.6772134304044,161000000.00000003,0.00029699999999999996,8.04
1.6304818600416184,0.8705171585083008,4.097276657819748e-06,1121.0751831531522,217000000.00000003,0.00148,9.45
1.6013522118330004,0.699937091767788,9.829228818416597e-06,1502.155430614948,184000000.0,0.0011,15.42
1.7037497341632843,0.7515019476413728,6.115868184715511e-06,1901.3137388974426,148000000.0,0.0010800000000000002,14.57
1.59842309653759,0.863247612118721,4.905198708176614e-06,1927.3493364453313,431000000.0,0.00116,1.3499999999999999
1.428021088242531,0.7067356288433075,3.053537398576737e-06,800.963521003723,228000000.0,0.00042800000000000005,4.94
1.476381676644087,0.7025349944829942,8.711447060108187e-06,1272.2132652997968,202000000.0,0.0009620000000000001,13.71
1.737753224372864,0.7388226360082627,7.0264208018779765e-06,2005.1515027880666,149000000.0,0.00113,15.34
1.4807949095964432,0.8235022723674775,5.571033999323846e-06,755.1952749490737,381000000.0,0.0014099999999999998,6.52
1.3911423951387407,0.6267939448356629,3.3146997094154365e-06,1367.5185590982435,133999999.99999997,0.0001970000000000001,6.88
1.478292388468981,0.7250792272388936,7.340988248586656e-06,1148.4564766287801,223999999.99999997,0.000985,12.05
1.4801272295415402,0.6799119740724564,4.9143087714910515e-06,843.4118628501891,286000000.0,0.000517,5.44
1.517385121062398,0.6540658324956895,8.345501393079759e-06,1449.2579847574232,167000000.0,0.000627,13.23
1.5344996094703676,0.7218491077423096,3.0175777971744544e-06,1503.8721561431882,136000000.0,0.0004850000000000001,9.43
1.702394610643387,0.7506349705159665,5.084165483713151e-06,2271.4230716228485,122000000.00000004,0.0008960000000000001,14.63
1.4652955010533335,0.641500335931778,7.345807179808617e-06,923.2236742973326,246000000.0,0.0005259999999999999,8.7
1.558933286368847,0.8657922774553299,5.14316163957119e-06,790.2956306934356,291000000.0,0.00177,8.930000000000001
1.3134434401988984,0.6133944690227509,7.359224125742913e-06,1378.3546835184095,149000000.0,0.00029999999999999987,10.91
1.500712068239227,0.7606120370328427,7.413191273808481e-06,768.8689529895781,391000000.0,0.00133,7.959999999999999
1.5001300608739259,0.8342072278261186,4.2472200095653545e-06,1060.8286708593366,247000000.0,0.00114,8.02
1.3589425563812256,0.6218206286430359,7.065155625343324e-06,1934.9704980850217,114999999.99999997,0.00030899999999999987,12.9
1.51096836514771,0.652958706021309,8.324019968509675e-06,2040.5570715665815,129000000.0,0.000552,14.78
1.4831772331148387,0.6994703471660615,6.3857980370521555e-06,1732.6629087328909,146000000.0,0.000679,13.67
1.5077011266723277,0.7612064950168134,8.595172703266145e-06,2236.068017780781,502000000.0,0.000908,3.07
1.3510577112436295,0.7296830490231515,9.663833469152451e-06,823.08891415596,284000000.0,0.00124,12.56
1.331123095750809,0.7103315949440003,9.53610670566559e-06,1027.1893739700315,236000000.00000003,0.0009769999999999998,13.25
1.31882581114769,0.7948254972696305,3.045834034681321e-06,1867.8228948265312,119000000.0,0.0005640000000000002,11.270000000000001
1.450239595770836,0.6230634838342667,6.976539298892022e-06,2867.9174482822414,87000000.00000003,0.0003070000000000001,14.86
1.5472547069191933,0.8595297306776047,7.749233052134514e-06,1048.2628941535947,474000000.0,0.00195,6.1
1.441961766779423,0.6485643446445466,8.521877050399781e-06,663.6055856943129,323000000.0,0.0006840000000000003,8.3
1.6870654463768007,0.7258009135723115,6.864136781543494e-06,2034.2721715569494,143000000.00000003,0.000989,15.21
1.5795592904090883,0.7032348543405533,4.280065596103669e-06,2608.179628849029,95500000.00000003,0.0005159999999999999,14.23
1.5873914569616319,0.6762223273515702,8.628631412982942e-06,1683.3343189209697,157000000.0,0.000823,14.93
1.7191534459590914,0.6953694283962251,9.121519029140474e-06,2547.0568537712093,128000000.0,0.0008839999999999999,16.79
1.569284038245678,0.6806366980075836,9.383436530828478e-06,2105.4634377360344,142000000.00000003,0.0007879999999999999,15.93
1.4327849149703982,0.6320524960756303,6.640358556061984e-06,1148.5942006111143,185000000.0,0.00041799999999999997,9.99
1.2563863813877107,0.6046014815568924,8.646841317415238e-06,2481.379091739654,93700000.00000001,0.0002320000000000001,14.07
1.4488910794258119,0.6316128730773927,5.489595323801042e-06,748.1259405612944,263000000.00000003,0.000391,5.95
1.631311431527138,0.773833990842104,7.191978454589845e-06,1184.4323873519895,227000000.00000003,0.00148,12.84
1.7067749083042145,0.7476443879306317,5.120076268911363e-06,2354.174919426441,119000000.0,0.000879,14.8
1.4683118730783464,0.6388621509075165,6.8181801848113546e-06,2552.036747336387,97899999.99999999,0.00037499999999999985,14.669999999999998
1.745506775379181,0.8949486315250398,7.2927939295768745e-06,566.1414116621016,413000000.0,0.00319,8.99
1.5147500887513161,0.6897866293787956,9.72353944182396e-06,2136.468544602394,144000000.00000003,0.0007879999999999999,16.11
1.5179844651371242,0.7097282811999321,8.035576388239861e-06,1398.2206508517263,187999999.99999997,0.0009589999999999999,13.85
1.4905890438705685,0.8029963284730912,6.5610158480703845e-06,776.2643247842788,333000000.0,0.00151,9.07
1.72481444478035,0.9040042340755463,4.994248747825624e-06,1638.3634619414804,489000000.00000006,0.00161,0.6900000000000005
1.3856296062469484,0.8920078217983247,1.0026576042175294e-05,531.0076028108596,707000000.0,0.00275,5.49
1.4204298824071886,0.6498329937458039,8.567284464836121e-06,535.6759876012801,377000000.0,0.0007060000000000002,7.12
1.3819538533687592,0.5986499726772309,3.003056019544602e-06,1354.0043979883192,129000000.0,0.000134,4.78
1.2917347311973573,0.6087058246135713,4.666519701480866e-06,2325.9919062256813,87499999.99999997,0.00015800000000000002,10.91
1.702762234210968,0.7534113697707654,9.044453263282778e-06,1276.2100547552106,221000000.0,0.00163,14.57
1.5080363402143122,0.7793852739036083,3.121373981237412e-06,856.311872601509,233999999.99999997,0.0007340000000000001,5.91
1.2779596567153932,0.607470229268074,5.711263969540597e-06,1862.77480982244,109000000.00000001,0.00019100000000000003,10.64
1.5243830211460592,0.816607815027237,4.7230136096477516e-06,977.6544123888015,368000000.0,0.00112,4.69
1.5233401983976365,0.8184116810560227,7.118212684988977e-06,724.3757992982863,345000000.0,0.00188,9.78
1.545923437178135,0.7462295629084111,6.312472878023983e-06,1341.1011844873426,193000000.0,0.00103,12.54
1.4711238741874697,0.6745341986417771,5.891799956560136e-06,850.5434840917586,272000000.0,0.0005930000000000001,7.37
1.280092066526413,0.6118959546089173,3.6030924916267403e-06,1555.5705800652502,118000000.00000001,0.00014299999999999998,7.18
1.549192826449871,0.7376317318528891,1.0019190192222597e-05,1021.8055099248885,256000000.0,0.00153,14.02
1.4003926903009416,0.7045844078063965,9.772441178560258e-06,1523.9198245108125,181000000.00000003,0.0008809999999999998,15.13
1.454424186050892,0.8200112253427506,3.0797980129718785e-06,1011.5062743425368,195000000.0,0.0008149999999999999,7.719999999999999
1.4677430279552939,0.6861054718494416,7.797562867403032e-06,1033.5742980241773,237000000.0,0.0008059999999999999,11.14
1.439985340833664,0.628941822052002,4.377835273742676e-06,2590.4684811830516,83599999.99999999,0.00023799999999999993,12.5
1.6122921288013459,0.8064439147710801,8.049186408519746e-06,1856.3527446240184,585000000.0,0.00131,1.8699999999999997
1.2702111124992372,0.7358032040297986,9.230953067541123e-06,2126.7821565270424,577000000.0,0.0006959999999999999,1.2399999999999995
1.5223627790808678,0.6371578127145768,5.433088064193726e-06,1781.8978913128374,122000000.00000004,0.000369,11.93
1.4754304490983488,0.7068583533167839,4.229890882968903e-06,968.1327193975447,265000000.0,0.0005509999999999998,5.4
1.7083704292774202,0.7841502986848355,4.742388844490052e-06,1802.2384047508237,144000000.00000003,0.0011,13.4
1.4265182599425317,0.6429244369268418,8.794194072484971e-06,1026.270270347595,223999999.99999997,0.000587,10.81
1.3084548175334931,0.6515345513820648,9.097521483898164e-06,967.5441235303878,235000000.00000003,0.0005970000000000001,11.15
1.3215504705905916,0.613748699426651,6.472599167376757e-06,1565.5290633440015,130999999.99999999,0.0002630000000000001,10.91
1.6029773086309433,0.854661449790001,4.112100511789323e-06,1173.8798320293424,207999999.99999997,0.00136,9.76
1.3534412473440172,0.7820964820683003,2.9878735542297367e-06,2147.983677685261,105000000.00000003,0.0005220000000000001,12.03
1.4464615747332574,0.7238981880247594,4.8584348708391195e-06,915.0118678808211,359000000.0,0.0006599999999999999,3.7899999999999996
1.4986274208873511,0.6357093304395677,7.010328561067582e-06,1521.0684686899183,148000000.0,0.00045099999999999996,12.2
1.4720665723085404,0.8300921916961671,5.0569894611835485e-06,819.9573606252669,313000000.0,0.00134,7.51
1.4134229689836504,0.6194574773311615,3.6185292601585396e-06,1456.2861919403074,128000000.0,0.00019900000000000012,7.59
1.5532086029648782,0.6442129075527192,5.216719731688501e-06,1679.7287128865717,129000000.0,0.00040299999999999993,11.63
1.3544337183237076,0.6222463846206665,8.472613990306856e-06,897.6868838071822,244000000.00000003,0.000433,8.73
1.5639535143971444,0.732402852550149,4.935571253299714e-06,1974.1419255733488,128000000.0,0.0007280000000000002,13.65
1.3790920168161394,0.8296030372381211,8.651292353868486e-06,673.1682568788527,458000000.0,0.00197,8.49
1.4829672887921335,0.6855604648590089,5.41193886101246e-06,1955.8339491486547,125000000.00000001,0.0005239999999999999,13.25
1.587449723482132,0.7271248608827592,6.9710275530815135e-06,1624.3060510605571,167000000.0,0.000984,14.11
1.6645674347877504,0.8760145962238313,3.355252832174302e-06,977.3664474487304,254000000.00000003,0.00136,6.54
1.5113134760409594,0.7950608164072037,3.005959331989289e-06,1602.9468849301336,132999999.99999997,0.0007060000000000002,10.51
1.487811201810837,0.6443335980176926,3.1399389505386357e-06,1083.3771824836729,168000000.0,0.00027200000000000005,5.81
1.3929468244314196,0.6211910158395768,4.485480010509492e-06,2408.099055290222,87399999.99999999,0.000211,11.82
1.4642538249492647,0.6249201625585556,4.466462552547455e-06,586.1627608537673,295000000.0,0.00031899999999999995,3.2699999999999996
1.4807957768440247,0.7833640359342099,5.2668429166078575e-06,1021.8445509672164,242999999.99999997,0.00106,9.58
1.302526867389679,0.7539248026907445,3.0658317804336555e-06,2306.3684925436974,96300000.0,0.000411,12.28
1.7673277616500855,0.6059293627738953,3.0149375498294836e-06,2808.077067136764,72900000.00000001,0.00023700000000000004,11.2
1.442658457159996,0.7521446228027344,8.763894021511079e-06,2262.603744864464,542000000.0,0.000826,2.03
1.3910236537456513,0.6199318438768388,5.378459915518762e-06,1374.8419955372808,144000000.00000003,0.0002799999999999999,9.64
1.1941009998321535,0.6597300857305527,9.624213069677354e-06,1500.9037703275678,162000000.00000003,0.0004780000000000001,13.91
1.3555143892765047,0.7126959577202797,9.745450824499132e-06,1227.0260527729986,211000000.0,0.0009639999999999999,14.28
1.2770962715148928,0.6080112397670746,5.675410449504853e-06,2415.150061249733,88000000.00000001,0.00017800000000000002,12.07
1.3756698042154314,0.6194589972496033,6.280260846018792e-06,912.6697033643721,213000000.0,0.00034500000000000004,7.9
1.7936307549476624,0.900635325908661,3.9495306611061106e-06,1420.7786619663236,173000000.0,0.00169,11.19
1.5021372373681516,0.7014841541647912,9.795091062784197e-06,1417.2146022319791,191000000.0,0.00102,15.04
1.6074476569890976,0.8380630552768707,6.264751713722945e-06,1860.1191248744724,535000000.0,0.00126,1.1500000000000001
1.5978657603263857,0.7485359273850919,7.827278688549996e-06,1243.4524968266485,218000000.00000003,0.0013199999999999998,13.39
1.738699758052826,0.8319666087627412,3.975250124931336e-06,1717.5046000629661,147000000.0,0.00125,12.28
1.683845114707947,0.6770993292331696,7.300752326846124e-06,2414.037838578224,116999999.99999997,0.0007179999999999999,15.94
1.6010910004377366,0.7706582956016065,2.9322268366813664e-06,2750.4879534244533,88100000.00000001,0.000596,13.49
1.3204621016979219,0.8536946654319764,3.0085793435573583e-06,2355.289228260517,169999999.99999997,0.000639,7.22
1.4440415114164353,0.6407224327325821,8.38634741306305e-06,2641.6848897933955,102999999.99999999,0.0004319999999999999,15.71
1.6406807363033296,0.8585497498512269,2.949075520038605e-06,2276.3490229845047,114999999.99999997,0.0008889999999999999,11.47
1.4696787737309933,0.6415455132722855,6.28999742306769e-06,888.660430908203,242000000.0,0.0004720000000000001,7.87
1.3826400697231294,0.6359012246131898,8.327354699373246e-06,2562.1206611394878,102000000.0,0.000378,15.29
1.5357813499867918,0.8200915664434434,4.17595335841179e-06,1231.9233193993566,197000000.00000003,0.0011,10.03
1.505320485122502,0.7137448400259019,3.814083844423295e-06,1591.97873622179,141000000.00000003,0.0005330000000000002,10.45
1.4300586193799973,0.6927650257945062,8.645943224430086e-06,599.6785610914229,390000000.0,0.0010500000000000002,8.41
1.5653662115335465,0.7868164502084256,5.118562653660775e-06,1256.3183456659315,199000000.00000003,0.00114,11.3
1.547787255048752,0.7121108919382096,6.0610123574733744e-06,1973.111882805824,133999999.99999997,0.0007370000000000001,14.34
1.61321796476841,0.6730415046215058,3.871984660625459e-06,2918.6903983354564,81799999.99999997,0.0003860000000000001,13.89
1.4786047026515008,0.803391855955124,4.9699580967426305e-06,986.0514402389525,250000000.0,0.00113,9.090000000000002
1.5231579668819906,0.8071683257818223,5.821359634399415e-06,936.7338865995406,266000000.0,0.00142,10.07
1.361358341574669,0.7834513999521733,3.025383591651917e-06,1713.265638798475,126000000.00000001,0.000567,10.68
1.6226813793182375,0.6690948486328125,4.844313636422158e-06,2834.2563211917873,89299999.99999999,0.0004500000000000001,14.71
1.7052582442760469,0.6978461802005769,9.88708207011223e-06,2088.057279586792,150999999.99999997,0.0010399999999999997,16.59
1.6866629362106325,0.7810205675661565,6.003190502524377e-06,1450.6151080131528,185000000.0,0.00134,13.23
1.6184212714433672,0.8172776609659196,2.9775140881538395e-06,1852.857546880841,122000000.00000004,0.0008319999999999998,11.39
1.4116940438747407,0.6332942157983781,7.953913658857347e-06,1632.8003183007238,143000000.00000003,0.000424,12.809999999999999
1.5552584722638132,0.8156595289707185,5.21599479019642e-06,1047.4467575550077,236000000.00000003,0.00137,10.33
1.4639769561588765,0.7168191522359849,6.215222381055356e-06,1238.0683720111845,198000000.00000003,0.0007900000000000001,11.54
1.682664567232132,0.6756164968013764,6.53264792263508e-06,2840.270727872848,99799999.99999999,0.0006079999999999998,16.12
1.6176090180873872,0.741275366395712,4.90114675462246e-06,2084.1348096728325,125000000.00000001,0.0007900000000000001,13.99
1.4967977223917843,0.6383958756923677,7.852756366133691e-06,1177.6645407080648,193000000.0,0.000539,11.1
1.3410912930965424,0.6255218267440796,9.107583045959473e-06,970.9760099649428,224999999.99999997,0.00045900000000000004,10.04
1.3405943155288698,0.6148406624794007,4.58619973063469e-06,2410.4233384132385,85999999.99999999,0.00018200000000000006,11.49
1.6791610658168794,0.7581950806081296,8.120186761021616e-06,1313.6474341154096,213000000.0,0.00151,14.09
1.4653502181172373,0.7983663439750672,4.338876605033875e-06,1090.989366173744,244000000.00000003,0.000932,7.879999999999999
1.5412400096654892,0.8428165286779404,3.035462677478791e-06,1219.3456962704656,169999999.99999997,0.0009520000000000003,9.04
1.5137890666723253,0.6843779146671296,4.444326698780061e-06,1127.1798908710477,196000000.00000003,0.0005250000000000001,8.4
1.52602256834507,0.7505452685058117,8.048297703266146e-06,1017.2598361968993,258000000.0,0.00136,12.32
1.6471978873014452,0.8420330733060838,8.085527256131174e-06,685.0672811269759,360000000.0,0.00259,10.86
1.4698216013610363,0.6772545933723451,6.2040833681821835e-06,845.3782945871352,280000000.0,0.0006370000000000001,7.63
1.6075541853904725,0.7528747357428075,4.10977464914322e-06,2072.6112946867943,120000000.0,0.0007330000000000001,13.16
1.4058372974395754,0.6248123019933701,3.402466237545014e-06,798.4820306301116,221000000.0,0.00021700000000000007,3.3
1.5035635856911542,0.8222893416881562,3.0493919849395757e-06,993.1504279375075,192000000.0,0.000851,7.83
1.550671872496605,0.7046690091490746,6.354968870058657e-06,1978.440277278423,133999999.99999997,0.000726,14.49
1.542841999232769,0.7095948547124863,5.309955760836602e-06,2199.119508266449,118000000.00000001,0.000635,14.26
1.6881583571434022,0.8863495230674745,4.246384084224702e-06,1006.9413036108016,254000000.00000003,0.00171,8.37
1.5034010197967291,0.6845042914152146,4.509915024042131e-06,1383.5747092962263,159000000.00000003,0.00051,10.32
1.2766312301158906,0.6046088218688965,6.529703356325628e-06,678.1883090734481,259000000.0,0.0002599999999999999,5.41
1.7959780275821688,0.8402799010276795,2.985229969024659e-06,2317.9769441485405,108000000.00000001,0.00102,12.64
1.5382625117897988,0.8183017373085023,7.2233731150627145e-06,734.8110079765319,341000000.0,0.00193,10.04
1.5045375460758807,0.7518090069293977,6.9933366626501095e-06,1074.5514482259748,242999999.99999997,0.00116,11.54
1.7795502841472628,0.7431575663387776,6.726655669510366e-06,2195.6548765301704,139000000.0,0.00113,15.62
1.307463437318802,0.6082331389188766,3.7248588800430306e-06,2848.7251251935954,70200000.0,0.00012599999999999992,10.91
1.4742985993623734,0.6945876315236093,4.86767813563347e-06,1753.7769228219984,133999999.99999997,0.0005330000000000002,12.34
1.529904115945101,0.7640602178871633,6.958479076623918e-06,1063.169792294502,247000000.0,0.00128,11.61
1.7661503255367281,0.7056044697761537,9.020379573106766e-06,1912.3782888054845,156000000.0,0.00114,16.11
1.2355047583580019,0.65150066614151,9.00516998767853e-06,1939.014710485935,128000000.0,0.000402,14.65
1.2980420172214509,0.6733896017074585,9.56171476840973e-06,497.1613287925719,393000000.0,0.000891,8.81
1.4868942059576513,0.7440286025404931,7.791707322001458e-06,727.0103991031646,391000000.0,0.0012899999999999997,8.27
1.574027082324028,0.7853515572845936,6.302512977272273e-06,1102.2480130195615,237000000.0,0.0013800000000000002,11.5
1.497535702865571,0.6374265521764756,4.409291267395021e-06,2597.7982878684993,85400000.0,0.000279,12.85
1.4991358783794568,0.807780620455742,5.339836075901986e-06,951.4317214488982,258000000.0,0.00128,9.55
1.6823941469192507,0.8794663310050965,2.9868859648704535e-06,1349.9467372894285,162000000.00000003,0.00123,9.71
1.4828264292329552,0.8130025953054428,4.246181309223175e-06,1150.9051099419592,211000000.0,0.00102,9.39
1.7185360908508303,0.5952121138572694,2.9364150166511543e-06,1091.6565656661985,165000000.0,0.0002190000000000001,4.33
1.7813930332660677,0.8509136259555817,2.9945989251136785e-06,2139.0061751008034,114999999.99999997,0.0010699999999999998,12.23
1.4288003638386728,0.6298832684755326,6.137295551598073e-06,1684.2027027159927,129000000.0,0.00034600000000000017,11.87
1.5159531880170107,0.6405345797538758,3.0948961973190314e-06,787.7763658761977,223000000.0,0.00028399999999999996,3.5600000000000005
1.3552279293537142,0.6619524121284486,8.229887202382089e-06,2239.056371152401,121000000.0,0.0004669999999999999,14.89
1.4942917082458735,0.6584919422864914,4.645291954278947e-06,714.9008214473723,302000000.0,0.00042800000000000005,4.03
1.596715208888054,0.7569193817675114,7.246483936905862e-06,1244.667090475559,216000000.00000003,0.0013,12.98
1.4902426701039078,0.7234704047441484,7.692852213978768e-06,740.3766661882399,363000000.0,0.00113,8.51
1.459572346508503,0.8142064601182938,8.369838356971742e-06,587.0484858751296,420000000.0,0.00204,9.39
1.330967116355896,0.8662044614553452,9.44017305970192e-06,641.5877044200896,502999999.99999994,0.00233,8.44
1.6420706301927568,0.8451425939798356,8.08747197687626e-06,668.8427478075026,366000000.0,0.00262,10.74
1.6232910186052323,0.8681699931621553,2.985313832759858e-06,1098.533973097801,186999999.99999997,0.00116,8.45
1.4014465034008028,0.7731934972107412,9.934689968824387e-06,590.4884189367293,379000000.0,0.00185,11.5
1.4750436879694464,0.754190929234028,9.104672431945803e-06,763.1320804357528,318000000.0,0.00161,11.86
1.3287177443504334,0.6667919933795929,9.28967770934105e-06,728.7188172340392,296000000.0,0.000789,10.57
1.56619111597538,0.8608301818370819,4.249569445848466e-06,1002.5640130043029,248000000.0,0.0014,8.43
1.5561729893088343,0.8462954789400101,3.107465118169785e-06,870.0261563062667,238000000.0,0.00103,6.32
1.6866963386535645,0.7549921564757824,5.098147362470628e-06,2078.3659741282463,130000000.0,0.0009310000000000001,14.26
1.2910201549530032,0.6765842378139496,9.442217707633973e-06,822.6486593484877,271000000.0,0.0007969999999999999,11.53
1.7853029429912568,0.8982971727848054,3.0472065210342414e-06,2284.342937171459,168999999.99999997,0.00116,7.83
1.5770171195268632,0.6573359280824662,8.018935278058053e-06,2213.4391888976097,122000000.00000004,0.0005970000000000001,15.32
1.6176332116127015,0.6666938513517381,8.683622866868974e-06,1901.620553806424,142000000.00000003,0.0007590000000000001,15.37
1.4856217660009863,0.852011463046074,5.270782843232156e-06,717.105597257614,336000000.0,0.00162,7.65
1.5903844535350802,0.8360352516174318,6.180409960448743e-06,1828.3655885607002,502999999.99999994,0.00124,1.9099999999999993
1.482703221961856,0.7141676008701325,4.423190742731095e-06,1295.0047403573988,174000000.0,0.000613,10.1
1.7309138238430024,0.668789103627205,2.9965040087699895e-06,2775.946885347366,79200000.0,0.0003600000000000001,12.48
1.5084252336993815,0.6730832844972611,8.642875522375108e-06,2212.154783308506,130999999.99999999,0.000651,15.58
1.4990644620498643,0.6517877966165543,7.225826233625413e-06,922.9440540075301,250000000.0,0.0006029999999999999,9.01
1.40475090444088,0.6523427277803422,8.884932965040208e-06,2528.781175613403,110000000.0,0.0004690000000000002,15.97
1.3169843137264252,0.6700499385595322,9.266052126884461e-06,845.5349802970885,266000000.0,0.0007619999999999999,11.31
1.4926676334813238,0.6350109815597534,7.05251181125641e-06,1878.120733425021,124000000.00000003,0.00041899999999999983,13.33
1.396682533621788,0.6173344105482101,5.4120940715074545e-06,584.4626128673552,298000000.0,0.000321,4.15
1.5448259353637697,0.6512393832206727,5.239986702799798e-06,1801.533244550228,124000000.00000003,0.00041899999999999983,12.14
1.6636955916881562,0.8311961084604264,3.080240905284882e-06,1906.5355435013769,125000000.00000001,0.000938,11.51
1.3702502936124803,0.7291172750294209,9.395922422409059e-06,719.2123979330062,315000000.0,0.0012899999999999997,11.62
1.4948992531746628,0.637325754761696,5.523285493254662e-06,2612.304046750068,90399999.99999997,0.0003240000000000001,13.88
1.4835571490228177,0.6810298293828965,5.823411896824837e-06,1862.5945057719944,130999999.99999999,0.0005400000000000001,13.259999999999998
1.679010343551636,0.7242121405899525,3.907166123390198e-06,2846.2185263633723,90199999.99999999,0.0005970000000000001,14.65
1.4462295323610308,0.6396336525678635,8.405165016651155e-06,898.2045501470565,255000000.0,0.00057,9.28
1.4279550433158876,0.7628189139068128,9.921619325876237e-06,663.1049066781997,348000000.0,0.00176,12.0
1.367240631580353,0.6209783881902695,5.972040966153146e-06,2122.11824208498,102999999.99999999,0.00026399999999999997,12.48
1.5416247054934502,0.7911960929632188,9.051853924989701e-06,647.5603878498076,367000000.0,0.00213,11.270000000000001
1.4960055297240615,0.6359174072742463,5.2877449095249186e-06,2344.697557389736,96899999.99999999,0.0003200000000000001,13.08
1.4731005728244784,0.6553061038255692,8.166631415486338e-06,2606.053531169891,108000000.00000001,0.000495,15.75
1.3259175896644593,0.69549969881773,9.388086795806886e-06,1351.6137674450872,192000000.0,0.000776,14.02
1.496303811762482,0.6495400875806809,3.481673866510392e-06,1451.6533464193342,132999999.99999997,0.00030500000000000004,8.61
1.59502934217453,0.6533260256052018,8.211134478449823e-06,1871.3352661579845,136000000.0,0.000633,14.75
1.3161606609821321,0.613779017329216,7.343261435627938e-06,2890.2852088212962,83400000.0,0.00023700000000000004,14.47
1.5552672296762469,0.7411279723048211,6.356073362752796e-06,1421.0982918739317,183000000.0,0.001,12.93
1.3506840884685518,0.6204808115959168,8.715883910655976e-06,2792.527705430984,92500000.0,0.00031699999999999995,15.43
1.5019755915272983,0.7139831207692624,3.851948112249375e-06,1406.8476781249044,159000000.00000003,0.000552,9.6
1.4922043455764653,0.7524203427135945,6.599979706108571e-06,935.2884739637374,286000000.0,0.0011,9.6
1.605871430039406,0.6527804017066956,3.0567198395729072e-06,2511.7305964231487,84200000.00000003,0.0002959999999999998,11.57
1.618601828813553,0.6481763899326325,7.296537965536118e-06,2235.3643104434013,113999999.99999999,0.0005409999999999999,14.98
1.3663975685834886,0.6789672106504441,9.184215515851976e-06,736.0910177230834,299000000.0,0.0008979999999999999,10.790000000000001
1.4875077009201052,0.7659733258187772,9.224889636039736e-06,2021.697677671909,652000000.0,0.001,0.73
1.4831722028553487,0.7327574908733369,4.344217598438264e-06,1481.771647930145,155000000.0,0.0006590000000000001,11.24
1.5238434299826624,0.6510319411754609,8.501687377691271e-06,1877.801103517413,137000000.0,0.0005750000000000001,14.53
1.6769848823547364,0.729378267377615,9.075915515422823e-06,1474.9046340584753,195000000.0,0.00134,15.04
1.4938721733167768,0.7834440462291241,6.18186166882515e-06,831.6599875688552,331000000.0,0.00126,8.25
1.3736561357975008,0.6213543623685838,6.256808102130891e-06,1578.650653362274,132999999.99999997,0.00030500000000000004,11.25
1.491806603036821,0.7119056314229966,4.465941637754441e-06,1056.4516037702558,238000000.0,0.000617,7.09
1.3829234987497332,0.6291742175817491,3.2640418410301214e-06,1074.1964280605314,166000000.0,0.00020400000000000005,5.24
1.4728658705949784,0.8171792507171631,5.317522794008256e-06,812.5235438346862,324000000.0,0.00131,7.53
1.6103141516447068,0.6687740743160249,7.710048243403436e-06,2400.424584746361,116999999.99999997,0.000642,15.79
1.727404296398163,0.7437518700957299,7.090018719434739e-06,1881.2816794961689,157000000.0,0.00118,15.1
1.5734487354755402,0.814213737845421,7.90875366330147e-06,1577.7984932065008,465999999.99999994,0.0014399999999999999,5.13
1.355392822623253,0.6218217015266418,8.543257296085358e-06,816.1552548408507,273000000.0,0.000444,7.9
1.5530843228101732,0.6544683963060379,4.747186392545701e-06,1603.7091165781019,133999999.99999997,0.00041700000000000005,11.06
1.5091228527948262,0.8051779121160508,7.3258717060089126e-06,729.3210476636885,346000000.0,0.00177,9.84
1.5106117587536574,0.7213824346661568,7.231870785355569e-06,836.7107361555098,380000000.0,0.00101,7.13
1.6237942904233933,0.6663297683000565,5.914702370762826e-06,2443.5609132051463,103999999.99999999,0.0005330000000000002,14.85
1.4128702729940417,0.678780609369278,9.097257584333421e-06,1719.304366968572,159000000.00000003,0.000686,14.69
1.3659839987754823,0.8077767938375474,3.0710849463939672e-06,1652.6857689023016,134999999.99999997,0.000661,10.51
1.3461299121379853,0.7646755702793598,9.446367710828782e-06,516.8439745903014,419000000.0,0.00161,9.91
1.505924621410668,0.7269820109009744,5.345816478133202e-06,1646.6050706803796,149000000.0,0.0007420000000000001,12.93
1.3976678431034089,0.652566745877266,8.222995564341546e-06,2502.213150262832,109000000.00000001,0.00044600000000000005,15.439999999999998
1.376419883966446,0.6207093715667725,6.221863210201264e-06,1291.9770479202268,157000000.0,0.000321,10.11
1.2672904193401338,0.6036046922206879,8.647857069969178e-06,711.3985270261763,267000000.0,0.000323,7.09
1.5443241387605668,0.7095889896154405,5.196598276495934e-06,2231.579974293709,115999999.99999997,0.000624,14.24
1.3509653359651568,0.6453812420368196,8.302121311426165e-06,2150.974377989769,119000000.0,0.000411,14.47
1.4715553656220437,0.748740852624178,4.78088553249836e-06,988.8322204351424,274000000.0,0.0007900000000000001,6.98
1.2542906284332276,0.7979284554719925,5.170223653316498e-06,2542.7596569061275,423000000.0,0.000589,0.06000000000000029
1.6781336545944214,0.8798826634883882,2.9868625998497016e-06,1011.4942044019698,201000000.0,0.0013,7.97
1.7250693976879121,0.8011756449937821,7.009617179632188e-06,1195.3914836049078,224999999.99999997,0.00179,13.17
1.5821307867765428,0.857580390572548,3.009296357631684e-06,1010.0893229246138,198000000.00000003,0.0010800000000000002,7.9
1.5482433021068573,0.7595888324081899,3.9389842748641975e-06,1737.706849351525,139000000.0,0.0007309999999999999,11.72
1.4961205054074527,0.6358523100614548,6.130076829344035e-06,1687.8743488341568,130999999.99999999,0.00039500000000000006,12.16
1.632028475403786,0.6897065073251725,5.213137164711953e-06,2624.66612458229,99600000.0,0.000574,15.03
1.4304537624120715,0.6301153331995011,5.688412457704545e-06,2333.18804949522,97200000.0,0.0002959999999999998,13.129999999999999
1.5203574277460576,0.6664153754711152,5.053471773862839e-06,1233.847953379154,174000000.0,0.000502,9.97
1.4401143372058869,0.6325837790966035,5.5577240735292445e-06,640.1085406541823,302000000.0,0.0003990000000000001,4.88
1.7492089569568636,0.7112276360392571,9.772828161716463e-06,1718.9684668555853,173000000.0,0.00127,16.1
1.4965779941529036,0.829363363981247,8.328033536672594e-06,585.541009902954,419000000.0,0.00227,9.53
1.7404659748077393,0.6689032673835755,3.0058337450027473e-06,2498.7609237432475,86399999.99999999,0.00037199999999999993,11.9
1.548624211549759,0.8597262024879456,6.988344162702562e-06,623.63463640213,376000000.0,0.00231,9.29
1.47255831733346,0.7310610830783845,7.89631523191929e-06,806.393653154373,319000000.0,0.00118,10.020000000000001
1.5008376285899432,0.6798687011003495,4.885799378156663e-06,1178.729601204395,185000000.0,0.0005379999999999998,9.58
1.5204840615391733,0.849540862441063,5.182158067822457e-06,813.6388212442397,288000000.0,0.0016,8.86
1.5384297966957095,0.6464687258005143,5.262229263782502e-06,1042.8301542997358,198000000.00000003,0.0004579999999999999,8.62
1.4844092175364496,0.6448239862918854,6.6120550669729715e-06,910.2306067943572,242999999.99999997,0.0005129999999999999,8.3
1.5412068575620652,0.7142172239720822,4.147970616817475e-06,2219.4201797246933,108000000.00000001,0.000539,13.16
1.469998287409544,0.6935730949044229,5.477642133831979e-06,1028.6788195371626,222000000.0,0.0006410000000000001,9.15
1.4568045750260354,0.8098999053239823,8.095189943909647e-06,616.3245737552642,415000000.0,0.00189,9.06
1.396539741754532,0.7597515530884267,3.0708149969577796e-06,852.4471819400786,232000000.0,0.0005899999999999999,5.71
1.4911712352186444,0.8557206362485886,5.421881407499315e-06,670.3319698572158,387000000.0,0.0016800000000000003,6.55
1.6716960310935975,0.7029641032218934,5.0329422652721415e-06,2742.6962852478023,98100000.0,0.000627,15.29
1.4643433257937433,0.6849569186568261,6.752482492476703e-06,1483.4421798586843,164000000.0,0.000646,12.76
1.4207151621580125,0.7984665423631668,8.499651908874513e-06,588.6466354131697,424000000.0,0.00182,9.19
1.5754338562488557,0.6415524065494538,7.5974822491407404e-06,1780.5323675274847,133999999.99999997,0.000527,13.77
1.603497737646103,0.7284956216812134,2.9919056892395027e-06,1623.142438009381,130000000.0,0.0005330000000000002,9.94
1.3616458386182786,0.6228815853595734,7.1522527039051065e-06,2134.184531867504,107000000.00000001,0.00030500000000000004,13.45
1.4827866207808258,0.7382390085607767,4.242391169071198e-06,1398.836813867092,164000000.0,0.000675,10.68
1.4693765625357629,0.629050648212433,3.4283375740051275e-06,807.2667121887206,223000000.0,0.00025299999999999997,3.73
1.7124968290328981,0.7457401178777219,5.12099438905716e-06,2433.2478195428844,115999999.99999997,0.000864,14.94
1.4574802905321123,0.6309387177228928,3.5259059369564064e-06,2757.1750730276103,75400000.0,0.00019900000000000012,11.74
1.5234462060034277,0.6351410061120988,4.390540212392808e-06,1954.3133601546285,107000000.00000001,0.00030500000000000004,11.31
1.4759759478271008,0.7280345767736436,6.500395497307182e-06,1158.6033850908277,218000000.00000003,0.0008960000000000001,11.32
1.3153399765491487,0.7280230164527893,3.2745531797409065e-06,1280.9187471866605,152999999.99999997,0.0004249999999999999,8.7
1.7027524530887606,0.777482282370329,6.005643256008626e-06,1537.6046411693094,176000000.0,0.00131,13.579999999999998
1.5358525939285756,0.6715651363134385,4.021222263574601e-06,1812.8725718706844,119000000.0,0.00040299999999999993,11.14
1.2946624338626862,0.8027130782604218,9.754491418600084e-06,1047.2870916128156,532000000.0,0.00148,6.3
1.7679573833942415,0.7060929536819459,9.775498658418657e-06,1896.7191893607376,161000000.00000003,0.0011999999999999997,16.44
1.340381669998169,0.6114587903022767,5.527870982885361e-06,877.5799274444579,205999999.99999997,0.0002599999999999999,6.5
1.539721414446831,0.7173826821148396,4.3387276530265815e-06,2178.1340539455414,111999999.99999999,0.000574,13.35
1.5378021508455277,0.7211065202951432,6.631111588329077e-06,1584.4748839735983,165000000.0,0.0008780000000000001,13.65
1.4023332595825198,0.7497212626039983,9.195710480213166e-06,626.5005022287368,356000000.0,0.00151,10.9
1.7324962377548219,0.8221610069274903,9.015894740819932e-06,772.4409103393554,331000000.0,0.00269,12.33
1.4796939432621004,0.7418213792145253,5.401713952422143e-06,950.3057152032851,278000000.0,0.0008520000000000001,7.83
1.6797753274440768,0.5975967943668365,3.00922167301178e-06,2389.18337225914,81500000.0,0.0001899999999999999,9.64
1.6540763676166537,0.6807798832654953,9.389310121536256e-06,2056.5716102719307,144000000.00000003,0.000875,16.07
1.572377970814705,0.7611448489129544,4.148000657558442e-06,1790.3095316141842,136000000.0,0.000778,12.39
1.5423360094428065,0.6912949204444886,7.35490681231022e-06,1741.618115454912,149999999.99999997,0.0007590000000000001,14.39
1.3858716130256654,0.6599703669548035,9.804171502590181e-06,2447.0963627099986,116999999.99999997,0.000505,16.18
1.4952549766749146,0.8310281306505204,6.300940714776517e-06,719.7780460119246,341000000.0,0.00174,8.930000000000001
1.6155720591545106,0.8159061759710312,2.951620221138001e-06,1858.4361504763363,121000000.0,0.0008170000000000001,11.38
1.4269937217235567,0.6298521459102632,6.0919458717107785e-06,2620.241597294807,90500000.00000001,0.000299,14.029999999999998
1.4798955336213113,0.7951689541339875,5.48961952328682e-06,901.6015678644179,286000000.0,0.00119,8.63
1.5127859540283681,0.7682943709194661,6.813704166561366e-06,824.1845220327376,384000000.0,0.00127,7.36
1.5066296003758908,0.8007282793521882,5.318165957927705e-06,1008.2075297832488,244000000.00000003,0.00123,9.94
1.5400033101439476,0.6620751857757569,5.052495032548905e-06,2182.964079082012,108000000.00000001,0.000422,13.14
1.7601281762123109,0.7637822963297368,6.998620808124543e-06,1726.476430892944,168999999.99999997,0.00137,14.81
1.6888742208480836,0.8745123267173768,3.971501708030701e-06,1288.9121398329733,189999999.99999997,0.00149,10.33
1.4969853652641179,0.6352938383817673,7.035935997962953e-06,1608.976975083351,141000000.00000003,0.00044199999999999996,12.52
1.709399610757828,0.8835729897022249,4.366686403751374e-06,855.3660213947295,320000000.0,0.00181,6.52
1.514177391305566,0.824357870221138,4.1192733645439155e-06,1189.6730884909628,205999999.99999997,0.0010800000000000002,9.47
1.470439298450947,0.8329450964927674,5.358051612973214e-06,753.9217472076415,339000000.0,0.00145,7.44
1.5130321752279998,0.7521065600216389,5.344796240329743e-06,1345.3882858157156,182000000.0,0.000903,11.81
1.5199185468256475,0.7242577582597733,6.471346635371448e-06,1484.8827496170995,173000000.0,0.000877,13.15
1.4773755781352522,0.7943593204021454,5.355611011385919e-06,914.0973836183547,283000000.0,0.00115,8.47
1.5927357405424118,0.6351208984851838,6.106653552502394e-06,2938.9650672674175,87000000.00000003,0.000369,14.93
1.6261111021041872,0.8739140152931214,4.1535997092723855e-06,1053.602576255798,232999999.99999997,0.00152,8.94
1.4859378017485143,0.6642854422330857,8.16328813135624e-06,1184.8252937197683,202000000.0,0.0006930000000000001,12.05
1.4203520357608796,0.7100071907043458,4.429849982261658e-06,847.79354929924,328000000.0,0.0005330000000000002,3.51
1.4867499578744174,0.7550659976899624,4.0719573199749e-06,1288.479223847389,186000000.0,0.000726,9.410000000000002
1.5021680403035136,0.6481951117515564,8.26792535185814e-06,2676.865860819816,105000000.00000003,0.00048700000000000013,15.88
1.5689277827739716,0.6587902307510377,8.051682814955713e-06,2231.4736917614937,122000000.00000004,0.000598,15.36
1.6847895026206972,0.8062901437282562,4.0766259431839e-06,1721.878984943032,146000000.0,0.00109,12.32
1.6241762816905976,0.7761458672583104,3.7904709875583657e-06,1970.8114042878149,127000000.00000001,0.000804,12.36
1.5505531400442125,0.7857166685163975,7.3982589393854154e-06,2212.1412605047226,539000000.0,0.0009909999999999997,1.28
1.4817644454538823,0.8283206194639207,9.834329277276994e-06,487.73977160453785,449000000.0,0.00266,10.61
1.6489221632480622,0.8386200070381166,4.101156502962113e-06,1379.2071789503095,181000000.00000003,0.0012899999999999997,10.85
1.505898389965296,0.6338419944047928,4.413327991962434e-06,2045.9443628787992,102999999.99999999,0.00029200000000000005,11.51
1.6246273666620257,0.6701277762651444,5.5007122755050666e-06,2587.394446134567,98700000.0,0.0005159999999999999,14.9
1.4990593988914045,0.6362548828125001,6.084772314876319e-06,1597.6688563823698,137000000.0,0.000402,11.85
1.4885188870131971,0.7356692288070917,4.241019725799561e-06,1486.7402911186216,155000000.0,0.0006620000000000002,11.1
1.388080868124962,0.7570025548338891,7.634437054395677e-06,2458.818137645721,493000000.0,0.0007280000000000002,1.7300000000000004
1.6401846975088121,0.6374216079711915,6.9225185103714475e-06,2922.4754422903056,91900000.00000001,0.00044800000000000005,15.630000000000003
1.437834106385708,0.6873205795884133,9.209080070257188e-06,1357.9413592815397,188999999.99999997,0.0008390000000000001,14.09
1.5031210318207742,0.6361557573080063,7.860801234841347e-06,1616.4683382958171,145000000.0,0.00048399999999999995,13.03
1.5090322108939291,0.6532472044229508,9.856375008821488e-06,2707.6858580112453,110000000.0,0.000539,16.68
1.3199891388416292,0.8086554676294327,3.700920581817628e-06,2046.5049073100088,252999999.99999997,0.000605,4.1
1.5280407406389716,0.6638616621494294,7.4353846013546e-06,1624.280337244272,149999999.99999997,0.0006150000000000001,13.55
1.4636211343109609,0.6926770001649857,6.539809979498388e-06,1219.5449993014333,197000000.00000003,0.0007020000000000001,11.39
1.6885949850082398,0.7789173491299153,8.972768127918244e-06,978.2956838607787,270000000.0,0.00199,13.419999999999998
1.760132020711899,0.8139522045850754,9.014714181423189e-06,865.413874387741,302000000.0,0.00257,12.98
1.461557923257351,0.6269520074129106,4.441136121749879e-06,1757.5097195804117,114999999.99999997,0.0002649999999999999,10.37
1.554122257232666,0.6571927160024643,7.591518223285676e-06,1692.8291898220775,144000000.00000003,0.000602,13.82
1.5426536455750466,0.7708229117095471,9.003938734531404e-06,2065.5047073960304,667000000.0,0.0010500000000000002,0.34
1.5630083665251733,0.639657148718834,4.481974422931672e-06,1836.4359270781276,113999999.99999999,0.000343,11.25
1.4889423787593843,0.7323038857430221,3.0325451791286472e-06,2102.417826652527,103999999.99999999,0.0004470000000000002,11.41
1.4775139667093755,0.7042780816555024,4.600080847740174e-06,1376.6182884573934,163000000.0,0.000582,10.74
1.6875084757804872,0.7764746747910977,5.920201912522317e-06,1517.143167555332,177000000.0,0.00128,13.4
1.3295633018016817,0.7287859864532948,4.071367979049683e-06,772.599086165428,355000000.0,0.0005180000000000001,2.42
1.4952697137370707,0.8267466813325882,9.108716875314713e-06,531.6567718982695,433000000.0,0.00247,10.15
1.6603745162487031,0.7801462255418301,2.941714704036713e-06,2686.384499073028,90699999.99999999,0.0006620000000000002,13.41
1.351436832547188,0.6118847966194153,4.658630460500718e-06,1081.9191783666608,169999999.99999997,0.00021599999999999994,6.62
1.6214904695749284,0.6679519504308701,8.785051047801973e-06,1945.893049240112,141000000.00000003,0.0007680000000000001,15.51
1.55640968978405,0.6544489413499833,4.7200034856796274e-06,1237.1284067630766,168000000.0,0.00044600000000000005,9.38
1.5526706501841547,0.6495618045330048,4.2946668565273295e-06,1032.4641615152357,191000000.0,0.00040299999999999993,7.36
1.422452509403229,0.8260172814130784,3.1332402825355537e-06,978.0034720897673,215000000.00000003,0.000831,7.02
1.5350447192788126,0.8747082531452179,9.246031016111375e-06,675.1520484685897,493000000.0,0.0027899999999999995,8.39
1.5931556403636933,0.7463720798492433,2.918453991413117e-06,2565.2523636817928,90000000.00000001,0.0005159999999999999,12.78
1.7059726238250734,0.8481480181217195,3.0491975545883184e-06,1855.7139318436382,128000000.0,0.0010399999999999997,11.42
1.387221121788025,0.6972523793578148,9.125817984342576e-06,1160.9553843736646,214000000.00000003,0.0008889999999999999,13.33
1.4970289371907712,0.6352905929088594,5.332564964890481e-06,2147.251658141613,103999999.99999999,0.0003290000000000001,12.67
1.4277528494596483,0.7370778042823077,8.828764081001284e-06,778.3907949924468,309000000.0,0.00134,11.42
1.4171532154083253,0.722131247073412,3.132044285535813e-06,2793.7565296888347,82799999.99999997,0.00038099999999999994,13.27
1.4848857175558807,0.6382446527481079,4.540460824966432e-06,629.9159228801726,298000000.0,0.00036999999999999994,3.67
1.2800388157367708,0.6842774078249932,9.107829213142396e-06,1846.5618062764404,151999999.99999997,0.000596,14.829999999999998
1.5518957242369653,0.6630065739154817,8.670567452907564e-06,2653.8534760475154,112999999.99999999,0.000592,16.3
1.4810675874352457,0.8413457840681077,6.024165302515031e-06,689.4006133079528,354000000.0,0.00174,8.33
1.503338564001024,0.7239611729979516,5.0107732415199285e-06,1759.4772595912216,138000000.0,0.0006810000000000001,12.99
1.3779549211263658,0.8064505219459535,3.0597969293594364e-06,1550.43513700366,141000000.00000003,0.0006720000000000001,10.15
1.4730246886610987,0.8271827638149262,3.715665578842164e-06,1290.0857925415037,218000000.00000003,0.0009180000000000001,7.58
1.5760369867086412,0.7281417891383172,9.738531231880189e-06,1162.8596037626264,230000000.0,0.0013800000000000002,14.31
1.7989588558673861,0.7998372405767441,9.818767964839936e-06,937.6901686191558,291000000.0,0.00263,13.89
1.4749670013785363,0.8156318575143815,7.367390409111978e-06,664.4881069660186,398000000.0,0.00177,8.55
1.2841604053974154,0.7615624152123929,3.001937627792359e-06,1005.3448677062987,191000000.0,0.0005059999999999999,7.13
1.525147131085396,0.8223371297121048,3.087541848421097e-06,897.1450030803679,215000000.00000003,0.0008799999999999999,6.869999999999999
1.3401787340641023,0.7056573182344438,9.421646058559418e-06,1053.3956736326215,231000000.0,0.0009419999999999999,13.2
1.3657821089029314,0.6597866714000703,9.139909178018572e-06,509.22098755836475,386000000.0,0.0008099999999999998,8.06
1.579697871208191,0.6791203558444977,8.474331110715867e-06,2454.822093248367,123000000.00000003,0.000692,16.12
1.4114650547504426,0.8680919408798219,2.9170295596122748e-06,2464.9743288755412,199000000.00000003,0.0007020000000000001,5.04
1.7332966089248658,0.7374587360769511,9.795544385910035e-06,1412.472605705261,205999999.99999997,0.0015600000000000002,15.39
1.309645861387253,0.6130864888429642,8.292850613594057e-06,1656.574636697769,130999999.99999999,0.00031,12.5
1.27609201669693,0.6049647331237793,7.52360299229622e-06,585.0365310907363,301000000.0,0.0002980000000000001,5.27
1.2604105353355408,0.6030023038387299,8.678209483623506e-06,1552.729859948158,134999999.99999997,0.00027000000000000006,11.87
1.6902997076511384,0.8581606775522232,7.0890804678201685e-06,776.2749791145324,316000000.0,0.00249,10.94
1.527517381310463,0.774802228063345,6.245570726692677e-06,1074.948415160179,240000000.0,0.00124,11.110000000000001
1.6095541656017305,0.7274367794394494,2.989336788654328e-06,1417.9807454347608,145000000.0,0.0005499999999999999,9.12
1.4935217555612328,0.7183565452694893,4.519833892583848e-06,1757.7451951801775,133999999.99999997,0.000604,12.36
1.4082499355077744,0.6229532897472382,3.4781186282634743e-06,995.871677994728,181000000.00000003,0.000211,4.88
1.4450893968343737,0.6293032497167588,4.357443451881409e-06,2784.6883535385127,78999999.99999997,0.000233,12.84
1.2151841640472414,0.654957264661789,9.726880222558976e-06,2342.7764996886253,115999999.99999997,0.00039699999999999984,15.66
1.4004728257656098,0.6231730967760086,3.5659058094024663e-06,2398.7204134464264,83500000.0,0.0001789999999999999,10.63
1.5582969278097154,0.7602702252566815,6.886927116662265e-06,1170.2315434813497,225999999.99999997,0.00125,12.22
1.4611767992377283,0.7285077318549157,5.462697595357896e-06,1297.1370592713354,183000000.0,0.0007619999999999999,11.48
1.4100986659526826,0.8255572915077211,3.089591503143311e-06,1138.0190700292585,183000000.0,0.000798,8.29
1.2511955380439759,0.787951934337616,3.1095108091831215e-06,1504.1440092027185,141000000.00000003,0.000536,9.9
1.6531842648983004,0.8731179535388948,4.637427747249604e-06,872.6019710302352,373000000.0,0.0017,5.21
1.684467512369156,0.7801938839256765,9.829634577035906e-06,848.1632471084594,302000000.0,0.00222,13.36
1.3547808140516282,0.644898283481598,8.32313731312752e-06,2064.168445765972,123000000.00000003,0.00041799999999999997,14.27
1.573016193509102,0.6608621567487717,5.0805295109748845e-06,2465.1070982217784,97899999.99999999,0.0004249999999999999,13.91
1.460551978647709,0.6908250153064729,7.0340272635221495e-06,1356.1516180634496,181000000.00000003,0.0007089999999999999,12.49
1.4532729953527452,0.6433759063482285,7.709253311157227e-06,2197.93002307415,114999999.99999997,0.000433,14.44
1.5396590799093248,0.6496501117944719,6.365182708948851e-06,1712.6923026517031,134999999.99999997,0.00048399999999999995,12.78
1.5358941458165647,0.6383662104606629,4.933040216565133e-06,1299.6976003050802,156000000.0,0.00038400000000000006,9.68
1.3058483183383942,0.6142740815877915,8.26874813437462e-06,2595.8171784877773,92900000.0,0.000266,14.52
1.6262168526649476,0.7712010450661183,8.119139716029168e-06,1050.173372030258,254000000.00000003,0.00166,12.94
1.7353969037532808,0.7369551982730628,6.0340500622987755e-06,2340.592734515667,126000000.00000001,0.000954,15.38
1.653470277786255,0.6867544725537301,9.354992747306824e-06,2303.3311888575554,136000000.0,0.000851,16.39
1.6572949826717378,0.7629026614129544,4.072257936000825e-06,2183.575175702572,116999999.99999997,0.0007950000000000001,13.49
1.6994851827621462,0.6640530556440354,3.08762612938881e-06,1022.3972350358962,187999999.99999997,0.0004080000000000001,5.87
1.5239221595227719,0.6907253175973893,7.4405134320259105e-06,1667.6086857914922,155000000.0,0.0007550000000000001,14.18
1.6872051358222964,0.6994154602289201,5.038494169712067e-06,2820.3311860561366,95899999.99999999,0.000617,15.42
1.5487905979156495,0.8675508499145509,7.330432161688806e-06,590.372934937477,407000000.0,0.00248,8.930000000000001
1.2660824775695803,0.6836373701691628,9.456794977188112e-06,1039.489686489105,229000000.0,0.0007460000000000001,12.66
1.2809648215770724,0.8588731169700623,3.134194284677506e-06,2466.9426232576366,240000000.0,0.000587,2.7499999999999996
1.48009764701128,0.7403066307306291,6.15358603000641e-06,1087.5077843666074,232999999.99999997,0.0009310000000000001,10.53
1.5010252225678415,0.6369051665067673,5.548694536089898e-06,2430.354237556457,95600000.00000001,0.0003330000000000001,13.53
1.7933206200599672,0.9089186310768128,7.018887773156167e-06,733.0569922924041,326000000.0,0.00317,10.84
1.3884703159332277,0.7501402236521245,9.161876261234286e-06,2093.86795014143,470000000.00000006,0.000811,4.080000000000001
1.586608672142029,0.8649002194404602,4.4297798871994025e-06,904.9433767795562,318000000.0,0.00151,6.37
1.775547552108765,0.8032448172569275,4.999105751514436e-06,1756.695035845041,151999999.99999997,0.00134,13.68
1.512019631266594,0.8336001634597779,4.2220681905746464e-06,1096.058815717697,224999999.99999997,0.00116,8.97
1.3444098293781281,0.6473463535308839,8.80613735318184e-06,1385.2265030145643,176000000.0,0.0005059999999999999,12.46
1.4823100592941048,0.7283924818038942,7.534870982170106e-06,881.241664290428,298000000.0,0.00109,10.050000000000002
1.7693859636783602,0.7543952889740467,4.071037322282792e-06,2895.2569812536235,93199999.99999997,0.0007569999999999999,15.06
1.6015111416578294,0.87545485496521,9.418396443128587e-06,910.8492285013198,706000000.0,0.00259,3.9300000000000006
1.7431810677051545,0.8957725524902345,4.275463938713074e-06,973.5249280929564,254000000.00000003,0.00186,8.44
1.5208944104611875,0.750935871899128,5.246468827128411e-06,1405.9506282210348,174000000.0,0.0008839999999999999,12.02
1.3906661421060564,0.6210417777299881,4.694639712572099e-06,2311.8923529982567,91299999.99999997,0.00021999999999999998,11.8
1.7787349283695222,0.8091794103384019,6.950671717524529e-06,1278.5496488213537,213000000.0,0.00189,13.64
1.5293961681425572,0.8454282313585282,4.20536094903946e-06,1057.080805301666,238000000.0,0.00124,8.51
1.6786828994750977,0.7378247402608396,9.247036755084993e-06,1361.5896850824354,208999999.99999997,0.00146,14.84
1.6088227093219758,0.7292110048234464,3.0239650011062626e-06,1028.8612842559812,192000000.0,0.000587,6.92
1.3632190257310868,0.6825354248285295,9.285136550664903e-06,608.1020385026931,341000000.0,0.0009779999999999997,10.09
1.6638095498085024,0.7343080949038268,6.824976641684771e-06,1848.4077434986827,153999999.99999997,0.0010399999999999997,14.76
1.719854110479355,0.6917316466569902,7.049453601241113e-06,2618.759155273437,112999999.99999999,0.0007659999999999999,16.31
1.6307895362377167,0.728205880522728,5.773718982934952e-06,2136.936254799366,129000000.0,0.000831,14.7
1.491428227722645,0.7493267834186554,8.084843829274178e-06,935.2716356515883,276000000.0,0.00134,11.77
1.7380204975605011,0.8963228344917298,4.511847019195557e-06,943.1397467851638,259000000.0,0.00196,8.81
1.4505042225122453,0.6833544284105302,9.113085925579073e-06,2243.34853887558,134999999.99999997,0.0006689999999999999,15.83
1.3803533345460892,0.6581735640764237,9.008792608976366e-06,867.0402616262435,260999999.99999997,0.0007049999999999998,10.73
1.545574423670769,0.7681135319173337,5.173205301165582e-06,1336.9721472263334,185000000.0,0.001,11.7
1.483365844935179,0.6726697772741318,7.702789127826693e-06,919.9428111314772,260000000.0,0.0007529999999999999,9.97
1.3990023493766786,0.6530059307813645,8.102332547307016e-06,2456.4825296401973,110000000.0,0.0004430000000000001,15.22
1.5033492274582387,0.6377108931541443,7.798264861106873e-06,1267.4472033977506,180000000.00000003,0.000527,11.57
1.58383769094944,0.6538718104362489,7.188263624906541e-06,2444.1587477922435,108000000.00000001,0.000523,15.3
1.6824876129627229,0.8264095902442933,9.491099625825884e-06,655.9821516275405,380000000.0,0.0028799999999999997,11.75
1.545334754884243,0.6432436913251878,7.87253099679947e-06,1520.494885742664,155000000.0,0.0005560000000000001,13.02
1.5356767103075983,0.6662442058324815,7.87412951886654e-06,2448.7393647432323,114999999.99999997,0.0005750000000000001,15.64
1.7267308831214907,0.6797950923442841,2.9902818202972418e-06,1382.7234059572218,151999999.99999997,0.00043999999999999996,7.79
1.5069293159991504,0.6358015537261964,5.2133419215679174e-06,1391.202501952648,148000000.0,0.00037199999999999993,10.3
1.4899526014924052,0.7331079985946417,5.326954230666161e-06,1471.536487340927,164000000.0,0.0007749999999999999,12.28
1.6238761872053147,0.6551400661468506,3.1000100076198582e-06,1095.7659333944318,170999999.99999997,0.0003550000000000001,6.3
1.8272017836570742,0.9022649109363556,8.27918228507042e-06,578.3219188451766,427000000.0,0.00383,9.83
1.4628792688250543,0.6167186737060547,8.157251611351967e-06,2882.7059566974635,89500000.00000001,0.0003349999999999999,15.42
1.498772312141955,0.6377594679594041,4.382979333400727e-06,2695.2164918184276,83000000.0,0.0002760000000000001,13.02
1.4703428082168104,0.67581045627594,8.136731907725336e-06,1273.6266404390333,192000000.0,0.0007250000000000001,12.69
1.4228876173496248,0.6558368861675263,5.500608801841737e-06,603.5423576831816,357000000.0,0.00047099999999999996,3.8600000000000003
1.293910038471222,0.7786344163119794,2.991898596286774e-06,1964.41675722599,111000000.0,0.00048700000000000013,11.47
1.580516651272774,0.656108433008194,8.17612011730671e-06,2122.050181031227,126000000.00000001,0.0006100000000000001,15.22
1.5161743964999916,0.6922430321574212,3.90999871492386e-06,1831.4582314342258,121000000.0,0.000453,11.32
1.6127068608999253,0.8255936533212662,4.095301479101182e-06,1381.9337561726568,180000000.00000003,0.00118,10.78
1.5304510630667212,0.8509743064641954,4.307974487543107e-06,988.5985702276229,265000000.0,0.0013,7.71
1.5350482732057573,0.6501721680164337,3.1546891629695896e-06,1970.3660830855367,102000000.0,0.000279,9.890000000000002
1.3654846966266634,0.6229055106639863,7.075606882572175e-06,1866.7099270969627,119000000.0,0.0003200000000000001,12.78
1.284851360321045,0.6802688330411911,8.780082017183305e-06,1875.9362976998088,148000000.0,0.0005599999999999998,14.6
1.5129966393113137,0.6729939043521882,7.859526485204698e-06,1543.4264317154882,161000000.00000003,0.0006900000000000001,13.73
1.599150887131691,0.855761468410492,7.1368723660707486e-06,677.2700250148772,354000000.0,0.00238,10.01
1.5905071824789048,0.8599912226200105,4.152420610189438e-06,1037.8047376871107,299000000.0,0.00135,6.14
1.7309785187244418,0.7662182427942753,5.0726445466279995e-06,2095.371775329113,130999999.99999999,0.00102,14.36
1.5320586696267129,0.8368136644363404,4.69367402791977e-06,898.280695080757,369000000.0,0.00128,4.98
1.7786966264247897,0.7032669916749001,7.851929411292077e-06,2797.841534018516,114999999.99999997,0.0008679999999999997,16.95
1.549835626780987,0.6413901954889298,7.955923050642015e-06,1602.477069944143,148000000.0,0.0005440000000000001,13.33
1.278286510705948,0.6071627587080002,5.699656456708909e-06,1678.098218515515,119000000.0,0.00019599999999999997,10.020000000000001
1.5079954298213125,0.7842958264052868,6.4523851778358235e-06,824.3155777454375,386000000.0,0.00131,7.04
1.4668965317308904,0.6533151268959047,5.4532878547906885e-06,698.746621608734,304000000.0,0.0004610000000000001,5.16
1.4336337849497796,0.6287462890148163,5.345156833529473e-06,2147.077575325966,102000000.0,0.0002869999999999999,12.39
1.3538653939962388,0.6645461976528169,8.368821144104005e-06,2036.556929349899,131999999.99999999,0.0004960000000000001,14.509999999999998
1.2955527663230897,0.7535342529416085,9.905968099832537e-06,604.4125854969024,363000000.0,0.00145,11.36
1.7725833356380465,0.9032142162322999,6.592837076634169e-06,792.7606552839278,305000000.0,0.00289,10.91
1.4489163011312487,0.6484980046749116,8.67401295900345e-06,882.5252503156661,257000000.0,0.000661,10.12
1.3575430870056153,0.6223755329847336,7.119982689619066e-06,2394.8937952518463,97600000.00000001,0.0002869999999999999,13.91
1.4312934502959254,0.6185101211071015,4.4988723397254955e-06,686.328813433647,255000000.0,0.000277,4.080000000000001
1.5758722990751268,0.7610497154295445,6.326157582923771e-06,1286.2165570259092,204000000.0,0.00117,12.4
1.6744764089584352,0.6754560470581056,7.439048320055009e-06,2394.587054848671,118000000.00000001,0.0007129999999999999,15.93
1.5746107131242753,0.654013341665268,7.560212537646295e-06,1786.1521914601324,137000000.0,0.000589,14.07
1.5860640317201615,0.8337036073207856,5.1628941297531134e-06,1020.1528221368789,241000000.0,0.00152,10.28
1.7860033214092257,0.9194078028202057,3.0112431645393376e-06,2838.7996852397914,303000000.0,0.00101,0.16000000000000014
1.6010857969522478,0.6538498431444169,8.147203609347344e-06,2021.351598203182,129000000.0,0.000622,15.06
1.4754831455647948,0.7740516655147076,8.569102972745897e-06,676.3044297695159,355000000.0,0.00173,10.76
1.4769510157406331,0.6389059871435167,6.557883683592082e-06,2528.6998152732845,97500000.00000001,0.000369,14.49
1.2706302702426913,0.6397034257650376,9.284596025943757e-06,818.809226155281,256000000.0,0.000532,10.23
1.4138620644807818,0.6336706638336183,8.161701396107675e-06,1097.872883081436,205999999.99999997,0.00048100000000000004,10.33
1.4721959844231607,0.7455775760114194,5.195926636457444e-06,978.125363588333,264000000.00000003,0.0008359999999999999,8.05
1.52165010496974,0.7749859996140004,5.647090271115304e-06,1123.2515722513197,382000000.0,0.00101,5.05
1.5969970375299456,0.6555108278989793,3.0842302739620215e-06,2064.3130615353584,99500000.00000001,0.000312,10.38
1.335357874631882,0.6285624325275422,8.556041091680528e-06,2439.870119094848,102999999.99999999,0.00033600000000000004,14.89
1.5489933192729952,0.8209420412778855,3.4033941626548773e-06,868.2183474302291,306000000.0,0.000938,3.99
1.4171517670154572,0.6937918961048127,7.213860005140305e-06,1178.0796498060224,394000000.0,0.000682,4.97
1.636118996143341,0.8777944922447205,3.196023970842362e-06,713.4713530540465,360000000.0,0.00133,3.1199999999999997
1.5339262358844281,0.6465474843978882,6.039409413933755e-06,1225.9989902377126,175000000.0,0.000495,10.58
1.2581144750118256,0.7904546856880189,3.1165710091590886e-06,994.4051057100295,212000000.0,0.000596,6.73
1.6358151733875277,0.863897117972374,3.983951926231385e-06,1224.005028605461,201000000.0,0.0014,9.84
1.519428462535143,0.6929418951272965,3.895563304424287e-06,2024.575278162956,111000000.0,0.00043999999999999996,11.89
1.4680718399584294,0.6901037424802781,6.154640376567842e-06,777.2733569145201,316000000.0,0.000701,6.89
1.7956909418106082,0.8389364987611772,2.932550191879273e-06,2361.516274511814,106000000.00000003,0.001,12.68
1.4848745170980693,0.7203971900045872,9.815522730350496e-06,1131.4950063824651,231000000.0,0.00123,14.13
1.4260606214404108,0.6289950281381608,6.1821277067065246e-06,1028.8121849298475,198000000.00000003,0.00039199999999999993,8.91
1.3788473546504976,0.7113696411252023,3.1260945498943334e-06,2070.6348046660423,102000000.0,0.0003550000000000001,11.13
1.4848379697650673,0.6696866780519486,7.090018510818482e-06,854.1046380996703,280000000.0,0.000688,8.55
1.53173186480999,0.6369849622249604,5.063830822706223e-06,1759.2759169638155,121000000.0,0.000354,11.52
1.6041628003120423,0.7238804697990419,9.721927672624589e-06,1261.2302899360654,216000000.00000003,0.00134,14.68
1.7952962100505832,0.8475697338581086,6.8727190978825105e-06,1060.5721473693845,245000000.00000003,0.00232,12.66
1.7347269773483278,0.8507205605506898,2.8446785211563114e-06,2273.788630962372,108000000.00000001,0.000956,12.21
1.5670536786317826,0.6436409711837769,4.368912547826767e-06,1946.8558132648466,109000000.00000001,0.00034600000000000017,11.52
1.7256122767925264,0.8968598842620851,4.182411283254624e-06,1125.8823350071905,215000000.00000003,0.00176,9.730000000000002
1.3653670996427538,0.6233032375574112,7.092030197381974e-06,2515.3804123401637,94400000.0,0.000288,14.17
1.5639207959175112,0.683639131486416,9.491075634956361e-06,2114.6380081772804,143000000.00000003,0.0008,16.0
1.6195665299892428,0.7178007669746876,9.788650870323182e-06,1342.861235141754,205000000.0,0.0012899999999999997,15.01
1.732589489221573,0.7437427371740342,5.617871999740601e-06,2383.242130279541,122000000.00000004,0.000932,15.2
1.6539773404598237,0.6795363485813142,9.39741486310959e-06,1931.586034595966,149000000.0,0.000895,15.9
1.5184151384979487,0.7539011165499688,7.344689309597016e-06,1059.9312484264372,248000000.0,0.00125,11.86
1.4927188586443665,0.8059486448764802,5.391282722353936e-06,935.0550472736358,264000000.00000003,0.00127,9.39
1.434841226041317,0.6253547698259354,6.885229084640742e-06,2782.9105705022807,89100000.0,0.00031100000000000013,14.73
1.4623711690306664,0.6854215174913407,8.14716000854969e-06,661.4714413881301,384000000.0,0.0009180000000000001,7.59
1.6065774142742157,0.8367519557476044,8.072660535573961e-06,1418.1827679276464,711000000.0,0.0015900000000000003,0.6
1.4577267855405809,0.6340955078601838,3.2340499162673957e-06,1373.703248798847,134999999.99999997,0.00022800000000000007,7.17
1.3964415550231934,0.6886015355587006,3.1785894930362706e-06,804.7659993171691,227000000.00000003,0.000376,4.76
1.587903615832329,0.6438711762428284,3.1127036809921272e-06,786.1797809600829,223999999.99999997,0.00032500000000000004,3.83
1.5261035889387131,0.7642211727797986,7.81043240427971e-06,943.5066878795623,277000000.0,0.00146,11.73
1.500364552298561,0.8045749604701996,7.389094948768617e-06,708.9405804872512,356000000.0,0.00176,9.64
1.4982105884235353,0.7298869013786317,5.335061892867089e-06,1559.1906309127805,156000000.0,0.000758,12.62
1.419689127802849,0.6308500349521637,7.022949844598771e-06,1609.9028587341306,139000000.0,0.000387,12.24
1.5189887836575509,0.7414899118244649,4.101348638534547e-06,1697.9210842400787,139000000.0,0.0006680000000000001,11.78
1.5144096024334432,0.6929073974490166,3.9015622735023506e-06,1371.0136264562605,157000000.0,0.0004910000000000001,9.43
1.6064633041620255,0.6562984317541123,3.087846636772156e-06,1701.2739526107905,118000000.00000001,0.00032799999999999995,9.12
1.3308848440647127,0.6290597766637803,8.669242948293688e-06,1890.4298562556503,126000000.00000001,0.00037199999999999993,13.79
1.2609475314617158,0.7373104602098466,8.234789475798608e-06,2490.7414913177486,541000000.0,0.0006029999999999999,0.4599999999999997
1.4617549046874048,0.7346987865865231,2.9976021647453315e-06,2555.137008428573,88499999.99999997,0.00041999999999999996,12.55
1.7836577832698823,0.6998613327741624,7.99522051215172e-06,2295.7330867648125,131999999.99999999,0.000976,16.35
1.3519492238759996,0.613372153043747,4.629656791687013e-06,1472.0028191804884,130000000.0,0.00020499999999999994,8.59
1.5083820378407837,0.6833355993032456,4.357107162475587e-06,1561.020493507385,142000000.00000003,0.0004799999999999999,10.86
1.5242405422031882,0.6726329773664476,4.957578286528588e-06,2225.1216247677803,108000000.00000001,0.000444,13.32
1.349551695585251,0.6124714314937592,4.658553689718247e-06,1277.730271220207,147000000.0,0.00021000000000000012,7.7
1.2873063862323761,0.6077557682991028,4.756729438900948e-06,1852.6388909667728,106000000.00000003,0.0001660000000000001,9.61
1.434778954088688,0.6836675673723221,8.47315013408661e-06,1132.519982755184,216000000.00000003,0.0007969999999999999,12.35
1.4659835927188398,0.7361182786524296,4.9712817668914804e-06,1379.009924829006,168999999.99999997,0.000739,11.59
1.266419452428818,0.6053823351860047,6.7084689736366285e-06,1272.1625268459318,152999999.99999997,0.00023500000000000002,9.36
1.460683134198189,0.7639278374612332,8.077467367053034e-06,657.8291505575179,399000000.0,0.00148,8.82
1.5108835447579623,0.7093819633126259,4.893913298845292e-06,2069.7675570845604,120000000.0,0.0005899999999999999,13.55
1.2769830107688904,0.6078846305608749,5.6513214260339745e-06,2508.6523145437236,85300000.0,0.000176,12.26
1.2728957355022432,0.6078093320131303,6.634777288883926e-06,2226.8645763397217,96800000.0,0.00020400000000000005,12.41
1.363480666279793,0.6431579589843751,8.477879881858827e-06,1783.9511688798664,139000000.0,0.0004430000000000001,13.579999999999998
1.7360829770565034,0.8673512578010559,3.0146490335464483e-06,1770.3996617347,132999999.99999997,0.00115,11.23
1.441832318902016,0.6271690517663956,5.3307880759239206e-06,819.2283213138579,233999999.99999997,0.0003600000000000001,6.52
1.3001104831695558,0.77249960526824,2.981724381446839e-06,1971.8785881996153,110000000.0,0.00047099999999999996,11.42
1.531229815632105,0.7399024821817876,4.014366507530213e-06,1796.1735296994445,131999999.99999999,0.000649,11.95
1.6583735883235933,0.6812959581613541,4.669059187173844e-06,2929.208233952522,88299999.99999999,0.0004939999999999999,14.989999999999998
1.3844630777835847,0.7757115416228771,6.53802988305688e-06,2408.6015224456787,438000000.0,0.000752,2.2500000000000004
1.438278914988041,0.6694094359874726,9.445081591606142e-06,2369.124509394169,125000000.00000001,0.000592,16.09
1.4933811485767365,0.8364349007606507,3.114467531442643e-06,947.571501135826,215000000.00000003,0.000923,7.109999999999999
1.803046774864197,0.7937669456005098,9.774041056632998e-06,1000.0513792037963,277000000.0,0.00251,14.15
1.4273499816656114,0.8221280515193939,3.0653096139431006e-06,1232.4568927288053,168999999.99999997,0.000785,8.89
1.4880631975829604,0.673845273256302,5.424725368618966e-06,1715.3096962720153,136000000.0,0.0004979999999999999,12.36
1.2660308361053467,0.7085804119706155,9.821299523115159e-06,799.7551858425139,280000000.0,0.000979,12.25
1.4910559315234424,0.6480751007795335,5.39652816951275e-06,796.8333661556243,265000000.0,0.00045099999999999996,6.22
1.665514522790909,0.6804734408855438,8.455362051725388e-06,2357.401169836521,127000000.00000001,0.000785,16.21
1.4863652966916563,0.7054850667715074,6.587317403405906e-06,1607.8183539211748,158000000.0,0.000745,13.5
1.6195462971925736,0.7176545754075051,5.9676798954606064e-06,2191.5399953722954,126000000.00000001,0.0007860000000000001,14.88
1.4732228301465513,0.7983527094125749,4.466504484415055e-06,1051.849529147148,273000000.0,0.0009549999999999999,6.98
1.6527689874172211,0.8133080273866654,4.106645613908768e-06,1555.081635713577,161000000.00000003,0.00113,11.64
1.7815897285938265,0.7010809779167176,8.967759042978288e-06,2695.741236209869,124000000.00000003,0.000934,17.08
1.304340147972107,0.790458118915558,9.567343443632127e-06,1406.3008055090902,612000000.0,0.00115,3.2000000000000006
1.570793263614178,0.8235690593719484,6.596933882683517e-06,1735.125036910176,431000000.0,0.00121,4.15
1.6405671089887621,0.89171462059021,9.977620691061021e-06,583.9176028966903,532000000.0,0.00351,8.6
1.593902537226677,0.748807492107153,3.947011411190034e-06,2095.073789358139,116999999.99999997,0.0006830000000000001,12.91
1.291841197013855,0.636162829399109,8.80688837170601e-06,1855.2806992083786,129000000.0,0.00038,13.96
1.4883286502212287,0.7302784681320191,4.313576877117158e-06,1537.9777848720548,149999999.99999997,0.0006449999999999998,11.4
1.6461014181375504,0.6625708132982254,5.861164242029191e-06,2831.1776667833324,94099999.99999999,0.000502,15.43
1.3116246879100801,0.6326391577720643,8.943070977926255e-06,1438.1688758730886,161000000.00000003,0.0004210000000000001,12.58
1.607533621788025,0.650764971971512,6.123553581535817e-06,2621.808528900146,97500000.00000001,0.00046299999999999987,15.0
1.3310290396213533,0.6137959331274033,5.591917216777803e-06,1754.5228004455564,115999999.99999997,0.00022699999999999993,10.71
1.7141309380531313,0.7694569922983647,4.066369324922563e-06,2377.87264585495,111000000.0,0.0008430000000000001,14.0
1.4539005741477014,0.6647095888853074,6.297967841848732e-06,722.3889529705046,314000000.0,0.0005710000000000001,6.34
1.4168910741806031,0.6306635051965714,6.831312943249942e-06,1952.7131244540212,116999999.99999997,0.0003550000000000001,13.14
1.6729611933231354,0.8790890872478486,2.960644125938416e-06,1289.9354025721548,165000000.0,0.00122,9.49
1.4410657435655596,0.7748930118978025,9.083057492971422e-06,1219.451531767845,465000000.0,0.00134,6.68
1.3179809153079989,0.6105675369501115,9.373325735330583e-06,621.1117208003997,313000000.0,0.00042600000000000005,7.2
1.4975950174033643,0.718546499311924,7.276569321751596e-06,1324.7889205813406,195000000.0,0.0009310000000000001,12.98
1.3212233304977419,0.6488344967365266,9.13765424489975e-06,859.5314174890517,258000000.0,0.0006150000000000001,10.49
1.5135588560253384,0.7130007326602936,6.332663659006358e-06,1693.7308125197885,151999999.99999997,0.000773,13.72
1.3171939909458161,0.7451931908726693,7.95921689271927e-06,2509.7260177135463,536000000.0,0.0006529999999999999,0.5300000000000004
1.5125051356852055,0.7234671235084534,8.509387612342836e-06,1173.2780858874319,223000000.0,0.00115,13.35
1.3977212190628052,0.6782209664583206,8.570485889911653e-06,2148.338660597801,133999999.99999997,0.000592,15.23
1.5300201863050462,0.8982033848762513,3.132730215787888e-06,1800.6430119276044,160000000.00000003,0.001,8.86
1.5121448200196028,0.7860187791287899,3.5440090298652657e-06,771.0142731666564,355000000.0,0.0007810000000000002,2.48
1.5128153521567584,0.7123400956392288,4.57223078608513e-06,2041.9037640094755,119000000.0,0.000574,13.18
1.5780271947383882,0.8653263330459595,4.309280216693879e-06,953.7896066904067,279000000.0,0.00146,7.43
1.5962333321571351,0.7476421572268009,8.708998948335649e-06,1115.8677488565443,241000000.0,0.00148,13.5
1.5359612949192525,0.6360489517450333,3.3278412818908697e-06,2861.034899950027,73700000.00000003,0.00022099999999999987,11.93
1.5561168864369395,0.6659107089042664,7.939385518431665e-06,1685.212358832359,149000000.0,0.000677,14.25
1.539395570755005,0.8308681547641755,3.3289721906185157e-06,1022.5095897912978,266000000.0,0.0009369999999999999,4.99
1.575446105003357,0.6390924364328385,6.547530189156533e-06,2323.0101093649864,105000000.00000003,0.00043099999999999996,14.349999999999998
1.6770810306072237,0.5989194989204407,2.9945217370986944e-06,2577.448591589927,76600000.00000003,0.000187,10.08
1.62167449593544,0.7466785892844201,4.147406101226807e-06,2235.51581799984,112999999.99999999,0.0007089999999999999,13.6
1.742325407266617,0.675059062242508,2.9935679435729986e-06,2034.263454377651,106000000.00000003,0.0003990000000000001,10.44
1.3552481621503831,0.6238488256931305,7.98561863601208e-06,2143.286347389221,110000000.0,0.00032999999999999994,13.96
1.2431463181972504,0.6893521383404733,9.50986632704735e-06,1558.7764531373975,173000000.0,0.000646,14.39
1.4057295799255372,0.8231992453336716,9.399229407310488e-06,1072.7898329496381,846000000.0,0.00166,0.2499999999999996
1.6092468649148943,0.7406422421336175,2.859073460102082e-06,2836.005195975303,82900000.00000001,0.0004979999999999999,13.33
1.7784828722476962,0.70358005464077,9.071135073900224e-06,2479.1235029697414,131999999.99999999,0.000993,16.89
1.3100742638111116,0.6141169130802155,8.284938216209413e-06,2405.9450924396515,98100000.0,0.00027299999999999997,14.21
1.2706408560276032,0.6074927777051926,6.666722305119039e-06,2318.638928234577,93800000.00000001,0.00020100000000000014,12.62
1.4323435083031655,0.6296809315681459,6.071403689682484e-06,1312.2623339295385,159000000.00000003,0.00036999999999999994,10.44
1.3683151155710223,0.6215005159378052,7.102341368794442e-06,2708.0045193433757,89500000.00000001,0.0002799999999999999,14.47
1.6961702942848207,0.7201052740216256,5.989657148718835e-06,2386.153891682625,120000000.0,0.0008340000000000001,15.35
1.2934671700000764,0.8036348909139633,3.0573175251483924e-06,1256.021738052368,168000000.0,0.0006339999999999999,8.71
1.483635848388076,0.7307761564850808,5.892817795276643e-06,973.7889021635054,265000000.0,0.0008610000000000001,8.82
1.563013529777527,0.7820041738450528,2.9790766239166264e-06,2329.077936708927,101000000.0,0.0006370000000000001,12.52
1.5531202957034111,0.6656461894512177,9.563940286636354e-06,2557.9510182142253,120000000.0,0.0006379999999999999,16.51
1.5914661794900895,0.6932807832956315,7.383501008152963e-06,1855.6303735822437,145000000.0,0.000804,14.829999999999998
1.3996633887290957,0.6200724095106125,4.724778920412064e-06,1841.1804568022487,110000000.0,0.000233,10.53
1.6090948909521103,0.7783179245889188,5.207965046167374e-06,1414.0779823064802,180000000.00000003,0.00112,12.18
1.3654188215732577,0.6874057441949845,9.139116227626802e-06,1853.4337375313041,153999999.99999997,0.000673,15.02
1.5604713588953019,0.8468633472919465,3.1774558722972875e-06,835.9291702508925,267000000.0,0.00106,5.46
1.457982873916626,0.7917581409215928,7.906211152672768e-06,675.7733523845671,416000000.0,0.00163,8.44
1.4802013210952283,0.644095265865326,3.683890819549561e-06,2134.5390304923058,97299999.99999999,0.00027200000000000005,11.05
1.5496487841010096,0.6853817582130433,9.418371200561525e-06,1504.086062312126,177000000.0,0.000928,14.9
1.6462823152542116,0.8854476749897005,7.433572247624398e-06,1102.9508262872694,548000000.0,0.00214,3.939999999999999
1.7780572414398195,0.7011523336172104,7.999158769845963e-06,2471.770823001861,126000000.00000001,0.0009369999999999999,16.59
1.6119250774383547,0.8742058575153352,5.041567817330361e-06,854.6523302793502,271000000.0,0.00185,9.45
1.5064673859626057,0.6835459828376771,4.359367311000825e-06,1655.1545839756725,134999999.99999997,0.0004720000000000001,11.22
1.3691991716623308,0.6110512465238571,4.5256367623806e-06,679.0074259042739,252999999.99999997,0.00022899999999999996,3.5000000000000004
1.7659354448318483,0.7919118583202363,4.765206351876259e-06,1946.561627089977,138000000.0,0.00118,13.899999999999999
1.6602394759655,0.6812249690294266,8.427421033382416e-06,1876.4548208564518,147000000.0,0.0008740000000000001,15.470000000000002
1.32121878862381,0.6156299114227295,6.428574383258821e-06,2511.1040025949474,89900000.00000001,0.00022899999999999996,13.3
1.680392074584961,0.860481807589531,6.128068897873164e-06,888.1332278251647,275000000.0,0.00215,10.83
1.3054537296295168,0.6136144280433655,9.166528403759004e-06,1472.272492945194,148000000.0,0.00034700000000000003,12.41
1.4588063746690751,0.6652731478214264,3.5469027459621434e-06,2889.5848542451854,77700000.00000001,0.00028300000000000005,12.83
1.499332324275747,0.7283663280308247,6.0869492776691925e-06,853.0462831258773,324000000.0,0.000895,7.28
1.6862460851669312,0.8088229000568391,8.061805814504624e-06,893.3526575565337,291000000.0,0.00218,12.33
1.4777289099991322,0.7282875493168831,9.938807219266892e-06,1079.661279916763,242000000.0,0.0013199999999999998,14.13
1.3703290700912476,0.7126113094389439,3.126208871603013e-06,2158.2102701067924,98700000.0,0.0003510000000000001,11.38
1.493181871622801,0.777074783295393,6.0324067920446404e-06,980.6988686323165,260999999.99999997,0.00118,10.050000000000002
1.4568380892276764,0.5979138851165772,2.975341141223908e-06,2449.048116803169,78300000.0,0.000123,8.59
1.431754218041897,0.7973054230213166,9.149163186550142e-06,531.4903259277343,420000000.0,0.00202,10.15
1.6802142441272736,0.8815129280090332,2.9767121672630317e-06,1128.6265701055524,184000000.0,0.00128,8.67
1.3580249369144441,0.6214118242263794,7.090936318039895e-06,1750.900076702237,125000000.00000001,0.00031899999999999995,12.4
1.3617637038230896,0.6421928197145462,8.26657059788704e-06,2407.4344635009766,108000000.00000001,0.00039000000000000016,14.989999999999998
1.504881406389177,0.7146579734981061,5.407655864953995e-06,1866.671649739146,133999999.99999997,0.0006710000000000002,13.55
1.462017832696438,0.7571750186383724,9.92868933081627e-06,727.0869910717009,327000000.0,0.00173,12.4
1.6190673083066942,0.8683032184839249,8.49910679459572e-06,1092.0110642910001,814000000.0,0.00213,0.3500000000000004
1.2266481578350068,0.7536071866750718,9.866751164197922e-06,1669.1078543663023,634000000.0,0.0007770000000000001,1.3899999999999995
1.6149285167455674,0.8754273891448976,8.34161424636841e-06,585.5720043182372,432000000.0,0.00295,9.46
1.5504217699170113,0.7848957739770414,2.9817181229591374e-06,2457.6302170753474,97200000.0,0.000629,12.88
1.5830350935459139,0.6581551551818848,3.095075190067292e-06,1963.1585404276846,103999999.99999999,0.00031600000000000004,10.09
1.6016822397708894,0.8417500823736191,7.309657946228982e-06,1534.0144671499727,544000000.0,0.0014999999999999998,2.7999999999999994
1.5928149819374087,0.7788716085255146,9.929518789052964e-06,707.2054892778395,341000000.0,0.00218,12.51
1.477566645294428,0.6530865132808686,3.432028621435166e-06,1935.527168214321,105000000.00000003,0.00028599999999999996,10.3
1.38656644821167,0.6210355639457703,4.705403476953507e-06,2400.247633457184,88499999.99999997,0.00021700000000000007,12.01
1.5386130005121232,0.667900711297989,7.880010306835176e-06,1630.1093921065328,152999999.99999997,0.000675,14.02
1.572247686982155,0.8065046042203904,3.065415799617768e-06,2064.3472969532013,114999999.99999997,0.000758,11.9
1.635867065191269,0.8154363691806794,7.73213788866997e-06,1840.626226738095,631000000.0,0.00134,0.6900000000000005
1.593836197257042,0.8295049220323564,8.085547283291819e-06,672.644406557083,367000000.0,0.00238,10.61
1.7556335270404817,0.9109236896038057,4.841756001114846e-06,1564.7899284958837,479000000.0,0.00171,0.9200000000000003
1.605586874485016,0.8756656229496003,6.28925876505673e-06,634.0526342391967,400000000.0,0.00237,7.89
1.5339616723358633,0.870160585641861,6.193678632378579e-06,607.7552884817122,394000000.0,0.00217,7.91
1.6398491799831392,0.7443361245095731,7.230611577630044e-06,1515.7094337046144,183000000.0,0.00119,14.059999999999999
1.6497887134552003,0.74003094881773,7.221142068505288e-06,1613.736182451248,174000000.0,0.00115,14.36
1.3519347488880158,0.6886614829301835,9.347291260957718e-06,1936.2723752856252,149999999.99999997,0.0006649999999999999,15.309999999999999
1.465180975198746,0.6373524874448777,8.057209059596063e-06,1114.27004635334,204000000.0,0.000527,10.660000000000002
1.373282825946808,0.7641655214130879,9.562393188476563e-06,1799.980692565441,548000000.0,0.0009509999999999998,3.3500000000000005
1.4752684704959393,0.7289752990007401,2.937613725662232e-06,2836.0014706850047,81500000.0,0.0004049999999999999,13.1
1.4788465909659865,0.6350758016109467,6.447885885834695e-06,2685.4846179485316,92500000.0,0.0003490000000000001,14.62
1.3531444609165193,0.6228168815374375,8.352911859750748e-06,1147.398643195629,188999999.99999997,0.00040699999999999997,10.61
1.4683250539004804,0.8020608454942704,3.5117354691028603e-06,697.9555189609526,355000000.0,0.0008120000000000001,2.71
1.4393029376864435,0.7048499062657357,9.038069188594819e-06,1165.7918170094488,217000000.00000003,0.000996,13.49
1.4496233537793162,0.7028522819280625,3.1094553172588355e-06,709.2286199331282,257000000.0,0.000435,3.9799999999999995
1.51280612424016,0.6369840234518052,4.437675595283509e-06,2892.863035202026,78799999.99999999,0.00027000000000000006,13.35
1.4872598435729742,0.6957143962383271,7.175786390900613e-06,878.6999732255935,287000000.0,0.0008390000000000001,9.17
1.721202725172043,0.7471636019647122,7.085845977067948e-06,1805.5808562785385,162000000.00000003,0.00121,14.92
1.7362524032592774,0.8935618937015535,6.91484633460641e-06,710.8614146709441,329000000.0,0.0029100000000000003,10.65
1.2127229154109955,0.6521127015352249,9.709097772836686e-06,2674.730375409126,105000000.00000003,0.00036999999999999994,16.09
1.4264560773968697,0.6813453823328018,3.262173473834992e-06,2308.577813208103,92099999.99999999,0.00031,11.55
1.6886886835098267,0.7720231644809247,2.967391192913056e-06,2842.4978554248805,86399999.99999999,0.000646,13.739999999999998
1.4974876424297692,0.6385707020759583,3.507710218429566e-06,2856.9382727146144,74700000.00000003,0.0002249999999999999,12.19
1.6795474827289583,0.8861773252487184,4.174988299608231e-06,1065.0820583105085,232000000.0,0.00166,9.06
1.4732195153832437,0.6878157511353493,5.367121621966363e-06,1861.0629271715877,130000000.0,0.0005330000000000002,12.99
1.3549735128879548,0.6155850648880006,3.6813542544841775e-06,2752.6913136243816,73199999.99999999,0.00014900000000000004,11.09
1.6783439934253694,0.6491393119096757,3.150286108255387e-06,704.2187005281447,255000000.0,0.0003770000000000001,3.1199999999999997
1.5785094648599627,0.6305334627628327,8.581255078315737e-06,2842.932522296905,98000000.00000001,0.00045999999999999996,16.09
1.4371144652366639,0.6438046932220459,8.214555367827416e-06,687.2731000185012,320000000.0,0.000611,7.65
1.4890606127679349,0.6393542289733888,3.4617416262626656e-06,2764.3700987100597,76600000.00000003,0.00022699999999999993,12.02
1.5990852802991868,0.6538392573595048,7.261427015066148e-06,1961.73071116209,126000000.00000001,0.0005710000000000001,14.4
1.4983082412276418,0.758621457964182,8.585269898176194e-06,2308.677949011326,551000000.0,0.000875,1.7300000000000004
1.5959094017744067,0.650103771686554,5.0660264045000086e-06,2701.595082879066,89700000.0,0.0003879999999999999,14.219999999999999
1.6277275979518893,0.8165890038013459,7.789140403270723e-06,797.0077842473983,320000000.0,0.00217,11.34
1.484529246389866,0.7442759424448014,6.4395308112725625e-06,1075.0535428524015,239000000.0,0.001,10.78
1.2967468500137331,0.7237559996545315,9.89805653691292e-06,1395.8083391189573,473000000.00000006,0.0008610000000000001,5.44
1.4490195617079735,0.6278060048818589,4.416084647178651e-06,2230.748601257801,94700000.00000001,0.0002489999999999999,11.69
1.3721557080745699,0.7037480056285859,9.15930673480034e-06,848.4132885932921,275000000.0,0.00103,11.86
1.4834338378161194,0.6847706705331803,7.026218131184579e-06,960.270121693611,254000000.00000003,0.0007499999999999999,9.69
1.4963380292057993,0.802083706855774,4.1181764602661136e-06,1209.0349495410917,241000000.0,0.000916,7.37
1.5071680309250952,0.7102226257324219,3.0657921433448795e-06,915.610447525978,206999999.99999997,0.000475,5.93
1.6362742245197297,0.7411809414625169,7.791824564337732e-06,1447.5005790591238,193000000.0,0.00125,14.17
1.5969045460224154,0.6544931530952455,5.130132406949998e-06,2623.94043803215,92700000.00000003,0.000413,14.25
1.5651948407292366,0.6568727552890778,4.302654772996903e-06,2427.759125828743,93499999.99999999,0.00035800000000000003,12.88
1.3285582780838014,0.6960806608200074,9.970218569040299e-06,1758.6390692740677,162000000.00000003,0.000721,15.41
1.473982957005501,0.7180309541523457,8.058360412716867e-06,702.7874439954757,390000000.0,0.00115,8.15
1.5359005965292456,0.7159207753837109,5.324727669358255e-06,2054.376557469368,125000000.00000001,0.0006720000000000001,14.01
1.5254859790205957,0.6365749686956407,5.129970937967301e-06,1940.2782917022703,111999999.99999999,0.0003439999999999999,12.07
1.621417996287346,0.7948286533355714,4.042611896991731e-06,1657.6802004128692,149999999.99999997,0.0009739999999999999,11.87
1.6276884734630586,0.8756399095058442,4.216371506452561e-06,1000.2522468566893,254000000.00000003,0.0015600000000000002,8.28
1.441597965359688,0.6300270885229111,5.621014490723611e-06,1866.036096587777,115999999.99999997,0.0003179999999999998,11.99
1.413475039601326,0.6321835398674012,7.828204736113549e-06,1332.136161625385,169999999.99999997,0.0004409999999999998,11.49
1.7288267612457278,0.897461646795273,5.130084112286568e-06,891.7743265628814,268000000.0,0.00221,9.74
1.6742355287075044,0.6792069464921952,8.519253700971605e-06,2746.6801106929775,113999999.99999999,0.0007179999999999999,16.7
1.5022004595492036,0.7009950578212739,6.244832668453456e-06,1857.8448537737129,138000000.0,0.000675,13.98
1.5802214562892916,0.851667881011963,2.964363336563111e-06,1199.067786335945,168000000.0,0.00101,9.1
1.7920814931392672,0.7992321342229843,5.940257236361504e-06,1624.4508530944584,169999999.99999997,0.00153,14.07
1.4367574855685235,0.6284272670745851,5.344012260437012e-06,1951.8915116786955,110000000.0,0.00029499999999999996,11.91
1.5326999746263028,0.6707708805799485,9.405832737684251e-06,2501.74406170845,123000000.00000003,0.0006500000000000001,16.38
1.6114648282527926,0.8721163630485536,3.353897869586945e-06,1395.939841866493,258000000.0,0.00112,5.15
1.5095665745437146,0.8404335200786591,4.3762495815753944e-06,997.3971843719481,284000000.0,0.00121,6.93
1.5399650707840922,0.7974940985441209,6.3325114734470855e-06,954.6249657869338,268000000.0,0.0014700000000000002,10.62
1.5240061640739442,0.8327136486768724,3.232321113348008e-06,841.5707498788832,266000000.0,0.000963,5.39
1.4603375226259232,0.6323194295167923,3.2847121655941018e-06,1462.4568372964857,128000000.0,0.0002249999999999999,7.62
1.7458324670791627,0.8952995896339417,6.182392153888942e-06,573.5656917095183,400000000.0,0.00283,8.05
1.5275797985494137,0.6633160203695297,7.98148511350155e-06,2360.7377633452415,118000000.00000001,0.0005710000000000001,15.470000000000002
1.7936064898967745,0.904360431432724,4.072815567255021e-06,1354.4730767607687,181000000.00000003,0.00177,11.06
1.4835698615759612,0.7052210614085198,5.482285723090173e-06,1866.9460918754337,132999999.99999997,0.0006230000000000002,13.46
1.3777383685112001,0.8096866518259049,3.055904775857926e-06,1239.0727102756498,168000000.0,0.000708,8.800000000000002
1.5521960601210596,0.8481528908014299,3.1124577224254613e-06,878.9546340703963,238000000.0,0.0010399999999999997,6.39
1.5894435971975327,0.74929294064641,4.885568648576737e-06,1795.7551609724758,140000000.0,0.0008359999999999999,13.22
1.381458565592766,0.6217832028865815,5.394443780183793e-06,2238.966479897499,96800000.0,0.00024699999999999993,12.31
1.3996899336576463,0.632982498407364,8.495535910129549e-06,921.9547659158706,248000000.0,0.000502,9.08
1.4669939562678338,0.6896813035011292,7.571593806147576e-06,1382.7660977840421,180000000.00000003,0.0007439999999999999,13.04
1.4853200096637011,0.738067314773798,7.513619244098664e-06,1052.3210763931272,247000000.0,0.00112,11.74
1.5574145123362542,0.7818112023174764,2.967367827892304e-06,2502.291083335876,95500000.00000003,0.00062,12.969999999999999
1.7074513077735902,0.5949276566505433,3.008850753307343e-06,1580.901976674795,119000000.0,0.0002080000000000001,6.869999999999999
1.4557411998510361,0.7662881143391133,8.43108892440796e-06,675.8119463920592,356000000.0,0.00158,10.4
1.3025802969932558,0.6131770759820938,9.17527484893799e-06,1831.3615601509807,124000000.00000003,0.00032199999999999986,13.5
1.4354052498936654,0.6739530444145203,3.381486743688584e-06,1657.8879877924917,120000000.0,0.00032999999999999994,9.74
1.7984624683856967,0.9044398605823518,7.0355502665042885e-06,663.1381362676619,361000000.0,0.00331,10.09
1.493576060794294,0.6416767179965973,3.7092097401618965e-06,1941.289000213146,105000000.00000003,0.00027799999999999987,10.51
1.549538491666317,0.7103723287582399,8.383219838142396e-06,1433.62420797348,186999999.99999997,0.00102,14.26
1.475135562568903,0.7430575512349606,8.095505580306054e-06,929.4060915708541,276000000.0,0.00127,11.63
1.4544014140963555,0.735382328554988,4.896309465169907e-06,1154.6559929847715,200000000.0,0.000736,10.03
1.389015680551529,0.6354017704725267,8.739959686994555e-06,1179.5331090688703,196000000.00000003,0.000493,11.19
1.403944265842438,0.7197039842605591,8.993518143892289e-06,867.5446659326552,277000000.0,0.00116,12.01
1.36365781724453,0.6214078456163407,7.26722425222397e-06,951.4789581298827,217000000.00000003,0.000385,8.73
1.4799504317343237,0.6702153682708741,8.180921211838723e-06,2389.1331553459167,120000000.0,0.000573,15.56
1.4777689754962922,0.7100579157471657,6.604945190250875e-06,1462.4238312244413,171999999.99999997,0.000782,12.99
1.7326856017112733,0.8884879767894746,2.9183793067932133e-06,1610.37814989686,139000000.0,0.00123,10.76
1.3970441669225695,0.6226759046316147,4.444330453872681e-06,2858.871549367904,75800000.00000001,0.00020100000000000014,12.71
1.7313612878322602,0.906012260913849,5.896554216742516e-06,1370.711952447891,551000000.0,0.00197,1.6000000000000003
1.3943093061447145,0.7428199343383313,9.562383383512499e-06,726.0741591453551,317000000.0,0.00145,11.99
1.5194215647876264,0.653566798567772,3.1455928683280952e-06,1378.7904307246206,138000000.0,0.00029999999999999987,7.67
1.5832006126642229,0.782236372679472,8.84401935338974e-06,2039.9038046598432,587000000.0,0.00118,2.19
1.404899498820305,0.6361401557922364,8.172080889344216e-06,718.5118943452834,314000000.0,0.0005330000000000002,7.18
1.4731766492128373,0.6951151102781297,6.039864093065263e-06,961.3692313432692,250000000.0,0.0007060000000000002,8.86
1.4483365952968599,0.6279041111469269,5.727153643965722e-06,2880.850091576576,82599999.99999999,0.0002740000000000001,14.12
1.2918593645095826,0.6604895174503327,8.685049802064896e-06,2211.968705058098,121000000.0,0.0004430000000000001,15.21
1.5769232243299485,0.6575754404067994,8.566161483526231e-06,1885.8982082456348,139000000.0,0.0006620000000000002,14.98
1.5511332526803019,0.6441318690776826,5.211464166641236e-06,1299.8607680201528,160000000.00000003,0.0004319999999999999,10.16
1.2709893107414247,0.7467124678194523,3.2318221032619483e-06,767.79867708683,259000000.0,0.00047099999999999996,4.51
1.448807564377785,0.6460333406925202,8.6983862221241e-06,988.1771653890609,232000000.0,0.000626,10.73
1.6387705385684967,0.8712729156017304,6.084520306438209e-06,770.9874510765075,304000000.0,0.00223,10.09
1.487620169296861,0.7642216108739377,5.448656469583512e-06,1134.207800030708,217000000.00000003,0.0009769999999999998,10.62
1.7521223187446595,0.809088170528412,3.040911316871644e-06,2513.4188979864116,98799999.99999999,0.0008430000000000001,13.16
1.6119272589683533,0.7749023728072644,4.066606104373932e-06,1820.9855835884807,136000000.0,0.000853,12.45
1.3323796570301056,0.6716303497552872,9.347119569778444e-06,2170.2652350068092,130999999.99999999,0.0005459999999999999,15.61
1.5648619607090952,0.8338036090135575,3.054092943668366e-06,1523.3636945486066,145000000.0,0.0009090000000000001,10.28
1.664746928215027,0.8805448830127717,5.710510551929475e-06,1422.1308305859563,438000000.0,0.00163,3.5299999999999994
1.414177590608597,0.6342012494802476,8.200730159878732e-06,1012.4124139547347,223999999.99999997,0.000493,9.72
1.6975562274456026,0.8028715252876283,4.069980055093766e-06,1805.322693660855,140000000.0,0.0010699999999999998,12.62
1.281665700674057,0.637526696920395,9.3019078373909e-06,720.2317863702773,285000000.0,0.0005479999999999999,9.45
1.5431211814284327,0.6522886633872986,5.192820444703103e-06,1142.2763690352438,183000000.0,0.0004740000000000001,9.37
1.6960511326789858,0.8858790278434754,5.1244294643402105e-06,750.0812709331511,331000000.0,0.00218,8.06
1.4468939065933228,0.627924343943596,5.24843879044056e-06,1287.4068990349767,155000000.0,0.0003290000000000001,9.55
1.4135155677795412,0.7296022385358811,8.912149876356126e-06,764.9816125631331,310000000.0,0.00128,11.33
1.4773745343089104,0.7324650764465332,8.467837095260622e-06,998.6007511615752,256000000.0,0.00123,12.43
1.4792694188654425,0.6376954525709153,6.5635596364736564e-06,2621.0158616304393,94999999.99999999,0.0003640000000000001,14.64
1.2926286756992342,0.6868834912776948,9.068367987871171e-06,1664.3046699464319,165000000.0,0.000636,14.36
1.442986008524895,0.6730475127696992,3.365082830190659e-06,1267.4621045589445,149999999.99999997,0.0003490000000000001,8.07
1.6516423523426058,0.7819879598915578,2.9610884785652164e-06,2667.7996218204494,91400000.00000001,0.0006649999999999999,13.39
1.4912944598123432,0.6767985731363297,5.871502533555032e-06,1869.6427177637813,130000000.0,0.0005289999999999998,13.25
1.3205440163612367,0.6138641148805619,6.494358807802201e-06,1657.2436988353727,125000000.00000001,0.00025900000000000006,11.23
1.4613209143280985,0.6271763920783997,4.424607455730439e-06,1854.518877342343,110000000.0,0.00026199999999999997,10.67
1.5801582902669908,0.6405722200870515,7.615564271807671e-06,1829.498207196593,130999999.99999999,0.0005220000000000001,13.91
1.5081826737150552,0.8515271991491319,7.343402981758119e-06,608.886808156967,403000000.0,0.00224,8.87
1.6094101309776307,0.743336033821106,9.637207359075548e-06,1072.402775287628,248000000.0,0.00158,14.0
1.4687545493245127,0.7848198585212232,3.00211787223816e-06,1282.6562598347662,156000000.0,0.0006710000000000002,9.15
1.4855884194374085,0.6360804319381714,7.013615936040879e-06,2068.928249180317,114999999.99999997,0.0004049999999999999,13.78
1.421742841601372,0.6829586416482926,3.2664012908935554e-06,1833.2788553088901,111000000.0,0.00032999999999999994,10.27
1.696220862865448,0.6614484608173371,3.0432060956954963e-06,1913.9062538743017,109000000.00000001,0.00036099999999999994,9.98
1.4480765238404276,0.6471260368824006,8.613595604896546e-06,787.424400448799,284000000.0,0.0006630000000000001,9.26
1.6080787986516953,0.6888255804777146,9.648286134004594e-06,2274.839125573635,139000000.0,0.000838,16.39
1.7893093764781953,0.7434821225702763,7.813190624117853e-06,1926.819823682308,160000000.00000003,0.0013199999999999998,15.7
1.494937768019736,0.6839575767517091,4.691355258226396e-06,1976.2669801712034,119000000.0,0.0004690000000000002,12.6
1.4878065403550864,0.7523523330688477,8.419305652379991e-06,867.1171516180037,293000000.0,0.00145,11.75
1.5042804853990674,0.7449428983032704,6.9185204841196545e-06,836.7202728986739,333000000.0,0.00113,8.6
1.4917878516018392,0.6916558250784874,4.781713008880616e-06,1046.2961643934248,218000000.00000003,0.0005769999999999999,8.2
1.5887085288763048,0.8981774747371675,3.214781075716019e-06,2624.712392687797,298000000.0,0.0008579999999999999,0.6999999999999998
1.7402213215827944,0.8962114334106446,5.111839368939401e-06,806.865945458412,296000000.0,0.00228,8.99
1.273450666666031,0.6157008200883866,3.5598302781581886e-06,1060.9098076820371,164000000.0,0.00015100000000000007,4.66
1.561338870227337,0.6452620089054109,4.328959614038468e-06,2248.0865120887756,97400000.00000003,0.0003330000000000001,12.25
1.3342300951480868,0.6423716247081758,9.23980674147606e-06,2815.1504248380656,98299999.99999999,0.000387,16.22
1.5276291869580747,0.6566813349723817,5.23382928967476e-06,986.7848008871077,216000000.00000003,0.0004939999999999999,8.12
1.5059150034561755,0.7965691834688188,7.538165867328645e-06,735.1397275924681,344000000.0,0.00173,10.06
1.5117123998701574,0.6945826113224031,3.84889230132103e-06,1563.632983714342,139000000.0,0.000475,10.28
1.4024163991212846,0.7021654397249223,3.486589282751084e-06,2534.181728959083,88799999.99999999,0.00034999999999999994,12.649999999999999
1.5492135733366015,0.7667455784976484,8.120083495974542e-06,929.0684312582015,281000000.0,0.00158,12.05
1.4754675529897214,0.7051945924758912,8.013128548860551e-06,715.0643616914748,388000000.0,0.0010399999999999997,7.79
1.2876749396324159,0.6076636075973512,4.6477809548378e-06,2680.729433894157,77300000.0,0.00015100000000000007,11.72
1.480111236870289,0.8320572942495347,7.278667584061624e-06,641.8530195951461,400000000.0,0.00195,8.62
1.7076282620429994,0.6954090356826783,9.852001577615739e-06,2391.85693860054,138000000.0,0.000948,16.85
1.550041423738003,0.808932638168335,2.9877037405967718e-06,1593.8092321157453,133999999.99999997,0.0007770000000000001,10.58
1.29026375412941,0.7572305761277677,3.057942748069764e-06,2223.81941229105,99199999.99999999,0.0004159999999999999,12.07
1.6969639956951144,0.7548384256660939,8.100663408637048e-06,1411.53047978878,202000000.0,0.0014700000000000002,14.42
1.4130886763334276,0.8280508518218995,9.496724963188174e-06,1135.0272521376608,543000000.0,0.0016800000000000003,5.87
1.5755837470293046,0.6543319612741471,4.264552682638169e-06,2690.4423832893367,85800000.0,0.00034500000000000004,13.41
1.4993585856165739,0.8309473246335984,3.0404588282108313e-06,1207.7575102448461,168999999.99999997,0.0008669999999999999,8.97
1.466294699907303,0.6945672467350961,5.8731512278318416e-06,1111.3521009683607,208999999.99999997,0.0006710000000000002,10.2
1.562212407588959,0.8360720247030259,3.026490509510041e-06,1429.545499384403,149999999.99999997,0.000919,9.99
1.6270227402448656,0.6512267410755158,5.196549147367478e-06,2931.2966316938396,85999999.99999999,0.00039699999999999984,14.69
1.50047783148475,0.6362638860940933,7.907035604119302e-06,1594.4540891796348,147000000.0,0.00048700000000000013,12.969999999999999
1.569024807214737,0.6451315015554429,4.28779086470604e-06,1671.7909947037695,123000000.00000003,0.00036099999999999994,10.62
1.48068323135376,0.6775964140892029,6.995300054550172e-06,739.8753911256789,325000000.0,0.0007309999999999999,7.49
1.5594135940074922,0.6843963861465455,9.279797226190568e-06,2347.872771322727,132999999.99999997,0.0007489999999999998,16.22
1.6399076968431474,0.7949568271636963,8.088096365332605e-06,897.1797227859496,290000000.0,0.00198,12.23
1.475086046755314,0.7423869207501412,4.296336621046067e-06,1238.0486279726026,186999999.99999997,0.0007030000000000001,9.700000000000001
1.376051688194275,0.62024305164814,7.116916343569757e-06,2804.9681633710857,87200000.0,0.000277,14.61
1.5366775386035443,0.7106632724404336,6.2345641069114214e-06,1892.1874482184646,139000000.0,0.0007460000000000001,14.23
1.520128807425499,0.6659479558467866,5.112785547971726e-06,1145.4319879412649,186999999.99999997,0.000512,9.46
1.396174192428589,0.80025372505188,3.052056014537812e-06,1921.7533916234968,119000000.0,0.0006299999999999998,11.42
1.7070776224136355,0.7723774038255216,4.04386192560196e-06,2297.182224690914,113999999.99999999,0.000857,13.8
1.5667811661958695,0.8589327782392503,4.568586885929108e-06,858.6844354867934,347000000.0,0.00148,5.69
1.5747268974781037,0.7226153880357743,9.805042058229448e-06,1216.3241878151891,221000000.0,0.0013199999999999998,14.55
1.5772054105997086,0.6769794076681138,6.810061831027271e-06,2002.123326063156,128000000.0,0.000639,14.57
1.5102802835404874,0.8314360141754151,4.783948123455048e-06,851.3343632221221,368000000.0,0.00127,5.29
1.6667658627033235,0.7059698939323426,3.993553489446641e-06,2905.612170696258,87399999.99999999,0.000534,14.68
1.6807989656925202,0.7832346282899381,7.028249114751817e-06,1242.286294698715,218000000.00000003,0.00157,13.17
1.5716380208730698,0.7536684036254884,3.9498271048069004e-06,1911.1096784472463,127000000.00000001,0.0007060000000000002,12.36
1.7379785656929017,0.8928702592849732,5.0544942021369944e-06,1033.7768793106077,232999999.99999997,0.00207,10.71
1.3688209623098375,0.6218487650156022,6.888524334877731e-06,1307.4296265840528,160000000.00000003,0.00034799999999999995,10.68
1.3553097903728486,0.6218383133411408,7.152758806943895e-06,2203.087128698826,103999999.99999999,0.00029499999999999996,13.54
1.7679808974266054,0.7059795141220093,6.78423508629203e-06,2752.1416097879405,111000000.0,0.0008279999999999999,16.53
1.7759374558925631,0.7024194717407227,9.07786399126053e-06,1993.074484169483,150999999.99999997,0.00111,16.28
1.2728273034095765,0.6035003274679185,8.62088465690613e-06,610.0134849548339,305000000.0,0.00032999999999999994,6.07
1.4757192224264146,0.7729006357491017,5.317589759826661e-06,997.7175593376159,255000000.0,0.000996,9.02
1.758583474159241,0.7426765300333501,5.767514213919641e-06,2467.5140827894206,120000000.0,0.00095,15.470000000000002
1.502813069522381,0.6964720934629441,5.528493493795396e-06,2072.8915482759476,122000000.00000004,0.00058,13.89
1.4454980537295343,0.7198254749178887,3.0478726327419288e-06,1584.2817090451715,128000000.0,0.0004269999999999999,9.69
1.6276583880186082,0.8654881238937379,3.868028670549393e-06,1223.6811891198156,205000000.0,0.00136,9.38
1.422036847472191,0.6502798855304719,8.479531288146974e-06,1783.3601608872411,142000000.00000003,0.0005039999999999999,13.83
1.4994743381626905,0.7619272269308568,8.67345616221428e-06,2071.2450072169304,447000000.0,0.000943,4.65
1.6005672723054887,0.8472731709480287,3.029741376638413e-06,1451.440818607807,150999999.99999997,0.001,10.050000000000002
1.5139576714485885,0.8747655451297761,3.0349544882774357e-06,1528.9522632956503,163000000.0,0.000945,8.83
1.7859558641910556,0.8490104645490647,4.011709570884705e-06,1731.0108309611676,147000000.0,0.00139,12.5
1.4650176331400873,0.6278013110160828,4.517091423273087e-06,1749.7420888394115,115999999.99999997,0.00027299999999999997,10.48
1.5313080824911596,0.6930111497640611,4.506933897733689e-06,2400.6051123142242,102000000.0,0.00048100000000000004,13.71
1.4654523432254793,0.6932231962680817,7.048494800925256e-06,1208.4380462765691,203000000.0,0.000747,11.71
1.3973836719989778,0.6244056791067124,3.410909980535508e-06,1937.2260123491285,99500000.00000001,0.00018400000000000008,9.15
1.4760945059359074,0.6999898999929429,6.087267912924291e-06,801.8246591091155,316000000.0,0.000745,7.0
1.4948913970962168,0.8656795173883439,9.632558763027193e-06,864.4417226314544,858000000.0,0.00231,1.3200000000000007
1.5249899581074715,0.7371704243123532,6.002854630351068e-06,1422.0835193991659,178000000.00000003,0.0009070000000000001,12.61
1.613150238990784,0.8604427278041841,3.1459270715713507e-06,785.9506756067275,306000000.0,0.0011999999999999997,4.41
1.5585025236010552,0.6459417521953583,4.285461872816086e-06,2810.5292767286296,81799999.99999997,0.00031,13.39
1.4707707770168783,0.6840073853731156,5.715221419930459e-06,1775.373604148626,136000000.0,0.0005459999999999999,12.96
1.5010004800278696,0.8128746181726456,6.471198074519636e-06,780.1359444856643,322000000.0,0.00161,9.410000000000002
1.5771976679563524,0.8648727357387543,9.63140866160393e-06,887.9020363092421,638000000.0,0.00251,5.32
1.5176486391574147,0.6677803605794908,7.931526839733125e-06,2494.661763310432,113999999.99999999,0.0005660000000000001,15.7
1.4441146999597552,0.6285279124975205,5.2935492396354685e-06,1668.4111971408126,125000000.00000001,0.00030899999999999987,11.06
1.4061824530363085,0.631206125020981,7.756057724356653e-06,2549.14778470993,99000000.00000001,0.0003550000000000001,14.89
1.5265000507235529,0.8515557199716569,4.5313851833343515e-06,891.8033093214034,320000000.0,0.00136,6.29
1.4910173624753953,0.637119922041893,6.108120907098056e-06,1220.177888870239,173000000.0,0.00043399999999999987,10.3
1.4991781302960592,0.799648779630661,5.6727536171674736e-06,825.8089721202849,377000000.0,0.00127,6.41
1.493413463048637,0.6459899604320527,8.008496642112733e-06,948.0324685573577,242000000.0,0.0006190000000000001,9.84
1.554103955626488,0.6438033342361451,6.144250974059106e-06,2642.3458307981487,94999999.99999999,0.000402,14.71
1.4949343783780933,0.6376770973205567,3.4791825711727147e-06,911.5272313356398,203000000.0,0.00028900000000000014,4.95
1.4329963713884355,0.6466702312231064,7.410281181335451e-06,720.3059196472167,315000000.0,0.000554,6.89
1.4682943113148215,0.7740303866565228,4.407639235258103e-06,1088.2965028285978,242999999.99999997,0.0008390000000000001,7.78
1.3644234359264376,0.7102319240570069,3.125354796648026e-06,2604.0321886539455,84699999.99999997,0.0003310000000000001,12.46
1.7684234976768496,0.9042422354221344,2.968976259231568e-06,1381.2030404806135,156000000.0,0.00142,10.09
1.786844176054001,0.909184741973877,5.99998339265585e-06,855.3917258977889,283000000.0,0.0027300000000000002,10.75
1.6717884600162507,0.7885112017393113,6.124535199254752e-06,1320.868834853172,202000000.0,0.00143,12.77
1.328303074836731,0.6511217504739762,8.43274971842766e-06,1970.8509668707845,130000000.0,0.00043700000000000005,14.18
1.503489366732538,0.6342694580554963,4.413893550634385e-06,2138.6231780052185,99500000.00000001,0.00028900000000000014,11.75
1.4413130253553392,0.7694671757519246,9.356438666582108e-06,1839.523298665881,510000000.0,0.0010399999999999997,4.27
1.6984560906887056,0.6969067722558976,8.127161011099817e-06,1932.8765869140623,148000000.0,0.0009679999999999999,15.599999999999998
1.5455960914492608,0.7882037937641144,5.284130632877351e-06,1172.4528223276136,213000000.0,0.00117,10.98
1.5935081183910371,0.7131105512380601,3.0452889204025273e-06,1024.4018137454984,189999999.99999997,0.0005250000000000001,6.789999999999999
1.2647232413291933,0.6046865075826645,7.647311076521875e-06,783.9651703834533,235000000.00000003,0.00028599999999999996,7.1899999999999995
1.5481386959552765,0.6680088043212892,8.7196723818779e-06,2107.6092422008514,133999999.99999997,0.0006760000000000002,15.5
1.4021079093217852,0.7038925185799599,9.809623688459397e-06,1615.6862042844293,174000000.0,0.000857,15.35
1.3318586826324463,0.6191928148269654,3.5265488922595986e-06,1077.4757266044614,165000000.0,0.00017800000000000002,5.11
1.723129749298096,0.8482546448707581,7.101635411381723e-06,872.0285743474959,289000000.0,0.00239,11.6
1.496264535561204,0.7278902404010297,4.07992771267891e-06,1430.3170815110204,161000000.00000003,0.000626,10.31
1.5319066107273103,0.7191462367773057,4.354931920766831e-06,2088.5104611516,115999999.99999997,0.0005840000000000001,13.15
1.6121255815029145,0.8595789223909379,5.537758976221086e-06,1764.793388545513,451000000.0,0.0013,2.3100000000000005
1.7521188855171206,0.8959400475025178,9.337600827217103e-06,548.7808138132094,443000000.0,0.00384,10.32
1.6913919389247896,0.8316736668348313,6.03483821451664e-06,1072.8249996900556,239000000.0,0.00183,11.7
1.2985365808010103,0.7999038934707642,3.070706099271775e-06,1707.4279645457862,129000000.0,0.000583,10.72
1.5965000867843628,0.822440841794014,3.050194740295411e-06,1774.9134469777343,129000000.0,0.0008610000000000001,11.12
1.1960599064826967,0.6590322464704514,9.59689435362816e-06,1411.067612469196,169999999.99999997,0.0004889999999999999,13.61
1.5442405790090563,0.8656720340251923,5.37744364142418e-06,673.90638589859,386000000.0,0.00186,6.65
1.2925069928169253,0.7390415087342262,9.291752815246584e-06,2045.2815219759939,517000000.0,0.0007280000000000002,2.84
1.4897138994187118,0.6367094904184342,4.349874019622803e-06,2695.5175697803493,82599999.99999999,0.0002689999999999999,12.95
1.3372748851776124,0.6937730222940446,9.386222809553147e-06,1569.7903856635091,174000000.0,0.0007349999999999999,14.59
1.4698346346616746,0.6575895041227341,7.891167625784875e-06,691.5667206048964,324000000.0,0.0007020000000000001,7.97
1.5977081000804902,0.6591905772686005,4.643616974353791e-06,2775.479435920715,87200000.0,0.00039000000000000016,14.14
1.7270450234413148,0.8972247362136841,4.562213659286499e-06,1248.0347156524656,412000000.0,0.00169,3.1199999999999997
1.5563774764537812,0.6428778558969498,4.380549788475038e-06,2901.1450260877605,79700000.0,0.0002980000000000001,13.51
1.7859786450862887,0.7526602685451508,8.966909557580949e-06,1548.733405768871,194000000.0,0.00162,15.439999999999998
1.392916712164879,0.7443143583834172,9.362700909376145e-06,667.5660163164138,337000000.0,0.00146,11.38
1.477407892048359,0.6270065814256669,3.511033475399018e-06,1093.5483425855634,168000000.0,0.00024299999999999986,5.94
1.5630091220140458,0.8424544215202332,3.267092019319535e-06,784.2077612876891,306000000.0,0.00106,4.319999999999999
1.6892970979213715,0.6756539136171341,7.347970008850099e-06,2323.033206164837,120000000.0,0.0007309999999999999,15.81
1.58453286588192,0.6509559184312821,8.1996338814497e-06,2762.0525956153865,103999999.99999999,0.0005369999999999999,16.16
1.5381088435649872,0.821509274840355,3.264764070510865e-06,864.0133887529372,267000000.0,0.0009180000000000001,5.11
1.5764944821596147,0.6983212217688561,3.753203779459e-06,2627.8595179319377,89799999.99999999,0.0004470000000000002,13.55
1.5066012125462296,0.7691557087004185,9.207578659057618e-06,2044.7981283068655,599000000.0,0.0010399999999999997,1.9900000000000004
1.5513661175966265,0.79451322555542,4.150876432657243e-06,1436.8228167295454,168999999.99999997,0.000957,11.06
1.4736682690680027,0.7186599545180798,5.514537170529366e-06,920.6113517284392,276000000.0,0.00076,7.69
1.5922583788633349,0.7001002058386804,5.152474269270898e-06,2486.8931919336314,105000000.00000003,0.000592,14.72
1.457317677140236,0.6363562792539598,8.536484986543656e-06,2691.054001450538,101000000.0,0.0004249999999999999,15.83
1.746631944179535,0.7859474055469037,9.691525399684907e-06,946.7316716909407,282000000.0,0.0023,13.82
1.50550702996552,0.683764073252678,4.369805216789246e-06,1845.0927939265964,123000000.00000003,0.00045700000000000005,11.86
1.60207314491272,0.9005776226520539,3.0218341946601874e-06,1752.5754701346157,148000000.0,0.0010800000000000002,9.67
1.4768132306635382,0.8130963921546936,8.279906183481217e-06,595.5014675855635,410000000.0,0.00205,9.55
1.6275801926851274,0.8889496743679047,3.753317683935166e-06,2427.961781620979,353000000.0,0.00102,0.9099999999999999
1.7992837965488435,0.9023862361907959,4.008936434984208e-06,1407.1156382560728,175000000.0,0.00173,11.23
1.680888855457306,0.7573067910969258,9.94687941670418e-06,1037.1704697608945,258000000.0,0.00186,14.26
1.2428691387176514,0.6648785054683686,9.381599247455597e-06,1042.269945144653,222000000.0,0.000626,12.25
1.670390921831131,0.6746371239423753,8.497361302375794e-06,2004.7273412346838,139000000.0,0.0008250000000000002,15.7
1.5753102511167527,0.698998698592186,6.406720604747535e-06,2063.8181567192078,129000000.0,0.0007120000000000001,14.71
1.5881113886833191,0.7434903010725976,6.871455404907466e-06,1416.2695333361623,188999999.99999997,0.00111,13.36
1.7666528105735781,0.9061928629875184,3.838300436735154e-06,2014.0362083911893,372000000.0,0.0013800000000000002,1.3700000000000006
1.5644711941480638,0.7378599397838116,4.214635819196702e-06,2032.8912809491155,120000000.0,0.0006620000000000002,13.05
1.5768126904964448,0.7772024385631086,2.9444279670715337e-06,2585.963040590286,92700000.00000003,0.000611,13.14
1.4831800807267428,0.6746377766132355,7.016461357474328e-06,846.1846709251403,285000000.0,0.000708,8.47
1.4583722457289696,0.738141829892993,8.240127339959147e-06,655.235007405281,396000000.0,0.00133,8.7
1.5744742333889008,0.6569452375173569,6.973847419023515e-06,2628.3729374408717,102000000.0,0.0005030000000000001,15.49
1.4366681635379792,0.829565316438675,4.650562226772309e-06,2361.787773668766,400000000.0,0.000789,0.6
1.4731489934027195,0.8201856136322022,5.405077472329141e-06,797.2333133220671,325000000.0,0.00136,7.719999999999999
1.4753889083862306,0.7338513828814031,7.549444913864137e-06,1012.9741877317427,256000000.0,0.00109,11.38
1.371729800105095,0.6218074858188629,6.2720581591129315e-06,1861.2442929297683,115999999.99999997,0.0002909999999999999,12.13
1.5025554886087777,0.7700082264840603,6.923555489629508e-06,785.9099209308623,361000000.0,0.00131,8.28
1.5998010098934174,0.7247477777302266,6.919760812073947e-06,1726.925500668585,159000000.00000003,0.00096,14.39
1.655028820037842,0.7350677445530892,4.104345828294754e-06,2628.4612268209453,98600000.0,0.000655,14.44
1.5207018323242665,0.7959087163209916,8.009772330522538e-06,708.538919687271,352000000.0,0.00189,10.52
1.5164662677794696,0.6345026403665543,5.272378861904145e-06,2911.6414040327068,81900000.00000001,0.0002959999999999998,14.07
1.6173608958721162,0.8477530896663666,7.220851987600328e-06,1508.4526054561136,580000000.0,0.00154,1.9699999999999995
1.6762881338596345,0.6810366243124009,5.227572157979012e-06,2874.920323491096,93000000.0,0.000549,15.42
1.4508551582694056,0.6931057110428811,5.786811321973802e-06,1437.6404434442518,163000000.0,0.0006119999999999999,12.0
1.5547772392630579,0.6408616304397584,5.999442398548127e-06,2527.763947844505,96500000.00000003,0.00039000000000000016,14.349999999999998
1.4257502764463426,0.7202269792556764,8.660900801420213e-06,884.9251568317412,277000000.0,0.00114,11.7
1.5050391979515554,0.7765892453491688,3.1924147009849554e-06,1204.63802665472,218000000.00000003,0.0006710000000000002,5.92
1.4115890443325043,0.6491160124540329,8.143671944737436e-06,2527.9850065708156,107000000.00000001,0.0004359999999999999,15.37
1.4909479072317482,0.6714255630970002,5.741856083273888e-06,1734.8358146846292,136000000.0,0.0005090000000000001,12.649999999999999
1.4286977112293244,0.6514220774173737,8.590425640344621e-06,1679.4204358011482,149999999.99999997,0.0005289999999999998,13.64
1.2632416784763338,0.7648426227271558,3.016146272420884e-06,1478.603698313236,137000000.0,0.0004669999999999999,9.71
1.3300619244575502,0.6295000344514847,8.624533563852312e-06,2074.2678195238113,116999999.99999997,0.00035899999999999994,14.21
1.5700773283839227,0.7355446234345436,5.2444929182529455e-06,1844.7810057550666,138000000.0,0.000794,13.579999999999998
1.4385357588529588,0.7093823522329331,8.310639947652817e-06,1014.1620337963103,246000000.0,0.000988,11.96
1.5420145824551583,0.6478804171085358,8.464077413082123e-06,1711.472004652023,145000000.0,0.000587,14.1
1.7246998071670534,0.6888908743858339,7.129606261849405e-06,2518.898501992225,115999999.99999997,0.0007800000000000001,16.19
1.6019955396652223,0.6015041202306748,2.9786401987075813e-06,2865.581318736076,69499999.99999997,0.0001589999999999999,10.37
1.5947504729032518,0.7321477074176074,3.1042465865612035e-06,909.5182567834853,232999999.99999997,0.000609,5.38
1.3637962460517885,0.6629383653402329,8.977985203266145e-06,1090.7467752695081,219000000.0,0.000664,11.94
1.3542227804660798,0.6447465240955353,8.379980444908143e-06,1968.7603712081907,128000000.0,0.00042600000000000005,14.059999999999999
1.4767192572355272,0.7254098854959011,4.261165171861649e-06,1041.3222312927244,269000000.0,0.0006230000000000002,5.58
1.4324257001280787,0.6711937934160234,8.874375104904176e-06,1374.8139441013334,182000000.0,0.000695,13.43
1.5137871187180283,0.8176645785570146,9.702802151441575e-06,518.8278406858443,428000000.0,0.00256,10.84
1.5045742224901917,0.727054300904274,6.9045182131230845e-06,831.4646333456038,331000000.0,0.00101,8.28
1.4866077907383444,0.7438849456608296,7.610611826181413e-06,783.6464345455169,338000000.0,0.00124,9.42
1.78358228802681,0.854729399085045,5.025123640894891e-06,1350.8763089776037,187999999.99999997,0.00177,12.35
1.6987892031669618,0.677252358198166,9.425641477108003e-06,2708.6133807897563,120000000.0,0.0007719999999999999,16.91
1.492822220362723,0.776626854389906,9.792007505893709e-06,620.9525018930434,368000000.0,0.00201,11.7
1.4405903354287148,0.6773945510387421,3.2668654620647437e-06,2680.4007142782207,81500000.0,0.0002959999999999998,12.34
1.7021785318851472,0.5945793092250824,3.0235677957534798e-06,1767.041591927409,107000000.00000001,0.00020299999999999992,7.63
1.6525271594524384,0.6854652732610703,8.30721738934517e-06,2536.022394895553,121000000.0,0.0007550000000000001,16.4
1.4819115914404393,0.6531858533620835,3.457487732172013e-06,996.2250590324401,187999999.99999997,0.00032799999999999995,6.01
1.4618483886122704,0.7845830149948597,3.0140924453735357e-06,1504.1832551360128,139000000.0,0.0006500000000000001,10.04
1.3024504244327546,0.7210389845073224,9.723842769861222e-06,513.3880972862243,406000000.0,0.00125,9.8
1.772041726112366,0.8025169640779496,4.051497280597687e-06,2150.2657160162926,123000000.00000003,0.0010800000000000002,13.64
1.4455915600061418,0.7158932000398637,8.255107760429384e-06,927.4950921535491,270000000.0,0.00106,11.37
1.5192763656377795,0.6750287085771561,6.752796094864608e-06,1811.8512649089096,137000000.0,0.0006010000000000002,13.83
1.4887103777378798,0.6482900172472,8.392160922288895e-06,1089.7019058465955,213000000.0,0.000636,11.3
1.6423635184764864,0.8720977306365968,9.382613331079485e-06,839.3398970365523,558000000.0,0.0028799999999999997,6.84
1.5737749546766282,0.6432723373174668,3.224278539419175e-06,2879.534915089607,74500000.0,0.000251,12.14
1.7334226906299592,0.5995729565620422,3.070232540369034e-06,2101.882539689541,92099999.99999999,0.00022400000000000002,9.18
1.4963016204535962,0.7086704000830651,4.393068850040436e-06,1103.5163253545759,216000000.00000003,0.000604,7.879999999999999
1.7459473907947543,0.7624867267906666,4.048575401306153e-06,2707.03937113285,99300000.00000003,0.000792,14.669999999999998
1.4593526512384416,0.7889941513538361,7.96819354593754e-06,646.2739706039428,403000000.0,0.00165,8.92
1.787887966632843,0.8467905968427659,2.98772543668747e-06,2213.0475491285324,111999999.99999999,0.0010500000000000002,12.4
1.4557556524872781,0.6346032768487931,3.2227220535278327e-06,1275.1668244600294,144000000.00000003,0.00023099999999999998,6.68
1.31876158118248,0.7717509873211384,3.9278806746006015e-06,857.0728749036788,350000000.0,0.000636,2.89
1.4420120537281038,0.6282754540443422,4.413183212280274e-06,2411.081373691559,88799999.99999999,0.00024299999999999986,12.12
1.4456967070698739,0.7641169242560865,9.029094099998475e-06,645.3076303005217,357000000.0,0.0016800000000000003,11.01
1.4851827900856736,0.7089893281459809,6.098975978791714e-06,818.8273310661315,319000000.0,0.0007929999999999999,7.1
1.6923996090888977,0.6633203387260438,3.058356016874314e-06,1328.4097537398336,149999999.99999997,0.000391,7.62
1.4392627939581872,0.6732133805751801,3.377147316932679e-06,1559.5281422138212,126000000.00000001,0.00033400000000000004,9.37
1.3854101210832597,0.6211876541376115,5.406631037592889e-06,1951.5228196978567,108000000.00000001,0.000257,11.61
1.63270820081234,0.8193472713232041,5.0964864641428e-06,1199.3585824966428,212000000.0,0.00143,11.18
1.5086013084277512,0.6364890933036805,4.414618283510209e-06,2328.5075947642326,93300000.00000001,0.00029,12.26
1.4786578103899957,0.6585779249668122,6.3275984823703774e-06,827.8110921382903,275000000.0,0.0005560000000000001,7.35
1.5064754923805597,0.7724624611437322,4.913365617394448e-06,993.1240528821944,364000000.0,0.000903,4.52
1.4343693897128107,0.7940924942493439,8.973673105239869e-06,546.7544049024581,414000000.0,0.00195,10.050000000000002
1.6762326478958132,0.8869732260704042,5.087447330355645e-06,818.5975551605223,296000000.0,0.00209,8.9
1.4693014696240427,0.6855521321296693,5.808126896619797e-06,1190.978057682514,191000000.0,0.000618,10.65
1.675977784395218,0.7253837361931802,4.931432723999024e-06,2639.821723103523,103999999.99999999,0.0007129999999999999,15.119999999999997
1.7744976282119753,0.7430120520293714,9.560093820095064e-06,1506.4903646707533,198000000.00000003,0.0016,15.58
1.543508590757847,0.8446951210498811,3.0252096056938177e-06,1103.029131889343,182000000.0,0.0009700000000000002,8.48
1.3496840715408327,0.6157613307237626,3.65688043832779e-06,2579.490944743156,77300000.0,0.00015100000000000007,10.7
1.5977828174829485,0.7137157380580903,3.1668210327625282e-06,811.3454580307006,260000000.0,0.000554,4.3
1.384858310222626,0.6352852016687394,8.899688601493836e-06,505.6907534599303,374000000.0,0.000614,6.86
1.6680853128433228,0.7320893112570048,6.148212622851134e-06,2102.5039926171303,134999999.99999997,0.000921,14.92
1.2729228615760804,0.7672721453011037,6.977852433919908e-06,2671.608284115791,423000000.0,0.0005989999999999999,2.0799999999999996
1.332728147506714,0.6127804577350617,5.577512159943581e-06,1373.4242245554922,142000000.00000003,0.00023999999999999995,9.28
1.3114089846611023,0.6773906350135804,8.601654201745987e-06,1955.3371071815488,142000000.00000003,0.0005459999999999999,14.64
1.4491320937871934,0.6421062290668488,8.30998906493187e-06,814.3747895956038,281000000.0,0.0005939999999999999,8.61
1.6715794444084169,0.782980064302683,4.10739141702652e-06,1933.7456971406934,130999999.99999999,0.000934,12.98
1.517904816940427,0.7118316426873208,7.284781187772752e-06,1503.997270017862,174000000.0,0.0008830000000000001,13.73
1.4525231391191484,0.699899759888649,5.973209217190743e-06,1564.118482172489,155000000.0,0.0006469999999999999,12.76
1.32214874625206,0.7313089963048697,3.4774358272552496e-06,600.6322354078292,350000000.0,0.0004889999999999999,2.0199999999999996
1.5390640363097192,0.7067098438739777,4.555442810058595e-06,2332.6998874545097,107000000.00000001,0.0005470000000000001,13.84
1.5002292495220901,0.6490144193172456,7.381724640727044e-06,2603.917077183723,102000000.0,0.0004470000000000002,15.27
1.4728307604789734,0.6281347364187241,4.465901583433152e-06,1469.1198542714117,133999999.99999997,0.0002850000000000001,9.42
1.4768397845327856,0.6410639315843583,3.4214161038398747e-06,2484.6531748771663,83500000.0,0.00023500000000000002,11.46
1.5366284765303135,0.6710524052381516,4.0524729788303385e-06,1999.7603744268415,110000000.0,0.00039199999999999993,11.71
1.4086634427309037,0.63286472260952,7.0447727739810955e-06,788.1161123514174,280000000.0,0.00045399999999999987,6.97
1.5641147240996363,0.7868726648390294,7.1644624918699276e-06,953.9525508880614,274000000.0,0.00158,11.41
1.343967640399933,0.6212323307991028,8.311969667673112e-06,2570.825099945068,96399999.99999999,0.0003070000000000001,14.829999999999998
1.3947539180517199,0.6223711609840393,4.418883651494981e-06,2770.8152234554286,77700000.00000001,0.00020299999999999992,12.55
1.57419014275074,0.8647076725959778,4.3334696888923656e-06,944.7989910840987,282000000.0,0.00146,7.37
1.4811543926596642,0.7061660751700402,6.183736138045789e-06,1675.9143881499765,149999999.99999997,0.0007030000000000001,13.44
1.48673682063818,0.8024354696273804,3.0600881576538093e-06,2046.0505336523054,114999999.99999997,0.0006869999999999999,11.8
1.4392429769039154,0.7082851991057396,8.359621584415437e-06,915.9109294414519,270000000.0,0.00102,11.32
1.6611528038978578,0.7332340590655805,9.943303734064104e-06,1266.2158831954,220000000.0,0.00151,14.98
1.5219617016613485,0.7196037277579308,5.003846555948258e-06,1959.1957628726957,127000000.00000001,0.0006559999999999999,13.52
1.6833934128284456,0.8844434380531312,6.073929850012065e-06,769.1093087196349,304000000.0,0.00242,10.16
1.767826706171036,0.6014823228120805,2.9487634301185615e-06,1118.556588888168,167000000.0,0.00025299999999999997,4.69
1.4783370807766916,0.6777848035097123,6.755731064826251e-06,1552.7221485972402,156000000.0,0.000613,12.93
1.576227280497551,0.7581584684550763,9.926828473806383e-06,838.5091572999953,298000000.0,0.00184,13.17
1.6340865790843966,0.858565503358841,5.994260631501676e-06,1810.6640707701442,540000000.0,0.00136,0.6900000000000005
1.610693183541298,0.651881405711174,3.063419342041016e-06,2707.6804190874095,79299999.99999999,0.00028900000000000014,11.97
1.6178878068923952,0.7430567912757398,8.727777749300004e-06,1218.9530879259107,224999999.99999997,0.00143,13.95
1.4141850382089616,0.6280424237251282,7.832460924983025e-06,2635.102748870849,96399999.99999999,0.0003490000000000001,15.04
1.5944658279418946,0.6726694643497467,7.683277353644372e-06,2505.9668272733684,113999999.99999999,0.0006299999999999998,15.93
1.5063535597175362,0.6355017453432084,3.5069900751113896e-06,1096.456080675125,169999999.99999997,0.00028100000000000005,6.31
1.725073975324631,0.8952578365802766,5.115465953946115e-06,962.9088193178176,248000000.0,0.00213,10.32
1.6772860944271089,0.7302038490772248,7.086635589599611e-06,1892.094688490033,152999999.99999997,0.0010500000000000002,15.02
1.4782398618757726,0.704833710193634,4.7652725875377665e-06,1118.0051714181898,202000000.0,0.00062,9.19
1.5629441991448403,0.6395192205905915,6.048151269555093e-06,2433.7200373411174,99199999.99999999,0.000396,14.189999999999998
1.5438900142908099,0.8459382265806199,3.039891809225083e-06,1004.2158812284468,197000000.00000003,0.000989,7.85
1.3472721219062807,0.6241031348705293,9.147099137306214e-06,483.88409614562977,371000000.0,0.0005289999999999998,6.57
1.334077173471451,0.6145985215902329,5.514117226004602e-06,1955.1680907607076,106000000.00000003,0.00022099999999999987,11.270000000000001
1.4485308140516282,0.8155002862215043,3.0544142127037055e-06,1436.8511289358137,149000000.0,0.000758,9.84
1.64013509452343,0.6661898821592331,7.711837857961655e-06,2027.6989713311193,130000000.0,0.000697,15.22
1.5500516429543496,0.8447499275207521,3.310554295778275e-06,779.2478352785109,314000000.0,0.0010699999999999998,4.240000000000001
1.61193325817585,0.7490053229033947,4.160576045513154e-06,2141.2029787898064,116999999.99999997,0.000721,13.39
1.6550262451171875,0.8341796010732652,3.051231980323792e-06,1828.7770655006168,128000000.0,0.000947,11.3
1.4115589320659638,0.6196213960647583,4.543186396360398e-06,1465.7297655940054,131999999.99999999,0.00023900000000000006,8.97
1.5581794068217278,0.6433443635702134,5.214390322566033e-06,2068.632945418358,109000000.00000001,0.0003789999999999999,12.69
1.6337179005146027,0.7942167609930039,9.05956792831421e-06,757.6143294572829,330000000.0,0.00224,12.15
1.7345213413238527,0.7356792971491815,8.856602251529694e-06,1610.501894727349,185000000.0,0.00139,15.38
1.4773226961493493,0.726202254742384,6.42148178908974e-06,1242.1973347663877,202000000.0,0.000872,11.84
1.4608527928590775,0.6417935818433762,7.709294721484185e-06,2137.5651583075523,116999999.99999997,0.000435,14.31
1.4148519337177279,0.6183538466691971,4.5229335129261026e-06,1084.8038941621778,170999999.99999997,0.0002520000000000001,7.029999999999999
1.5551172986626627,0.7720315597951413,5.616572320461274e-06,1251.0545477271078,203000000.0,0.00112,11.65
1.2161959648132326,0.6984126806259155,9.988132447004319e-06,905.4684191942214,254000000.00000003,0.000829,12.66
1.5539402022957802,0.6413648933172227,4.490640342235566e-06,1190.7991319894788,166000000.0,0.00038200000000000007,8.61
1.7810412883758546,0.9054411470890046,4.246204674243928e-06,1005.157560110092,232000000.0,0.00197,9.22
1.5306301116943362,0.7410136140882969,9.268682777881624e-06,969.4696515798568,266000000.0,0.00148,13.11
1.3910135775804522,0.7014054581522943,9.017387181520464e-06,810.322418808937,287000000.0,0.0010399999999999997,11.42
1.3862025886774065,0.5988126754760743,2.986231744289399e-06,1456.5931558609007,121000000.0,0.00013300000000000012,5.26
1.6032357037067415,0.8635624676942826,3.784367293119431e-06,1684.9988251924512,351000000.0,0.00112,2.57
1.4107512384653094,0.633867833018303,6.546569289639593e-06,674.926072359085,310000000.0,0.00044199999999999996,5.72
1.4639059625566007,0.6656946659088135,5.4472841918468486e-06,722.7571606636046,308000000.0,0.000501,5.3
1.6020146906375887,0.8271928042173387,4.121232271194459e-06,1339.336924254894,185000000.0,0.00119,10.61
1.4841356422752143,0.7653703697025777,5.2666570395231255e-06,1148.7221643328664,212000000.0,0.0009509999999999998,10.57
1.4751382783055307,0.6278970301151277,4.420725941658021e-06,995.7070946693419,187999999.99999997,0.0003070000000000001,6.85
1.3431792676448824,0.6159962207078934,3.589981377124787e-06,1653.7705920636652,112999999.99999999,0.00016700000000000002,7.99
1.7600715816020966,0.7954590797424317,8.411622524261476e-06,1092.2095477581022,249000000.0,0.0021,13.739999999999998
1.5240705482661725,0.8197515159845353,2.982379853725434e-06,1142.0982256531713,168999999.99999997,0.000831,8.79
1.4955292185768487,0.7270456463098527,4.982285961508752e-06,1667.2003939747808,144000000.00000003,0.000695,12.69
1.4944266334176064,0.6822646915912629,4.997659832239152e-06,1025.7013440132139,218000000.00000003,0.000561,8.34
1.4910873698070646,0.7415997974574566,5.500076100230218e-06,889.0862315893172,316000000.0,0.0008759999999999998,6.8
1.4479857712984086,0.6446811139583588,7.626420557498933e-06,2301.248826086521,111000000.0,0.00042600000000000005,14.62
1.6044827431440354,0.7305321224033833,3.0538695156574256e-06,961.2277448177337,210000000.0,0.0005970000000000001,6.2
1.5566241055727006,0.8452618718147279,3.5330251753330235e-06,1302.3771643638609,204000000.0,0.0010500000000000002,8.19
1.2596098065376282,0.599276089668274,9.696868687868119e-06,1728.3555604517458,127000000.00000001,0.0002819999999999999,12.94
1.5818449795246126,0.6601387470960618,4.070649713277817e-06,2822.4192857742305,82900000.00000001,0.0003490000000000001,13.57
1.460683210194111,0.6950454309582711,5.801882386207581e-06,1190.307058393955,194000000.0,0.000655,10.74
1.24317022562027,0.8507019191980363,3.2243006527423863e-06,2501.8833130598064,251000000.0,0.0005379999999999998,2.2299999999999995
1.6549732267856598,0.7895242989063264,4.101248711347581e-06,1789.8020353168247,140000000.0,0.0009710000000000001,12.51
1.5587328225374224,0.7559947103261948,3.958528697490693e-06,1817.9031852632759,132999999.99999997,0.0007179999999999999,12.06
1.464479696005583,0.7722537450492383,4.223761111497879e-06,1194.0064951777456,202000000.0,0.0008020000000000001,9.22
1.6374927520751954,0.6626211494207382,7.817017793655397e-06,2170.578718185425,124000000.00000003,0.000666,15.470000000000002
1.527719034254551,0.7384389594197274,9.649558067321779e-06,967.805191874504,265000000.0,0.00149,13.39
1.6066481173038485,0.8238715410232544,7.660522431135178e-06,1693.6108302325008,563000000.0,0.0014,2.35
1.3884614288806916,0.7955331355333329,9.398702442646027e-06,1431.2560781836507,595000000.0,0.00125,3.4899999999999998
1.4463656187057496,0.6593274950981141,8.047382295131684e-06,585.5285674333571,379000000.0,0.000726,6.8
1.5634622275829317,0.644480860233307,4.349943488836289e-06,2146.99200540781,101000000.0,0.00033699999999999995,12.02
1.4428156077861787,0.691528469324112,8.556255757808687e-06,1264.498598873615,198000000.00000003,0.0008359999999999999,13.3
1.744961839914322,0.8495492398738862,9.725644171237947e-06,624.3429630994796,393000000.0,0.00334,11.89
1.6378390341997149,0.7114184752106667,5.004802644252778e-06,2599.128663539886,102999999.99999999,0.000646,15.0
1.7426233649253846,0.7065881341695787,6.102294255048038e-06,2573.8170295953746,111000000.0,0.000791,15.8
1.473425904661417,0.8176483154296875,3.1676963865756995e-06,882.3218494653701,236000000.00000003,0.0008470000000000002,6.2
1.6209534913301469,0.6870077669620515,7.403261348605157e-06,1941.1133900284765,139000000.0,0.000787,15.05
1.7037060856819155,0.6962985277175904,5.066408589482308e-06,2898.0352282524104,93800000.00000001,0.0006079999999999998,15.55
1.365358364582062,0.618395295739174,7.226814344525339e-06,2851.2925952672954,85800000.0,0.000268,14.65
1.700889301300049,0.7526028469204903,9.941308945417406e-06,1135.648928582668,242000000.0,0.00179,14.64
1.307291704416275,0.8006576478481293,3.0411964952945717e-06,1344.4850891828535,157000000.0,0.0006230000000000002,9.2
1.6341982036828997,0.7360537726432086,3.939689606428147e-06,2521.1715996265407,99799999.99999999,0.0006320000000000001,13.99
1.2544197142124178,0.6054287999868393,8.621707856655123e-06,2581.6694945096965,91100000.0,0.00022899999999999996,14.23
1.5721092045307161,0.6343241304159165,6.929426368325949e-06,2847.723916172981,92300000.00000001,0.0004049999999999999,15.309999999999999
1.5320493824779988,0.6619697749614716,7.963380664587022e-06,2643.8942104578014,108000000.00000001,0.0005419999999999998,15.91
1.5177572350949051,0.7704648233950139,5.96810469031334e-06,898.966148495674,376000000.0,0.00113,6.32
1.3937268376350405,0.7635284386575223,3.661857813596726e-06,1839.4355494529007,280000000.0,0.0005090000000000001,2.89
1.7409131705760956,0.785942354053259,5.862435653805734e-06,1599.2613062262533,169999999.99999997,0.00137,13.8
1.5496567994356156,0.8549732744693757,8.986595422029496e-06,1085.0547552108762,723000000.0,0.002,2.35
1.4724146381020546,0.6557555794715882,8.497204631567003e-06,1081.8409472703931,217000000.00000003,0.0006760000000000002,11.53
1.5167715378105642,0.6527338922023774,4.611690133810044e-06,793.4186905622481,264000000.00000003,0.00041899999999999983,5.11
1.4596316233277322,0.7469276323914529,3.266680628061295e-06,712.5119417905806,299000000.0,0.000613,3.6299999999999994
1.45012443959713,0.631009590625763,3.4865143895149236e-06,2309.695027768612,87700000.0,0.00020899999999999998,10.73
1.601002433896065,0.646287363767624,6.777928199619056e-06,2416.593909263611,105000000.00000003,0.00048399999999999995,14.94
1.3712602972984316,0.7074432626366616,3.131510436534882e-06,2704.833030700683,82400000.00000001,0.00032700000000000003,12.649999999999999
1.3447836041450503,0.6226088047027588,8.293931871652604e-06,2213.6718705296516,108000000.00000001,0.0003259999999999999,14.2
1.623344573378563,0.8482602864503861,4.119741290807725e-06,1258.0156251788137,196000000.00000003,0.00134,10.27
1.4623670876026156,0.6371720284223558,7.700093597173691e-06,2646.1246162652965,99100000.0,0.0004,15.23
1.502522695809603,0.7307705149054528,4.250401616096497e-06,1668.8221246004102,140000000.0,0.0006370000000000001,11.82
1.5281288869678975,0.6691975593566896,8.56444999575615e-06,2593.858271837234,115999999.99999997,0.0006029999999999999,16.18
1.3837172180414201,0.621480542421341,4.668342381715775e-06,2668.6878800392146,81000000.00000001,0.00021000000000000012,12.57
1.5807252019643785,0.6532238066196442,4.26399713754654e-06,2790.765047073364,83500000.0,0.0003400000000000001,13.57
1.7110869705677034,0.5954186797142029,2.988933742046357e-06,1397.497087717056,132999999.99999997,0.0002119999999999999,5.99
1.4728726878762246,0.7396539688110352,7.754305139184e-06,922.8427261114119,281000000.0,0.00118,10.99
1.6727199554443362,0.8850244939327241,6.047957569360734e-06,675.9967952966689,348000000.0,0.00249,9.06
1.7259921848773958,0.6821937873959542,2.992158949375153e-06,1306.174427270889,162000000.00000003,0.0004470000000000002,7.27
1.4501898050308228,0.6420976817607881,9.233150631189348e-06,2841.4519429206844,99600000.0,0.00043900000000000005,16.41
1.402981370687485,0.6208478003740311,4.485142886638642e-06,2138.992354273796,96500000.00000003,0.0002190000000000001,11.15
1.4688594639301302,0.6944348663091661,5.578485563397409e-06,955.3889483213424,245000000.00000003,0.000657,8.41
1.3678278744220735,0.6218282371759415,5.919267833232881e-06,2587.463811039924,88100000.00000001,0.00024800000000000007,13.44
1.5102245897054674,0.6677301585674287,8.70471251010895e-06,1531.8696498870847,165000000.0,0.0007179999999999999,14.14
1.5413110166788102,0.7058551847934723,8.15901191532612e-06,1488.2932528853414,179000000.00000003,0.0009520000000000003,14.26
1.5122759565711024,0.6368798911571504,7.757797375321389e-06,1430.5543825030325,161000000.00000003,0.000508,12.32
1.5398908451199533,0.6465739846229553,5.987997762858869e-06,1608.7336018681524,139000000.0,0.0004579999999999999,12.11
1.4885831885039809,0.8137671679258347,6.376566845923663e-06,756.6474676132201,336000000.0,0.00157,8.9
1.7134107470512392,0.6680951535701752,3.1133514344692236e-06,874.002456665039,228000000.0,0.000422,4.31
1.6049870342016221,0.7186331346631051,5.129816040396691e-06,2392.719343304634,111999999.99999999,0.0006830000000000001,14.68
1.4586304619908335,0.7101576358079911,9.76282522082329e-06,1241.6477799415586,212000000.0,0.0010800000000000002,14.43
1.7869584739208224,0.9075497388839723,4.116269707679749e-06,1285.321034491062,188999999.99999997,0.00182,10.75
1.494756934605539,0.7352079670876265,6.473666839301587e-06,1241.5637373924253,205000000.0,0.000947,11.99
1.4832825332880022,0.7107574358582497,6.890441674739124e-06,990.2081191539763,258000000.0,0.0008709999999999999,10.01
1.5013683220837266,0.6622392565011979,7.191356986761095e-06,1017.6447331905364,229000000.0,0.0006519999999999998,10.09
1.5523472696542742,0.682952454686165,7.5699010938406e-06,1737.339014187455,149000000.0,0.000739,14.44
1.5215366251766682,0.6972888708114625,4.483806908130647e-06,2299.689866602421,106000000.00000003,0.0004960000000000001,13.5
1.4828123677521945,0.6741927266120912,5.6693105101585395e-06,1645.1394297182558,142000000.00000003,0.0005189999999999999,12.35
1.4068373858928682,0.6204746246337891,4.660947978496553e-06,1760.5986185371873,113999999.99999999,0.0002359999999999999,10.23
1.8170614242553713,0.8511870324611664,8.829310238361359e-06,789.5722538232802,319000000.0,0.00307,12.64
1.5021088059525938,0.6362222313880921,7.854687422513963e-06,1684.9563661962745,140000000.0,0.000477,13.25
1.679831635951996,0.8053620010614396,3.031090289354325e-06,2330.187998712063,103999999.99999999,0.0007950000000000001,12.68
1.4191700845956803,0.6751945227384568,3.410965889692307e-06,2236.6258054971695,94800000.0,0.00030599999999999996,11.47
1.2923325061798097,0.6085444808006287,4.687320202589035e-06,2050.1268208026886,97299999.99999999,0.00016299999999999995,10.180000000000001
1.33693642616272,0.693463745713234,9.394932746887208e-06,1671.1457092314956,167000000.0,0.0007160000000000001,14.82
1.5603628233075144,0.8515394926071168,4.68875402212143e-06,872.1870481967925,370000000.0,0.00143,5.12
1.5764401763677598,0.8108751118183136,7.2094274312257775e-06,826.7341852188109,309000000.0,0.00188,10.82
1.5481332287192346,0.6827399119734765,9.089910119771958e-06,2390.2651965618134,130000000.0,0.000719,16.18
1.6850467085838319,0.7490311682224274,7.876737117767336e-06,1489.4308820366857,192000000.0,0.00136,14.47
1.7384174644947052,0.8922630965709687,4.092550039291383e-06,1268.1033015251157,191000000.0,0.00167,10.58
1.5306454271078112,0.6393889635801316,4.931150570511818e-06,1117.328807711601,179000000.00000003,0.00039799999999999997,8.66
1.6242110252380373,0.7174475245177746,6.947442963719369e-06,1910.0261032581327,147000000.0,0.000917,14.88
1.6139995515346528,0.8255321145057679,7.146279603242875e-06,818.6886012554168,310000000.0,0.00206,10.9
1.585905334353447,0.7260517671704293,8.88743218779564e-06,1298.9921048283575,210000000.0,0.00125,14.23
1.6796143412590028,0.6770997047424318,6.332035776227714e-06,2567.0157670974727,106000000.00000003,0.0006370000000000001,15.69
1.5690170511603356,0.6991414949297906,9.055146098136903e-06,1459.8834067583082,184000000.0,0.00102,14.71
1.5668430536985398,0.7346153654158116,6.960976630449296e-06,1438.1647780537603,185000000.0,0.0010399999999999997,13.44
1.3944755405187608,0.6178978174924851,5.389382749795915e-06,795.0890362262725,231000000.0,0.00030899999999999987,6.13
1.4142826527357102,0.6229217916727067,3.5570160448551185e-06,2830.199852585792,72199999.99999999,0.0001679999999999999,11.45
1.6063138335943223,0.6540512323379517,5.9150903970003135e-06,2397.237002849579,102999999.99999999,0.0004740000000000001,14.45
1.4662451572716237,0.6842258289456368,8.155925855040552e-06,1344.3365246057508,185000000.0,0.0007619999999999999,13.23
1.6186448603868486,0.6481144845485688,6.273017637431623e-06,2414.464086294174,102999999.99999999,0.000477,14.69
1.5038022978231311,0.636363360285759,7.87945382297039e-06,1509.9171847105024,153999999.99999997,0.0004969999999999999,12.66
1.3555482655763627,0.6237258642911911,7.98568330705166e-06,1958.1007137894628,118000000.00000001,0.000341,13.55
1.7123376846313478,0.800292393565178,9.049042195081712e-06,856.1206907033919,302000000.0,0.00235,12.88
1.511448272690177,0.6408960342407227,3.6688992381095893e-06,1564.9899765849111,125000000.00000001,0.0002929999999999999,9.19
1.4900612488389016,0.7952913165092469,6.504999462515117e-06,790.6201779842376,335000000.0,0.00142,8.81
1.6411487638950348,0.7666810981929303,8.994832634925843e-06,982.1342229843139,268000000.0,0.00181,13.32
1.5566126346588136,0.7371003057807685,7.88364002108574e-06,1237.9455491900442,216000000.00000003,0.0011999999999999997,13.28
1.4639574475586417,0.7288575544953347,4.450320035219193e-06,1009.5686018466948,309000000.0,0.0006370000000000001,4.5
1.2781757175922395,0.606714928150177,5.699400380253792e-06,1483.3166748285291,131999999.99999999,0.00020200000000000003,9.29
1.5986468553543092,0.8539659440517426,3.013677299022675e-06,1328.2304555177686,161000000.00000003,0.0010399999999999997,9.570000000000002
1.7068198084831239,0.8906746029853821,2.905721306800843e-06,1666.2567872554062,136000000.0,0.00118,10.72
1.4769894048571588,0.8584380805492402,6.328400077298285e-06,629.6861469745635,402000000.0,0.00195,7.65
1.3733993768692019,0.6854127287864685,9.197290122509005e-06,1617.7832540124652,168000000.0,0.0007070000000000001,14.52
1.52710979282856,0.6470719188451768,9.086459606885911e-06,2714.7599607706065,106000000.00000003,0.00051,16.38
1.5212946251034738,0.6643217056989671,8.208067610859872e-06,1522.7409377694128,162000000.00000003,0.000673,13.73
1.6303753316402436,0.8689519107341767,3.004619181156159e-06,922.9171574115752,218000000.00000003,0.00121,7.22
1.3579578101634981,0.7117397099733354,3.131414264440537e-06,2509.5387101173396,87200000.0,0.00033400000000000004,12.27
1.5422676041722299,0.6531551957130433,5.160931989550592e-06,1716.0503491759298,129000000.0,0.00042600000000000005,11.84
1.7167091131210328,0.7438179977238178,4.06699287891388e-06,2806.880578398704,94800000.0,0.000701,14.829999999999998
1.468892924487591,0.7028597384691239,5.486379817128182e-06,1770.05361020565,138000000.0,0.000613,13.129999999999999
1.6463610738515855,0.6857974469661713,8.33113232254982e-06,2599.072784185409,119000000.0,0.0007399999999999999,16.47
1.5516952201724055,0.7119480103254319,7.071175768971444e-06,1695.381046272814,158000000.0,0.000866,14.27
1.5609322473406793,0.6584045201539994,4.290691673755647e-06,2342.4996361136436,96399999.99999999,0.000363,12.68
1.651609790325165,0.692975726723671,3.017642676830292e-06,1713.2663326337931,123000000.00000003,0.00043900000000000005,9.78
1.7901438295841219,0.8975522160530092,2.907383561134339e-06,1747.5364562124012,132999999.99999997,0.00131,11.17
1.561084757745266,0.7649362094700337,5.303541228175164e-06,1382.7597647905347,181000000.00000003,0.00101,12.03
1.699216639995575,0.8871838688850404,5.256452888250351e-06,670.6093549728392,386000000.0,0.00225,6.8
1.5429548710584642,0.6453600972890855,6.034634500741959e-06,1697.9127721861003,132999999.99999997,0.0004500000000000001,12.41
1.7373531281948091,0.8119192779064179,3.07255506515503e-06,2426.175504922867,102000000.0,0.000855,12.969999999999999
1.2806149721145632,0.6082833051681519,5.668896302580835e-06,2141.1560401320457,97100000.00000001,0.00018499999999999997,11.42
1.4683303378522397,0.6998048007488251,9.051959902048112e-06,1266.4881646633146,203000000.0,0.000967,13.89
1.7374179482460024,0.7639979772269726,4.06055372953415e-06,2627.3589879274364,102000000.0,0.000804,14.52
1.5018528676126153,0.7464856602251531,5.942916363477708e-06,880.1062703132628,322000000.0,0.000976,7.44
1.6760732531547549,0.8107307553291322,5.086740538477899e-06,1347.6574718952177,191000000.0,0.00139,12.0
1.3352329552173616,0.7688939161598684,2.9585980176925666e-06,2325.9573355317116,96600000.00000001,0.0004610000000000001,12.42
1.4734847366809847,0.6378675431013108,6.43732213228941e-06,2531.793445348739,96600000.00000001,0.00035899999999999994,14.39
1.4761109814047815,0.7287158086895943,7.4563107937574395e-06,974.950224161148,267000000.0,0.0010500000000000002,10.82
1.666261124610901,0.6752121001482011,7.574250116944314e-06,2086.8323668837547,130000000.0,0.0007550000000000001,15.439999999999998
1.4970979683101178,0.785624409466982,5.3816006332635885e-06,1052.2183328866956,235000000.00000003,0.00112,10.15
1.567947717010975,0.7393307246267796,7.352818250656129e-06,1324.7715607285497,202000000.0,0.00114,13.28
1.2934073925018312,0.8567349851131439,2.98324728012085e-06,2383.2916021347046,192000000.0,0.000622,5.73
1.476470057666302,0.8189650475978852,7.485836043953896e-06,650.4074782133101,400000000.0,0.00185,8.72
1.3283506929874422,0.7551736950874329,3.1157428026199347e-06,762.0887756347655,260000000.0,0.000534,4.64
1.6574388921260834,0.6834233790636063,9.380007714033129e-06,1775.8517265319822,158000000.0,0.000956,15.69
1.52586916834116,0.6556492120027543,5.981898188591005e-06,1708.3836086094377,134999999.99999997,0.0004799999999999999,12.55
1.5281648822128775,0.6734460353851319,7.780161038041116e-06,1617.743086069822,155000000.0,0.000692,13.99
1.5287893652915956,0.7171403601765634,9.415002465248109e-06,1198.874033987522,220000000.0,0.0011999999999999997,14.09
1.7277756571769716,0.7446492545306683,9.046994835138323e-06,1455.8331221342085,201000000.0,0.00152,15.1
1.5087086660787465,0.6480513632297517,7.64468501508236e-06,2302.9865995049477,112999999.99999999,0.000477,14.87
1.50684766843915,0.7813106842339039,6.2774862498044975e-06,976.4702916145324,263000000.00000003,0.00128,10.43
1.458263558149338,0.7000999599695207,8.19873683154583e-06,1263.929449021816,200000000.0,0.000877,13.18
1.3541319608688356,0.6851306140422821,9.287875890731814e-06,725.8625626564025,302000000.0,0.0009419999999999999,10.98
1.6842823505401612,0.8812143445014955,2.9831784367561347e-06,1020.6928402185439,199000000.00000003,0.00131,8.05
1.6972977697849274,0.783683679252863,3.7853521704673773e-06,2198.719412088394,116999999.99999997,0.00087,13.2
1.676448279619217,0.6600364029407502,3.026750653982163e-06,2794.3145781755443,78200000.0,0.00032199999999999986,12.32
1.5156565278768541,0.6973587691783906,9.861240774393083e-06,1890.72616584599,158000000.0,0.0008870000000000001,16.01
1.564360423386097,0.663531893491745,4.076221853494645e-06,2630.0855278968806,87499999.99999997,0.0003569999999999999,13.23
1.5436788976192475,0.7608635567128659,9.178298741579057e-06,822.1886605024337,305000000.0,0.00175,12.4
1.4712193071842194,0.8213176041841508,4.74083423614502e-06,936.1674189567565,271000000.0,0.00118,8.08
1.4756309375166894,0.6843009889125825,5.989334471523763e-06,1026.602044701576,224999999.99999997,0.000648,9.47
1.750527209043503,0.6010282248258592,3.0633463263511664e-06,1695.849380455911,113999999.99999999,0.0002359999999999999,7.59
1.7287375688552857,0.8916000902652741,2.9828029274940495e-06,1097.3949283361433,186000000.0,0.00139,8.63
1.3868545889854433,0.7092555552721024,3.083968251943589e-06,1460.3109955787656,133999999.99999997,0.00038400000000000006,9.14
1.5222977690398694,0.7636504702270032,6.1691000387072576e-06,1146.4024260640142,223999999.99999997,0.00113,11.41
1.769348591566086,0.7598143123090267,7.977436289191247e-06,1607.4328795075414,185000000.0,0.00152,15.07
1.4449901774525644,0.629441660642624,4.4910390079021464e-06,2778.9244353771205,79799999.99999999,0.00023900000000000006,12.969999999999999
1.3906695485115053,0.7054823890328408,3.4759938716888433e-06,2462.9684090614314,91000000.0,0.000354,12.49
1.4272561579942704,0.6766076534986497,8.615962982177736e-06,594.2271202802657,392000000.0,0.000906,7.76
1.45963064879179,0.6586215555667878,8.689032077789307e-06,1284.6625894308088,188999999.99999997,0.0006519999999999998,12.67
1.6510529816150668,0.8781965911388399,8.433631539344788e-06,1049.6028810739515,805000000.0,0.00229,0.5899999999999996
1.5821354091167452,0.6396856963634492,6.366881901398302e-06,2191.148541867733,109000000.00000001,0.00043399999999999987,13.94
1.3857347488403322,0.6206702917814255,5.750555068254472e-06,1379.2877569794653,146000000.0,0.0002980000000000001,10.07
1.4931155417114497,0.6354019403457642,7.00401969254017e-06,1976.4611050486562,119000000.0,0.0004119999999999999,13.56
1.5343742318451405,0.6451457887887956,6.995193451642991e-06,1337.2328430414198,168999999.99999997,0.0005349999999999999,11.73
1.473592483252287,0.7124287158250809,6.627299752086402e-06,1384.977914392948,181000000.00000003,0.0008020000000000001,12.67
1.405167379975319,0.6217719465494156,3.5691481232643133e-06,2033.503010869026,96200000.0,0.0001860000000000001,9.64
1.5688484966754914,0.7630166865885258,6.249520249664785e-06,1262.0931416749952,206999999.99999997,0.00117,12.21
1.598453387618065,0.5939840018749237,2.9606291055679327e-06,700.3343403339385,246000000.0,0.000198,0.6199999999999998
1.568960613012314,0.6444084316492081,4.323601722717286e-06,1760.3449821472166,118000000.00000001,0.00035600000000000003,10.94
1.2631250381469727,0.6062444418668748,7.64100617170334e-06,2491.917416453361,91100000.0,0.00021500000000000005,13.579999999999998
1.4940918602049351,0.7012676596641542,5.470814019441605e-06,1995.5657348036764,126000000.00000001,0.0005989999999999999,13.73
1.4802931241691113,0.7401059210300446,4.671826899051667e-06,1022.1091955900191,308000000.0,0.0007250000000000001,5.250000000000001
1.4882266167551281,0.6874078005552292,7.082323700189591e-06,766.357585787773,323000000.0,0.0007959999999999999,7.9
1.7694465637207033,0.6089728564023972,3.084915786981583e-06,2111.926555633545,93800000.00000001,0.0002559999999999999,9.45
1.332615351676941,0.7220611855387689,3.3692215681076055e-06,1472.1049666404722,137000000.0,0.0004119999999999999,9.58
1.6459742188453677,0.7105891048908234,3.9634284675121314e-06,2823.3085870742793,89399999.99999997,0.0005409999999999999,14.53
1.6495462954044344,0.7866347126662732,4.0516226589679724e-06,1828.5653200000522,137000000.0,0.0009369999999999999,12.54
1.620145234465599,0.6512102723121643,5.8719225823879254e-06,2848.1706529855724,91500000.0,0.0004409999999999998,15.13
1.4786616973578932,0.7358548019081355,4.346967786550522e-06,1420.6242859363554,161000000.00000003,0.000673,10.99
1.4820833869278431,0.8038739114999772,3.0610356926918034e-06,1956.9414034485815,119000000.0,0.0006980000000000002,11.54
1.2622053980827332,0.6745053291320802,8.798164248466493e-06,1755.3616147488353,152999999.99999997,0.000532,14.189999999999998
1.5021971134934575,0.7253173157572746,4.072299033403397e-06,1606.4909957349298,144000000.00000003,0.000604,11.14
1.5540560245513917,0.6908673852682115,4.248585402965546e-06,2548.782333731651,94800000.0,0.00045600000000000013,13.8
1.4168757677078248,0.6746758371591569,3.4301944673061378e-06,2495.0122386217113,86499999.99999999,0.0002959999999999998,12.11
1.5035203512758017,0.6357512086629868,3.516302704811097e-06,1651.606300845742,118000000.00000001,0.0002599999999999999,9.06
1.6701542794704438,0.7605486877262593,5.079100489616395e-06,1893.1384962052105,139000000.0,0.000969,13.81
1.7136040627956393,0.7177621744573117,7.902054265141488e-06,1902.1573122590778,155000000.0,0.00109,15.51
1.4569040179252626,0.6387062340974808,7.544297203421594e-06,980.663776397705,230000000.0,0.0005129999999999999,9.29
1.6158411115407945,0.6494295626878739,7.369423791766168e-06,2037.094749510288,122000000.00000004,0.000561,14.61
1.380528947710991,0.71078360080719,3.105364978313447e-06,1662.5749990344045,121000000.0,0.000374,9.91
1.3925531387329102,0.656835150718689,8.15001241862774e-06,2201.524294912815,121000000.0,0.0004669999999999999,14.71
1.665249127149582,0.6768652170896531,5.60351137816906e-06,2734.677523374557,97600000.00000001,0.0005660000000000001,15.439999999999998
1.4924509780481459,0.7891894161701203,6.7109586261212835e-06,779.1016548871993,346000000.0,0.0014099999999999998,8.7
1.6744701504707338,0.8242920309305192,2.981887102127076e-06,2019.5333585143087,115999999.99999997,0.0008839999999999999,11.87
1.5354108721017838,0.6894685059785843,4.686687260866166e-06,2424.1315126419067,102000000.0,0.0004830000000000001,13.89
1.6785450160503388,0.8796585202217103,5.949801430106164e-06,811.0805898904799,290000000.0,0.0023,10.32
1.5185839992016554,0.7688528962433339,4.86494380235672e-06,1324.3266120553014,182000000.0,0.0009310000000000001,11.36
1.6930617392063143,0.8779244005680085,2.984774768352509e-06,1455.9200331568716,152999999.99999997,0.00121,10.15
1.3218422055244448,0.6134999960660935,6.4592484310269364e-06,1469.0485149621961,138000000.0,0.0002669999999999999,10.55
1.442284168303013,0.7363868393003942,8.561930537223817e-06,828.4057229757308,298000000.0,0.0012899999999999997,11.4
1.5062157573178412,0.6563924789428711,7.4539402872324005e-06,1012.2318118810653,229000000.0,0.000644,10.180000000000001
1.4334621325135233,0.6175105422735214,4.4838724136352545e-06,571.3748484849929,293000000.0,0.0002819999999999999,2.9599999999999995
1.273671340942383,0.6047293424606324,7.722349613904955e-06,476.8795073032378,355000000.0,0.00030500000000000004,3.9999999999999996
1.6758894503116608,0.8143594264984132,6.100290626287461e-06,1140.8693641424177,229000000.0,0.00167,12.0
1.494639583490789,0.6979345411062241,7.457141712307931e-06,766.3345634937285,379000000.0,0.000894,7.0
1.3593833148479464,0.6019459336996079,2.920768797397614e-06,2531.0903340578075,74999999.99999999,0.00010399999999999993,8.42
1.5700330451130868,0.7700524963438512,4.725655108690263e-06,1499.3067383766172,164000000.0,0.0009419999999999999,12.04
1.5202901132404805,0.754513654857874,6.443660800345243e-06,877.388447523117,375000000.0,0.00111,6.789999999999999
1.544532197713852,0.7936983346939087,4.0572507083415995e-06,1464.1435742378233,166000000.0,0.000923,10.98
1.5208177305758002,0.6749649971723557,5.652447015047074e-06,2110.1713851094246,116999999.99999997,0.0005059999999999999,13.71
1.3184712231159212,0.6309604793787004,9.037027567625047e-06,1248.0041682720182,181000000.00000003,0.00043999999999999996,11.8
1.5694766387343408,0.7191069714725018,6.873295035213233e-06,1706.6720845177767,158000000.0,0.000901,14.24
1.3211531281471254,0.6143553704023361,6.468902982771398e-06,1852.8650160878894,113999999.99999999,0.000251,11.81
1.4555528953671457,0.6927018105983734,8.17122931778431e-06,875.973880290985,279000000.0,0.0009220000000000002,10.54
1.4051923513412476,0.7285335794091226,3.0642517209053044e-06,2267.8237706422806,96200000.0,0.00039000000000000016,11.77
1.5534402653574946,0.7379707865417005,3.001142174005509e-06,2111.693948507309,105000000.00000003,0.0004969999999999999,11.53
1.687757170200348,0.8863296747207643,6.302408251911403e-06,616.4378225803374,400000000.0,0.0026,7.98
1.5409001201391221,0.7577287785708905,8.641407072544099e-06,910.1283103227614,284000000.0,0.0015900000000000003,12.37
1.549933733046055,0.7044156789779664,3.817371428012849e-06,2377.0283460617065,97899999.99999999,0.00046500000000000014,12.98
1.5854430556297303,0.653625449538231,7.167131528258325e-06,2748.4455257654186,99400000.00000001,0.000499,15.71
1.5318922765552998,0.6386247038841248,4.947967752814294e-06,1204.253017902374,167000000.0,0.000391,9.2
1.5762525111436845,0.8604048192501069,8.259223341941834e-06,575.2025097608565,415000000.0,0.00271,9.77
1.372936248779297,0.7450596727430822,3.2394082248210913e-06,681.056186556816,298000000.0,0.0005440000000000001,3.51
1.5386033982038498,0.6479203373193742,8.462318152189255e-06,1814.6360125392673,139000000.0,0.000574,14.349999999999998
1.6426408410072328,0.831521612405777,2.885785520076752e-06,2008.4975212812421,115999999.99999997,0.0008539999999999998,11.61
1.3029698073863984,0.6132801800966263,9.196729570627213e-06,1647.1618525683878,134999999.99999997,0.00033400000000000004,13.0
1.5451271384954455,0.5953809499740601,2.9877367019653328e-06,2439.589977264404,79200000.0,0.00014299999999999998,8.960000000000003
1.489723240211606,0.7937823683023454,6.3338634371757516e-06,805.7503700256347,331000000.0,0.00137,8.65
1.6711669564247134,0.6780698955059052,7.4085490405559555e-06,2781.558737158775,106000000.00000003,0.000657,16.42
1.508947069756687,0.8209020048379899,5.309047758579255e-06,896.052375435829,389000000.0,0.00131,5.51
1.370873647928238,0.6212835162878036,6.299056440591813e-06,1669.1108252853153,127000000.00000001,0.00029999999999999987,11.57
1.4888003490865231,0.78418502882123,7.744716197252275e-06,729.1459590196608,347000000.0,0.00162,10.050000000000002
1.7174483478069307,0.7739897333085538,6.018652252852918e-06,1628.338277339935,168000000.0,0.00128,13.899999999999999
1.5211101628839971,0.794008755683899,4.30571871995926e-06,1315.5903592705724,182000000.0,0.000969,10.71
1.6154017925262452,0.7174686893820763,3.9830431938171396e-06,2655.7348966598506,93900000.0,0.0005560000000000001,14.23
1.474588067829609,0.7069299548864365,5.942493028938771e-06,976.6821116209029,251000000.0,0.0007499999999999999,8.94
1.4551929518580438,0.7055387824773789,8.24710200726986e-06,1198.914937674999,211000000.0,0.0009289999999999998,12.98
1.325920879840851,0.6117085576057435,6.448591295629741e-06,789.3511950969695,232999999.99999997,0.000301,6.74
1.5588018268346788,0.6472532719373704,7.3917225748300565e-06,1682.1641866117714,141000000.00000003,0.000543,13.419999999999998
1.3441689848899843,0.6157100379467011,3.6488562226295476e-06,2309.731312096119,85100000.00000003,0.00015499999999999986,10.050000000000002
1.477997922152281,0.6401674926280976,3.441066503524781e-06,2224.4913056492805,92099999.99999999,0.00024199999999999997,10.8
1.3430059254169466,0.61556815803051,3.6413694024086004e-06,2124.6063262224197,91400000.00000001,0.00015800000000000002,9.55
1.452729530632496,0.6298012733459474,5.446295037865639e-06,1108.0180406570432,179000000.00000003,0.00036200000000000007,8.89
1.470611395686865,0.6638363867998124,8.164917007088663e-06,805.6500107049941,287000000.0,0.000756,9.48
1.4659164793789388,0.7298975922167302,5.620030239224435e-06,1139.3273174762724,212000000.0,0.0008,10.45
1.6218462020158768,0.6903408765792848,9.760124683380128e-06,2301.4922365546227,139000000.0,0.000857,16.51
1.4998764687683435,0.6404923707246781,6.527774373069406e-06,1065.6275153160093,202000000.0,0.00049,9.67
1.3673807591199876,0.621834683418274,5.933287471532822e-06,2497.166350483894,90600000.0,0.000251,13.27
1.2621727108955385,0.606569641828537,7.522877529263497e-06,2885.056093335151,81699999.99999999,0.00020499999999999994,14.18
1.7835260510444644,0.6988011717796326,8.930295526981355e-06,2738.9150410890575,122000000.00000004,0.000916,17.11
1.4768465325236322,0.6670466512441636,6.3369044493883856e-06,848.360165953636,274000000.0,0.0005999999999999997,7.68
1.5218002527952195,0.6377827495336533,5.364836439490319e-06,1399.206884205341,149000000.0,0.00039399999999999993,10.57
1.5956394195556642,0.806979712843895,4.1312675476074224e-06,1454.8417106270788,169999999.99999997,0.00106,11.15
1.6707881569862366,0.6764917016029358,8.446091771125794e-06,2240.52394926548,130000000.0,0.000791,16.04
1.30586314201355,0.6136359840631486,9.174510687589646e-06,1379.2952075600622,156000000.0,0.000354,12.07
1.5718147963285447,0.8281795978546144,2.889037430286408e-06,1938.8440921902654,124000000.00000003,0.000787,10.86
1.6091258615255357,0.8027870446443558,8.07654319703579e-06,801.2038767337798,319000000.0,0.00207,11.55
1.7790844738483431,0.795833569765091,6.7062128148973e-06,1452.1057084202764,191000000.0,0.00167,14.05
1.4589930206537247,0.7719999678432942,4.292249619960786e-06,1226.6707718372343,191000000.0,0.0008080000000000001,9.91
1.2591469645500184,0.6790119588375092,9.224399805068972e-06,1865.3707411140201,148000000.0,0.000558,14.88
1.4770206950604916,0.7652972660958768,4.158176332712174e-06,1334.0753614902494,175000000.0,0.0007680000000000001,10.33
1.283811539411545,0.6105548322200776,3.646147549152375e-06,1742.0421373099086,107000000.00000001,0.00014000000000000007,7.93
1.4934299971908331,0.7112944588065148,3.0341992974281315e-06,1099.926561117172,174000000.0,0.00045999999999999996,7.3
1.485253693163395,0.7863827906548978,5.3006685823202145e-06,881.8147629499434,322000000.0,0.00109,7.04
1.63870085477829,0.8756583094596864,8.27346432209015e-06,579.2086869478225,419000000.0,0.00301,9.81
1.4938753874972464,0.7682539321482182,6.455633698031307e-06,974.2790758609771,267000000.0,0.00119,10.3
1.459671574831009,0.699093908071518,7.008885562419893e-06,1357.2690933942793,183000000.0,0.000752,12.62
1.4661842510104182,0.7082952395081521,7.54867595434189e-06,1055.9988319873808,240000000.0,0.0009070000000000001,11.32
1.4521869510412218,0.6298329681158067,5.462423786520958e-06,1200.6301358342168,167000000.0,0.00035600000000000003,9.42
1.6012849867343903,0.6336719602346421,6.583138637244703e-06,2917.809292674064,89500000.00000001,0.00039500000000000006,15.23
1.5021696851123125,0.8041032761335374,6.411196081899108e-06,828.3599019050597,306000000.0,0.00151,9.64
1.1983352780342102,0.656827747821808,9.63920757174492e-06,1206.4487040042875,191000000.0,0.0005149999999999999,12.91
1.7942767560482027,0.7458612017333508,8.860759973526003e-06,1679.4991325587032,182000000.0,0.00152,15.69
1.532549574226141,0.8413049966096878,3.036115020513535e-06,1044.818118214607,188999999.99999997,0.0009509999999999998,8.14
1.4646539166569712,0.7472428835928441,4.552332550287248e-06,1086.4389985799787,223000000.0,0.0007529999999999999,8.6
1.745632553100586,0.7873810641467572,5.932723060250283e-06,1584.136664867401,171999999.99999997,0.0014,13.82
1.4170002400875092,0.6740884959697724,9.338987082242967e-06,2298.085905611515,129000000.0,0.000604,15.94
1.5544847443699839,0.7672322161495686,4.1708433032035835e-06,1655.373817309737,146000000.0,0.0008099999999999998,11.96
1.4846923828125,0.887232953310013,3.216201752424241e-06,2271.1571231484413,229000000.0,0.000866,4.46
1.5919535100460054,0.7568040423095227,5.160023987293244e-06,1607.8586801886556,157000000.0,0.0009369999999999999,12.85
1.2874322891235352,0.6807874828577042,8.810864597558977e-06,1802.668498829007,152999999.99999997,0.000573,14.42
1.5600065365433695,0.6389917016029358,7.93699498474598e-06,1872.6364355534313,130000000.0,0.0005129999999999999,14.09
1.2627658903598786,0.8571389973163606,9.523953557014467e-06,707.4796706438063,916999999.9999999,0.00186,0.6100000000000004
1.2388688027858734,0.6481188654899598,9.120787620544435e-06,2288.288839161396,112999999.99999999,0.00037300000000000007,15.309999999999999
1.620989790558815,0.7786486364901066,5.599727705121041e-06,1367.0776709914205,189999999.99999997,0.00121,12.34
1.4842965848743916,0.7741872645914555,4.685218185186387e-06,1011.4851146936415,310000000.0,0.0008799999999999999,5.82
1.6387830555438996,0.7603417553007603,2.971715390682221e-06,2904.7443270683284,83900000.0,0.0005809999999999999,13.8
1.6339054495096208,0.7704987980425358,6.204409200698138e-06,1372.9437366127966,194000000.0,0.00126,12.88
1.5137011639773847,0.6363370656967163,6.419026936404408e-06,1764.5240128040311,128000000.0,0.0004139999999999999,12.66
1.5128938023000957,0.7120573952794076,5.433658942580224e-06,1965.257331728935,129000000.0,0.000658,13.81
1.6252810746431352,0.7931369841098787,3.013388574123383e-06,2449.3074715137477,98799999.99999999,0.000704,12.93
1.2890555262565615,0.6112575978040695,3.615045785903931e-06,1938.309960067272,97500000.00000001,0.00013800000000000005,8.58
1.53317314311862,0.7397390462458134,2.9737573266029365e-06,2479.2268425226207,91900000.00000001,0.0004720000000000001,12.47
1.4885047987103464,0.6390443444252015,3.4600829184055333e-06,811.2051635980605,225999999.99999997,0.00029400000000000004,4.12
1.4027154922485352,0.7458033755421639,3.044347435235978e-06,1910.4731380939481,111999999.99999999,0.000455,10.99
1.6171185940504076,0.8686041980981828,4.098811030387879e-06,1032.4503779411314,280000000.0,0.0014399999999999999,6.88
1.4534425824880601,0.7336383450776339,9.963689714670182e-06,1006.3960701227187,256000000.0,0.00137,13.85
1.5405291438102724,0.793420171737671,5.128762528300286e-06,1156.4893200993536,214000000.00000003,0.00117,10.76
1.4731750890612603,0.6809418439865113,4.7450121939182286e-06,798.9321947097777,309000000.0,0.0004939999999999999,4.33
1.7257932901382447,0.8995927691459656,3.0547406971454625e-06,2536.790400743484,247000000.0,0.00102,3.1699999999999995
1.2582044184207917,0.7936246901750565,3.81589150428772e-06,2420.0004637241364,305000000.0,0.000493,1.6800000000000004
1.5075797656551004,0.6796850323677064,9.354546517133714e-06,1953.5332843661306,148000000.0,0.0007529999999999999,15.55
1.4823280535638335,0.8148580044507981,5.359562307596208e-06,869.4814443588256,286000000.0,0.0013199999999999998,8.72
1.566244599223137,0.8379825174808503,6.17166479304433e-06,815.7273679971694,299000000.0,0.00184,10.0
1.3732076883316042,0.6387182146310807,8.859787821769716e-06,1198.6648589372633,195000000.0,0.000505,11.47
1.5092489702627063,0.648255604505539,7.967012569308282e-06,1082.892224192619,213000000.0,0.000626,10.96
1.660034000873566,0.8747652053833008,4.627930909395218e-06,866.9586777687072,373000000.0,0.00172,5.22
1.690181475877762,0.7808212168514729,7.977819412946702e-06,1128.346540033817,240000000.0,0.00177,13.41
1.343870383501053,0.6219569921493531,8.307740807533266e-06,2484.985321760177,98899999.99999997,0.00031100000000000013,14.69
1.4836459368467332,0.7138763666152955,4.381327718496323e-06,1385.8986571431158,163000000.0,0.0006010000000000002,10.56
1.6631073117256165,0.6787252753973008,7.398182898759843e-06,2497.7601617574687,114999999.99999997,0.0006999999999999999,16.07
1.3599292874336244,0.7657368443906308,3.006597489118577e-06,1010.2639645338057,192000000.0,0.0005689999999999998,7.24
1.4871655605733396,0.7738606385886669,5.6055924296379095e-06,908.8374227285384,300000000.0,0.0010699999999999998,8.02
1.5625721856951715,0.7088909044861794,4.327023029327393e-06,2463.255554437637,101000000.0,0.000539,13.98
1.2634335815906526,0.7642901949584485,3.016000866889954e-06,1379.9606189131734,145000000.0,0.0004740000000000001,9.29
1.5063795061782004,0.7577865444123746,7.162108778953553e-06,783.4352105855941,375000000.0,0.00127,8.02
1.2262772083282472,0.6724586337804795,9.30659627914429e-06,1390.3677389025686,182000000.0,0.0005769999999999999,13.5
1.3501993507146837,0.6787993043661118,9.322679758071901e-06,509.6793472766875,393000000.0,0.0009679999999999999,8.79
1.510049830377102,0.6374209463596344,6.5461934413760914e-06,1417.2406420111654,155000000.0,0.00045099999999999996,11.57
1.425312124192715,0.6739443808794022,8.988527208566667e-06,1449.6583417057989,176000000.0,0.000701,13.83
1.4836388614028693,0.7794443987309934,4.019729614257813e-06,1306.8759739398954,186999999.99999997,0.0008059999999999999,9.52
1.4883696254342795,0.7425594069063665,7.556896790862085e-06,793.9463406801223,335000000.0,0.00122,9.4
1.2630592703819277,0.6005435764789582,9.567123144865038e-06,1551.2297973036764,138000000.0,0.00029200000000000005,12.38
1.7248173058032992,0.6780536323785783,2.9895842075347905e-06,1666.4374917745588,128000000.0,0.0004210000000000001,9.11
1.4438681021332742,0.6917583078145981,8.494900047779084e-06,687.9124343395232,336000000.0,0.00101,9.55
1.3730023205280306,0.6996347486972809,9.11201447248459e-06,1059.8717182874677,230000000.0,0.000917,12.87
1.4224287986755373,0.6275130450725556,6.83908285573125e-06,2687.116593122482,91400000.00000001,0.0003149999999999999,14.59
1.7170156359672548,0.8950120210647584,6.678948782384397e-06,877.9533505439757,460000000.0,0.00249,5.98
1.3850324124097826,0.6804860204458237,8.70210897922516e-06,2069.264605641365,139000000.0,0.0006079999999999998,15.149999999999999
1.5269149616360667,0.6685876965522767,9.12284165620804e-06,1740.7036591321228,153999999.99999997,0.0007349999999999999,14.98
1.660249722003937,0.6619380086660386,9.692932307720186e-06,2720.2827036380763,115999999.99999997,0.0006840000000000003,16.88
1.4925128728151322,0.6363889306783677,5.2834996730089196e-06,1018.8912898302077,196000000.00000003,0.0003990000000000001,8.3
1.715956485271454,0.7816915221512318,3.893138766288758e-06,2264.109693467617,114999999.99999997,0.000886,13.56
1.6230276346206667,0.8647396892309189,2.9692324399948126e-06,1259.177654981613,166000000.0,0.00111,9.34
1.5056394886225464,0.6353885024785996,5.2693450599908835e-06,1671.2147574871776,127000000.00000001,0.000354,11.36
1.3000334322452547,0.6794910281896592,8.899627059698105e-06,1617.086801677942,166000000.0,0.0006010000000000002,13.94
1.4776888824999335,0.6416418135166169,5.379752188920976e-06,769.886404275894,266000000.0,0.0004249999999999999,6.0
1.457834766805172,0.7433977313339711,5.048534765839577e-06,1140.1627510786054,206999999.99999997,0.0007900000000000001,10.08
1.730008274316788,0.7342126239091159,6.03656440973282e-06,2352.4332717061043,125000000.00000001,0.000935,15.39
1.728447210788727,0.6915088489651681,6.031648054718972e-06,2873.2338100671764,99799999.99999999,0.0006720000000000001,16.16
1.6229152858257294,0.7435247875750065,2.9478818178176885e-06,1728.4133303910492,125000000.00000001,0.000583,10.41
1.4214037209749224,0.6518083155155182,8.705798357725144e-06,1505.2469372749326,165000000.0,0.0005530000000000001,13.129999999999999
1.7153407216072083,0.7478679232299329,9.961484640836717e-06,1221.367113292217,230000000.0,0.00173,14.95
1.5377849310636522,0.5994846582412721,2.964236497879029e-06,2883.1278830766673,68499999.99999999,0.00013800000000000005,10.03
1.4334143713116647,0.7480335541069508,8.51781988143921e-06,606.6698879003524,401000000.0,0.0014399999999999999,9.12
1.3910764753818514,0.618316376209259,5.409592762589456e-06,983.3999276161193,191000000.0,0.000299,7.59
1.4909111984074117,0.6363786578178406,7.988630637526514e-06,1452.6319056749342,160000000.00000003,0.0005000000000000001,12.44
1.2744610369205476,0.7066016256809236,9.831093013286592e-06,516.4715945720671,403000000.0,0.00111,9.63
1.57066580504179,0.8177056968212129,6.638185374438764e-06,1889.9391796439884,479000000.0,0.00117,2.8300000000000005
1.4837913371622564,0.791529393196106,4.118653565645219e-06,1731.3625076785681,376000000.0,0.0007619999999999999,1.6099999999999999
1.5033212380483747,0.5958292543888093,2.975203454494477e-06,1048.5416948795316,162000000.00000003,0.00016200000000000006,3.52
1.3496575713157655,0.6230124413967133,8.215720489621164e-06,1768.6689663678405,129000000.0,0.0003550000000000001,13.129999999999999
1.619644492864609,0.694973435997963,9.904178172349931e-06,2084.838703274727,149999999.99999997,0.000939,16.42
1.4692544125020506,0.8190660864114762,4.413853913545609e-06,1030.8462679386137,250000000.0,0.0010699999999999998,8.11
1.7054379701614382,0.8008957743644715,5.069564953446389e-06,1505.8740526437757,171999999.99999997,0.0013199999999999998,12.75
1.2501972019672396,0.7386417143046856,1.0006480872631074e-05,692.7261799573897,323000000.0,0.00122,12.0
1.788079243898392,0.6142691731452943,2.9686558246612556e-06,1137.8163024783132,170999999.99999997,0.00029200000000000005,4.99
1.539829771220684,0.6699445635080338,4.04851657152176e-06,1709.386591799557,125000000.00000001,0.00040899999999999997,10.82
1.5366687186062338,0.7085923433303833,5.143918707966805e-06,2216.398149728775,115999999.99999997,0.0006119999999999999,14.14
1.2063412427902223,0.6535553455352784,9.772785395383836e-06,2592.5538241863246,108000000.00000001,0.000376,16.0
1.7198312044143678,0.8507853537797928,7.2984214574098594e-06,826.7079591751097,303000000.0,0.00249,11.46
1.7309700250625613,0.690099160373211,9.295958727598192e-06,2078.2010182738304,145000000.0,0.000985,16.31
1.5296621248126032,0.6469648271799088,8.48001152276993e-06,1725.7410772144792,144000000.00000003,0.0005710000000000001,14.059999999999999
1.6661059141159058,0.6586152791976929,5.965877503156663e-06,2924.7116595506664,91900000.00000001,0.000495,15.56
1.4285738423466683,0.6430053502321244,7.65526519715786e-06,2427.92572081089,106000000.00000003,0.00040600000000000006,14.82
1.6443375170230867,0.7409723527729511,5.135742828249932e-06,2147.8121653199196,125000000.00000001,0.000829,14.34
1.4836223110556603,0.6803479939699174,7.006579101085664e-06,1576.4122754335401,156000000.0,0.0006429999999999999,13.27
1.4926665723323824,0.7273938640952111,8.024331867694856e-06,1127.978481352329,230000000.0,0.00111,12.69
1.6300835967063905,0.6437593460083009,5.968056395649911e-06,2934.7314983606334,88700000.0,0.00041500000000000006,15.13
1.2843434214591982,0.8041509032249451,9.61809289455414e-06,1129.2508170008657,691000000.0,0.00137,2.86
1.464893301576376,0.7738494627177716,4.294394195079804e-06,1138.4989619255064,220000000.0,0.00082,8.55
1.6387349367141726,0.6632504403591156,5.831999480724336e-06,2729.630425572395,96300000.0,0.0005090000000000001,15.3
1.3779816538095475,0.6221922487020493,5.378741130232812e-06,2514.832720160484,88200000.0,0.00023799999999999993,12.9
1.4811274878680707,0.7070294380187989,6.638998221606017e-06,1532.072640955448,165000000.0,0.000763,13.27
1.3607185721397401,0.8069600254297257,8.898314446210862e-06,586.1371308565139,449000000.0,0.00186,8.99
1.3840492755174638,0.8747354865074158,2.9943277239799504e-06,2517.8026705980296,242000000.0,0.000667,2.42
1.589788055419922,0.8599577307701112,3.034276276826859e-06,936.3664984703063,216000000.00000003,0.00112,7.25
1.6064350694417955,0.7463480405509473,5.898570492863656e-06,1630.7695694267748,161000000.00000003,0.000985,13.5
1.529940475523472,0.8267384290695191,4.084365606307984e-06,1203.2350078225134,281000000.0,0.00103,5.89
1.7224291741847992,0.7333012651652099,5.971987038850785e-06,2358.822964131832,124000000.00000003,0.000917,15.35
1.417711991071701,0.6828487604856491,3.2843468785285956e-06,1922.2766458988187,107000000.00000001,0.0003259999999999999,10.56
1.737172830104828,0.7842400543391705,3.013789117336274e-06,2785.5069488286967,89000000.00000001,0.0007200000000000002,13.71
1.2777814149856568,0.7617099277675152,2.989468634128571e-06,1186.8745759129522,164000000.0,0.0004889999999999999,8.32
1.757616448402405,0.7440834917128086,7.490640372037889e-06,1889.0853244811294,160000000.00000003,0.00126,15.39
1.612572929263115,0.7489539429545403,9.130626797676088e-06,1079.2167037725446,248000000.0,0.00158,13.7
1.3670661628246308,0.6629079580307008,8.427778601646424e-06,1956.714607775211,136000000.0,0.0005059999999999999,14.34
1.2425168931484223,0.6488892406225205,9.050295144319535e-06,2206.627793610096,115999999.99999997,0.00038,15.16
1.4888660062104464,0.6444091022014619,3.1238093674182897e-06,987.166717648506,183000000.0,0.0002760000000000001,5.15
1.326944786310196,0.8172652333974839,3.099698960781098e-06,1167.6932424306867,184000000.0,0.000714,8.16
1.3279437124729159,0.7158868297934533,9.571276903152467e-06,511.007860302925,406000000.0,0.00124,9.59
1.3689686983823777,0.6416258722543717,8.880495488643648e-06,1200.583532452583,196000000.00000003,0.0005189999999999999,11.59
1.5323463164269926,0.7751154474914075,8.958820670843126e-06,1875.4535559564827,479000000.0,0.00115,4.84
1.488611039891839,0.6267354100942613,3.1447634100914008e-06,557.5704872608184,288000000.0,0.0002520000000000001,1.1199999999999999
1.5781313449144365,0.7021628871560097,9.161954075098038e-06,1444.5682540535925,186999999.99999997,0.00106,14.76
1.3979380667209627,0.6329384744167329,8.529766082763674e-06,830.0011157989501,277000000.0,0.0005149999999999999,8.27
1.4808854028582574,0.7332411490380765,7.232717245817185e-06,984.0573668479918,266000000.0,0.0010500000000000002,10.67
1.4181344121694566,0.709314675629139,9.000942587852479e-06,1065.7426267862318,232999999.99999997,0.00103,13.03
1.3772670149803163,0.6221445590257645,5.3731941282749185e-06,2606.1369776725764,85700000.00000001,0.00023500000000000002,13.08
1.6527409672737123,0.8725182116031648,3.0709032416343696e-06,763.2982283830642,307000000.0,0.00131,4.45
1.38992837369442,0.634328180551529,7.865620687603951e-06,2357.130043208599,106000000.00000003,0.00036800000000000016,14.59
1.4585332095623018,0.6935848698019982,4.367493331432343e-06,838.582545518875,301000000.0,0.000495,4.09
1.4807436995208265,0.8114378303289415,5.438340082764626e-06,863.4534776210784,291000000.0,0.00131,8.65
1.5108204513788224,0.6407222896814347,4.34614583849907e-06,833.7781131267546,230000000.0,0.000365,5.6
1.4757534854114056,0.7171193696558477,6.382054366171361e-06,1078.2023817300794,232000000.0,0.0008319999999999998,10.4
1.5236567236483098,0.6652619093656541,4.757763132452965e-06,937.7274960279464,235000000.00000003,0.00048100000000000004,6.77
1.2806281328201294,0.5930888772010804,2.9486733078956608e-06,812.201753258705,214000000.00000003,0.0001200000000000001,0.21000000000000005
1.654199302196503,0.6852508306503297,9.440457820892336e-06,2199.6238380670547,140000000.0,0.00087,16.29
1.74595382809639,0.7899677842855454,8.954746395349504e-06,1017.4625664949416,264000000.00000003,0.00216,13.71
1.5025870526209475,0.6508908838033677,3.441823154687882e-06,2876.259565353393,75900000.0,0.0002559999999999999,12.45
1.7699283421039582,0.6018784761428834,2.9051296710968024e-06,921.5876013040541,200000000.0,0.0002599999999999999,3.2699999999999996
1.5998149752616884,0.7260379068553449,4.1921757757663736e-06,2447.5208967924113,102999999.99999999,0.0006100000000000001,14.01
1.6641767621040346,0.8788532137870789,4.8136690557003025e-06,983.9196801185607,240000000.0,0.00183,10.050000000000002
1.3318249762058259,0.6212900966405869,3.4586705863475807e-06,785.4833751916884,220000000.0,0.00018499999999999997,2.849999999999999
1.496070236898959,0.6351357221603394,4.412914723157883e-06,2321.981631219387,93199999.99999997,0.0002819999999999999,12.19
1.6164960354566575,0.871252852678299,8.598649293184281e-06,1065.6834691762922,782000000.0,0.00219,1.0899999999999999
1.7880322158336641,0.9073194801807405,5.090062335133553e-06,1069.3187564611433,231000000.0,0.00225,10.92
1.6497744798660279,0.6617002665996552,6.810430821031333e-06,2349.0682914853096,111000000.0,0.000592,15.29
1.3122892498970034,0.6140041351318359,7.436380952596665e-06,2022.1228823065755,109000000.00000001,0.000268,12.94
1.6828006982803345,0.8535971939563752,4.506161391735078e-06,1245.243430137634,199000000.00000003,0.00154,10.93
1.399169057607651,0.6578088104724885,8.352982163429261e-06,1995.1119944453237,131999999.99999999,0.0004979999999999999,14.379999999999999
1.4631835743784907,0.71614800542593,7.763191044330598e-06,1117.7215278148649,228000000.0,0.0009679999999999999,12.15
1.709206885099411,0.5949516892433167,2.999714612960816e-06,1485.5857864022253,126000000.00000001,0.00021000000000000012,6.45
1.498777235671878,0.6372925221920014,5.531831771135331e-06,2519.94776725769,92900000.0,0.0003290000000000001,13.71
1.587604022026062,0.7240843981504441,4.9737726449966435e-06,2262.0885372161865,115999999.99999997,0.0006900000000000001,14.31
1.4756215251982214,0.8387423872947694,5.3097615391016015e-06,758.1346035003661,326000000.0,0.0014999999999999998,7.799999999999999
1.6036825060844422,0.8771010160446168,5.080164849758149e-06,783.6442738771437,297000000.0,0.00191,8.79
1.5344107724726201,0.7627786226570606,4.9075159132480625e-06,1413.1513908505437,171999999.99999997,0.00091,11.81
1.4565153881907464,0.7941527634859086,4.307369083166123e-06,1142.7355483174322,213000000.0,0.0009090000000000001,9.18
1.8303603529930117,0.9107706785202028,4.126476883888246e-06,715.6022936105727,375000000.0,0.00221,5.34
1.4968017876148225,0.6369276344776155,5.5152813047170645e-06,2710.120856761932,88100000.00000001,0.0003200000000000001,14.04
1.4698661237955095,0.7441917434334756,5.331299602985383e-06,1221.9060137867925,196000000.00000003,0.0008319999999999998,11.0
1.272484964132309,0.7622529096901417,3.0567248463630684e-06,2048.8149225711823,106000000.00000003,0.00042800000000000005,11.61
1.5239823259413243,0.6371342092752458,3.254184097051621e-06,2677.3005276918407,77600000.00000001,0.0002249999999999999,11.56
1.5314033545553685,0.810460987687111,8.518370211124422e-06,620.464116334915,387000000.0,0.00221,10.46
1.2995268702507021,0.8010088741779328,3.049509227275849e-06,1532.2833992540834,141000000.00000003,0.000602,10.03
1.6525820195674898,0.7904601305723191,9.893705636262895e-06,725.3652364015578,341000000.0,0.00241,12.649999999999999
1.4742872022092344,0.6974280953407288,6.072370130568744e-06,887.6321762800216,278000000.0,0.0007250000000000001,8.02
1.573717761039734,0.8734075605869294,5.478693664073945e-06,709.8507434129714,320000000.0,0.002,8.82
1.512892258912325,0.7503668233752251,6.194554951041938e-06,852.6442497968673,352000000.0,0.0010500000000000002,7.07
1.337561094760895,0.626533591747284,9.010400623083116e-06,1155.9399142861364,192000000.0,0.0004379999999999999,11.15
1.5207156814634801,0.6910076826810837,4.726627051830293e-06,2327.738843858242,106000000.00000003,0.00049,13.7
1.373010975122452,0.6000091731548309,2.8858518600463874e-06,2809.015095233917,68600000.00000001,0.00010100000000000002,9.08
1.462207429111004,0.7878961354494095,8.193525180220605e-06,629.3351501226424,388000000.0,0.00173,9.65
1.4237981021404267,0.6305462300777436,6.137761235237123e-06,2345.1814725995064,98600000.0,0.00031100000000000013,13.52
1.4863746095448733,0.7122153371572495,4.36541759967804e-06,1568.681515753269,146000000.0,0.0005790000000000002,11.35
1.4998528689611705,0.6702264815568925,8.094317093491556e-06,1447.061888873577,169999999.99999997,0.0006900000000000001,13.419999999999998
1.5196150101721289,0.7614859811961652,6.602019555866719e-06,871.9534724950789,382000000.0,0.00118,6.93
1.5073685958981515,0.6278616338968278,3.4973724484443672e-06,456.73507452011097,346000000.0,0.00030799999999999995,0.68
1.2597250878810884,0.606344684958458,7.5593576282262815e-06,2789.5663976669307,83900000.0,0.00020699999999999996,14.04
1.6358321070671082,0.7375081066042185,5.913063168525697e-06,1915.7186076045034,142000000.00000003,0.000921,14.34
1.4104927092790605,0.6210515141487122,3.561317920684815e-06,1750.8632056415079,109000000.00000001,0.00019199999999999992,8.72
1.5617591187357904,0.659175342321396,4.993137031793595e-06,2375.237450003624,100000000.0,0.0004099999999999999,13.54
1.6961979031562806,0.7747477836906911,4.04965478181839e-06,2198.492504656315,118000000.00000001,0.000872,13.579999999999998
1.4540839925408364,0.6608805656433107,8.102125391364099e-06,2537.4862849712367,111000000.0,0.0005039999999999999,15.62
1.4954328551888467,0.680610340833664,4.805254518985749e-06,1960.2814987301824,120000000.0,0.000466,12.61
1.5069144386798146,0.6835358038544656,4.3785320520401006e-06,1938.3230730891225,118000000.00000001,0.0004500000000000001,12.14
1.6205278873443605,0.5951036095619202,2.9953566193580633e-06,2216.875359416008,86300000.0,0.0001679999999999999,8.81
1.357439222931862,0.6071371614933014,4.604682922363282e-06,460.40493249893177,344000000.0,0.0002359999999999999,1.0200000000000002
1.4712130308151246,0.7169328063726426,7.30931717157364e-06,1070.4782903194425,239000000.0,0.0009329999999999999,11.28
1.6318486958742142,0.8705386519432069,3.005099624395371e-06,1036.2747609615324,199000000.00000003,0.0011999999999999997,8.01
1.491672911681235,0.6854281693696976,4.6630645990371715e-06,1897.8987280279396,123000000.00000003,0.000477,12.38
1.5351606197655203,0.8461532503366471,8.301242202520371e-06,580.270767211914,418000000.0,0.0025,9.64
1.6470802724361422,0.7656091399490834,4.069966912269593e-06,2092.518463730812,121000000.0,0.0008080000000000001,13.259999999999998
1.4274963051080705,0.6510817766189576,7.684183165431024e-06,585.3378325700759,371000000.0,0.0006310000000000003,6.22
1.5105370458215477,0.805568289756775,6.3482041750103245e-06,849.0757197141646,297000000.0,0.00152,9.84
1.5097869649529458,0.7007674366235733,4.484773010015489e-06,2154.820293188095,111999999.99999999,0.000512,13.18
1.4065293520689013,0.6327988207340242,8.213040813803674e-06,1188.7627393007276,191000000.0,0.0004669999999999999,10.9
1.372062224149704,0.660590010881424,8.666692405939103e-06,2411.8942320346832,115999999.99999997,0.000486,15.71
1.4104184299707414,0.7647594831883908,7.46102698147297e-06,2449.4674354791637,526000000.00000006,0.0007529999999999999,0.68
1.550507761538029,0.7378497272729875,2.9826685786247258e-06,2394.6097046136856,94600000.00000003,0.0004780000000000001,12.25
1.6762671053409577,0.882264268398285,5.049964204430581e-06,943.0798441171645,250000000.0,0.00196,10.14
1.304474151134491,0.6673030346632004,8.442390084266664e-06,2024.093151092529,132999999.99999997,0.00048199999999999995,14.56
1.3139161169528963,0.8020975559949876,4.951069667935372e-06,2465.4046744108196,416000000.0,0.000639,0.22999999999999984
1.6209053814411165,0.7419205002486706,6.898562584072353e-06,1543.1011766195295,177000000.0,0.00111,13.899999999999999
1.511880235746503,0.6695311009883881,4.927521064877511e-06,1527.7264937758443,145000000.0,0.0004740000000000001,11.21
1.7336479604244233,0.711467170715332,4.983251437544824e-06,2916.843697428703,94700000.00000001,0.00067,15.66
1.2546748280525208,0.685872146487236,9.509537965059281e-06,1725.7547816261647,160000000.00000003,0.000614,14.78
1.5564309418201447,0.8387410461902619,9.05036211013794e-06,556.3741475343703,423000000.0,0.00271,10.41
1.5450923547148705,0.8656800091266633,8.386093944311142e-06,584.1683149337767,438000000.0,0.00268,9.19
1.3701585531234743,0.6211957186460495,5.918765746057034e-06,2775.419011712074,83599999.99999999,0.00024199999999999997,13.76
1.337875306606293,0.8295824557542801,3.1866416633129128e-06,1376.1026337742803,167000000.0,0.000754,9.12
1.5244334131479265,0.6543089300394059,8.392450690269471e-06,1515.3467208147047,161000000.00000003,0.0006280000000000001,13.55
1.4755246058106424,0.683776979148388,9.227665066719056e-06,2263.880141079426,134999999.99999997,0.0006909999999999999,15.95
1.6820048332214357,0.832853525876999,8.054557755589486e-06,764.4837647676467,331000000.0,0.0025,11.46
1.4881923649460078,0.6717153847217561,7.4934770315885555e-06,1279.5381918549535,187999999.99999997,0.0006739999999999999,12.17
1.7015314757823945,0.6501053005456925,9.73419326543808e-06,2915.695264935493,108000000.00000001,0.000648,17.17
1.5521813839673997,0.7858827106654644,8.753334492444994e-06,1795.5082952976225,476000000.0,0.00126,5.04
1.6303005516529085,0.7397332616150379,4.854934707283974e-06,2200.516827404499,120000000.0,0.000776,14.21
1.4945062626153232,0.6555653750896454,8.4508475959301e-06,1986.488804221153,132999999.99999997,0.000563,14.72
1.6812645614147188,0.7818623431026936,9.033969253301622e-06,928.883135318756,281000000.0,0.00205,13.21
1.6473259627819063,0.7657528303563595,5.097912982106209e-06,1706.4345600083468,150999999.99999997,0.00101,13.259999999999998
1.3397973239421845,0.6149322599172593,4.567654162645341e-06,2499.682411551475,83300000.00000001,0.00018000000000000004,11.69
1.6933857858181,0.8569052785634995,5.116191729903222e-06,1109.660521149635,223000000.0,0.00177,11.04
1.584446167945862,0.7187311112880708,7.902404636144639e-06,1541.9899597764013,178000000.00000003,0.0010399999999999997,14.4
1.5296014197170735,0.6468940794467927,6.0870580188930045e-06,1137.4191865324972,187999999.99999997,0.0005059999999999999,10.09
1.3231231033802033,0.6118026584386826,6.487381428480149e-06,880.8254003524779,211000000.0,0.0002959999999999998,7.51
1.6143125474452973,0.8015241533517838,4.104759722948075e-06,1552.1983355283735,160000000.00000003,0.00103,11.55
1.3439965009689332,0.6159315258264542,3.617463648319245e-06,2031.0531109571455,94900000.0,0.00016000000000000004,9.27
1.685687130689621,0.777484030276537,4.0467383265495305e-06,2105.7657077908516,122000000.00000004,0.0008870000000000001,13.35
1.6586154699325564,0.6835441991686821,6.347775181755425e-06,2344.235174357891,113999999.99999999,0.0006710000000000002,15.27
1.2823102891445162,0.5988451480865479,3.001785129308701e-06,1484.4105690717695,120000000.0,0.0001129999999999999,4.81
1.3412515819072726,0.6152185946702957,4.519994527101518e-06,2676.3756126165385,78500000.00000003,0.00017699999999999988,12.06
1.533368367701769,0.6528261423110963,7.288073673844339e-06,1519.3526372313497,155000000.0,0.0005660000000000001,12.83
1.6380709737539292,0.7879514336585999,2.9940928220748907e-06,2572.062864899635,94600000.00000003,0.0006840000000000003,13.21
1.489276122674346,0.7195689126849175,4.039317637681961e-06,1117.2215193510053,216000000.00000003,0.000596,7.28
1.8091384649276736,0.8501678824424744,7.948021396994591e-06,901.9835591316222,284000000.0,0.0027300000000000002,12.64
1.4988659459631892,0.670172479748726,5.737213119864465e-06,1832.569671794772,130000000.0,0.0005000000000000001,12.92
1.4498944357037546,0.7055092155933381,8.403186917304994e-06,699.9153196811675,340000000.0,0.0011,9.66
1.5295647606253626,0.7213869161903859,7.51183630526066e-06,1380.7140961289404,191000000.0,0.0009939999999999999,13.49
1.78014652132988,0.7961468607187272,7.639972999691964e-06,1276.6121253371236,218000000.00000003,0.00191,14.05
1.6659570515155793,0.7896413683891297,8.075555503368378e-06,985.9539121389388,268000000.0,0.00191,12.77
1.5730922117829325,0.6524376064538956,8.326741993427278e-06,1992.1751618385313,130999999.99999999,0.000604,14.94
1.418956956267357,0.6331964671611786,7.972996413707734e-06,1371.6027438640592,167000000.0,0.0004500000000000001,11.77
1.4028448194265366,0.6557109832763672,9.875084131956103e-06,2603.558406233787,111000000.0,0.00048700000000000013,16.41
1.472796691954136,0.6396209746599198,7.274907797574998e-06,1001.115322113037,223000000.0,0.0005129999999999999,9.410000000000002
1.5956373363733294,0.8584327071905137,9.087656229734421e-06,550.2456724643706,431000000.0,0.0029999999999999996,10.39
1.5494111046195032,0.6446352481842041,6.340847818180919e-06,2634.001031517982,96200000.0,0.0004119999999999999,14.829999999999998
1.6739266097545624,0.7298832267522812,8.770243048667908e-06,1519.1635414957998,189999999.99999997,0.0013,14.989999999999998
1.5042576368898155,0.7987059384584427,3.043083012104035e-06,2126.453623175621,111000000.0,0.000677,12.03
1.4269820004701617,0.6413015842437745,7.684627518057824e-06,2480.0803810358043,103999999.99999999,0.0003990000000000001,14.91
1.488859010115266,0.7783454261720181,9.125809848308565e-06,633.7365806102752,367000000.0,0.00192,11.15
1.7701233744621279,0.7593805231153966,6.027997061610223e-06,2112.430587410927,139000000.0,0.00114,15.06
1.742980206012726,0.6702241748571397,3.0066634118556984e-06,2339.791275560856,91900000.00000001,0.00038,11.47
1.4785968191921712,0.7835439048707485,4.15333977341652e-06,1187.3415410518644,221000000.0,0.000842,8.24
1.4319872438907624,0.6818128377199174,5.9434488564729696e-06,712.5190198421477,364000000.0,0.000624,5.06
1.6260820895433428,0.594219321012497,2.996753096580506e-06,2124.3328154087067,89500000.00000001,0.00016999999999999993,8.54
1.5023383225779983,0.6673164457082749,5.523580685257912e-06,987.5417053699492,222000000.0,0.000549,8.56
1.5521349862217904,0.8112885475158692,6.3828625064343226e-06,1585.1642489433286,415000000.0,0.00122,4.76
1.7269447088241578,0.8317994445562363,3.906133264303208e-06,1715.9517733380196,147000000.0,0.00122,12.11
1.276421517133713,0.606201258301735,5.5996746122837075e-06,2874.09733235836,76400000.0,0.00016900000000000004,12.94
1.5716839849948885,0.8300519049167634,3.0707924664020542e-06,1627.4849250912664,139000000.0,0.0008920000000000001,10.61
1.2883148431777955,0.8620659828186036,3.162884652614594e-06,2545.6085354089732,263000000.00000003,0.00057,1.4400000000000002
1.2599439203739167,0.602499282360077,8.745462983846665e-06,1725.4225648939607,124000000.00000003,0.00026199999999999997,12.44
1.7034949064254763,0.8364146411418916,4.691170632839203e-06,1335.110582411289,188999999.99999997,0.00149,11.63
1.7035266637802124,0.6973692744970322,9.871183007955552e-06,1989.944867789745,155000000.0,0.00106,16.46
1.6343661546707156,0.7680804021656514,4.087913751602173e-06,1990.9327402710912,126000000.00000001,0.000823,13.01
1.5378428265452386,0.7580359004437924,2.972023725509644e-06,2329.3779715895653,98400000.00000003,0.0005419999999999998,12.3
1.3883603274822236,0.6363421261310578,7.461028337478639e-06,632.7287405729293,343000000.0,0.0004910000000000001,5.72
1.5539091959595681,0.6457217752933503,7.56566420197487e-06,1606.1083432286975,147000000.0,0.000549,13.23
1.7459876060485842,0.8974114894866945,5.9773807078599935e-06,601.5253365039824,362000000.0,0.00275,8.79
1.4982201956212522,0.8562553882598878,5.251428574323655e-06,719.191014766693,329000000.0,0.00167,7.879999999999999
1.4488232776522638,0.7868822447955609,3.945010364055634e-06,1225.188888609409,238000000.0,0.000785,6.8
1.4090180218219759,0.623168420791626,3.6093457639217383e-06,2751.0178387165065,74300000.00000001,0.00017300000000000009,11.43
1.7495476663112641,0.8649345785379411,2.9865926504135136e-06,1865.630058571696,127000000.00000001,0.00113,11.52
1.3393860876560213,0.6157661765813828,3.6124017834663396e-06,1362.9864454269407,133999999.99999997,0.00017199999999999995,6.74
1.3914704740047457,0.6887691512703896,9.305647492408753e-06,1889.4597906619308,152999999.99999997,0.0007020000000000001,15.26
1.3357873141765595,0.7264725476503373,9.489825397729875e-06,2027.341231703758,450000000.0,0.000763,4.74
1.3042022287845614,0.6133960247039796,9.179674983024599e-06,1561.7320984601972,141000000.00000003,0.0003400000000000001,12.72
1.4648714348673821,0.6258899956941605,4.4541018307209025e-06,896.0883617401122,205999999.99999997,0.00030300000000000005,6.09
1.496757659688592,0.6814798146486283,4.771264150738717e-06,1368.3057874441145,161000000.00000003,0.000517,10.56
1.4524420201778414,0.6585502445697785,6.216719463467599e-06,719.8687195777892,309000000.0,0.0005310000000000001,6.14
1.4795268282294274,0.6892450913786888,5.172058016061784e-06,1058.9176714420316,211000000.0,0.000598,9.08
1.5263468228280546,0.6515894293785096,8.417275816202164e-06,1532.285839319229,159000000.00000003,0.000613,13.55
1.4737443566322328,0.8257643938064576,3.8638790845870975e-06,1182.994686067104,278000000.0,0.000939,5.54
1.4707871720194818,0.6271718323230744,3.5506096482276924e-06,1746.1820896714923,111000000.0,0.00022300000000000013,9.08
1.4142994344234467,0.6333552986383438,8.115904912352563e-06,1187.46380507946,191000000.0,0.00047000000000000004,10.87
1.674567872285843,0.677816927433014,8.47270828485489e-06,1959.6227183938024,142000000.00000003,0.0008539999999999998,15.65
1.4579158455133439,0.6975633278489114,5.556033968925477e-06,796.9124168157576,309000000.0,0.0006620000000000002,6.3
1.2636457443237306,0.6053784191608429,7.701680749654772e-06,1651.1916760355232,126000000.00000001,0.000244,11.58
1.5869524866342546,0.6748768866062165,9.409526079893113e-06,1842.8433891385791,151999999.99999997,0.0008250000000000002,15.56
1.4805509984493257,0.7676576279103756,9.257218062877657e-06,1877.3126434534786,504999999.99999994,0.0010500000000000002,4.25
1.3916250228881837,0.7297123789787293,3.0441974401474003e-06,2442.1579688787456,90399999.99999997,0.00038,12.21
1.247059589624405,0.6077488571405412,9.394141256809237e-06,2706.8332880735393,91100000.0,0.00024199999999999997,14.78
1.4978518229909243,0.6417569518089296,3.2154108881950385e-06,2048.968367278576,97500000.00000001,0.00024199999999999997,9.95
1.2884053945541383,0.6081965535879136,4.668152123689652e-06,2506.6807419061656,82000000.0,0.00015399999999999998,11.34
1.5948718070983887,0.832499983906746,5.133834823966027e-06,1047.9287356138227,236000000.00000003,0.00151,10.41
1.4521538347005845,0.6269760131835939,4.46353566646576e-06,2037.1533110737798,102000000.0,0.000255,11.22
1.4549098178744317,0.6751959621906282,8.323365330696108e-06,676.1641353368758,335000000.0,0.000872,8.89
1.6897129118442538,0.8603212594985963,8.775646626949312e-06,601.298838853836,395000000.0,0.00308,10.91
1.4455977335572243,0.6618091195821763,3.388563424348832e-06,707.9957723617553,258000000.0,0.00034500000000000004,3.54
1.8043235421180728,0.9010962724685669,8.099634721875192e-06,646.3002711534499,376000000.0,0.00364,10.75
1.536666948348284,0.6852909654378891,8.405493795871736e-06,1548.2232645153997,168000000.0,0.000833,14.41
1.4231605052948,0.6313071370124818,7.001783221960069e-06,1344.3980291485784,163000000.0,0.0004099999999999999,11.17
1.5372659571468832,0.7992164433002472,3.4183805286884314e-06,856.3621640205382,303000000.0,0.000848,3.9200000000000004
1.6140364587306977,0.649392494559288,6.301038699224592e-06,2328.2989785075188,106000000.00000003,0.00048399999999999995,14.52
1.4546996131539347,0.777278957515955,4.402752816677094e-06,1108.3492934703825,223000000.0,0.0008459999999999997,8.71
1.5001255509909244,0.7591595940291882,7.365847691893578e-06,965.1062935590743,271000000.0,0.0012899999999999997,11.22
1.7783660709857942,0.7530869163572789,6.065820544958116e-06,2271.3961005210876,131999999.99999999,0.00109,15.37
1.489864057302475,0.7850140504539014,4.111103743314744e-06,1349.5803177356718,176000000.0,0.000853,10.43
1.563375820219517,0.7008079558610917,8.173256650567057e-06,1580.8880068361757,169999999.99999997,0.000928,14.56
1.6639610767364503,0.7852279745042324,3.727474302053452e-06,2065.725989639759,123000000.00000003,0.0008539999999999998,12.63
1.3575397968292238,0.6233298540115357,8.136261686682702e-06,1246.4525103569028,175000000.0,0.000396,11.05
1.6032629817724229,0.8274939715862275,7.135838881134988e-06,796.5804189443587,317000000.0,0.00207,10.71
1.6164794415235522,0.8333769947290421,6.483391264453531e-06,873.3494877815245,288000000.0,0.00193,10.72
1.7535518646240236,0.8151977241039277,8.03594209253788e-06,985.3965342044829,269000000.0,0.00228,12.98
1.4616805493831635,0.5980736017227173,2.9504240155220037e-06,2726.7614305019374,71500000.00000001,0.0001200000000000001,9.27
1.518366438522935,0.6580713987350465,5.910838171839715e-06,1621.424352750182,141000000.00000003,0.0004889999999999999,12.25
1.3967733532190325,0.6207668602466584,4.681716352701188e-06,2132.4621066451073,97500000.00000001,0.0002249999999999999,11.34
1.6778074085712433,0.8838684976100922,6.968470439314843e-06,636.8447393178939,364000000.0,0.0028,9.85
1.460814289748669,0.6326310575008393,3.28464561700821e-06,1657.0424679666755,114999999.99999997,0.00021999999999999998,8.42
1.4751925975084306,0.6408477813005448,3.4296370446681983e-06,2397.350624203682,86200000.00000001,0.00023700000000000004,11.25
1.6847851574420931,0.8875016748905182,4.196473270654679e-06,1070.7880109548566,229000000.0,0.0016800000000000003,9.23
1.6306402266025544,0.6656199932098389,6.915250580757858e-06,2158.5538908839226,119000000.0,0.0006159999999999999,14.96
1.788875073194504,0.7969333112239838,4.981838896870614e-06,1908.7180420756338,143000000.00000003,0.00128,14.04
1.5810667097568514,0.6396249800920487,7.655086100101472e-06,1865.6452391296623,129000000.0,0.000517,14.01
1.720796835422516,0.7413392655551434,5.137639150023462e-06,2562.388509511947,111000000.0,0.0008340000000000001,15.18
1.6993581533432007,0.691359655559063,8.827175676822663e-06,2646.3234722614284,122000000.00000004,0.0008170000000000001,16.77
1.4500755339860918,0.6755785793066026,3.2777306139469155e-06,2791.7857021093364,79200000.0,0.0002929999999999999,12.52
1.5779623299837113,0.7174966759979725,3.3178614974021916e-06,1207.2182744741438,260999999.99999997,0.00048700000000000013,3.5299999999999994
1.408013740181923,0.6568161606788636,6.650407236069442e-06,642.4012333154677,364000000.0,0.0005530000000000001,5.16
1.7309236764907838,0.7903072267770768,4.058729380369187e-06,2121.1042553186417,123000000.00000003,0.000987,13.5
1.629311200976372,0.8206591665744782,7.073547840118409e-06,874.7914731502532,293000000.0,0.00199,11.24
1.497103661019355,0.7512340910732747,4.9060902297496804e-06,1399.754501879215,169999999.99999997,0.000822,11.71
1.4002079397439957,0.6956126511096955,8.96989631652832e-06,1165.2116402983663,213000000.0,0.0008780000000000001,13.2
1.4780071154236796,0.7011740237474442,5.47908690571785e-06,1873.8451618701217,131999999.99999999,0.0006010000000000002,13.4
1.4789043925702574,0.7962549358606339,7.4487795382738126e-06,691.7643845081328,395000000.0,0.0016,8.47
1.675074702501297,0.6000476628541946,2.989381849765778e-06,2667.587876319885,74500000.0,0.0001860000000000001,10.29
1.5085280114784838,0.6330876857042314,6.060374982655049e-06,2835.223853588104,87499999.99999997,0.0003310000000000001,14.57
1.5057482728734615,0.6358964323997498,5.198796883225442e-06,1297.3458990454671,157000000.0,0.000378,9.87
1.4661719463765623,0.7128477014601231,5.3634686470031745e-06,848.2905030250548,305000000.0,0.0007120000000000001,6.4
1.352096673846245,0.6225774586200714,9.145554959774019e-06,656.3666760921477,316000000.0,0.0004979999999999999,7.59
1.219174933433533,0.8211337208747864,3.70673617720604e-06,2504.316002130508,312000000.0,0.0005259999999999999,1.2199999999999998
1.4377418741583825,0.6750773459672929,3.3276372551918037e-06,1177.2628426551817,160000000.00000003,0.000354,7.55
1.5448063462972643,0.6452820450067521,5.22814053297043e-06,1124.7410923242567,183000000.0,0.00044899999999999996,9.19
1.709127348661423,0.7859882108867169,9.359939664602281e-06,909.298539161682,287000000.0,0.0022,13.39
1.482105802372098,0.7840502254664898,4.26346454024315e-06,1144.7931006550787,244000000.00000003,0.0008619999999999999,7.47
1.3069708228111268,0.6127061605453492,9.345411211252213e-06,905.8951884508132,222000000.0,0.00039500000000000006,9.69
1.341779172420502,0.6031791239976884,2.927523791790009e-06,2336.6863951087,80000000.00000001,0.00010500000000000006,7.93
1.6764304697513581,0.6778660565614701,8.467832505702974e-06,2255.516901612282,130000000.0,0.000801,16.09
1.7212084472179414,0.6940097317099572,9.249943405389788e-06,2388.8723850250244,133999999.99999997,0.000921,16.65
1.462399984896183,0.7153639420866967,6.1666293442249306e-06,1321.8786865472791,185000000.0,0.00077,12.01
1.2682950675487519,0.6049566060304642,6.652060311287642e-06,972.3668098449706,189999999.99999997,0.00024699999999999993,7.76
1.522867523878813,0.6792043268680573,4.372513890266419e-06,1226.647078990936,176000000.0,0.0004979999999999999,9.090000000000002
1.3915361791849137,0.6331785947084427,7.885007187724115e-06,2442.15640425682,102999999.99999999,0.00036200000000000007,14.75
1.4353208094835284,0.6278749823570252,5.400441706180573e-06,619.1349327564238,301000000.0,0.000374,4.56
1.3990822434425356,0.8287137776613236,3.119526058435441e-06,1069.5066601037977,198000000.00000003,0.0008139999999999999,7.7
1.51128750666976,0.7186479650437833,6.936071056872607e-06,863.8866543769835,377000000.0,0.0009360000000000001,6.66
1.3951688647270204,0.7297991484403611,3.055211335420609e-06,2355.4455414414406,93199999.99999997,0.000385,12.0
1.2642163932323458,0.7651503525674344,3.0149513185024266e-06,1577.1524533629415,130000000.0,0.00045999999999999996,10.09
1.6331054359674455,0.7447999343276025,9.161820143461229e-06,1172.5649163126943,232999999.99999997,0.00153,14.11
1.595233029127121,0.7552136354148389,4.12540563941002e-06,1972.8589355945585,125000000.00000001,0.0007460000000000001,12.91
1.3870478063821794,0.6204890459775925,5.408521726727486e-06,1664.126172661781,123000000.00000003,0.0002669999999999999,10.74
1.6101178765296937,0.6239536106586456,8.066232025623323e-06,2914.537295699119,93000000.0,0.00042800000000000005,15.85
1.64208742082119,0.7756874106824398,4.765750110149384e-06,1654.289040714502,152999999.99999997,0.00102,12.79
1.47194896414876,0.785693521052599,5.095625087618829e-06,995.4116046428679,252999999.99999997,0.00103,8.92
1.6297654777765276,0.6656052500009537,7.737064465880395e-06,2295.947887003422,120000000.0,0.000657,15.66
1.744812297821045,0.8959318935871126,8.049789100885392e-06,608.848065137863,379000000.0,0.00335,10.58
1.5796209186315537,0.660471448302269,8.015738025307656e-06,1762.066354975104,143000000.00000003,0.0006620000000000002,14.48
1.4789578378200532,0.6258943051099778,3.567198187112809e-06,1366.7381107807157,137000000.0,0.0002339999999999999,7.52
1.7104544520378113,0.8508830130100251,6.139253076165915e-06,985.1547628641127,254000000.00000003,0.00207,11.43
1.4403398349881174,0.6426913261413575,7.803005144000055e-06,801.9288182258605,289000000.0,0.000554,7.799999999999999
1.389600893855095,0.8094548016786576,9.424177408218385e-06,1188.7137889862058,804000000.0,0.00148,0.47000000000000003
1.5129201237112284,0.678706768155098,4.7290672361850745e-06,2188.2573813199997,109000000.00000001,0.00044600000000000005,13.1
1.3049508690834046,0.6135823845863343,9.109160810709001e-06,1932.051062583923,119000000.0,0.00031699999999999995,13.72
1.444269660115242,0.8180926054716111,3.0513686239719397e-06,1327.3410424590109,158000000.0,0.0007719999999999999,9.39
1.4606495529413224,0.6882019668817521,5.81935065984726e-06,1684.983607381582,143000000.00000003,0.000574,12.84
1.6341790169477464,0.7674318261444569,4.067430347204209e-06,2007.0891380310056,125000000.00000001,0.0008149999999999999,13.02
1.6360204249620438,0.6879818737506868,6.360955361276866e-06,2263.649620115757,118000000.00000001,0.0006830000000000001,15.11
1.502151026716456,0.8273499906063081,4.74846312403679e-06,973.4794050455092,248000000.0,0.00127,9.1
1.6876934409141542,0.5963028252124787,3.028173416852952e-06,2105.616882443428,90800000.00000003,0.00019599999999999997,8.88
1.4794016517698767,0.7629720859229565,4.2569409012794504e-06,1373.1989189982412,168999999.99999997,0.000773,10.82
1.7603875637054445,0.8472092986106873,6.651988938450814e-06,1018.1986838579177,251000000.0,0.00223,12.19
1.2947094082832338,0.6712325870990754,8.506696254014971e-06,2071.926288306713,131999999.99999999,0.000492,14.82
1.7376794636249544,0.8364138454198838,2.983205139636994e-06,2135.9156742691994,112999999.99999999,0.0009679999999999999,12.2
1.5018863264936955,0.6514445185661316,8.960833191871644e-06,2643.8112854957576,109000000.00000001,0.0005189999999999999,16.26
1.575239396095276,0.7345408011227846,6.352689098566771e-06,1587.2553102672098,166000000.0,0.0009530000000000001,13.579999999999998
1.514733587577939,0.817597594857216,4.789752557873726e-06,922.3160445690154,369000000.0,0.00116,4.98
1.7833968937397005,0.7913833379745484,3.969245523214341e-06,2446.2609291076656,110000000.0,0.0009700000000000002,14.16
1.7463193237781527,0.8408279657363892,5.98495201766491e-06,1138.5673210024831,224999999.99999997,0.00194,12.2
1.7043197929859162,0.8514225125312805,4.107209920883179e-06,1429.5797348022459,174000000.0,0.0014,11.24
1.6718978762626648,0.6010244876146317,2.9871650934219366e-06,2760.0563615560527,72400000.00000001,0.00018400000000000008,10.48
1.4246789753437044,0.8086662590503694,3.5542074441909798e-06,722.5041389465331,356000000.0,0.0008080000000000001,2.7999999999999994
1.5848142385482789,0.8446666002273561,5.713564381003381e-06,1867.007168009877,466999999.99999994,0.0011999999999999997,1.9999999999999998
1.2710320472717287,0.7402053393423558,8.156066462397576e-06,2458.58784019947,497000000.0,0.0006280000000000001,1.7500000000000002
1.5271134272217752,0.7651714481413365,2.9218435883522038e-06,2727.2668778896327,87600000.00000001,0.0005400000000000001,13.39
1.642578560113907,0.6634030759334565,7.829864591360093e-06,2099.2525592446327,127000000.00000001,0.0006830000000000001,15.38
1.4861654285341503,0.7483213372528553,5.654094249010087e-06,951.6856372356414,280000000.0,0.000923,8.27
1.5590469315648081,0.7115544855594635,4.310810416936875e-06,2406.6043198108673,102999999.99999999,0.0005479999999999999,13.85
1.3138280868530274,0.6753125846385957,9.305975019931795e-06,2087.289683520794,136000000.0,0.000558,15.439999999999998
1.3846589505672455,0.8087776064872743,3.24036055803299e-06,899.9817371368407,265000000.0,0.000774,5.23
1.5166215285658837,0.644551295042038,4.94939823448658e-06,871.4507073163985,233999999.99999997,0.00041999999999999996,6.58
1.3531606882810594,0.6234580636024476,8.03752225637436e-06,2047.2425520420072,113999999.99999999,0.0003349999999999999,13.77
1.5129886228591205,0.6364219218492508,5.536279469728471e-06,2059.7257390618324,109000000.00000001,0.0003530000000000001,12.71
1.354840475320816,0.6230528265237809,8.174267604947091e-06,1332.184702157974,165000000.0,0.0003879999999999999,11.48
1.5881934911012652,0.8617643773555757,4.176379561424256e-06,1067.6077306270597,228000000.0,0.0014099999999999998,9.1
1.3847970575094224,0.6344631403684616,6.625169545412064e-06,593.6817377805709,359000000.0,0.0004379999999999999,4.37
1.508332839421928,0.7970305770635605,2.9962924718856817e-06,1485.4877740144727,140000000.0,0.0007179999999999999,10.12
1.5382313042879106,0.6437662929296494,7.6710714250803e-06,2196.915626525879,115999999.99999997,0.000486,14.7
1.4977580864913762,0.8319652765989304,6.251062601804734e-06,725.2276241779326,337000000.0,0.00174,8.98
1.4568999320268632,0.7218626819550992,5.507227778434754e-06,1208.4129378199575,195000000.0,0.000741,10.88
1.5391026601195337,0.665984371304512,8.755313426256181e-06,1624.2878716439006,158000000.0,0.0007269999999999998,14.52
1.632307827472687,0.868097448348999,3.0026744604110725e-06,1242.7846267819402,171999999.99999997,0.00115,9.16
1.4885644286870958,0.6370602071285248,6.674698721617461e-06,2239.7011443972588,107000000.00000001,0.0003860000000000001,13.97
1.4277120172977449,0.645231780409813,8.79206493496895e-06,1086.2248688936231,214000000.00000003,0.0005930000000000001,11.26
1.637601363658905,0.7433094710111618,5.141931951045991e-06,2056.955762207508,129000000.0,0.0008449999999999999,14.15
1.4284080013632776,0.8827319383621217,3.3059426248073584e-06,2458.829760551452,294000000.0,0.0007569999999999999,1.1500000000000001
1.7193303465843202,0.8481148570775986,3.7363797128200537e-06,1661.0509268939493,151999999.99999997,0.00125,11.48
1.484187949821353,0.6311863481998444,8.680907517671586e-06,2770.15346288681,98299999.99999999,0.00041799999999999997,15.94
1.4711326003074647,0.7030527502298356,6.41542607638985e-06,1593.679219484329,157000000.0,0.000708,13.27
1.4934342529624702,0.6500819653272629,7.537378862500192e-06,2603.1937748193736,102999999.99999999,0.00045399999999999987,15.34
1.6104610830545427,0.6516904413700104,3.0554522871971135e-06,2609.384089708328,81600000.0,0.00029200000000000005,11.77
1.5684879764914514,0.6451472014188767,4.324018955230714e-06,2910.4989320039745,79700000.0,0.00030599999999999996,13.54
1.5209982700645925,0.6521718442440033,3.1700416505336767e-06,1865.1440571993587,107000000.00000001,0.0002819999999999999,9.58
1.437885653972626,0.7356274086982012,9.32275339961052e-06,846.6391563415526,287000000.0,0.0013800000000000002,12.43
1.6748421728610994,0.6762293726205827,5.59913356602192e-06,2833.978340029716,95300000.0,0.000558,15.57
1.355192068219185,0.6228535652160645,8.427627563476563e-06,977.0872741937636,222000000.0,0.00042600000000000005,9.45
1.5429822340607644,0.8338612139225007,5.4535325616598135e-06,2086.8904441595078,450000000.0,0.00103,1.4799999999999998
1.512289619073272,0.6508761942386628,7.354176342487336e-06,2485.4085892438884,106000000.00000003,0.000466,15.13
1.510171613842249,0.6333251059055329,4.460114359855652e-06,1556.62589892745,129000000.0,0.0003129999999999999,10.020000000000001
1.4814208209514619,0.6398962676525116,3.4411082267761235e-06,2134.599454700947,95399999.99999999,0.0002449999999999999,10.55
1.5992371112108232,0.8628880083560945,3.2034457027912144e-06,715.0963991880416,359000000.0,0.0011999999999999997,3.07
1.689911484718323,0.7785694174468518,5.062561601400376e-06,1701.756349764764,152999999.99999997,0.00112,13.34
1.2706251204013825,0.6072492510080338,6.695508558303119e-06,2034.5608443021772,103999999.99999999,0.00020899999999999998,11.97
1.68506138920784,0.736155914515257,5.670311555266381e-06,2270.8395794034004,125000000.00000001,0.000882,14.97
1.4680344186723233,0.6733840137720108,8.115186229348184e-06,991.1880195140837,241000000.0,0.000769,11.0
1.2996034383773805,0.6092555075883865,3.68454921245575e-06,2497.11725115776,78500000.00000003,0.00012999999999999996,10.12
1.5088634597137571,0.7439331248402596,7.656081408262255e-06,924.7966408729552,405000000.0,0.00118,7.16
1.5468251243233682,0.6422559946775437,5.96219688653946e-06,2632.7625215053554,93900000.0,0.00038400000000000006,14.509999999999998
1.506415429338813,0.6587999492883683,6.279085971415044e-06,1001.7408728599547,222000000.0,0.0005719999999999999,9.26
1.3667248249053956,0.664619341492653,9.555643409490587e-06,2314.798451960087,123000000.00000003,0.0005250000000000001,15.919999999999998
1.750602686405182,0.8966637611389161,4.307780057191849e-06,708.778753876686,374000000.0,0.00203,5.31
1.4607085660099985,0.6397463679313661,8.507972985506058e-06,1290.4810458421705,182000000.0,0.0005400000000000001,11.98
1.575711473822594,0.7996307194232941,7.0892256647348415e-06,2181.732125580311,566000000.0,0.0010399999999999997,0.47000000000000003
1.5048699209466578,0.6360910803079606,4.388315737247468e-06,2894.909039139747,78300000.0,0.0002630000000000001,13.27
1.5792416095733643,0.7816173903644086,8.866549491882325e-06,769.4765478372573,325000000.0,0.00199,11.95
1.3099082350730897,0.7985253542661668,3.0420034229755407e-06,1621.665285900235,133999999.99999997,0.000592,10.39
1.6018108159303666,0.8586863815784455,6.985704645514489e-06,1297.889046370983,464000000.0,0.00174,4.88
1.3546101897954943,0.7351950511336327,9.396808207035066e-06,522.308975458145,408000000.0,0.0014,9.72
1.3984554916620255,0.7003226056694986,8.911671519279481e-06,855.4885834455489,276000000.0,0.00101,11.55
1.3480471551418305,0.6226968169212341,8.276615887880326e-06,1679.142082110047,134999999.99999997,0.00036099999999999994,12.87
1.491633657552302,0.7577278621494771,6.940214514732362e-06,971.7290401458739,270000000.0,0.00119,10.660000000000002
1.307829648256302,0.612519845366478,8.382623612880707e-06,1826.6171421855686,121000000.0,0.00029999999999999987,13.02
1.4876605052500964,0.7393722698092461,6.48868027329445e-06,1159.5411151647565,220000000.0,0.0009739999999999999,11.48
1.5165206015110018,0.7563446715474129,3.305279225111008e-06,755.4067224264144,300000000.0,0.000686,3.7399999999999993
1.491937984339893,0.849057224392891,6.101928185671569e-06,670.55906355381,356000000.0,0.00186,8.51
1.4799492157995702,0.7491927936673165,4.7889484465122235e-06,979.6477407217025,309000000.0,0.000787,5.71
1.6842351973056795,0.663617017865181,3.049528002738953e-06,1628.3374112099407,126000000.00000001,0.00037499999999999985,8.94
1.407096040248871,0.7066828697919846,3.068470776081086e-06,1374.3266016244886,141000000.00000003,0.00039000000000000016,8.71
1.2710408449172974,0.6075435787439347,6.650256849825383e-06,2411.0964238643646,91000000.0,0.00019900000000000012,12.809999999999999
1.5657979890704157,0.6396220207214356,5.989068433642388e-06,2846.1267352104182,89200000.0,0.000374,14.79
1.4135692477226258,0.631390330195427,6.933507058769466e-06,2437.904357910156,98899999.99999997,0.00033400000000000004,14.27
1.6949266433715822,0.7238938719034196,7.85212790966034e-06,1822.9801971465347,161000000.00000003,0.00112,15.29
1.5524660870432856,0.6428598403930664,6.08427692949772e-06,1884.6803177148101,122000000.00000004,0.00043399999999999987,12.95
1.4120665848255158,0.770502857118845,8.747226417064669e-06,571.8107074499129,407000000.0,0.00163,9.56
1.4193499892950059,0.6859624117612839,4.855306878685952e-06,774.3279933929442,364000000.0,0.0005069999999999999,3.0400000000000005
1.658100736141205,0.7626472212374211,5.107187539339066e-06,1794.525237753987,145000000.0,0.000989,13.55
1.6612552642822267,0.7848896898329258,8.932323276996613e-06,880.3750127553939,293000000.0,0.00207,12.84
1.5387061938643456,0.6458508163690567,6.045122213661672e-06,1503.2760724425314,147000000.0,0.0004669999999999999,11.78
1.6920920312404635,0.8807646811008454,2.9903318881988533e-06,827.5062143802642,240000000.0,0.00137,6.54
1.3548020750284195,0.6454715698957444,8.709113061428071e-06,1506.7183524370191,163000000.0,0.00048399999999999995,12.809999999999999
1.5279805339872838,0.7164739452302457,5.048437342047692e-06,2049.7322008013725,123000000.00000003,0.000644,13.76
1.4801286891102792,0.7129012271761895,5.726007714867593e-06,1654.9361888319252,149000000.0,0.000697,13.11
1.423192521929741,0.618826773762703,4.559194773435593e-06,889.9713605642318,204000000.0,0.000268,5.85
1.4008604854345323,0.62078155875206,4.6673823297023785e-06,2041.4853394031522,101000000.0,0.00022800000000000007,11.09
1.5109950788319113,0.6335405856370927,4.449330568313599e-06,1461.8270769715307,136000000.0,0.0003179999999999998,9.64
1.5586243718862536,0.6420466661453248,6.07132063433528e-06,1982.5474098324773,116999999.99999997,0.0004269999999999999,13.19
1.4904333606362343,0.7856288306415081,7.290505513548852e-06,735.7733249664306,395000000.0,0.00148,8.06
1.4963267527520658,0.7009923353791238,7.683927819132807e-06,1465.8313915133474,176000000.0,0.0008390000000000001,13.73
1.2988216102123262,0.6581570595502854,9.775932580232622e-06,2432.8945130109782,114999999.99999997,0.0004449999999999999,15.99
1.4886638559401038,0.7276021264493466,6.479018980637194e-06,971.5111106634139,269000000.0,0.000921,9.46
1.412469953298569,0.621286341547966,3.5329961776733407e-06,1181.6427037119863,153999999.99999997,0.00020600000000000007,6.13
1.7204737007617952,0.6934282511472702,6.989107072353364e-06,2782.020896673202,108000000.00000001,0.000739,16.5
1.4916949884966018,0.636832880973816,7.900117158889771e-06,1767.8387761116026,134999999.99999997,0.00046800000000000005,13.5
1.5975578516721727,0.8576791048049928,3.1261615157127385e-06,832.7833116054534,268000000.0,0.00115,5.47
1.598493540287018,0.7778527982532979,8.680544942617418e-06,2119.275100529194,635000000.0,0.00112,0.7999999999999997
1.5696220993995669,0.6804077088832856,4.784917771816254e-06,2571.14890217781,96399999.99999999,0.0004690000000000002,14.25
1.4631560884416104,0.8078941851854325,3.075320482254029e-06,1867.0365791767833,124000000.00000003,0.0007089999999999999,11.26
1.41613227725029,0.6321206331253052,6.924912746995689e-06,2257.824458181858,105000000.00000003,0.00034500000000000004,13.92
1.5048857605084778,0.7711598955094815,3.969491064548493e-06,1461.8559479713438,164000000.0,0.000774,10.53
1.7231627941131593,0.6892089486122132,7.1988496482372295e-06,2275.505095720291,125000000.00000001,0.0008250000000000002,15.8
1.7600803434848786,0.6169725179672242,3.016074508428574e-06,630.7090371847152,296000000.0,0.00031600000000000004,0.6300000000000001
1.6667144894599917,0.6770163238048554,6.508989913389088e-06,2638.8774365186687,105000000.00000003,0.0006280000000000001,15.87
1.5850827723741532,0.6563583612442018,8.111687526106836e-06,1783.9969806373117,141000000.00000003,0.000646,14.52
1.4540503621101382,0.6920104444026948,6.458889845758678e-06,1481.4843162894247,164000000.0,0.0006540000000000001,12.649999999999999
1.2377321898937226,0.6498326271772386,9.062595576047898e-06,2109.612889587879,120000000.0,0.000387,15.0
1.4735292345285418,0.6829181760549546,7.750921383500101e-06,1381.2543377280233,179000000.00000003,0.0007240000000000001,13.06
1.6569363534450532,0.7331832133233548,5.165270060300828e-06,2376.7817318439484,115999999.99999997,0.0007839999999999999,14.79
1.3855679959058762,0.6201991081237793,5.741066992282868e-06,1281.7469164729116,155000000.0,0.00030200000000000013,9.63
1.4149481356143954,0.6947020679712296,4.441473662853242e-06,743.9978718757628,346000000.0,0.0004850000000000001,2.86
1.391787260770798,0.6559101819992066,9.006142765283587e-06,755.3973346948623,290000000.0,0.0007269999999999998,9.96
1.6606558263301852,0.6849992707371713,8.314466387033464e-06,2683.2302957773204,115999999.99999997,0.000732,16.59
1.5170520555227995,0.7213590681552887,4.09909600019455e-06,1872.4463898688552,125000000.00000001,0.000574,12.14
1.513929242268205,0.7355236731469632,3.1903731822967537e-06,2159.025587141514,159000000.00000003,0.0004119999999999999,6.58
1.6372746616601945,0.6716690987348557,3.1567402780056006e-06,546.3584065437316,350000000.0,0.0004449999999999999,0.8499999999999996
1.4451692193746568,0.6280119806528092,4.419482797384263e-06,2320.242665708065,91699999.99999999,0.000246,11.91
1.6340602308511736,0.7986987411975861,6.204599119722844e-06,1148.2803449034689,229000000.0,0.00152,11.91
1.4266099467873574,0.6187270849943162,4.5443335771560675e-06,787.8802269697188,227000000.00000003,0.00027299999999999997,5.03
1.515293237194419,0.7121335789561273,3.822307914495469e-06,1856.3910033553836,122000000.00000004,0.000508,11.47
1.4409167423844338,0.7062978386878968,9.324540823698045e-06,1169.4982573390005,218000000.00000003,0.00103,13.739999999999998
1.4617862462997437,0.7182839870452882,7.787248671054841e-06,1037.568852305412,246000000.0,0.000999,11.62
1.5480565354228022,0.7433246769011022,4.180064350366593e-06,1864.2040546983478,129000000.0,0.0006850000000000001,12.54
1.524362875521183,0.7491769418120385,6.362505562603475e-06,1238.7608289718626,207999999.99999997,0.0010500000000000002,12.03
1.634452745318413,0.6853543683886528,4.6342002451419834e-06,2839.9785906076427,90500000.00000001,0.000501,14.86
1.3992979288101197,0.6784107595682145,9.245670318603516e-06,2230.0663515925407,132999999.99999997,0.0006159999999999999,15.79
1.4596737653017045,0.8486822962760926,3.328425198793412e-06,1104.9239635467527,228000000.0,0.000969,6.949999999999999
1.7962067127227785,0.7981937795877457,7.77948032319546e-06,1280.321769416332,219000000.0,0.00198,14.18
1.4346641153097155,0.6292292654514313,5.321668937802315e-06,2246.945045888424,98400000.00000003,0.00028399999999999996,12.61
1.3519597649574282,0.6139584749937058,4.619176119565965e-06,1667.193269357085,116999999.99999997,0.0002,9.35
1.4646273180842402,0.685942867398262,7.714330404996873e-06,1298.6546307802198,189999999.99999997,0.000743,12.66
1.4149294674396515,0.685994839668274,5.657976388931276e-06,785.704880952835,370000000.0,0.0005930000000000001,4.33
1.3400834798812868,0.688799898326397,9.30647611618042e-06,833.9941799640654,273000000.0,0.0009090000000000001,11.7
1.4934983314946295,0.7092385590076448,4.758788272738458e-06,1914.932422339916,126000000.00000001,0.0005790000000000002,12.98
1.7238236904144288,0.6905107766389847,8.212631300091745e-06,2453.457668423652,125000000.00000001,0.000851,16.46
1.4140529304742815,0.6307205915451051,7.053089678287507e-06,1873.7258967012165,122000000.00000004,0.00036700000000000003,13.07
1.2703788042068482,0.665667673945427,8.683731764554979e-06,2047.0334142446516,130000000.0,0.0004610000000000001,14.86
1.7610119462013247,0.8351759523153306,8.792083710432054e-06,774.0260958671569,327000000.0,0.00281,12.28
1.6126057952642443,0.7967759549617768,7.005373507738114e-06,1001.0735243558883,261999999.99999997,0.0016800000000000003,11.77
1.4894389171153308,0.7670740686357022,3.5045332014560706e-06,691.5780454874038,353000000.0,0.0006999999999999999,2.3799999999999994
1.4092054098844529,0.6924856871366502,8.90377289056778e-06,1202.4499401450155,206999999.99999997,0.000851,13.259999999999998
1.2764858007431032,0.5975683450698853,3.0431059598922737e-06,1298.4891533851621,137000000.0,0.00011499999999999992,3.8
1.6027089536190033,0.6962283790111542,9.196961969137194e-06,1529.8823565244672,178000000.00000003,0.00103,15.03
1.5708985403180125,0.8028277963399888,2.879164874553681e-06,1711.8713743984697,130000000.0,0.000736,10.48
1.4758201807737352,0.7996221274137497,9.214366406202317e-06,1449.2015838623045,580000000.0,0.00135,3.7399999999999993
1.5360507868230344,0.7483794629573822,7.3544952124357235e-06,1149.1819396615026,230000000.0,0.00121,12.4
1.3675684154033663,0.6871258735656739,9.110532253980638e-06,1962.3202383518217,148000000.0,0.000658,15.23
1.3335747420787813,0.6120862394571305,5.566829442977906e-06,1178.9652630686758,161000000.00000003,0.00024699999999999993,8.35
1.6114449977874756,0.859702742099762,6.6835861913859855e-06,1459.2860564589498,517000000.0,0.00157,2.92
1.3875398218631745,0.6223363280296326,5.361740782856942e-06,2885.0455135107036,78999999.99999997,0.00022699999999999993,13.55
1.6278330534696581,0.6833742409944535,5.7262908071279536e-06,2460.3406637907024,106000000.00000003,0.0005930000000000001,15.0
1.5735408782958986,0.6429828554391862,5.39526353776455e-06,2349.9938771128654,99600000.0,0.00038299999999999993,13.55
1.7321577072143557,0.8379344075918198,3.01965019106865e-06,2080.800563097,115999999.99999997,0.000984,12.07
1.6708819448947907,0.6784660130739213,6.44684401061386e-06,2754.2710602283473,102000000.0,0.000618,16.0
1.4856065075844527,0.8161354780197144,3.3876434266567234e-06,808.7493777275084,304000000.0,0.000885,4.22
1.4232974857091905,0.7766642399132252,8.548549681901933e-06,588.8465344905852,409000000.0,0.00165,9.36
1.6247646600008012,0.7945234447717667,3.010534286499024e-06,2382.505491375923,101000000.0,0.000714,12.76
1.5973444640636445,0.7282398886978627,7.353505223989488e-06,1567.4809850752351,175000000.0,0.0010500000000000002,14.189999999999998
1.610304880142212,0.8784253120422364,6.035878948867322e-06,664.3107086420058,342000000.0,0.00231,9.17
1.5224810421466828,0.6927768543362618,9.89589360356331e-06,2101.55076533556,147000000.0,0.0008250000000000002,16.23
1.467208866029978,0.7093439564108849,4.928660735487939e-06,1118.6595559120176,202000000.0,0.0006469999999999999,9.540000000000001
1.6397356152534486,0.8997469246387483,3.1707386374473578e-06,2195.0232163071632,182000000.0,0.00103,7.15
1.6685710966587068,0.8848587512969972,5.356724292039872e-06,1810.9069038182495,512000000.0,0.0014099999999999998,0.19000000000000028
1.730202841758728,0.7706461988389492,6.0314618647098555e-06,1720.7194510847328,161000000.00000003,0.00125,14.18
1.4528074353933336,0.6722735077142716,8.739267289638521e-06,2021.2554484605787,139000000.0,0.0006280000000000001,15.119999999999997
1.4628995776176454,0.7977896958589554,4.231081247329713e-06,1142.7446380257604,221000000.0,0.0009109999999999999,8.65
1.7317021608352663,0.7382250085473061,6.1016317419707785e-06,2283.71075540781,129000000.0,0.0009729999999999998,15.32
1.7354925334453584,0.8974928677082062,3.7215160131454472e-06,1259.6622034907339,193000000.0,0.0015900000000000003,9.66
1.562057062983513,0.6680005699396134,4.575256973505021e-06,2527.269676327705,94099999.99999999,0.00040600000000000006,13.66
1.5233565151691437,0.7196018211543561,6.035661101341248e-06,1693.9920857548711,150999999.99999997,0.000785,13.57
1.3983484536409378,0.6985461294651032,9.001614749431611e-06,552.1358847618102,397000000.0,0.00113,8.87
1.3380063235759736,0.7487977914512158,7.844898208975792e-06,2482.0248335599895,494000000.0,0.0006779999999999999,1.7399999999999998
1.287779974937439,0.7387845061719418,3.2288309633731846e-06,927.3951053619384,207999999.99999997,0.00045399999999999987,6.28
1.3349221765995027,0.738074703142047,9.926767975091936e-06,893.5024887323378,273000000.0,0.00127,13.27
1.7902506709098818,0.9055156409740449,5.0166458934545525e-06,737.5341206789016,296000000.0,0.00248,9.06
1.4234300762414933,0.6827390179038049,3.257684469223023e-06,2128.4364089369774,98600000.0,0.0003179999999999998,11.09
1.3151499509811402,0.6154062688350678,7.312264919281007e-06,2602.4648100137706,90199999.99999999,0.00024699999999999993,14.04
1.4981699405238034,0.6583870679140091,8.729163378477097e-06,1800.5587272346017,145000000.0,0.000614,14.54
1.2495087325572969,0.7376427154988051,1.0007814764976503e-05,775.1151472330092,295000000.0,0.00117,12.6
1.3880701035261156,0.7008945062756539,8.963844776153566e-06,943.3023929595946,254000000.00000003,0.0009710000000000001,12.14
1.5892145007848741,0.6739258736371995,8.627204477787018e-06,2275.15372633934,129000000.0,0.0007120000000000001,15.9
1.51861930154264,0.7907349765300752,4.695854902267457e-06,1068.6867237091062,363000000.0,0.000935,4.17
1.4494728147983553,0.6297220587730409,5.504869267344476e-06,1292.8833365440366,157000000.0,0.00034999999999999994,9.9
1.5564176335930826,0.8625054806470872,3.112361758947373e-06,2375.419244170189,126000000.00000001,0.000822,10.49
1.7618696808815004,0.8422594249248505,8.939393281936646e-06,723.0805903673171,344000000.0,0.00296,12.07
1.4660907313227656,0.8188395112752915,3.1108939349651343e-06,932.3168098926543,213000000.0,0.000831,7.01
1.5182244557887317,0.7219610139727594,5.366152703762056e-06,1810.4420527815817,138000000.0,0.0007129999999999999,13.44
1.7886675953865052,0.7022262409329415,9.020617187023165e-06,2289.873205125332,138000000.0,0.0010399999999999997,16.69
1.464313830435276,0.7288931474089623,4.684836834669114e-06,1123.805299401283,205000000.0,0.0006959999999999999,9.36
1.4998894602991641,0.7490626819431783,9.991088539361955e-06,836.1754864454268,297000000.0,0.00166,13.06
1.719284212589264,0.7153698965907097,4.9443942606449135e-06,2852.5101691484447,96700000.0,0.0006810000000000001,15.53
1.4275157511234284,0.6299869358539582,6.145468249917031e-06,1874.2227386683223,118000000.00000001,0.0003349999999999999,12.43
1.3070821702480317,0.6780497878789903,8.948859870433809e-06,1514.679782092571,174000000.0,0.0006159999999999999,13.66
1.471641330420971,0.6836211785674096,9.452583432197572e-06,1522.4296338856218,175000000.0,0.000829,14.75
1.3275660753250123,0.6923903524875642,9.327225506305695e-06,938.6064410209655,250000000.0,0.0008780000000000001,12.31
1.4512731224298479,0.7352333284914494,8.328805625438692e-06,859.5962375402449,292000000.0,0.00124,11.270000000000001
1.5359293140470982,0.8148698776960374,5.497450456023217e-06,1805.3732644766567,396000000.0,0.00102,3.36
1.435041131079197,0.6296104341745378,5.6872591227293025e-06,1951.7831057310102,111999999.99999999,0.0003129999999999999,12.25
1.6536822617053988,0.8927254736423493,3.130419582128525e-06,2354.1352078318596,210000000.0,0.000996,5.36
1.621336814761162,0.8785705626010896,3.6885260641574867e-06,2133.007228374481,292000000.0,0.00109,3.5600000000000005
1.7881501078605653,0.8951536059379579,2.9947578907012946e-06,2441.069662570953,195000000.0,0.00113,6.11
1.5406784847378732,0.8630969792604447,5.13838829100132e-06,772.1223235130309,299000000.0,0.00173,8.64
1.3538638025522234,0.6632704049348832,8.259326815605165e-06,2183.950573205948,124000000.00000003,0.00047600000000000013,14.79
1.3205154776573182,0.6120929807424546,6.491112556308509e-06,1074.0848183631895,178000000.00000003,0.0002850000000000001,8.76
1.4510286033153534,0.7588437460362912,4.261309742927552e-06,1099.6932834386823,308000000.0,0.0007120000000000001,4.52
1.3573507010936738,0.6564699321985246,8.209629520773889e-06,2311.116375029087,115999999.99999997,0.00044199999999999996,14.97
1.5444185346364976,0.6596755474805832,8.23866118490696e-06,1609.4541661441324,153999999.99999997,0.000658,14.02
1.7931060969829562,0.7948550194501878,8.699854254722596e-06,1137.7849727869032,244000000.00000003,0.00218,14.15
1.6402255654335023,0.8723237693309784,5.368633046746255e-06,1658.907078206539,439000000.0,0.0014,2.55
1.7917228281497957,0.9028809428215028,4.9094131737947475e-06,1154.110088944435,215000000.00000003,0.00211,11.19
1.3524434745311738,0.6231405705213547,8.222965314984323e-06,1512.3119316995142,148000000.0,0.00037499999999999985,12.26
1.4777425333857537,0.7028016954660417,4.600255250930787e-06,1567.44609773159,146000000.0,0.0005599999999999998,11.54
1.6985239684581759,0.8874829173088075,3.715134650468827e-06,1237.0317354798315,203000000.0,0.0014999999999999998,9.18
1.6193104237318041,0.7738637320697308,5.214872434735299e-06,1484.2064976692197,171999999.99999997,0.00109,12.5
1.27691810131073,0.6802594363689424,9.454087972640992e-06,929.4758290052413,248000000.0,0.0007709999999999998,12.14
1.7261634886264803,0.908881312608719,7.026759177446367e-06,1074.5959281921384,620000000.0,0.00233,2.0799999999999996
1.7123584449291231,0.7943516403436661,3.025371283292771e-06,2617.0049160718913,94300000.00000001,0.000751,13.37
1.431907841563225,0.637788587808609,7.658837020397187e-06,2548.0693131685252,101000000.0,0.000387,14.989999999999998
1.7811942100524905,0.9117592692375184,3.022907733917237e-06,2721.588790416717,279000000.0,0.0010399999999999997,1.3999999999999997
1.5340250730514529,0.6656535297632218,7.910445854067804e-06,2423.0586290359497,115999999.99999997,0.000576,15.599999999999998
1.5788471460342408,0.6418797701597214,6.295439582318068e-06,2119.989052414894,111999999.99999999,0.0004409999999999998,13.75
1.331949555873871,0.6115321755409241,5.602718219161034e-06,1073.4530091285703,174000000.0,0.000251,7.799999999999999
1.5008694091346115,0.635845184326172,6.507790317758919e-06,2113.851860165596,111000000.0,0.0003879999999999999,13.579999999999998
1.4859113328158857,0.6793108731508256,5.848736137151719e-06,1858.6057443171737,130999999.99999999,0.000536,13.24
1.5126296840608122,0.6611669450998306,5.7964434474706656e-06,1338.5531604290006,165000000.0,0.0005189999999999999,11.14
1.4489381253719331,0.6897074818611145,8.423566222190857e-06,656.985968351364,351000000.0,0.000997,9.05
1.5777000099420548,0.6297066807746888,7.878498151898385e-06,2845.136851072311,95200000.00000001,0.00043399999999999987,15.73
1.7362415671348572,0.7360944628715516,6.9768615067005166e-06,2046.6430410742757,146000000.0,0.0011,15.39
1.599788922071457,0.7299251340329648,2.9950144886970524e-06,1829.4054660946128,118000000.00000001,0.0005180000000000001,10.65
1.49764362545684,0.7389345400035382,7.282357066869737e-06,816.9307112693785,333000000.0,0.00115,9.01
1.490015396475792,0.8293525189161302,6.137467190623284e-06,732.785940170288,336000000.0,0.00167,8.800000000000002
1.5367959447205068,0.7143053434789182,9.015709280967714e-06,1276.0535180568693,207999999.99999997,0.00113,14.11
1.5624325051903727,0.6425233572721482,6.168436013162137e-06,2550.472125411033,97200000.0,0.0004080000000000001,14.58
1.544151757657528,0.7212972342967988,3.363871395587922e-06,676.94354057312,352000000.0,0.0005750000000000001,1.8099999999999994
1.5243752472102643,0.8508174866437913,4.404987305402757e-06,948.8069564104079,283000000.0,0.0013199999999999998,7.25
1.6860120713710787,0.8811946034431458,4.086627423763276e-06,1194.1923871636388,203000000.0,0.00158,10.050000000000002
1.6038947582244873,0.7187760561704636,9.097572386264802e-06,1384.7514912486074,199000000.00000003,0.00121,14.65
1.485218655690551,0.6395945280790329,3.4412995278835304e-06,2044.5023775100706,98899999.99999997,0.00024800000000000007,10.29
1.5052688017487528,0.6366756588220597,5.20191152393818e-06,2394.523501396179,95099999.99999997,0.0003200000000000001,13.15
1.490851658396423,0.7441699840128423,6.1223701797425755e-06,953.4901678562163,279000000.0,0.0009710000000000001,8.95
1.4735296703875067,0.6357718169689179,4.608351856470109e-06,502.5387853384017,352000000.0,0.0003770000000000001,2.35
1.4834860783070327,0.637029728293419,6.086138594895602e-06,2442.317336797714,97500000.00000001,0.0003490000000000001,13.96
1.4831052761524917,0.7353092126548291,6.589802257716657e-06,1149.66544508934,222000000.0,0.0009580000000000001,11.44
1.4194652169942856,0.6864821165800096,8.753994345664979e-06,580.8990001678466,391000000.0,0.00101,8.35
1.6724343717098238,0.8851831018924714,5.982786685228349e-06,746.630311012268,312000000.0,0.0023999999999999994,9.85
1.624598202109337,0.8461959153413773,4.096584051847459e-06,1281.1496406793592,193000000.0,0.0013199999999999998,10.340000000000002
1.737728762626648,0.7368533246219159,8.002278104424478e-06,1788.2997188717125,168000000.0,0.00127,15.38
1.7045711517333986,0.6943947315216065,9.790170431137086e-06,2426.9565492868423,136000000.0,0.0009270000000000001,16.84
1.358934858441353,0.6195989191532135,7.166451960802079e-06,2763.6129707098003,87899999.99999999,0.0002709999999999999,14.509999999999998
1.3187261760234834,0.6765683770179749,8.525989502668381e-06,2058.283604681492,136000000.0,0.0005349999999999999,14.86
1.6056918919086458,0.8618555814027787,4.671094864606858e-06,896.4742273092269,373000000.0,0.00155,5.07
1.7727025151252749,0.7518929690122605,5.148309662938119e-06,2666.4060652256007,109000000.00000001,0.0008979999999999999,15.439999999999998
1.2087412118911744,0.6513441234827042,9.719580739736558e-06,2744.3009912967677,102999999.99999999,0.0003640000000000001,16.18
1.4421075180172922,0.6288812130689622,4.381260961294175e-06,2500.2135634422298,86100000.00000003,0.00024100000000000008,12.31
1.5159107364714146,0.7466122962534428,7.879563242197039e-06,1045.1080203056333,251000000.0,0.00128,12.26
1.622758859395981,0.5954984486103059,2.9927505850791935e-06,2413.1220877170563,80299999.99999999,0.0001660000000000001,9.31
1.4322356566786767,0.6292759448289872,5.322942331433297e-06,2338.9270827174187,95300000.0,0.0002799999999999999,12.809999999999999
1.775361388921738,0.8957339465618135,2.8971926569938665e-06,1805.057546123862,130000000.0,0.00126,11.19
1.4795937918126585,0.7194595634937287,5.599985763430596e-06,849.0148484706878,314000000.0,0.0007800000000000001,6.66
1.5394201397895815,0.7160700291395188,8.482317984104157e-06,1331.8348228931425,200000000.0,0.0010800000000000002,13.98
1.5087043253704906,0.7009807258844376,4.2522061467170725e-06,2033.4510803222654,114999999.99999997,0.0004969999999999999,12.55
1.4988249964546414,0.7267040222883225,4.0702149569988255e-06,1517.0943476259706,151999999.99999997,0.0006150000000000001,10.74
1.5064656771719458,0.6384866684675218,6.531170997768642e-06,1236.2468168139455,175000000.0,0.00047000000000000004,10.73
1.5123592123389245,0.8225254029035569,5.148456007242203e-06,940.2174800634383,257000000.0,0.00136,9.47
1.292044061422348,0.6777143597602845,8.691903471946718e-06,2009.7376331686971,139000000.0,0.000536,14.88
1.5657076209783556,0.8587177991867067,3.2006135284900673e-06,1082.7573686838148,214000000.00000003,0.0011,7.54
1.5375260263681414,0.6462405234575272,6.028508067131043e-06,1410.1504832506178,155000000.0,0.00047600000000000013,11.42
1.5672648176550867,0.7357658665627241,2.9950478672981266e-06,2213.937148451805,101000000.0,0.00049,11.78
1.479989142715931,0.7342526558786632,6.4250103114172824e-06,1151.6911461949346,220000000.0,0.0009270000000000001,11.28
1.3207451641559602,0.6951475113630295,9.342498302459718e-06,1043.3460325002668,231000000.0,0.0008499999999999998,12.84
1.496099234931171,0.8009059935808183,3.9710325300693515e-06,1317.3164352774618,189999999.99999997,0.000894,9.47
1.522433041781187,0.7215973109006882,7.04957376420498e-06,1425.6706386804578,183000000.0,0.0009329999999999999,13.32
1.445708602666855,0.7934654653072358,8.318673342466356e-06,602.6745885610579,407000000.0,0.00178,9.38
1.5266231663525105,0.797315812110901,8.165339663624764e-06,693.8866823911666,357000000.0,0.00196,10.62
1.4354212492704392,0.6866319447755814,8.558723270893098e-06,788.8230979442595,297000000.0,0.000938,10.39
1.447554785013199,0.5983544647693635,2.9738140702247625e-06,2245.0836300849915,84099999.99999999,0.00012500000000000003,8.07
1.371481928229332,0.7901194453239442,3.1820544004440314e-06,858.0199182033538,263000000.00000003,0.000697,5.090000000000001
1.4527291104197504,0.7194975949823857,3.060511022806168e-06,1794.7073020040987,115999999.99999997,0.00041500000000000006,10.39
1.307105326652527,0.7758209310472012,2.996931672096253e-06,1495.0499236583707,138000000.0,0.0005239999999999999,9.83
1.3801165759563447,0.6219775378704071,5.392230466008187e-06,2332.9690769314766,93700000.00000001,0.000244,12.52
1.2659573435783387,0.7637746386229992,3.0617969334125523e-06,1955.8132737874982,110000000.0,0.00043399999999999987,11.35
1.6004949510097506,0.6799998879432679,4.2894835770130166e-06,2797.2949594259258,87899999.99999999,0.0004379999999999999,14.28
1.3429245829582215,0.6248575061559678,9.159034699201586e-06,879.4896602630614,248000000.0,0.00047099999999999996,9.36
1.5151989419013263,0.6832061648368836,4.3708034455776225e-06,1287.4796167016027,168999999.99999997,0.0005059999999999999,9.540000000000001
1.3639223366975786,0.6217972397804261,7.152954176068307e-06,1311.4602789282796,161000000.00000003,0.0003550000000000001,10.85
1.2617854714393617,0.6680088222026825,8.681741148233414e-06,1888.6224944144485,140000000.0,0.0004799999999999999,14.44
1.42524131834507,0.6697404652833939,8.736542135477067e-06,770.5664187669753,293000000.0,0.000829,10.180000000000001
1.3083913743495943,0.6120485454797745,9.386862218379975e-06,820.2669322490691,245000000.00000003,0.00040400000000000006,8.99
1.598848557472229,0.699991312623024,4.090401083230973e-06,2718.2787954807277,90900000.00000001,0.0004939999999999999,14.26
1.4725713931024076,0.6277529418468476,4.462774842977524e-06,1275.7835835218427,150999999.99999997,0.0002929999999999999,8.54
1.51075046248734,0.6669480085372925,7.441640585660936e-06,1536.6501100361345,158000000.0,0.0006280000000000001,13.25
1.4941884934902192,0.6425638496875764,3.2050019800663e-06,1570.8560422062872,122000000.00000004,0.0002559999999999999,8.29
1.5053464243188501,0.83181089758873,3.0408773124217994e-06,1092.7418917417524,181000000.00000003,0.0008830000000000001,8.41
1.4712555125355722,0.7087822303175927,5.504561349749566e-06,1704.7784123569725,143000000.00000003,0.000648,13.04
1.6546111464500428,0.73227485306561,5.908261969685556e-06,2119.327962398529,131999999.99999999,0.0008839999999999999,14.79
1.5169887777417899,0.7859769813716412,4.842180117964746e-06,1077.0235508680341,368000000.0,0.0009310000000000001,4.2
1.641844564676285,0.8697278916835786,4.142841160297395e-06,1147.7177143096922,211000000.0,0.0014999999999999998,9.8
1.5682331666350366,0.6458667933940888,4.265457451343537e-06,1388.4088322520254,144000000.00000003,0.000378,9.48
1.6830474972724916,0.7569226764142514,9.053917557001115e-06,1177.8841465711591,233999999.99999997,0.0016800000000000003,14.219999999999999
1.6177347958087922,0.8439359575510026,3.036031365394593e-06,1568.9942911267278,143000000.00000003,0.000987,10.47
1.4203825235366823,0.6309092849493028,7.022160649299623e-06,1522.6915031671522,146000000.0,0.00039399999999999993,11.92
1.5067512961104514,0.6354399919509889,6.662883114069701e-06,1968.7049388885496,118000000.00000001,0.0004049999999999999,13.35
1.5104766827076674,0.7550205297768117,6.509584978222848e-06,1129.1158124804494,229000000.0,0.00111,11.5
1.3348418354988099,0.6293177783489228,8.552465200424195e-06,2354.570545256138,106000000.00000003,0.00034200000000000013,14.74
1.3904163479804994,0.809318831562996,3.103493064641953e-06,974.148467183113,213000000.0,0.000748,6.93
1.584408697485924,0.8832683980464936,3.820947319269181e-06,2414.6455079317093,349000000.0,0.0009729999999999998,1.1299999999999994
1.5586522802710534,0.648221442103386,4.274260848760605e-06,1116.9258058071134,176000000.0,0.00039699999999999984,7.98
1.5982917487621309,0.7132843427360058,3.0689099133014686e-06,941.8867826461791,207999999.99999997,0.000534,6.07
1.238673734664917,0.646759405732155,9.162866353988649e-06,2467.5065577030177,107000000.00000001,0.00036099999999999994,15.58
1.5383541181683542,0.7435376934707165,3.487847864627839e-06,870.4115003347396,354000000.0,0.000646,1.9600000000000002
1.4380748480558396,0.8238439589738846,3.1800374984741215e-06,919.3615168333052,237000000.0,0.000848,6.24
1.5426057547330858,0.8146111607551575,3.0613573789596564e-06,1764.7775188088415,129000000.0,0.0007950000000000001,11.04
1.7872154831886293,0.9083612680435181,6.005760341882707e-06,737.5752478837966,310000000.0,0.00284,10.09
1.6283064454793932,0.7931180477142334,6.227641724050046e-06,1172.008581459522,224999999.99999997,0.0014700000000000002,12.01
1.547820255160332,0.828619533777237,3.3388493359088905e-06,804.9486875534056,304000000.0,0.0009769999999999998,4.21
1.4760529160499574,0.7454059682786466,5.676466256380082e-06,1067.5551295280454,233999999.99999997,0.000894,9.91
1.2446835279464723,0.6482641428709031,9.076868474483492e-06,1326.3709023594854,175000000.0,0.0004669999999999999,12.79
1.4955311078578235,0.8386853992938996,4.450025886297227e-06,964.7091776132582,278000000.0,0.00122,7.35
1.4290262013673785,0.6312416821718216,6.6937773823738106e-06,1603.5615205764768,138000000.0,0.00038,12.04
1.4580837026238442,0.7858560673892498,3.0103792846202854e-06,1394.8023989796636,147000000.0,0.0006599999999999999,9.62
1.3901805996894838,0.7294837720692159,3.1041556298732763e-06,2709.0484946966167,84699999.99999997,0.0003860000000000001,13.129999999999999
1.4582473352551462,0.7186774291098118,5.205112636089326e-06,1121.7698007822034,205999999.99999997,0.0007060000000000002,9.94
1.5724517360329628,0.6378627061843872,7.042217433452607e-06,1961.0826224088667,121000000.0,0.0004669999999999999,13.8
1.5859474629163743,0.7569219075143337,8.083010092377663e-06,1095.380365848541,244000000.00000003,0.00146,12.94
1.7647135555744173,0.8063306450843811,5.016268298029901e-06,1669.9616350233553,158000000.0,0.00137,13.44
1.483851494640112,0.6369546443223953,6.021503932774068e-06,2631.4232796430583,92199999.99999999,0.0003400000000000001,14.28
1.5480564326047899,0.8265490204095841,8.223239645361902e-06,623.3283430337905,390000000.0,0.00232,10.17
1.5137664422392847,0.8391962885856629,9.270508378744127e-06,1067.8498744964597,687000000.0,0.00191,3.1699999999999995
1.5643999099731447,0.6407491654157639,6.491888334974648e-06,2419.3171709775925,102000000.0,0.000424,14.52
1.4897804964333774,0.7345266859978438,4.382289022207261e-06,1100.4448980093,240000000.0,0.0006930000000000001,7.23
1.782738554477692,0.6152966111898422,3.0126949250698096e-06,1358.1572398543356,147000000.0,0.00028399999999999996,6.12
1.455686290562153,0.7087092250585557,5.633741647005082e-06,1202.2385671734808,194000000.0,0.0006959999999999999,10.83
1.740083920955658,0.7874958626925946,5.03077881038189e-06,1794.5341505110262,148000000.0,0.0011999999999999997,13.71
1.4727534033358098,0.7532388210296631,4.854368001222611e-06,1295.355215668678,181000000.00000003,0.000813,11.13
1.5553242802619935,0.8645150452852249,5.131298780441285e-06,794.1411733627318,290000000.0,0.00175,8.92
1.4863342691212893,0.819361773133278,5.421277463436127e-06,781.793177127838,378000000.0,0.00135,6.28
1.6365525215864183,0.7905645310878754,4.044436246156693e-06,1744.1905122250316,143000000.00000003,0.0009549999999999999,12.22
1.543629589676857,0.6372689813375474,7.714075893163682e-06,2772.2687572240825,97600000.00000001,0.0004409999999999998,15.61
1.4809596732258798,0.6392098903656006,7.78315718472004e-06,1994.2664653062818,123000000.00000003,0.00044899999999999996,14.04
1.3415281713008882,0.6221175134181977,8.37339422106743e-06,2112.7528622746468,111999999.99999999,0.0003310000000000001,14.02
1.277665364742279,0.6075904190540314,5.723183572292329e-06,1948.6831054091451,105000000.00000003,0.000189,10.91
1.5533227264881135,0.7574035115540029,3.216313987970353e-06,933.1177473068236,265000000.0,0.0006930000000000001,4.55
1.559651952981949,0.7338874228298665,5.992352262139321e-06,1614.3095605075357,160000000.00000003,0.000891,13.39
1.377642819285393,0.7497320093214512,9.48258286714554e-06,613.8522475957869,356000000.0,0.00151,11.14
1.446691618859768,0.6475070357322693,8.68727031350136e-06,1384.8100528120992,175000000.0,0.0005660000000000001,12.67
1.294396984577179,0.6319663524627687,8.788502395153046e-06,2640.864804387092,97799999.99999999,0.00032700000000000003,15.43
1.4796552054584027,0.721891187131405,4.521517425775529e-06,1558.8071867823598,148000000.0,0.000627,11.7
1.6464558362960817,0.7358545906841756,7.857362508773806e-06,1539.6625101566312,184000000.0,0.00121,14.5
1.4713603891432288,0.6792233973741532,5.3812244981527336e-06,846.1910784244536,275000000.0,0.0005620000000000001,6.62
1.5166899885982277,0.7344011049717666,6.6996566578745854e-06,996.2680488824843,383000000.0,0.0009549999999999999,6.13
1.4272013068199159,0.7722361184656621,3.0201216638088233e-06,1097.7325141429899,178000000.00000003,0.0006249999999999999,7.98
1.523321358114481,0.7110130682587624,4.539800554513932e-06,2152.158722281456,113999999.99999999,0.0005640000000000002,13.419999999999998
1.768411695957184,0.7056378722190858,6.805894825607539e-06,2817.822948098182,109000000.00000001,0.0008139999999999999,16.63
1.4364315524697304,0.7649479798972607,2.929109692573548e-06,2604.7851443290706,89500000.00000001,0.0004939999999999999,13.11
1.5607907786965372,0.6569324254989625,4.423718750476838e-06,1216.2670046091077,168999999.99999997,0.0004359999999999999,8.88
1.7311105549335482,0.8983550369739534,9.675143808126451e-06,519.918456673622,459000000.0,0.00387,10.33
1.7180281162261963,0.8957645237445833,9.012424409389496e-06,898.0518877506255,902000000.0,0.00287,0.25999999999999995
1.3027765810489655,0.6139168292284012,8.271691083908083e-06,2693.752452731132,90500000.00000001,0.00026199999999999997,14.66
1.4708287999033929,0.687617951631546,6.125690907239915e-06,871.7084228992461,277000000.0,0.000682,7.9
1.574342268705368,0.6807701379060745,3.837747812271119e-06,2727.084189653396,86300000.0,0.000396,13.57
1.5035035606473686,0.7248257450759411,6.208654358983041e-06,893.9164429903029,371000000.0,0.0008689999999999999,5.88
1.3194105327129366,0.6755101829767228,8.946879893541338e-06,1461.2213447690008,178000000.00000003,0.00062,13.46
1.538599915802479,0.721815374493599,8.443270236253739e-06,1272.3039016127584,208999999.99999997,0.00113,13.75
1.5904024064540865,0.6570862770080567,9.749243468046189e-06,2684.144556522369,113999999.99999999,0.000614,16.74
1.4079841285943986,0.6198529779911042,4.548863470554352e-06,1659.6200149506328,119000000.0,0.0002320000000000001,9.71
1.4775272749364377,0.6830299347639085,7.0475743860006346e-06,1539.8989170789716,160000000.00000003,0.0006590000000000001,13.2
1.7437077283859255,0.6737191915512085,2.9983581900596626e-06,2110.603742301464,102000000.0,0.00039399999999999993,10.72
1.4720104917883874,0.6686639696359635,8.068765982985498e-06,812.3456239700316,288000000.0,0.000778,9.51
1.3626893877983095,0.8113090574741364,3.062597811222077e-06,1352.8166264295576,158000000.0,0.000695,9.3
1.5721427187323571,0.6392194747924805,6.44826076924801e-06,2834.5009237527843,91599999.99999999,0.0004,15.1
1.33796364068985,0.6937708228826523,9.374708235263825e-06,1463.1808847188947,182000000.0,0.0007550000000000001,14.32
1.4527169555425645,0.6934886366128922,5.800309419631959e-06,1351.3605594635007,171999999.99999997,0.0006249999999999999,11.63
1.5761334389448167,0.6543549478054047,5.085954263806344e-06,2441.4337724447246,97400000.00000003,0.00040400000000000006,13.73
1.4596839889883997,0.7269916266202927,5.059369042515755e-06,888.5570168495177,361000000.0,0.0007160000000000001,4.290000000000001
1.488584950938821,0.6803623616695404,8.662799000740053e-06,1433.788977563381,177000000.0,0.000791,13.99
1.4922074876725675,0.7573068223893643,5.421893820166589e-06,1210.5639576911924,202000000.0,0.000934,11.110000000000001
1.5943244844675066,0.6921544298529626,9.140051037073136e-06,1545.706234872341,175000000.0,0.000989,15.0
1.6697709739208222,0.7299330264329911,4.093056350946427e-06,2757.176116108894,94600000.00000003,0.000636,14.69
1.5178909700363876,0.637604257464409,4.354829698801042e-06,1007.6505243778228,189999999.99999997,0.0003530000000000001,7.109999999999999
1.5582903429865838,0.8675480693578721,5.3554227352142345e-06,675.4493266344069,383000000.0,0.0019,6.74
1.3601380795240403,0.6116979539394379,4.594237923622132e-06,886.0576450824736,202000000.0,0.000222,5.27
1.7124127686023713,0.8393555849790574,9.20627710223198e-06,657.9778641462325,376000000.0,0.00298,11.62
1.2609106779098511,0.7608401946723462,6.776089560240508e-06,2643.6931192874904,456000000.0,0.0005790000000000002,0.9799999999999996
1.4954383101314308,0.6532056480646135,8.288027197122575e-06,2058.009199798107,128000000.0,0.0005379999999999998,14.74
1.670443493127823,0.7298470169305802,6.120763704180718e-06,2158.438555896282,131999999.99999999,0.0009019999999999999,15.01
1.4968841833993793,0.6990210011601449,5.4796336889266975e-06,2032.1477502584455,124000000.00000003,0.0005880000000000001,13.79
1.4868452243506909,0.6367291420698167,7.1179378330707565e-06,1252.3210719227789,177000000.0,0.00047900000000000004,11.04
1.3577886164188386,0.7619331948459149,9.82937026023865e-06,606.7738980054854,364000000.0,0.00163,11.48
1.2922738373279572,0.634957167506218,8.725233048200609e-06,2471.7947393655772,102999999.99999999,0.00033699999999999995,15.18
1.5777392059564592,0.717868709564209,4.9223999530076985e-06,2334.185905754566,111999999.99999999,0.000648,14.36
1.4806772813200952,0.6845621645450592,6.960325852036477e-06,1046.1055040359495,231000000.0,0.00073,10.38
1.5205334879457952,0.7791634239256383,7.772057130932808e-06,2024.6701613068578,431000000.0,0.000996,4.5
1.6976412177085878,0.8390489280223847,8.308926582336427e-06,728.1880378723143,344000000.0,0.00267,11.43
1.5160483662039044,0.635578590631485,4.407841801643372e-06,2143.013283610344,99600000.0,0.00029699999999999996,11.81
1.5100910268723966,0.8906305432319642,3.256689369678498e-06,2539.292082190513,296000000.0,0.0008080000000000001,0.9200000000000003
1.7388515532016755,0.897469300031662,7.054456427693368e-06,620.3433424234389,362000000.0,0.00305,9.99
1.7524956822395326,0.9054159879684449,3.0940189659595494e-06,2046.114459633827,149999999.99999997,0.00119,9.28
1.4893105052411557,0.6360169887542725,4.394568800926209e-06,2503.6220550537105,87600000.00000001,0.00027499999999999996,12.59
1.542932711541653,0.6605810970067979,4.375346273183823e-06,964.0490561723708,216000000.00000003,0.00044199999999999996,6.72
1.3200171053409577,0.6963595658540727,9.381783038377763e-06,1245.7761093974111,203000000.0,0.0007990000000000001,13.68
1.5437947154045106,0.7545350499451161,3.918849468231202e-06,1755.703195929527,137000000.0,0.000704,11.7
1.6373895943164827,0.8692322105169297,3.029956042766572e-06,857.1480512619017,240000000.0,0.00124,6.45
1.4848252594470979,0.6369146257638932,6.535496369004251e-06,2275.3392085433006,105000000.00000003,0.000376,13.94
1.4997801477089525,0.6496993929147721,8.011975422501566e-06,992.9389804601668,232000000.0,0.0006429999999999999,10.38
1.4534123763442042,0.7151298478245736,8.025342404842378e-06,1000.1552402973174,252999999.99999997,0.00101,11.59
1.5144630499184133,0.6363870799541474,6.57454750686884e-06,1696.2882243096826,132999999.99999997,0.0004269999999999999,12.57
1.603226101398468,0.7538066692650319,5.154367253184319e-06,1695.5230031162498,149999999.99999997,0.000917,13.16
1.3578023225069047,0.6209278285503388,7.12762586772442e-06,2669.801667332649,90100000.0,0.00027499999999999996,14.37
1.328734838962555,0.6035039573907852,2.920682847499848e-06,2128.3223405480385,86399999.99999999,0.00010700000000000008,7.38
1.4842742431908846,0.6603172570466996,8.242561474442483e-06,1092.9594486951826,216000000.00000003,0.0006930000000000001,11.52
1.4419396519660952,0.5986031770706177,2.966428637504578e-06,2142.0184820890427,87399999.99999999,0.00012599999999999992,7.79
1.3447904884815218,0.6858297720551492,9.192578315734864e-06,959.393411874771,246000000.0,0.0008390000000000001,12.15
1.4834360986948014,0.7793892793357373,7.814056172966959e-06,728.8174629211425,347000000.0,0.00158,10.06
1.4514422670006752,0.7685463152825833,3.7025997340679177e-06,1488.3492067456243,161000000.00000003,0.0006720000000000001,9.700000000000001
1.3852339535951617,0.7834156416356565,9.272545307874682e-06,525.135576725006,419000000.0,0.00181,10.04
1.4331945016980172,0.8603754311800004,4.120746403932572e-06,2427.271708846092,371000000.0,0.0007950000000000001,0.4399999999999999
1.7627469062805177,0.758654471486807,5.079800188541413e-06,2476.8288731575008,115999999.99999997,0.000947,15.06
1.4715821005403997,0.6312769532203675,3.3522454202175145e-06,2668.12215745449,76800000.0,0.0001970000000000001,11.33
1.630561414361,0.7688529945909978,4.109467566013337e-06,1954.9874141812322,128000000.0,0.000831,12.94
1.597022232413292,0.6784999072551728,9.359794676303865e-06,2538.454562425613,125000000.00000001,0.0007240000000000001,16.53
1.4945697505027058,0.663809484243393,7.907957583665849e-06,1166.1695986986158,204000000.0,0.0006840000000000003,11.75
1.47063285112381,0.6757486760616304,7.127031207084657e-06,683.9125901460646,372000000.0,0.00073,6.33
1.5065102873370053,0.5955193519592286,2.9780164361000067e-06,1142.5099074840543,149999999.99999997,0.00016000000000000004,4.14
1.3936045825481416,0.6191383749246597,5.699881657958032e-06,711.0002934932708,261999999.99999997,0.00033699999999999995,5.66
1.366927367448807,0.6220767080783844,6.918117750436069e-06,1494.0582141280172,143000000.00000003,0.00033600000000000004,11.46
1.4840216327458622,0.8707735240459443,4.049224615097046e-06,2451.9354403018947,374000000.0,0.000844,0.25999999999999995
1.5497464433312418,0.8595356404781342,5.950121030211449e-06,716.4257317781447,323000000.0,0.00198,9.29
1.4607041224837305,0.6258936256170273,4.4915897548198705e-06,1271.515145897865,150999999.99999997,0.00028399999999999996,8.46
1.6370405048131944,0.7998816043138505,8.051398888230324e-06,1991.6299656033514,654000000.0,0.00125,0.19999999999999968
1.5677027508616448,0.7545669592916966,2.95214593410492e-06,2887.0707303285594,83500000.0,0.000527,13.7
1.5476460725069048,0.6816651284694673,9.284193813800813e-06,1530.524559319019,173000000.0,0.0008889999999999999,14.85
1.311665314435959,0.6140229910612107,8.274478614330293e-06,2313.167743384838,101000000.0,0.000277,14.04
1.6701727867126466,0.6742049485445023,6.615834411233665e-06,2529.5178145170207,108000000.00000001,0.0006379999999999999,15.74
1.4418935135006905,0.6290828704833985,4.5181849896907815e-06,2495.926052331924,86899999.99999999,0.00024699999999999993,12.44
1.222916239500046,0.6746505171060563,9.297223150730134e-06,1595.841685310006,164000000.0,0.000549,14.13
1.572923643887043,0.6437617242336274,4.971531584858895e-06,2655.6625515222545,88600000.00000001,0.00034999999999999994,13.83
1.4625457540154458,0.7219352826476098,5.582223236560823e-06,1134.4983726739881,210000000.0,0.0007590000000000001,10.340000000000002
1.6249805599451066,0.6485098153352739,7.237694412469865e-06,2167.4234345555305,115999999.99999997,0.0005470000000000001,14.829999999999998
1.6688750803470613,0.7275693833827973,5.09881441295147e-06,2538.6445522308345,109000000.00000001,0.0007439999999999999,15.04
1.6767244935035708,0.6868017822504044,9.266463935375215e-06,2289.2174050211906,136000000.0,0.0008709999999999999,16.4
1.5726258650422098,0.6443183720111848,4.962024942040444e-06,2752.825871109962,86499999.99999999,0.00034600000000000017,13.98
1.4905622374266387,0.7870067887008191,4.197209894657136e-06,1322.6284757256506,179000000.00000003,0.000882,10.51
1.4853393450379373,0.6442141860723496,7.780497118830682e-06,919.5714741945266,250000000.0,0.0005859999999999998,9.2
1.7929132640361787,0.7939093172550202,4.889661386609078e-06,2009.350165724754,137000000.0,0.00123,14.18
1.5780716925859453,0.6772968918085099,9.421039611101153e-06,1968.3800563216207,147000000.0,0.0008059999999999999,15.75
1.6332267254590989,0.7408845484256745,4.170314252376557e-06,2394.425228238106,107000000.00000001,0.000686,13.98
1.5964150428771975,0.8422687053680421,7.059662237763406e-06,1541.7139157652853,510000000.0,0.0014700000000000002,3.31
1.734936958551407,0.7357848443090916,7.880820050835611e-06,1818.497387692332,165000000.0,0.00124,15.38
1.5015031522605569,0.6343221008777619,4.485135793685914e-06,998.8564550876616,191000000.0,0.0003439999999999999,7.15
1.478413785248995,0.8121144086122514,5.275989279150964e-06,881.0059279203414,285000000.0,0.00127,8.55
1.643553623557091,0.768360934406519,8.08595731854439e-06,1119.898736476898,241000000.0,0.00162,13.27
1.2976267933845522,0.6595994353294373,9.722243934869768e-06,2355.6832894682884,118000000.00000001,0.00045399999999999987,15.87
1.4793383181095126,0.6758650660514832,8.463952869176866e-06,2444.1588222980495,122000000.00000004,0.000607,15.86
1.2964396476745608,0.7838923148810865,3.1800224781036384e-06,850.3760695457457,261999999.99999997,0.0006190000000000001,4.99
1.4284383907914162,0.6227922856807709,8.643005490303042e-06,2802.1401464939113,94300000.00000001,0.00036099999999999994,15.67
1.516868030279875,0.6381834894418718,5.3562158942222605e-06,1209.2768698930738,168999999.99999997,0.0004080000000000001,9.67
1.5397154062986376,0.7138126462697983,5.315265774726869e-06,2117.5011172890663,122000000.00000004,0.0006590000000000001,14.13
1.3056145370006562,0.6061871588230133,4.6155787408351904e-06,787.2082591056823,222000000.0,0.00019100000000000003,3.99
1.3187364578247072,0.7489132046699525,3.0879471898078925e-06,2388.9084458351135,93599999.99999999,0.0004049999999999999,12.48
1.431889271736145,0.8980383038520814,1.0005158245563509e-05,520.8929181098937,563000000.0,0.0031,8.23
1.6040221720933916,0.8364145338535309,5.4979902505874645e-06,982.7529937028884,251999999.99999997,0.00165,10.46
1.346549427509308,0.6143787145614624,4.606835216283799e-06,2047.7944165468214,98600000.0,0.0001899999999999999,10.55
1.37173547744751,0.7041977718472482,9.207774758338929e-06,1046.8385666608808,232999999.99999997,0.00096,12.99
1.2620143711566927,0.7654298968613148,3.0370508730411536e-06,1865.3304148465393,113999999.99999999,0.00043999999999999996,11.07
1.6238086313009263,0.7167232923209668,4.158045738935471e-06,2691.601544618606,94700000.00000001,0.0005750000000000001,14.5
1.506098616309464,0.7026178255677223,4.220452040433884e-06,1951.1817321181295,119000000.0,0.000505,12.29
1.453113989531994,0.7160995781421662,8.226380154490471e-06,834.089621901512,299000000.0,0.0011,10.61
1.581409576535225,0.6398270040750504,6.244228802621366e-06,2380.2333623170853,102000000.0,0.00041999999999999996,14.29
1.671526837348938,0.8751443803310395,3.866373717784882e-06,1267.5653323531149,195000000.0,0.00145,9.88
1.4022415190935136,0.6288387537002564,7.974880427122118e-06,2601.947888731956,97799999.99999999,0.0003510000000000001,15.04
1.6480983138084413,0.7362157870084048,6.868456389755012e-06,1742.2948423773048,161000000.00000003,0.00106,14.5
1.4760940074920657,0.7218264073133469,8.13575266301632e-06,1116.6642159223554,230000000.0,0.0010699999999999998,12.66
1.3913066357374193,0.6187337011098862,5.393978565931321e-06,1081.5062671899793,176000000.0,0.00029400000000000004,8.19
1.457916471362114,0.662432599067688,8.241491064429284e-06,2192.1691969037056,125000000.00000001,0.0005409999999999999,15.03
1.4395811900496485,0.775559612363577,8.330880105495454e-06,614.1455769538878,403000000.0,0.00161,9.23
1.4183272540569307,0.6294582277536392,6.78407346084714e-06,2595.260396599769,93700000.00000001,0.0003200000000000001,14.44
1.4801897205412389,0.7003847301006317,6.457794779911638e-06,1683.9935928583143,149999999.99999997,0.0006930000000000001,13.579999999999998
1.5023667236790061,0.6389601588249207,7.793830931186677e-06,1170.1891869306562,194000000.0,0.0005440000000000001,11.06
1.6447787404060366,0.8741778194904328,7.616200864315034e-06,1227.512091398239,690000000.0,0.00189,0.8499999999999996
1.5149726483970882,0.801617243885994,3.0803667008876805e-06,895.6160694360732,213000000.0,0.000798,6.8
1.5880198180675509,0.8585030972957611,5.144904628396035e-06,896.4543342590331,263000000.00000003,0.00172,9.730000000000002
1.260222923755646,0.6024631530046464,8.726097971200945e-06,1914.9377495050428,113999999.99999999,0.00025299999999999997,12.94
1.2345460116863252,0.89748153090477,9.804181307554246e-06,428.24256420135487,927000000.0000001,0.00239,1.9900000000000004
1.595103371143341,0.8586402386426927,3.0655466020107277e-06,869.7103261947631,239000000.0,0.00113,6.36
1.45870308727026,0.6333344846963883,3.287881255149842e-06,2039.9470180273054,96600000.00000001,0.000211,9.71
1.6079182505607605,0.8051298022270204,6.238839462399483e-06,1051.3024330139158,247000000.0,0.00157,11.36
1.6327946662902832,0.8145682007074356,4.921317756175996e-06,1263.391889631748,201000000.0,0.00135,11.3
1.5502497106790545,0.7372820679098369,6.983149617910386e-06,1346.6873317956922,196000000.00000003,0.00106,13.05
1.3579999297857286,0.6223112493753433,7.108806803822519e-06,2485.198706388473,94900000.0,0.00028300000000000005,14.07
1.2399559557437898,0.6495430290699006,9.052947074174881e-06,1416.047804057598,166000000.0,0.00045600000000000013,13.129999999999999
1.5441052749753,0.6517193645238877,5.212584644556046e-06,1607.7395267784593,136000000.0,0.000433,11.52
1.4919280607253314,0.7015601098537446,6.541927108541132e-06,1713.4766113013027,149000000.0,0.0007110000000000002,13.77
1.6344939798116684,0.7669939778745175,6.1610674262046825e-06,1416.5759757161138,187999999.99999997,0.00122,13.02
1.669993257522583,0.8948210835456849,9.785732537508012e-06,479.3386459350585,473000000.00000006,0.00379,10.37
1.369616961479187,0.6005760490894319,2.8977409005165105e-06,2720.2237695455547,70600000.0,0.0001019999999999999,8.87
1.4432668671011926,0.6727127552032471,3.3738666176795965e-06,1361.9333058595655,141000000.00000003,0.0003439999999999999,8.54
1.5537309139966966,0.8448329240083695,3.111402124166489e-06,869.3162649869918,238000000.0,0.00102,6.3
1.4158321738243105,0.6751982510089874,8.868394911289216e-06,1871.2365832179783,148000000.0,0.000636,14.82
1.3141819417476654,0.7289547622203828,3.289300054311753e-06,1097.4727869033811,176000000.0,0.00043900000000000005,7.63
1.4620580077171328,0.7085285022854806,5.699344471096994e-06,1125.2325698733327,208999999.99999997,0.0007129999999999999,10.28
1.5098894879221918,0.6363629668951035,5.543650090694428e-06,2159.9178314208984,105000000.00000003,0.00034700000000000003,12.94
1.6142535209655764,0.7276489667594433,3.0054974555969245e-06,1118.297532200813,177000000.0,0.0005769999999999999,7.559999999999999
1.3545475512742997,0.6229623466730119,8.387542366981507e-06,1060.1914972066877,204000000.0,0.00041700000000000005,10.07
1.4727775275707247,0.8352032303810121,5.234849944710732e-06,772.9151397943496,326000000.0,0.0014399999999999999,7.59
1.7415269851684572,0.76722616776824,8.001403376460076e-06,1411.2357348203657,203000000.0,0.00161,14.52
1.326033425331116,0.7988652259111405,3.05527475476265e-06,1062.0084702968595,194000000.0,0.000658,7.54
1.4613062113523485,0.8681655943393708,2.8423061370849616e-06,2461.9925320148463,158000000.0,0.000738,7.93
1.2913332045078278,0.6307582318782807,8.872056961059571e-06,2722.669422626495,95600000.00000001,0.00032199999999999986,15.55
1.5128726184368135,0.7304332405328752,6.548736069351436e-06,960.0625485181807,379000000.0,0.0009239999999999999,6.06
1.7871368408203128,0.8049816995859147,7.956332877278328e-06,1159.6110388636587,237000000.0,0.00212,13.81
1.5769014984369278,0.6795925676822663,9.557334661483765e-06,1891.5343489497898,151999999.99999997,0.000838,15.72
1.375715580582619,0.6199168682098389,6.240855764597655e-06,1097.6486951112745,180000000.00000003,0.000332,9.13
1.3911721140146256,0.8272054016590119,3.0991567671298987e-06,1254.4068619608877,171999999.99999997,0.000783,8.81
1.5604358196258545,0.7546588718891144,4.007157146930695e-06,1831.370351836085,131999999.99999999,0.000719,12.21
1.736689853668213,0.7958080977201463,7.0065821260213865e-06,1271.0689306259153,214000000.00000003,0.00173,13.5
1.4730167202651503,0.8107542514801026,8.142326161265374e-06,607.8646630048751,407000000.0,0.00197,9.4
1.327660381793976,0.6459405988454819,9.12042546272278e-06,2643.6561644077296,102999999.99999999,0.0003990000000000001,16.02
1.5412671446800232,0.6897195339202882,4.460919827222825e-06,2474.87898170948,98600000.0,0.000466,13.8
1.727525407075882,0.7943062126636505,4.038665711879731e-06,2056.243598461151,126000000.00000001,0.00101,13.32
1.454185675084591,0.8208678156137467,3.2662934362888343e-06,876.4199465513228,266000000.0,0.000866,5.32
1.4520988941192627,0.712485882639885,4.388069987297059e-06,926.7199337482451,304000000.0,0.000563,4.31
1.5482134848833085,0.8084329247474671,6.8467334918677815e-06,842.1304374933242,302000000.0,0.00172,10.46
1.507973106019199,0.7808809317648412,4.1956206560134895e-06,1404.5407921075819,168999999.99999997,0.000863,10.950000000000001
1.4300882399082184,0.6292676478624345,5.319918647408486e-06,2429.7092407941814,92400000.00000001,0.0002760000000000001,13.0
1.6115341722965242,0.7772988192737104,4.127096682786942e-06,1767.6213309168813,140000000.0,0.0008809999999999998,12.38
1.443774649500847,0.6486289411783219,8.738111764192583e-06,1078.7611007690427,216000000.00000003,0.0006249999999999999,11.38
1.7411466121673584,0.7844075582921506,4.932148590683938e-06,1877.6620198041198,142000000.00000003,0.00115,13.83
1.4113620579242707,0.6780386924743653,8.88959699869156e-06,1266.8693363666532,196000000.00000003,0.0007399999999999999,13.14
1.6489633262157442,0.8817037224769593,6.3961763828992855e-06,706.0173451900481,424000000.0,0.0023999999999999994,7.09
1.4887899678200485,0.8305401295423508,3.0591600239276893e-06,1314.0926063060758,161000000.00000003,0.0008539999999999998,9.38
1.4973796321079136,0.6579326748847962,8.28839644789696e-06,1274.5417580008505,187999999.99999997,0.000658,12.47
1.4355627402663231,0.6592617541551591,8.056939944624903e-06,2500.4470646381374,111000000.0,0.0004850000000000001,15.45
1.5181753266602755,0.6540054291486741,7.38801358640194e-06,1186.2265244126318,195000000.0,0.000613,11.32
1.6695646047592165,0.731802673637867,9.188499659299852e-06,1411.6690605878828,202000000.0,0.0013800000000000002,14.92
1.4545120775699616,0.6458831727504731,8.678518027067186e-06,1189.6449252963064,198000000.00000003,0.0005939999999999999,11.82
1.7436039090156557,0.8421953469514848,7.030032575130464e-06,951.5890777111052,269000000.0,0.0023,12.07
1.743671751022339,0.7911575585603715,6.974473789334298e-06,1339.4283056259153,205000000.0,0.00167,13.739999999999998
1.4091895043849947,0.7737263761460782,2.989892959594727e-06,2207.473061978817,102999999.99999999,0.0005279999999999999,12.09
1.570365008711815,0.6436706900596619,6.454826340079308e-06,1983.7997406721113,119000000.0,0.00045999999999999996,13.55
1.52679475620389,0.8640573173761369,8.028923094272615e-06,608.3163917064666,434000000.0,0.00252,8.81
1.569517479836941,0.7645314686000347,7.330694392323495e-06,1102.9269099235532,241000000.0,0.0013800000000000002,12.31
1.4865916784852744,0.744020687788725,6.598919726908208e-06,1002.939149737358,260999999.99999997,0.00103,10.22
1.2515752494335175,0.7897553354501725,3.067961543798447e-06,1236.6749644279478,167000000.0,0.0005640000000000002,8.59
1.3748308449983597,0.6211922943592072,6.237841702997685e-06,1483.8844463229177,140000000.0,0.00031,10.9
1.5580576926469805,0.6431064695119858,6.366715686395765e-06,2531.0275256633754,98700000.0,0.00041799999999999997,14.68
1.4948210315778854,0.6579178065061569,9.72837954759598e-06,2575.7014304399486,114999999.99999997,0.0005589999999999999,16.47
1.3267956197261812,0.7712773226201535,2.962667286396027e-06,2245.4835399985313,99500000.00000001,0.0004669999999999999,12.21
1.3408813476562502,0.6196717500686646,8.382455468177797e-06,2656.6097438335414,94099999.99999999,0.00030200000000000013,14.97
1.5175712641328574,0.7733311168849469,8.261919707059862e-06,797.6132184267043,318000000.0,0.00169,11.34
1.2938760817050936,0.6100780963897705,3.6666703820228584e-06,2217.4169793725014,87000000.00000003,0.000134,9.42
1.3384455621242524,0.7156926825642587,9.733826935291291e-06,1125.6673485040662,223999999.99999997,0.000996,13.91
1.7826950669288637,0.7472692251205445,5.0613141804933555e-06,2805.1672428846355,102999999.99999999,0.0008539999999999998,15.66
1.428528191149235,0.8503228873014451,4.068451315164566e-06,2325.312189757824,336000000.0,0.0008239999999999998,1.9400000000000004
1.3292286694049837,0.7772344820201398,3.311949104070664e-06,782.3282033205031,300000000.0,0.0006320000000000001,3.88
1.304093098640442,0.6126328110694885,9.345799446105958e-06,989.952117204666,204000000.0,0.000385,10.29
1.7344834685325623,0.6867350488901139,8.273296594619751e-06,2164.87954556942,134999999.99999997,0.0009050000000000001,16.09
1.6137638658285143,0.745427953451872,2.955022335052491e-06,2307.834394276142,98500000.00000001,0.000536,12.13
1.7428813219070436,0.7648497216403485,5.032599404454232e-06,2210.645854473114,126000000.00000001,0.001,14.56
1.388661351799965,0.6203711450099946,5.394905239343644e-06,1570.7093216478822,129000000.0,0.0002709999999999999,10.41
1.529404375702143,0.7175746276974678,5.357200771570206e-06,1974.248208105564,129000000.0,0.0006850000000000001,13.85
1.7855378508567812,0.6148976504802705,2.989342629909516e-06,1250.5154237151144,158000000.0,0.000288,5.58
1.5679337337613106,0.8077376246452332,3.988592177629472e-06,1451.4945745468137,169999999.99999997,0.001,10.790000000000001
1.495809673704207,0.75980828627944,5.4132045358419424e-06,1206.8511098623273,203000000.0,0.0009509999999999998,11.1
1.442064169049263,0.7399981118738652,2.9732241034507757e-06,2821.081534028053,82900000.00000001,0.0004269999999999999,13.44
1.3596435517072678,0.8254230469465257,4.307405173778535e-06,2408.194348216057,366000000.0,0.000695,0.8900000000000001
1.6188489943742754,0.8682156890630722,5.002297684550286e-06,921.9762235879897,255000000.0,0.00178,9.83
1.381772267818451,0.6779540330171586,8.538937479257584e-06,2258.2713812589645,129000000.0,0.0005710000000000001,15.439999999999998
1.375452420115471,0.8051578938961029,3.065893322229386e-06,1744.647270068526,129000000.0,0.0006500000000000001,10.84
1.5165724396705629,0.6388716369867325,6.2584725469350825e-06,1312.488980591297,164000000.0,0.000455,10.97
1.4137709498405457,0.7740776292979717,3.0151553452014927e-06,1301.6561344265936,155000000.0,0.000604,9.06
1.5763851821422579,0.8550072759389878,3.0008457303047186e-06,1073.0896443128584,186999999.99999997,0.0010500000000000002,8.33
1.468313813209534,0.6352094113826753,7.726693943142892e-06,2672.923609614372,98200000.0,0.00039699999999999984,15.27
1.4159465163946152,0.7556470513343811,3.142422109842301e-06,783.1844985485076,260999999.99999997,0.0006010000000000002,4.76
1.5391333088278771,0.6707960665225984,4.049043118953705e-06,2195.448197424412,102000000.0,0.00038099999999999994,12.21
1.465090772509575,0.7292043127119542,4.792673602700234e-06,1056.770712137222,223999999.99999997,0.0007129999999999999,8.71
1.2737268447875978,0.6165739327669144,3.532894998788834e-06,965.1866853237151,178000000.00000003,0.00015199999999999995,3.99
1.4232613384723665,0.6178509593009949,4.475374639034272e-06,788.5444462299346,225999999.99999997,0.00026399999999999997,4.88
1.4175734728574754,0.8043560385704042,3.145512759685517e-06,902.6165604591368,235000000.00000003,0.000763,6.12
1.671945708990097,0.6825421974062921,9.424839138984681e-06,2621.6239035129543,124000000.00000003,0.000787,16.79
1.6294192582368852,0.8475333362817765,5.115676760673524e-06,1037.4853312969205,237000000.0,0.00165,10.48
1.5612891510128977,0.6399165987968446,4.482192426919938e-06,1464.3487632274625,138000000.0,0.000363,9.94
1.6751373231410982,0.8887666761875154,3.241971909999848e-06,715.8181369304656,360000000.0,0.00145,3.1699999999999995
1.7067284166812897,0.7338017988950015,5.859201267361642e-06,2334.3181535601616,124000000.00000003,0.0008990000000000001,15.22
1.5717123717069628,0.6810452610254288,9.446416109800341e-06,1592.9548926651476,168999999.99999997,0.000904,15.14
1.6548320889472963,0.810957705974579,3.055164813995362e-06,2165.3012484312057,111000000.0,0.0008189999999999998,12.24
1.5847729057073594,0.7700769446790219,2.924686193466187e-06,2543.3456450700755,93000000.0,0.0005939999999999999,12.969999999999999
1.4719102732837201,0.7239707283675672,5.406355872750283e-06,1477.9649227857587,162000000.00000003,0.0007280000000000002,12.3
1.2621273815631868,0.6417217344045639,9.257856637239457e-06,915.5663400888442,232999999.99999997,0.0005180000000000001,10.9
1.589762020111084,0.7277057625353337,9.323273479938508e-06,1233.2138717174528,220000000.0,0.00133,14.29
1.6268890142440797,0.7434354946017266,4.1698663532733925e-06,2313.824735581875,110000000.0,0.000697,13.8
1.5724414229393007,0.8068697690963745,7.1102861016988765e-06,855.1463037729262,300000000.0,0.0018,10.88
1.575980070233345,0.6421699047088624,5.392215967178346e-06,2433.163404464721,96700000.0,0.000378,13.73
1.5634454235434534,0.6438638001680375,3.162703782320023e-06,2693.3540701866145,78399999.99999999,0.0002559999999999999,11.78
1.489220665767789,0.6362247526645661,5.277780666947365e-06,2523.1436192989345,91299999.99999997,0.00031100000000000013,13.45
1.5396196916699412,0.6629584908485413,4.524574488401414e-06,986.8941754102706,216000000.00000003,0.00046199999999999995,7.07
1.34365251660347,0.8343941152095795,9.45714169740677e-06,525.1182913780211,472000000.00000006,0.00224,9.44
1.5989930570125581,0.8560644149780274,6.130324169993401e-06,786.666303873062,304000000.0,0.00204,10.01
1.2476221024990082,0.7896360218524934,3.0874152183532723e-06,1329.2060717940328,157000000.0,0.000554,9.08
1.5039622329175473,0.714486350119114,6.383540743961931e-06,1594.287149608135,160000000.00000003,0.0007900000000000001,13.419999999999998
1.7233395338058473,0.7388670757412911,5.143638536334039e-06,2609.7873151302333,109000000.00000001,0.0008189999999999998,15.27
1.4784684397280217,0.8028947532176972,4.667384624481202e-06,971.0220545530318,313000000.0,0.00102,6.13
1.4696787558496,0.6281047761440278,4.483805239200593e-06,1661.508373916149,121000000.0,0.000277,10.16
1.5040782440453768,0.6438173085451127,3.601941347122193e-06,1008.1530660390853,186000000.0,0.0003179999999999998,6.13
1.5585410177707673,0.7094652861356736,9.063502848148347e-06,1362.5708892941473,197000000.00000003,0.0011,14.45
1.339874088764191,0.720260562747717,3.3845435976982122e-06,2144.507013261318,102000000.0,0.00037300000000000007,11.7
1.3506773829460146,0.6135774761438371,4.632248014211655e-06,1571.105785667896,123000000.00000003,0.00020200000000000003,8.99
1.502950756251812,0.7001427590847016,9.805076062679293e-06,1504.7971084713934,183000000.0,0.000987,15.29
1.2538039147853852,0.7941100090742111,3.295538097620011e-06,1166.5343418717382,188999999.99999997,0.000607,7.87
1.4928435305133463,0.7566520996391773,7.041415408253671e-06,981.1748862266539,267000000.0,0.0011999999999999997,10.87
1.3247730016708374,0.6746319830417634,8.80540928244591e-06,1644.7289772331712,162000000.00000003,0.0005840000000000001,13.88
1.7822544872760775,0.7007617324590684,9.076619595289232e-06,2088.970758020878,146000000.0,0.0010800000000000002,16.43
1.4396911829710008,0.6934864819049836,8.480802178382874e-06,802.2005409002303,297000000.0,0.0009769999999999998,10.47
1.3556269347667695,0.6212098181247712,8.609142482280733e-06,705.2113413810729,312000000.0,0.00045600000000000013,6.91
1.3749053299427034,0.6208635717630386,6.234972916543484e-06,1387.3185515403745,148000000.0,0.0003149999999999999,10.52
1.7020835101604463,0.9036946535110475,3.144069135189057e-06,2123.4248131513596,164000000.0,0.00111,8.3
1.4929356615990401,0.8301659166812897,4.257375657558442e-06,1066.5417015552518,247000000.0,0.00111,7.98
1.4600591897964479,0.7340571440756322,2.9774068593978887e-06,2642.4433588981624,86100000.00000003,0.00041500000000000006,12.74
1.5154597610235216,0.6684647530317307,4.9514229595661175e-06,1430.2788972854612,152999999.99999997,0.00048199999999999995,10.84
1.4437826111912728,0.6930884554982186,8.171035930514337e-06,1164.0396267175672,213000000.0,0.000831,12.44
1.3078734040260316,0.6127359867095947,8.368009835481645e-06,1281.4169675111768,162000000.00000003,0.00033400000000000004,11.14
1.6412569642066956,0.6433646053075791,9.25206419825554e-06,2884.33226943016,102999999.99999999,0.0005530000000000001,16.74
1.6593977808952334,0.9052796423435212,3.165846168994904e-06,2702.6154398918147,300000000.0,0.0009070000000000001,0.5000000000000002
1.586435750126839,0.8332317084074021,8.276805102825165e-06,1381.6409856081007,740000000.0,0.0015900000000000003,0.40999999999999975
1.4926214223727585,0.7903786629438401,7.425015226006509e-06,742.1506494283675,345000000.0,0.0016,9.75
1.5398106515407564,0.7655817322432995,9.86817851662636e-06,734.1675013303756,328000000.0,0.00192,12.51
1.607689690589905,0.7655281506478787,3.9203558862209325e-06,1963.9561995863912,126000000.00000001,0.000769,12.58
1.5859494119882585,0.728221781551838,7.92821453511715e-06,1423.7369894981382,192000000.0,0.00113,14.059999999999999
1.7250112831592561,0.841427081823349,3.0180298686027534e-06,2014.066345989704,119000000.0,0.001,11.89
1.4085665076971055,0.6326489657163621,8.037205576896668e-06,1460.3578969836233,158000000.0,0.00043700000000000005,12.16
1.5448385864496232,0.7682454071938992,8.952506691217424e-06,2121.638648211956,664000000.0,0.00102,0.19999999999999968
1.4253693625330925,0.6160724312067032,4.471508145332337e-06,568.3271884918212,293000000.0,0.00027299999999999997,2.84
1.5017386731226,0.6354886740446092,6.537941299378873e-06,2021.2822332978246,114999999.99999997,0.00039399999999999993,13.38
1.4606038078665735,0.677645891904831,8.160619720816613e-06,1095.7198143005369,221000000.0,0.000767,11.77
1.5257679663598538,0.6457861661911012,7.086792364716531e-06,1162.751570343971,193000000.0,0.0005589999999999999,10.84
1.4701017558574678,0.6980824381113053,4.641487628221513e-06,896.6234624385833,300000000.0,0.000549,4.73
1.4817590776830913,0.6702279925346375,8.283831715583803e-06,1344.416096806526,182000000.0,0.000701,13.05
1.6301723867654803,0.7657575510442257,4.046487361192704e-06,2019.888713955879,124000000.00000003,0.0008,13.01
1.4972776232287288,0.6355796903371812,6.12809593975544e-06,2071.129374206066,111000000.0,0.0003710000000000001,13.18
1.448155465722084,0.6297800481319428,5.527769282460213e-06,1388.2173523306844,148000000.0,0.0003439999999999999,10.33
1.271394807100296,0.6062435746192932,6.525024589151145e-06,2890.687465667724,78999999.99999997,0.00018800000000000012,13.62
1.4610136181116105,0.6866516456007958,9.395051032304764e-06,2035.9935536980627,146000000.0,0.000732,15.67
1.6505980968475342,0.7267195567488671,5.928396672010422e-06,2194.854646921158,128000000.0,0.000848,14.93
1.6072279125452043,0.821530419588089,9.67493623495102e-06,591.116428375244,404000000.0,0.00278,11.39
1.296873164176941,0.6542367964982987,9.059411466121675e-06,1074.17556643486,217000000.00000003,0.0005809999999999999,11.71
1.417499202489853,0.6307664662599565,6.909058954566718e-06,2531.367719173431,96100000.00000001,0.00032999999999999994,14.43
1.5501474335789682,0.659939405322075,4.481114506721498e-06,1057.2054535150526,197000000.00000003,0.000453,7.75
1.5144601229578258,0.6565970778465272,6.2511176764965065e-06,1078.690320253372,204000000.0,0.0005589999999999999,9.890000000000002
1.531496724486351,0.8338006764650345,5.485621392726899e-06,2141.2561014294624,485999999.99999994,0.000996,0.3299999999999997
1.5272019624710085,0.5947902202606201,2.948910295963288e-06,1648.830186575651,110000000.0,0.0001530000000000001,6.53
1.522483252733946,0.7505603179335595,6.490206288173796e-06,1203.8612291216848,215000000.00000003,0.0010800000000000002,11.94
1.3169661819934846,0.6704584658145906,9.447079926729204e-06,598.0307906866072,339000000.0,0.000857,9.91
1.6177274823188783,0.6953538537025452,9.859734982252123e-06,1684.72795933485,169999999.99999997,0.0010399999999999997,15.85
1.258804875612259,0.643302047252655,9.206342399120332e-06,1020.0494080781936,214000000.00000003,0.0005039999999999999,11.46
1.5368804700672627,0.8542663246393204,3.5604529976844794e-06,1528.7696123123167,275000000.0,0.000986,4.47
1.333870017528534,0.8194772511720658,9.51492089033127e-06,1036.0832810401914,820000000.0,0.0015600000000000002,0.86
1.3942260682582857,0.6295860350131989,3.1706885695457466e-06,781.1213582754134,220000000.0,0.000211,2.9599999999999995
1.5293254785239698,0.7073692604899408,3.8745796382427226e-06,2106.486476957798,109000000.00000001,0.0004850000000000001,12.3
1.7778942167758944,0.7570576541125775,6.9808028936386115e-06,1911.752440035343,157000000.0,0.0013,15.23
1.5456574603915216,0.6190322577953339,8.143447056412698e-06,2898.7715691328044,91299999.99999997,0.00038,15.64
1.2915243208408358,0.6360720723867417,8.715700745582582e-06,2384.1376900672913,106000000.00000003,0.000343,15.04
1.4881539534777404,0.6805662095546723,9.277222692966462e-06,2346.884749829769,130999999.99999999,0.000677,16.1
1.5572195157408715,0.7176510527729989,3.02875566482544e-06,1104.6124547719953,176000000.0,0.0005159999999999999,7.44
1.4718538776040078,0.7434527702629566,4.837754324078561e-06,984.904572367668,361000000.0,0.000743,3.9499999999999997
1.5879679262638093,0.7788658685982228,8.8082754611969e-06,2066.9583156704903,636000000.0,0.00114,1.0299999999999996
1.6641499042510988,0.6818592488765717,7.244217947125436e-06,2583.3768695592876,111999999.99999999,0.000692,16.16
1.4747285082936288,0.708524438738823,6.167851027101279e-06,1586.1154831945894,157000000.0,0.000719,13.14
1.613115119934082,0.7435628905892373,2.9622567296028143e-06,2264.4236609339714,100000000.0,0.0005330000000000002,12.0
1.5473279535770417,0.8296352952718735,3.7195358276367195e-06,1382.3532983660696,195000000.0,0.001,8.79
1.524321860074997,0.6666809678077699,7.865546733140947e-06,2560.638219118118,111000000.0,0.0005560000000000001,15.78
1.6100161314010621,0.8486985057592392,3.561320215463639e-06,1427.5319427251814,184000000.0,0.00113,9.31
1.5547785580158235,0.6594126015901566,4.317503452301026e-06,1773.7434729933736,121000000.0,0.00039500000000000006,11.21
1.4999968750867994,0.682919704914093,4.68487897515297e-06,2056.94592744112,114999999.99999997,0.0004610000000000001,12.79
1.5816721737384798,0.8048650413751602,4.041276961565019e-06,1477.4499386548994,167000000.0,0.00101,11.06
1.2582558274269104,0.5999689936637879,9.65114250779152e-06,2106.8289801478386,109000000.00000001,0.00026399999999999997,13.82
1.4035524755716324,0.6353914707899094,8.347315102815629e-06,1525.690585374832,155000000.0,0.00045099999999999996,12.59
1.782173949480057,0.6997685104608536,8.008394524455072e-06,2377.727210521698,129000000.0,0.000956,16.47
1.3446071684360505,0.6435586363077165,9.201129913330079e-06,622.8594034910201,326000000.0,0.000655,8.78
1.7119796812534334,0.825306111574173,5.064217388629914e-06,1334.9670842289922,192000000.0,0.00152,12.08
1.5583000481128695,0.7691072992980481,8.225714877247812e-06,2331.6959217190742,605000000.0,0.000943,0.2400000000000002
1.4531860023736956,0.6936662703752519,8.16471339762211e-06,915.4713451862334,268000000.0,0.000913,10.84
1.3460562229156496,0.6160182505846024,8.507147908210756e-06,2819.738939404487,89799999.99999999,0.00029400000000000004,15.21
1.2927478015422822,0.7573838017880917,9.746840208768846e-06,1734.7700167447326,589000000.0,0.000863,2.3899999999999997
1.3739109814167023,0.6617747068405152,8.21499888598919e-06,2197.3935067653656,123000000.00000003,0.00047900000000000004,14.79
1.4868918713182213,0.7589512757956982,6.101247183978558e-06,1030.5227637290952,249000000.0,0.0010500000000000002,10.23
1.490312946215272,0.7138225033879281,7.760686188936235e-06,755.4568648338317,385000000.0,0.00106,7.7
1.529197682440281,0.6974375635385514,4.228252828121186e-06,2312.2338876128197,102999999.99999999,0.000475,13.24
1.673296791315079,0.7765024803578854,2.9473139643669135e-06,2767.142981290817,88499999.99999997,0.0006540000000000001,13.579999999999998
1.5048665944486859,0.7635489754378796,8.618422985076906e-06,795.9352731704711,315000000.0,0.00165,11.64
1.3859619766473772,0.6213308930397035,4.686179071664811e-06,2486.5904003381725,85900000.0,0.00021500000000000005,12.2
1.4159410804510117,0.6684047520160675,5.530768141150475e-06,662.3881608247756,362000000.0,0.000514,4.03
1.4189722001552583,0.6179411441087723,4.507429778575898e-06,886.8965059518813,204000000.0,0.0002599999999999999,5.69
1.38758759200573,0.6196193844079971,5.729997187852861e-06,1086.41143143177,178000000.00000003,0.0003129999999999999,8.62
1.7215833485126497,0.7473062865436078,8.048393353819848e-06,1600.0655032694337,184000000.0,0.0013800000000000002,14.94
1.4984394708182665,0.6355609327554703,6.113226477056742e-06,1979.2912080883978,114999999.99999997,0.000376,12.95
1.3459880590438844,0.6918403387069703,9.363398522138597e-06,1776.1994078755376,160000000.00000003,0.0006980000000000002,15.02
1.501193294255063,0.7580202631652356,5.610250622034074e-06,879.4197738170623,333000000.0,0.00099,6.789999999999999
1.2971729815006257,0.615902978181839,8.983836054801943e-06,2515.900239348411,97899999.99999999,0.000288,14.78
1.6241097271442415,0.7649987496435643,5.057302907109262e-06,1642.3302628099916,155000000.0,0.00099,12.96
1.7235819339752199,0.9120930075645448,3.1022826731204994e-06,2771.095812320709,302000000.0,0.000957,0.3200000000000003
1.4704565204679967,0.6947675719857217,5.943276330828667e-06,1036.2966656684873,227000000.00000003,0.000688,9.58
1.346249341964722,0.8107018142938615,9.508663654327393e-06,1150.2889841794965,687000000.0,0.0014700000000000002,2.849999999999999
1.464893460273743,0.6454284399747849,3.7130247056484228e-06,2655.651152133941,81100000.0,0.0002540000000000001,12.32
1.4995488050859422,0.7256852880120278,6.2730407156050216e-06,1409.2543274164198,179000000.00000003,0.0008560000000000001,12.66
1.2891480445861818,0.6372602194547654,8.757977664470674e-06,2032.7370911836622,120000000.0,0.00036700000000000003,14.379999999999999
1.7130474507808686,0.7744597010314466,8.962780833244325e-06,1078.7939578294752,251000000.0,0.00192,13.899999999999999
1.615684461593628,0.8672114074230195,7.819192931056023e-06,1096.9021469354627,496000000.0,0.00214,5.66
1.5126807633787396,0.6980858892202378,9.820546418428422e-06,1696.0939969867466,168999999.99999997,0.000934,15.7
1.7114425599575045,0.6965954571962357,9.860513955354692e-06,2348.7493321299553,140000000.0,0.000969,16.83
1.422278442978859,0.6311281263828278,7.006684452295305e-06,1433.3513677120206,153999999.99999997,0.000402,11.56
1.641740655899048,0.7335915662348271,3.932002514600754e-06,2599.768295884132,97200000.0,0.0006230000000000002,14.17
1.4476704597473147,0.6588367223739625,8.471922427415849e-06,658.2170277833937,329000000.0,0.0007640000000000001,8.62
1.512807581573725,0.7418643146753312,6.646082725375892e-06,831.982523202896,352000000.0,0.0010699999999999998,7.6
1.4897357013076544,0.73124488145113,6.053046241402627e-06,1331.6910639405248,186999999.99999997,0.0008610000000000001,12.14
1.48683820925653,0.6364646136760712,7.990846872329712e-06,1627.2327974438665,145000000.0,0.0004799999999999999,13.08
1.5847480684518815,0.6390786767005922,7.6213283389806756e-06,1961.520195007324,124000000.00000003,0.000508,14.23
1.679467570781708,0.783555380254984,8.07756718993187e-06,1063.1516128778455,251999999.99999997,0.00183,13.17
1.2581927061080933,0.6019598901271821,8.79047840833664e-06,1816.027147695422,119000000.0,0.000257,12.7
1.477578540891409,0.8119292914867402,5.592460036277772e-06,2244.319833815098,432000000.0,0.0008870000000000001,1.7399999999999998
1.293734282255173,0.600921580195427,2.935434520244599e-06,1645.5249600112436,108000000.00000001,0.00011099999999999988,5.67
1.323321944475174,0.7183070473372937,9.718225777149202e-06,1023.3154445886611,239000000.0,0.00103,13.49
1.542686140537262,0.6697302728891373,4.035032659769059e-06,1521.5504840016363,138000000.0,0.000422,10.1
1.4727519616484643,0.807372334599495,8.89270704984665e-06,553.3802062273024,416000000.0,0.00216,10.13
1.7113875746726992,0.6959964260458947,9.109423875808717e-06,1811.1713621765373,159000000.00000003,0.00106,15.82
1.4259032383561137,0.6139376342296601,4.50352156162262e-06,443.7226355075835,346000000.0,0.00027799999999999987,1.4900000000000002
1.4909385178238155,0.6382189124822617,6.568867042660714e-06,2349.300004541874,102999999.99999999,0.00038099999999999994,14.16
1.4035238027572634,0.647533866763115,7.453037396073342e-06,614.0692085027694,369000000.0,0.00057,5.67
1.4224593222141266,0.6314392089843751,6.735453199595214e-06,2059.091694653034,111999999.99999999,0.00034999999999999994,13.36
1.436981610953808,0.6609736740589143,8.055702015757563e-06,2487.1257245540614,111999999.99999999,0.000493,15.45
1.276450538635254,0.6075688004493713,5.629939928650857e-06,2601.810351014137,82799999.99999997,0.00017399999999999997,12.44
1.6917166829109194,0.7831632412970067,7.057804197072984e-06,1264.6049559116361,215000000.00000003,0.00158,13.32
1.5882981419563296,0.8598748594522477,3.0171718299388893e-06,1025.8864164352415,198000000.00000003,0.0011,7.95
1.4904777243733407,0.7606761686503888,3.17485985159874e-06,805.659845471382,261999999.99999997,0.000673,4.86
1.4872850373387339,0.6630183041095734,7.384610950946809e-06,841.7390584945678,281000000.0,0.0006800000000000002,8.66
1.7985327780246736,0.8567496031522751,8.042340040206911e-06,831.1298042535781,302000000.0,0.0028499999999999997,12.29
1.332151222229004,0.790457171201706,3.0396813154220587e-06,2003.5241097211835,111999999.99999999,0.0005470000000000001,11.69
1.5645238414406777,0.7783634684979917,2.9524000287055975e-06,2534.2968404293056,94200000.00000001,0.000611,13.02
1.5436150744557382,0.6698964536190034,5.715900361537934e-06,2187.8530755639076,112999999.99999999,0.0004979999999999999,13.91
1.7079929172992707,0.7995709240436555,4.067375272512437e-06,1885.6697361916301,134999999.99999997,0.0010500000000000002,12.88
1.493440702557564,0.6469779253005982,6.247916851192714e-06,900.7715731859206,242000000.0,0.0005059999999999999,8.05
1.5538014113903047,0.6311794191598893,3.1137628257274635e-06,560.2672994136809,289000000.0,0.00029200000000000005,1.43
1.6602778673171998,0.8643389582633972,5.139805212616921e-06,1002.5363713502883,241000000.0,0.00182,10.48
1.4911049947142603,0.6876973494887353,4.628868639469147e-06,1447.5496038794515,153999999.99999997,0.000521,10.84
1.4934192957356573,0.6769714057445527,8.562435597181322e-06,2334.871880710125,127000000.00000001,0.0006379999999999999,15.75
1.4818006083369257,0.7676472388207913,5.494123861193658e-06,1064.0073865652082,233999999.99999997,0.001,10.04
1.6159915566444398,0.666924422979355,6.832904998213054e-06,2625.7552504539485,103999999.99999999,0.000565,15.73
1.600349646806717,0.7502504356205464,2.953299164772034e-06,1226.4214009046552,166000000.0,0.0006310000000000003,8.24
1.4645717561244966,0.6872181057929994,7.740310326218605e-06,1127.208612859249,218000000.00000003,0.0007839999999999999,11.72
1.5231851533055307,0.6555534660816194,7.223162829875947e-06,1440.0215372443197,163000000.0,0.0005790000000000002,12.5
1.3216605305671694,0.6156573504209519,6.439272016286851e-06,2421.0293889045715,92500000.0,0.0002320000000000001,13.129999999999999
1.442226791381836,0.6294683128595353,4.499805480241776e-06,2586.5621417760844,84400000.0,0.0002449999999999999,12.63
1.274378514289856,0.6148280650377274,3.5498965978622443e-06,1264.701962471008,141000000.00000003,0.0001479999999999999,5.81
1.2193644225597382,0.7517765656113625,7.119992077350618e-06,2663.5507047176357,468999999.99999994,0.00053,0.6199999999999998
1.5222407899796964,0.6915772587060929,5.6231100410223014e-06,2156.0087725520134,118000000.00000001,0.00057,14.11
1.367746701836586,0.7127942986786366,3.1210105717182164e-06,1858.156995847821,111000000.0,0.0003640000000000001,10.56
1.4930673949420454,0.6424508035182953,3.208114534616471e-06,1471.2161868810651,129000000.0,0.00025900000000000006,7.879999999999999
1.5280752182006838,0.7093360573053361,7.142190203070642e-06,1616.7997401207683,163000000.0,0.000848,14.02
1.4654955983161928,0.8025333613157273,4.545777618885041e-06,1012.4905705451964,275000000.0,0.0009920000000000003,7.18
1.4754537507891656,0.8220284968614578,7.964919209480287e-06,966.7462408542632,445000000.0,0.00164,7.0
1.5443777069449427,0.7052284866571427,9.00305336713791e-06,1372.5595846772192,194000000.0,0.0010500000000000002,14.4
1.4055477172136308,0.8218482971191406,9.81812083721161e-06,474.9837815761565,458000000.0,0.00239,10.27
1.733475172519684,0.7945737540721894,9.019125998020173e-06,942.4921423196791,280000000.0,0.00225,13.37
1.268520247936249,0.7891100764274598,3.1393963396549232e-06,924.6278852224349,233999999.99999997,0.000607,5.93
1.2824907124042513,0.7839329861104489,9.956596344709399e-06,523.3959406614302,431000000.0,0.00174,10.47
1.552153292298317,0.6408033549785614,4.451447188854218e-06,2320.0136348605156,94800000.0,0.0003200000000000001,12.45
1.5107171561568977,0.6425929963588716,3.6111014783382424e-06,1100.3525108098981,170999999.99999997,0.00031400000000000004,6.78
1.5120431128889325,0.7241360485553742,7.988768845796587e-06,1224.0466028451917,214000000.00000003,0.0010800000000000002,13.16
1.4697784535586835,0.7907824516296388,4.779316946864129e-06,961.6326093673705,297000000.0,0.000982,6.78
1.5408856540918352,0.8464876413345338,3.042456537485123e-06,1116.8182194232938,183000000.0,0.00098,8.48
1.4716112270951272,0.7098966658115388,5.976364746689797e-06,1050.8251488208768,231000000.0,0.000758,9.78
1.5897078841924668,0.6586184084415436,5.863482490181924e-06,2327.9435858130455,106000000.00000003,0.00048199999999999995,14.28
1.607035267353058,0.7424422189593316,3.993044257164002e-06,2254.055470228195,110000000.0,0.000661,13.39
1.6175318330526354,0.694825628399849,9.869678467512132e-06,1787.9807781428096,164000000.0,0.00101,16.03
1.4705782771110536,0.7301610186696054,5.919357173144818e-06,1219.7402790188787,201000000.0,0.0008319999999999998,11.32
1.5089284161105754,0.63406540453434,4.433290481567383e-06,1185.8805939555166,163000000.0,0.0003330000000000001,8.3
1.338481628894806,0.6147789984941483,4.552822172641755e-06,2850.414767861366,74599999.99999999,0.00017300000000000009,12.4
1.47083113566041,0.6706196129322053,7.997464388608934e-06,704.4873684644698,326000000.0,0.0008030000000000002,8.55
1.5403833389282229,0.6512667059898377,3.1153537333011635e-06,1084.025904536247,168999999.99999997,0.000312,6.07
1.58810972571373,0.8565021157264711,3.7984474301338204e-06,1184.03884768486,242000000.0,0.00122,7.4
1.5822082310914996,0.7270742252469063,4.030784189701081e-06,2329.3314054608345,105000000.00000003,0.000589,13.49
1.564922060072422,0.6830348521471025,8.479049593210221e-06,1614.5518347620962,163000000.0,0.0008430000000000001,14.69
1.4330809593200684,0.7659809477627278,9.253588557243348e-06,611.8362694978713,367000000.0,0.00172,11.02
1.3898854941129686,0.6345258861780168,7.845420897006989e-06,2270.256608724594,109000000.00000001,0.00037199999999999993,14.41
1.3280892670154574,0.6114739716053009,6.442446151748301e-06,692.8599178791045,261999999.99999997,0.0003070000000000001,5.85
1.424664777517319,0.6286565601825714,5.498365968465806e-06,501.0064989328383,354000000.0,0.00038299999999999993,3.2699999999999996
1.5034902513027193,0.8033680200576783,6.221695717424155e-06,859.0043634176253,294000000.0,0.00146,9.71
1.4739949509501458,0.6549821555614472,3.382525026798249e-06,2133.2967951893806,96899999.99999999,0.0002799999999999999,10.83
1.4891242403537037,0.6978200912475586,8.259349554777146e-06,1382.7669546008108,186000000.0,0.0008780000000000001,13.78
1.6499792575836183,0.86261645257473,3.022174656391144e-06,1460.9656408429144,152999999.99999997,0.00111,10.08
1.5657663211226465,0.7568710617721082,5.631879746913911e-06,1411.8372574448583,180000000.00000003,0.00101,12.41
1.4123436391353608,0.7877326369285584,6.220130912959577e-06,2377.7065724134445,451000000.0,0.0008,1.7300000000000004
1.453328047692776,0.7285687386989594,8.232342407107354e-06,825.4195302724837,304000000.0,0.00119,10.73
1.3967538088560105,0.7880956649780274,9.426875650882722e-06,1482.730835676193,711000000.0,0.00118,0.9299999999999997
1.376556032896042,0.7526407711207868,9.905589252710344e-06,718.2041108608245,325000000.0,0.00155,12.29
1.6660157024860383,0.729357958585024,5.125820621848107e-06,2495.858028531074,111000000.0,0.0007569999999999999,14.98
1.6084024697542192,0.876252955198288,5.144767150282861e-06,726.2427657842635,334000000.0,0.00198,7.89
1.691714483499527,0.831618332862854,5.079326942563058e-06,1248.670995235443,204000000.0,0.0015600000000000002,11.62
1.4687171190977097,0.7315462343394757,2.955184638500214e-06,2738.1685674190517,83699999.99999997,0.0004099999999999999,12.92
1.5492136403918269,0.7357257362455131,4.0275752544403085e-06,1975.093103945255,121000000.0,0.000627,12.54
1.567886218428612,0.6388409346342088,6.07184723392129e-06,2345.0727686285973,102000000.0,0.0004009999999999999,14.01
1.364198300242424,0.6424827486276627,8.548921227455141e-06,1686.2924695014951,146000000.0,0.0004520000000000001,13.3
1.4378477409482004,0.6912842541933061,3.5033484697341924e-06,2741.6513413190837,83200000.00000003,0.00033699999999999995,13.03
1.7263169288635256,0.8954419612884522,3.091543316841126e-06,2336.782954633236,187999999.99999997,0.0010800000000000002,6.64
1.719448095560074,0.6923129349946976,6.033479653298856e-06,2715.725556015968,103999999.99999999,0.0006940000000000001,15.94
1.4891407750546934,0.6362451285123826,6.5515992101281895e-06,2193.2623460888863,108000000.00000001,0.00038099999999999994,13.77
1.5325790315866472,0.6775739908218384,8.805134743452073e-06,2278.5612493753433,130999999.99999999,0.0006900000000000001,15.85
1.4224926084280016,0.6296619325876237,6.209682889282704e-06,1957.2722837328909,113999999.99999999,0.00032999999999999994,12.68
1.4300431519746781,0.6446665316820145,8.781900107860567e-06,778.2533317804335,285000000.0,0.000646,9.24
1.7522173762321474,0.8962666153907777,5.024536699056626e-06,676.08605325222,334000000.0,0.00236,8.04
1.771913641691208,0.6102883636951447,3.08641991019249e-06,2037.2784063220022,97400000.00000003,0.00025900000000000006,9.17
1.687381911277771,0.7780470751225949,8.944709867239e-06,987.5055700540541,268000000.0,0.00197,13.44
1.7703280985355379,0.7543565511703492,5.1274937242269525e-06,2613.5380119085307,111000000.0,0.0009140000000000001,15.33
1.489742597937584,0.6360263407230378,6.143992107361556e-06,2251.5303194522858,103999999.99999999,0.0003600000000000001,13.59
1.4923382811248305,0.6503739595413208,3.4706831276416787e-06,1547.3145917057989,126000000.00000001,0.000301,9.0
1.3699696183204653,0.6214080154895782,6.980161711573602e-06,858.0705821514129,239000000.0,0.000385,7.76
1.3043010413646698,0.6343178898096086,8.82817640900612e-06,1703.6361778154967,139000000.0,0.00039500000000000006,13.48
1.4719204656779767,0.7097436994314195,5.653600558638574e-06,927.5187104940413,267000000.0,0.0007349999999999999,8.04
1.4346092239022257,0.6792817175388337,3.2602007985115057e-06,2579.99512553215,83900000.0,0.00029999999999999987,12.16
1.4807490907609464,0.6957235157489777,6.374578941613437e-06,745.6532418727874,346000000.0,0.00076,6.54
1.6909236788749695,0.7973242431879044,4.451618254184724e-06,1677.300391718745,150999999.99999997,0.00113,12.68
1.2386821389198304,0.6094062119722367,9.338899046182634e-06,2908.6797982454295,86700000.00000001,0.00023500000000000002,15.03
1.6415540367364885,0.6916307866573335,4.1146815121173865e-06,2895.3393846750255,86599999.99999997,0.00048199999999999995,14.56
1.2579349458217621,0.6024123877286911,8.776046961545945e-06,2188.465140759945,102999999.99999999,0.00024199999999999997,13.56
1.5467785745859148,0.643499779701233,4.342642545700074e-06,2796.0628569126125,81900000.00000001,0.00030200000000000013,13.35
1.4887414980679752,0.6875264212489128,4.61775815486908e-06,1636.2070031464098,139000000.0,0.000502,11.55
1.4030573576688767,0.6565058648586274,8.645364105701448e-06,1668.8148975372312,152999999.99999997,0.000539,13.66
1.401474541425705,0.6229781091213227,3.5629945695400243e-06,2307.5646832585335,86399999.99999999,0.00018099999999999993,10.4
1.3006718516349793,0.6019222855567933,2.9143909811973576e-06,1731.2500411644576,102999999.99999999,0.00010999999999999999,6.06
1.568017199635506,0.7370694290846587,3.2996480464935307e-06,924.9045997858046,300000000.0,0.000633,3.31
1.5312876440584662,0.7746055103838444,7.403343021869661e-06,936.716005206108,279000000.0,0.00148,11.34
1.4935407629236581,0.6888200014829636,4.595546156167985e-06,1365.9180626273153,162000000.00000003,0.0005310000000000001,10.43
1.5942590296268464,0.7188553422689439,7.009078323841096e-06,1776.3422355055807,155000000.0,0.0009239999999999999,14.55
1.5341321848332883,0.7972080320119859,3.5304543972015388e-06,818.3138370513915,343000000.0,0.0008369999999999999,2.849999999999999
1.4646017253398897,0.7260135278105736,5.440573945641519e-06,1383.1262215971944,171999999.99999997,0.0007439999999999999,11.91
1.6454823553562166,0.7340005785226823,4.88790974020958e-06,2393.63457262516,112999999.99999999,0.0007489999999999998,14.61
1.4816765774041416,0.7895219743251801,5.584778159856797e-06,897.917404770851,292000000.0,0.00117,8.51
1.562679921090603,0.8106605261564256,6.12402828782797e-06,952.6267945766448,266000000.0,0.0015600000000000002,10.59
1.5575828075408937,0.7027378231287004,3.7999786734581e-06,2459.367394447326,94999999.99999999,0.00045900000000000004,13.18
1.4636228442192079,0.684930731356144,5.7376826107502e-06,1668.687557801604,143000000.00000003,0.0005570000000000002,12.66
1.428689043223858,0.6717660516500473,8.769720047712327e-06,1914.2484590411184,144000000.00000003,0.000618,14.829999999999998
1.7532259047031404,0.8079375833272935,4.059326440095902e-06,1979.7059446573255,130999999.99999999,0.00112,13.22
1.4537522032856942,0.7176693499088288,5.04518073797226e-06,1371.8003332614896,167000000.0,0.000661,11.45
1.2604763388633728,0.734863280877471,9.974879473447801e-06,853.204384446144,274000000.0,0.00113,13.04
1.2710345506668093,0.6640249460935593,8.838028311729433e-06,1522.2733020782468,168000000.0,0.0005250000000000001,13.36
1.4481924802064896,0.6468702167272569,8.70001155138016e-06,1286.14205121994,186000000.0,0.00058,12.27
1.7964348614215853,0.7963695108890534,4.918044149875642e-06,1979.7649532556532,139000000.0,0.00126,14.15
1.4044779628515245,0.6200350463390351,4.70265892148018e-06,1656.5200239419935,120000000.0,0.00023900000000000006,9.9
1.4833860967308283,0.6313003420829774,7.823000699281693e-06,2725.822955369949,96700000.0,0.00039399999999999993,15.37
1.581668132543564,0.7507889851927758,3.961918711662293e-06,1997.3339438438413,122000000.00000004,0.0006940000000000001,12.649999999999999
1.4403584495186808,0.7096718966960908,9.45583263039589e-06,1144.9589878320692,223000000.0,0.0010699999999999998,13.77
1.8408114194869998,0.9107389211654664,5.0104333013296135e-06,649.8885452747344,388000000.0,0.00266,6.9
1.5376124426722528,0.6891453713178636,3.887361556291581e-06,2384.975880384445,96600000.00000001,0.0004159999999999999,12.83
1.5438838049769403,0.7875930100679398,2.994069874286652e-06,2405.0202518701553,99199999.99999999,0.0006379999999999999,12.76
1.5754125684499742,0.6587535381317139,7.1892691552639015e-06,1882.3695760220287,130999999.99999999,0.000582,14.18
1.5145122405141593,0.6387868434190751,4.359318286180497e-06,919.425070285797,207999999.99999997,0.00035899999999999994,6.41
1.3387375295162203,0.6830565914511681,9.046358346939088e-06,2059.2194721102715,141000000.00000003,0.0006060000000000001,15.33
1.4798300474882127,0.6585572987794877,8.227033123373987e-06,2163.142256438732,125000000.00000001,0.0005409999999999999,14.97
1.4336201682686807,0.7198939427733422,8.629093289375306e-06,678.7275075912474,345000000.0,0.00123,10.1
1.7660519242286683,0.9001228630542756,3.343143284320832e-06,1474.963270127773,324000000.0,0.0014399999999999999,3.29
1.3684174418449404,0.6530034989118577,8.168982312083245e-06,2308.6833134293556,114999999.99999997,0.00043399999999999987,14.88
1.438268056511879,0.6286670207977295,5.678246796131135e-06,2791.4513945579524,84699999.99999997,0.00027799999999999987,13.98
1.3848591506481172,0.620936867594719,5.758632794022561e-06,1476.7646342515943,138000000.0,0.0002929999999999999,10.46
1.541090176999569,0.7379994582384826,4.015727728605271e-06,1888.7751568108795,126000000.00000001,0.0006379999999999999,12.26
1.3977830797433854,0.7895492523908616,4.03769251704216e-06,1121.2449073791502,309000000.0,0.0007619999999999999,4.400000000000001
1.570966386795044,0.7889018297195435,7.287631303071977e-06,935.7440024614333,279000000.0,0.00164,11.46
1.6909417390823365,0.8808624029159546,7.869603589177133e-06,605.6458801031112,385000000.0,0.00307,10.32
1.526265934109688,0.8150584369897843,3.847671270370484e-06,1374.8978376388548,189999999.99999997,0.000948,9.24
1.733135586977005,0.7358767244964839,6.868995871394874e-06,2069.4835409522057,144000000.00000003,0.0010800000000000002,15.37
1.2028510093688967,0.6579929888248445,9.713947266340258e-06,1957.6290175318716,131999999.99999999,0.00042800000000000005,15.04
1.5444350838661196,0.7894651472568512,7.36058607697487e-06,2069.395586848259,473000000.00000006,0.0010399999999999997,3.15
1.2562975108623506,0.6023557305335999,8.778834074735642e-06,1257.5543224811552,160000000.00000003,0.0002850000000000001,10.78
1.4569060564041139,0.7137900352478028,8.280277520418169e-06,718.9031243324279,339000000.0,0.00114,9.700000000000001
1.3619024723768236,0.6217655897140504,7.002854362130166e-06,1670.8674393594263,130000000.0,0.0003240000000000001,12.11
1.5490774601697923,0.7943181395530702,5.241866648197175e-06,1150.0015035271642,217000000.00000003,0.00121,10.84
1.2420217573642731,0.6089225381612778,9.36461913585663e-06,2814.260900020599,88799999.99999999,0.00023799999999999993,14.91
1.4504071310162545,0.7123308062553406,5.422433614730835e-06,842.1264141798018,366000000.0,0.0006999999999999999,4.61
1.203839671611786,0.7017460852861405,1.002207911014557e-05,1006.0482770204543,236000000.00000003,0.000801,13.16
1.5338486909866333,0.6488478094339372,3.167883306741715e-06,2231.1841249465942,91699999.99999999,0.00027000000000000006,10.7
1.2711481511592866,0.596272873878479,3.0474293231964117e-06,1135.4343891143797,159000000.00000003,0.00011699999999999994,2.5899999999999994
1.7633255124092104,0.655472418665886,9.675795108079911e-06,2939.7975951433177,110000000.0,0.0007179999999999999,17.3
1.5715327039361002,0.7286443769931794,4.0636873543262485e-06,2232.384115457535,109000000.00000001,0.000598,13.28
1.2542054235935212,0.7897774189710618,3.0718662142753605e-06,1148.9109620451925,179000000.00000003,0.000574,8.05
1.6090364992618562,0.6743417590856553,5.4690127223730094e-06,2518.4734463691707,101000000.0,0.000523,14.75
1.5886948585510254,0.8574557751417161,5.110943362116814e-06,909.3170911073684,260000000.0,0.0017,9.76
1.7242205858230593,0.7141797356307508,6.955250844359399e-06,2189.6937415003777,133999999.99999997,0.000947,15.59
1.703404462337494,0.7973253607749939,3.02691400051117e-06,2550.4152029752727,96399999.99999999,0.000761,13.22
1.5316897898912432,0.6627550095319749,5.860719680786134e-06,2008.0538392066953,120000000.0,0.0004830000000000001,13.419999999999998
1.4780257031321526,0.7332772325724364,6.192542169243098e-06,1088.250085711479,232000000.0,0.000895,10.48
1.4296041861176492,0.6813532054424286,8.812687486410143e-06,2168.2245954871178,136000000.0,0.0006410000000000001,15.5
1.4952428430318834,0.6886163190007211,4.633023440837861e-06,1272.3853364586828,173000000.0,0.0005419999999999998,9.96
1.793145650625229,0.8010326385498048,8.976807564496996e-06,1038.605451583862,263000000.00000003,0.00236,13.89
1.3124849796295168,0.6139209330081941,7.416742652654649e-06,1929.9992099404333,112999999.99999999,0.00027200000000000005,12.71
1.2134831964969637,0.6514896780252457,9.657579988241196e-06,891.7427361011504,238000000.0,0.0005599999999999998,11.47
1.768860697746277,0.8996473610401154,3.858535587787629e-06,1375.4925802350042,177000000.0,0.00164,10.76
1.6117755174636843,0.8035251438617707,7.189690038561822e-06,928.4527152776717,280000000.0,0.00181,11.55
1.5548606514930727,0.6544096469879152,4.731513053178788e-06,1509.7320005297659,141000000.00000003,0.000424,10.69
1.4502009630203248,0.7185101553797723,3.0396112203598028e-06,1482.1151942014692,134999999.99999997,0.000433,9.29
1.5965229839086534,0.8471485465765,2.920122921466828e-06,2140.1000320911407,119000000.0,0.000838,11.19
1.554055492579937,0.7694141618907452,7.364792928099633e-06,1027.2855609655378,257000000.0,0.00143,11.9
1.472073519229889,0.7475456200540066,5.4668143242597585e-06,1077.7531862258909,229000000.0,0.0008740000000000001,9.84
1.4641711615025998,0.6932366028428079,8.153083458542824e-06,716.2527292966842,335000000.0,0.0009779999999999997,9.17
1.513310207426548,0.7437805630266667,7.227186411619188e-06,833.7004780769347,386000000.0,0.00117,7.44
1.4318531513214112,0.6317369967699051,6.65810363739729e-06,1237.415812909603,173000000.0,0.0004099999999999999,10.49
1.5476300641894343,0.7713250257074834,9.12860530614853e-06,756.0818940401076,326000000.0,0.00189,12.02
1.463433511555195,0.6871592536568643,5.7273423373699196e-06,1281.5807312726972,178000000.00000003,0.000605,11.14
1.4869763508439064,0.672454994916916,7.510728657245637e-06,1193.404898047447,201000000.0,0.000692,11.72
1.4755853287875653,0.6509984761476517,3.506575137376786e-06,822.1329301595687,225999999.99999997,0.00032799999999999995,4.56
1.3969644427299501,0.6242654085159303,3.3926915228366857e-06,1649.0040831267831,113999999.99999999,0.0001899999999999999,8.14
1.5657776445150378,0.6439729660749436,4.3699397742748266e-06,2043.813310563564,105000000.00000003,0.00034200000000000013,11.78
1.4129328042268754,0.6531575471162797,9.83916583657265e-06,2688.949361443519,108000000.00000001,0.00047900000000000004,16.51
1.6739079594612123,0.8268525570631028,7.631291642785073e-06,833.4016352891921,307000000.0,0.00228,11.59
1.5628163784742357,0.7640086345374585,6.391936335712672e-06,1218.4931263327596,215000000.00000003,0.0011999999999999997,12.09
1.3341362535953523,0.6287336736917496,8.672718077898027e-06,1804.52549085021,130999999.99999999,0.0003789999999999999,13.55
1.3482063353061677,0.6680003732442856,9.473982244729997e-06,2238.5344579815865,127000000.00000001,0.0005349999999999999,15.77
1.301804530620575,0.6089419752359391,3.694116562604905e-06,2586.3585174083705,76200000.00000001,0.00012900000000000007,10.33
1.5264859333634377,0.6619157820940018,7.928402394056321e-06,2632.48498737812,108000000.00000001,0.0005369999999999999,15.86
1.64409256875515,0.6610171973705292,7.0110086500644695e-06,2225.3585159778595,115999999.99999997,0.000605,15.13
1.5407212838530542,0.5977564573287965,2.971130013465882e-06,2713.872820138931,72400000.00000001,0.00014000000000000007,9.64
1.4987293681595475,0.8466092348098756,5.194732412695886e-06,786.2935513257979,302000000.0,0.0015600000000000002,8.4
1.2296676456928255,0.6947541028261185,1.003345036506653e-05,523.6061960458754,400000000.0,0.000969,9.45
1.483352628350258,0.7250672332942486,9.754415899515153e-06,1056.80476129055,244000000.00000003,0.0012899999999999997,13.77
1.4948760570958257,0.7609599195420743,5.230898126959801e-06,1230.9846952557562,197000000.00000003,0.000928,11.110000000000001
1.5610137820243837,0.8122289121150971,4.051131367683412e-06,1378.8830414414404,178000000.00000003,0.0010399999999999997,10.59
1.561340180039406,0.79610712826252,8.457783460617066e-06,1717.7981203421948,467999999.99999994,0.00134,5.21
1.5431430637836459,0.7147432275116444,7.50516475737095e-06,1523.5143452882764,175000000.0,0.000941,14.01
1.4269795864820483,0.6337667942047119,6.770392823964358e-06,895.3546285629271,241000000.0,0.00044600000000000005,8.04
1.5613029286265374,0.6503081917762757,4.874435842037201e-06,2157.9782217741013,105000000.00000003,0.00038,12.72
1.3897450000047684,0.6369071245193482,9.013940006494523e-06,784.4516187906264,282000000.0,0.0005780000000000001,9.01
1.685982871055603,0.6751474857330323,7.445701718330385e-06,2222.9577153921127,124000000.00000003,0.000745,15.67
1.4369995459914209,0.7879437625408173,3.0069175064563756e-06,2264.691323041916,102999999.99999999,0.0005840000000000001,12.39
1.8079127311706544,0.8976286232471467,8.91461405158043e-06,590.6776636838912,396000000.0,0.00394,11.17
1.5789867460727693,0.8227321743965149,3.801217436790467e-06,1468.4208407998083,174000000.0,0.00103,10.19
1.246105581521988,0.6697859376668931,9.44370472431183e-06,1937.2118189930914,139000000.0,0.000501,15.06
1.397463181614876,0.7259569376707078,2.9910470247268683e-06,2720.5485403537746,83000000.0,0.00036700000000000003,12.79
1.5541182294487954,0.6418049275875092,7.007536858320238e-06,1693.1103654205797,137000000.0,0.000493,13.06
1.490453948825598,0.6365455985069276,5.247601300477983e-06,2613.8679236173625,88799999.99999999,0.00030799999999999995,13.62
1.7684596717357637,0.7582392297685147,9.871306508779528e-06,1246.5836033225057,230000000.0,0.00189,15.07
1.4432679489254954,0.8000281512737275,5.934797123074532e-06,2318.930394947529,462000000.0,0.0008489999999999999,1.2899999999999996
1.4669036239385607,0.7688994280993939,4.199271231889725e-06,1252.2073760628698,187999999.99999997,0.000785,9.81
1.4252405896782876,0.681121650338173,3.229514598846436e-06,596.0329920053481,294000000.0,0.0003879999999999999,2.66
1.478784292191267,0.7437912806868554,4.829598158597947e-06,1410.8018130064008,166000000.0,0.000763,11.66
1.6499330520629885,0.6331709057092667,7.86498659849167e-06,2914.8005992174144,94800000.0,0.00047900000000000004,16.04
1.7307846486568452,0.7394481204450131,9.912344247102738e-06,1363.838195800781,212000000.0,0.00161,15.34
1.7026247978210451,0.779263523966074,7.011070296168329e-06,1338.2000774145124,205000000.0,0.00153,13.59
1.4241785019636155,0.7682298190891743,2.937718868255616e-06,2525.666460394859,91800000.00000001,0.0005000000000000001,12.93
1.6126320362091067,0.858938080072403,3.172582596540452e-06,822.3386406898497,307000000.0,0.00118,4.3
1.425388853251934,0.7177402205765248,3.0061892271041877e-06,2920.473769307136,78899999.99999999,0.00035899999999999994,13.129999999999999
1.5153360351920129,0.6445132434368134,7.5849396139383325e-06,2694.69204545021,100000000.0,0.0004470000000000002,15.48
1.5003767957445235,0.7178665257990361,6.6088605523109445e-06,834.3766182661055,323000000.0,0.0009070000000000001,7.879999999999999
1.5374841906130314,0.6656269311904908,4.650074273347855e-06,2177.524372935295,106000000.00000003,0.0004049999999999999,12.78
1.7572348773479463,0.8119308024644852,4.988463193178178e-06,1591.3536883890627,164000000.0,0.0014099999999999998,13.16
1.2857743084430695,0.7536601714789868,9.831601202487948e-06,1767.1407684683797,655000000.0,0.0008239999999999998,0.8299999999999998
1.684011483192444,0.8347583502531052,6.11857756227255e-06,1028.3463746309278,248000000.0,0.00188,11.52
1.3699989527463914,0.6176933616399766,8.050993964076043e-06,2788.4291410446162,89900000.00000001,0.0002980000000000001,15.05
1.4733139246702196,0.7792056284844876,2.979730427265168e-06,2333.3662673830986,100000000.0,0.0005750000000000001,12.49
1.6122802019119264,0.728782506287098,6.619873195886613e-06,1783.2094170153139,153999999.99999997,0.0009530000000000001,14.39
1.4813513673841954,0.835654565691948,3.0737909078598027e-06,1120.6073611974714,183000000.0,0.0008870000000000001,8.39
1.7228077769279482,0.8885355412960053,3.85945662856102e-06,1319.3059265613554,185000000.0,0.00155,10.340000000000002
1.556846907734871,0.6852255195379258,9.384232401847841e-06,2286.9574949145317,136000000.0,0.000765,16.18
1.5303530417382718,0.7094571232795716,7.24298356473446e-06,1600.8545756340025,165000000.0,0.0008619999999999999,14.04
1.3935402631759646,0.6221536606550218,4.416016221046449e-06,2678.5512566566463,79799999.99999999,0.00020499999999999994,12.38
1.4648123525083065,0.7288978323340417,4.592658489942552e-06,1200.8450105786321,188999999.99999997,0.0006810000000000001,9.94
1.6998187959194184,0.6631906181573869,3.0747703611850743e-06,1122.788146138191,173000000.0,0.000402,6.51
1.5042946642264725,0.6406588643789292,3.7041532993316656e-06,1751.4499109238384,113999999.99999999,0.0002850000000000001,9.9
1.5029385790228844,0.7968599170446397,7.917888551950456e-06,686.1868053674697,362000000.0,0.00184,10.13
1.7747390985488893,0.7018364667892457,9.80939880013466e-06,2436.758458614349,138000000.0,0.0010399999999999997,17.07
1.6537280559539795,0.8160017967224121,5.099687889218331e-06,1261.5202665328977,203000000.0,0.00142,11.54
1.5704889938235285,0.8689851164817811,3.6816340088844305e-06,1925.4431426525114,284000000.0,0.0010399999999999997,3.99
1.552982059121132,0.6665805637836457,4.084731310606003e-06,2459.340870380401,92700000.00000003,0.0003659999999999999,12.86
1.4418287336826325,0.6275911420583725,6.124291457235814e-06,2817.098900675773,85900000.0,0.0002909999999999999,14.33
1.4229684770107272,0.6822182446718217,3.2765079140663155e-06,1433.6343780159948,134999999.99999997,0.0003490000000000001,8.88
1.5957577228546145,0.724081863462925,5.940146148204804e-06,2001.6682446002958,134999999.99999997,0.0008170000000000001,14.46
1.3807186961174012,0.6593219339847566,8.149947538971903e-06,2370.8527460694313,114999999.99999997,0.00046199999999999995,15.14
1.2474758863449098,0.64661083817482,9.128833532333375e-06,1222.9046523571012,186000000.0,0.0004780000000000001,12.4
1.4632172740995886,0.718701470643282,5.28685985505581e-06,1052.4849891662595,223999999.99999997,0.000723,9.3
1.4231358647346497,0.761425144225359,9.408625900745394e-06,623.7525790929793,359000000.0,0.0016800000000000003,11.26
1.630345416069031,0.5931942880153657,2.9646099209785466e-06,1365.6635507941244,131999999.99999999,0.00018299999999999995,5.62
1.4904681354761125,0.7119678676128388,6.1077081076800835e-06,793.9600497484206,355000000.0,0.0008099999999999998,6.17
1.5267141021788122,0.6921364635229111,3.8850233852863315e-06,2212.1009528636932,102999999.99999999,0.00042800000000000005,12.39
1.5491836309432985,0.741990776360035,8.290575653314591e-06,1115.5409663915632,238000000.0,0.0013199999999999998,13.05
1.7203934133052827,0.8372589111328126,5.717928737401963e-06,1151.2937694787977,222000000.0,0.00181,11.92
1.559300583600998,0.640534794330597,5.249413341283799e-06,2513.996243476867,93000000.0,0.0003530000000000001,13.69
1.6039869725704194,0.6502084314823151,7.248551219701768e-06,2335.4610726237297,111000000.0,0.000532,15.14
1.6969166636466981,0.8889652848243714,6.323550518602134e-06,675.5056530237197,344000000.0,0.00265,9.53
1.359981107711792,0.6219499558210373,7.965275317430498e-06,2610.5036884546275,94600000.00000003,0.00030599999999999996,14.79
1.6977297842502594,0.8925121307373047,3.854707270860673e-06,2005.3787454962728,362000000.0,0.00125,1.9099999999999993
1.5081021113321187,0.7149837344884873,4.53267526626587e-06,1954.7396078705785,123000000.00000003,0.0005840000000000001,12.93
1.3093327045440675,0.612844741344452,8.344070285558701e-06,1926.6435801982877,115999999.99999997,0.00029499999999999996,13.259999999999998
1.6123823046684267,0.6899238288402558,4.606218963861466e-06,2749.7586160898204,92700000.00000003,0.000508,14.71
1.4857313923537732,0.8120782256126404,6.2224507257342344e-06,768.9389139413832,333000000.0,0.00151,8.73
1.489523245766759,0.7035909980535507,6.226567845791579e-06,1763.8313695788381,144000000.00000003,0.0006890000000000002,13.72
1.4925561401993037,0.6514015316963196,3.4493892490863807e-06,1178.6058098077772,160000000.00000003,0.00031899999999999995,7.21
1.705586063861847,0.8056328862905503,7.065952852368356e-06,1107.5538694858549,240000000.0,0.00185,12.76
1.3289546549320221,0.6148998767137528,5.433121860027314e-06,2793.511256575584,79600000.00000001,0.00019900000000000012,13.1
1.6318373501300814,0.5928330302238465,2.9741854071617134e-06,1666.2876699119804,111000000.0,0.00017800000000000002,6.91
1.4826808087527754,0.7068912506103516,5.105310201644898e-06,1858.8989060372112,130999999.99999999,0.0005989999999999999,13.129999999999999
1.403835153579712,0.6337943494319916,7.935408979654313e-06,1807.9367671161888,130999999.99999999,0.0004080000000000001,13.36
1.600794017314911,0.7979425370693207,9.70887476205826e-06,639.6280527114867,372000000.0,0.00244,11.87
1.5427676886320116,0.8361497282981873,3.3548958897590644e-06,710.5206251144408,357000000.0,0.00101,2.95
1.4838098220527174,0.7073142528533937,4.673763066530229e-06,995.4237490892409,257000000.0,0.000613,6.629999999999999
1.483726815506816,0.740121303498745,6.758282180875541e-06,1050.3071099519727,247000000.0,0.00102,10.83
1.4166787773370744,0.7462292298674584,2.9634191393852238e-06,2733.834490180015,84900000.0,0.0004319999999999999,13.3
1.6044016063213349,0.7209195345640184,6.198099993169309e-06,2017.784111201763,136000000.0,0.0008319999999999998,14.66
1.76507488489151,0.601297688484192,2.977874159812928e-06,1215.0181010365484,155000000.0,0.00025000000000000006,5.29
1.5421991363167764,0.6653615802526475,8.995421767234803e-06,1777.890922501683,149999999.99999997,0.000717,14.989999999999998
1.462246656417847,0.7064977392554284,7.471166774630548e-06,1224.5237007737157,205999999.99999997,0.0008560000000000001,12.39
1.5596584573388101,0.7878861665725708,6.194594249129296e-06,1070.583567023277,242000000.0,0.00137,11.2
1.5255434297025205,0.6530767768621445,7.333784833550454e-06,1363.9236539602277,170999999.99999997,0.000585,12.2
1.5090288726612926,0.6332553058862687,4.443244189023972e-06,1843.672117218375,111999999.99999999,0.00029999999999999987,10.97
1.4876745097339155,0.7608359299600125,4.1565800011157995e-06,1413.0885452032087,165000000.0,0.0007529999999999999,10.790000000000001
1.460559591650963,0.6366979569196701,8.299560964107515e-06,2678.406491875648,101000000.0,0.000422,15.64
1.466333093494177,0.689029097557068,5.3667413145303734e-06,1757.774010300636,136000000.0,0.000543,12.71
1.5479988902807238,0.6628931522369386,8.88203862309456e-06,1823.9523116499183,146000000.0,0.0006940000000000001,15.0
1.6388404458761217,0.6672422647476197,9.60737043619156e-06,2658.76929461956,119000000.0,0.000697,16.77
1.4645715057849886,0.7957817763090135,9.195848792791369e-06,1532.5558483600614,691000000.0,0.00127,1.2699999999999998
1.46004578769207,0.813779765367508,7.633615210652353e-06,700.047343969345,421000000.0,0.00173,8.09
1.5657002270221712,0.8085930973291398,3.0631404221057896e-06,1971.0542187094686,119000000.0,0.00077,11.64
1.5288379468023778,0.7750348381698132,7.909748449921609e-06,1942.3486962914465,428000000.0,0.0010800000000000002,5.1
1.7279542922973634,0.8898776471614839,2.906976759433747e-06,1657.0965219289062,136000000.0,0.00121,10.83
1.7543178141117097,0.8153446197509766,9.849508196115495e-06,756.7707002162932,342000000.0,0.0028799999999999997,12.85
1.594026929140091,0.6494951248168946,7.662322267889978e-06,1861.4177610725162,131999999.99999999,0.0005780000000000001,14.3
1.7079225897789003,0.7464552842080594,4.065384030342103e-06,2739.7846728563304,96800000.0,0.0007110000000000002,14.7
1.4846923548728228,0.6848369747400285,5.094156950712205e-06,955.1202803850173,241000000.0,0.000573,7.59
1.543959215283394,0.6931550949811937,4.249391704797746e-06,2472.0125943422313,97400000.00000003,0.00046199999999999995,13.63
1.544831344485283,0.7151293605566026,4.347029119729996e-06,2252.922795712948,109000000.00000001,0.000565,13.53
1.4993958472274245,0.6350266367197037,5.3301078826189045e-06,1953.1500265002248,111999999.99999999,0.0003380000000000001,12.2
1.262344390153885,0.6800373047590257,9.39034590125084e-06,1862.006580457091,149000000.0,0.0005710000000000001,14.98
1.4727956727147105,0.654450809955597,3.3921178281307226e-06,2222.8632047772408,93599999.99999999,0.0002760000000000001,11.08
1.3978012651205065,0.6239170879125595,3.419997930526734e-06,1838.2752332836387,103999999.99999999,0.0001860000000000001,8.84
1.4864517990499737,0.8607803821563721,6.2786127775907525e-06,618.0330663919448,394000000.0,0.002,7.879999999999999
1.426438142359257,0.6729868412017823,9.013209015130998e-06,1547.9841381311414,168000000.0,0.0006830000000000001,14.12
1.3954169154167178,0.6332916498184205,8.124074324965479e-06,742.5171434879302,307000000.0,0.0005059999999999999,7.13
1.6319948494434358,0.6676259815692902,6.756786976009608e-06,2200.908802449703,116999999.99999997,0.000613,14.98
1.5004614627454431,0.7364761993288994,7.573167815804483e-06,779.8884361982344,388000000.0,0.00119,7.83
1.5224841959774496,0.8064799100160599,8.902244150638582e-06,1545.495271682739,673000000.0,0.00137,1.59
1.3907823264598849,0.6211505949497224,5.358819738030434e-06,1767.0020665973423,116999999.99999997,0.00026399999999999997,11.05
1.3791037559509278,0.7087369635701181,9.744632422924043e-06,1332.083150744438,199000000.00000003,0.000935,14.61
1.6657394349575043,0.7255832478404046,5.084524303674699e-06,2553.180485963821,108000000.00000001,0.0007309999999999999,15.05
1.474534622579813,0.6770038604736329,6.823107387870551e-06,707.7405899763106,338000000.0,0.00071,6.93
1.345217049121857,0.6906891882419587,9.381932616233826e-06,1855.887586250901,155000000.0,0.0006810000000000001,15.18
1.251643341779709,0.8069518893957138,9.706564962863923e-06,1081.5445631742475,827000000.0,0.00128,0.19999999999999968
1.4115989595651628,0.7197153210639954,4.560474425554276e-06,893.6717659235,358000000.0,0.000576,3.0
1.5309732601046564,0.6490438967943192,4.550495266914368e-06,868.7527030706405,233999999.99999997,0.000411,6.01
1.7773165047168733,0.7034631863236428,9.811292409896851e-06,2362.3781576752663,141000000.00000003,0.0010699999999999998,17.02
1.6612569093704226,0.784473692625761,5.052415132522584e-06,1538.4020581841467,167000000.0,0.00116,12.69
1.5059142803773284,0.6962966769933702,3.999360114336015e-06,1124.7728317975996,195000000.0,0.0005189999999999999,7.79
1.318444973230362,0.6034979492425919,2.9105036258697515e-06,2027.9060229659078,89900000.00000001,0.00010700000000000008,7.08
1.3118161976337435,0.6080546826124191,3.638915657997132e-06,589.0898704528807,284000000.0,0.00016000000000000004,0.21000000000000005
1.4877276666462422,0.6766440242528916,8.47242957353592e-06,2425.192102789879,123000000.00000003,0.000618,15.85
1.7311660766601564,0.6771407157182694,2.9892379045486457e-06,1853.9544027298687,115999999.99999997,0.0004099999999999999,9.82
1.3796934038400652,0.7577323593199253,9.631989240646363e-06,1817.2385934740303,474000000.0,0.0009949999999999998,5.29
1.4999834841582926,0.8122032254934312,5.817158833146096e-06,2164.1635820269585,428000000.0,0.000932,2.3299999999999996
1.4563756898045541,0.7421519055962563,4.9883622229099285e-06,1213.1502777338026,192000000.0,0.0007719999999999999,10.64
1.5075025795027615,0.8070543050765991,4.188273817300797e-06,1251.9681379199026,192000000.0,0.001,10.11
1.5463401004672053,0.6519149869680405,5.171109959483147e-06,1321.9340071082113,160000000.00000003,0.00045700000000000005,10.36
1.5762781441211702,0.751560652256012,4.9124275743961345e-06,1694.4586690515277,147000000.0,0.000853,12.91
1.330969548225403,0.6442333281040192,9.221364438533784e-06,490.23765325546253,380000000.0,0.000677,7.63
1.55688274204731,0.8238827347755433,5.616985172033311e-06,944.3991929292678,260999999.99999997,0.00154,10.17
1.4911311311647297,0.7848388798534871,4.189419120550156e-06,1209.6387073397634,273000000.0,0.000838,5.91
1.485623461380601,0.6718097001314164,6.202370133250953e-06,1307.6407387852666,175000000.0,0.000582,11.41
1.5955583095550538,0.7235370866954327,5.2376167178154e-06,2241.28457903862,119000000.0,0.000721,14.48
1.5442674905061724,0.6876225471496583,3.880465745925904e-06,2467.7180796861644,93800000.00000001,0.000411,13.03
1.5298381157219412,0.7751477770507337,6.429293496534229e-06,1054.7258257865903,246000000.0,0.00128,11.15
1.7561421632766725,0.763460833579302,7.970954269170761e-06,1513.6831924319265,193000000.0,0.0015600000000000002,14.81
1.38705812394619,0.6214759647846222,6.25831212103367e-06,2896.9084024429317,82100000.0,0.000251,14.21
1.6908350586891177,0.6733267843723297,5.680160641670228e-06,2922.1342056989665,93199999.99999997,0.0005499999999999999,15.7
1.6013402938842776,0.8498767912387849,6.0171920955181135e-06,1712.1949670836327,484000000.0,0.00133,2.37
1.2734067857265474,0.6143658757209778,3.5882763564586648e-06,1159.8731130361555,151999999.99999997,0.00014900000000000004,5.26
1.265181612968445,0.6048087179660797,6.719720326364042e-06,1069.230020046234,176000000.0,0.00024299999999999986,8.36
1.4514788478612901,0.6434711426496507,7.68083143234253e-06,2219.8913544416428,113999999.99999999,0.0004300000000000001,14.47
1.2647281229496004,0.6670850515365602,8.729266852140427e-06,1721.8334665521977,151999999.99999997,0.000501,13.95
1.6900861859321596,0.8763343155384065,4.04380288720131e-06,1256.0322806239126,194000000.0,0.00153,10.32
1.6946098744869234,0.8295138984918595,6.9554336965084084e-06,946.2699592113494,272000000.0,0.0021,11.82
1.515251248329878,0.8171247035264969,3.4540555775165565e-06,719.9705690145491,356000000.0,0.000903,2.79
1.5035365160554648,0.6356859236955643,6.6696992851793776e-06,2058.9559450745583,113999999.99999999,0.0003990000000000001,13.57
1.4978612579405308,0.706543591618538,4.4284199178218845e-06,1919.6468889713285,123000000.00000003,0.000539,12.55
1.2578013181686403,0.6038921982049943,8.671530425548555e-06,2387.0601058006287,96399999.99999999,0.00023500000000000002,13.91
1.781123471260071,0.8684981346130372,9.731602668762208e-06,600.5821675062178,392000000.0,0.00364,12.03
1.6695847392082215,0.7269165962934495,8.98796644806862e-06,1494.9260577559469,192000000.0,0.0013,15.03
1.5229195274412632,0.7429432064294815,4.169850707054139e-06,1716.0814832895992,138000000.0,0.000682,12.0
1.4144655257463457,0.7584196217358113,3.047758728265763e-06,909.7484052181243,214000000.00000003,0.0005899999999999999,6.35
1.603398370742798,0.7997283697128297,4.039183288812638e-06,1569.0537095069883,158000000.0,0.000993,11.48
1.573519375920296,0.8341271728277208,4.779582515358925e-06,1244.7755336761472,381000000.0,0.00115,3.7600000000000002
1.4531720504164698,0.6988392859697342,7.850662901997568e-06,1151.0936096310613,217000000.00000003,0.0008489999999999999,12.16
1.395213067531586,0.6348854899406434,7.787540420889856e-06,2188.8566687703133,111999999.99999999,0.000378,14.23
1.7428075432777406,0.8150510251522065,5.0183571726083765e-06,1505.7486221194265,171999999.99999997,0.0014399999999999999,12.85
1.2654373168945314,0.6818063199520111,9.426547706127169e-06,1844.1584166139362,150999999.99999997,0.000585,14.98
1.7028705954551697,0.6978576511144639,9.862738221883776e-06,1884.4582159072158,160000000.00000003,0.00109,16.32
1.4558868438005448,0.7005908489227296,5.8567617088556295e-06,791.7885780334472,366000000.0,0.0007089999999999999,5.23
1.7425787508487702,0.7850873641669751,3.9973060786724095e-06,2297.9617044329643,114999999.99999997,0.000935,13.82
1.4316153690218927,0.6314932107925416,6.654901821166278e-06,1422.7382019162176,152999999.99999997,0.00039399999999999993,11.34
1.680063718557358,0.8905272603034974,9.13106155395508e-06,887.3461484909056,812000000.0,0.00281,1.8600000000000003
1.7296512186527253,0.7362892504781485,5.0597117990255365e-06,2696.9871222972865,105000000.00000003,0.000792,15.38
1.6700306296348573,0.8095196664333344,4.094070225954057e-06,1638.441003859043,152999999.99999997,0.00111,12.0
1.5029321663081647,0.7034810140728951,4.205320268869401e-06,1860.445702448487,124000000.00000003,0.0005129999999999999,12.0
1.6751535952091219,0.8251345932483674,8.567667067050936e-06,731.04690015316,345000000.0,0.00256,11.59
1.6287973880767823,0.6666909903287889,6.610342353582383e-06,2627.233818173408,102999999.99999999,0.000563,15.66
1.411278122663498,0.7472227469086647,8.7688864171505e-06,2303.899146616459,591000000.0,0.000794,0.7499999999999998
1.6735378146171571,0.7368377253413201,8.36884054541588e-06,1518.1837342679498,189999999.99999997,0.00131,14.78
1.775592523813248,0.7564131751656533,8.98393389582634e-06,1465.3557464480398,202000000.0,0.00167,15.23
1.5758408814668656,0.7545021548867227,6.910606730729343e-06,1260.81745326519,211000000.0,0.00121,12.72
1.604450958967209,0.7256672881543637,3.16716691851616e-06,994.1830039024352,240000000.0,0.000573,4.87
1.449749431014061,0.6877525985240937,9.423291623592378e-06,1425.263240933418,184000000.0,0.0008520000000000001,14.48
1.387614217400551,0.8837437570095064,3.277743965387345e-06,1995.1796829700468,195000000.0,0.000842,6.69
1.5138600803911688,0.7487138360738755,7.288602620363236e-06,1093.420937657356,240000000.0,0.00119,11.96
1.383939716219902,0.7804989852011205,3.977207571268082e-06,1456.7393735051153,383000000.0,0.0006620000000000002,1.4700000000000004
1.260072147846222,0.7842716820538045,3.1627027392387397e-06,1588.1634056568143,134999999.99999997,0.000527,10.25
1.255379730463028,0.6781670808792115,9.000977009534838e-06,1835.9064329415557,149000000.0,0.000545,14.64
1.5542748034000398,0.6438201248645783,5.224036216735841e-06,1873.198041692376,118000000.00000001,0.00039000000000000016,12.2
1.5546018943190576,0.6520006477832795,4.852756753563881e-06,1970.4292267560957,112999999.99999999,0.000391,12.25
1.733501797914505,0.8943008244037629,5.989207893610002e-06,838.5808318853377,285000000.0,0.00251,10.58
1.531807639449835,0.7248649567365647,3.02536690235138e-06,1917.734697461128,111999999.99999999,0.00045900000000000004,10.84
1.6506895780563355,0.6649557620286942,5.533765435218812e-06,2857.9967021942134,92300000.00000001,0.000493,15.29
1.5200288638472559,0.6368855953216553,5.459527045488358e-06,1877.9511023312805,116999999.99999997,0.000363,12.21
1.334130620956421,0.6125377982854844,5.564578369259835e-06,1274.6249064803121,150999999.99999997,0.000244,8.83
1.5026541933417321,0.726726146042347,6.991878017783166e-06,835.2627158164977,327000000.0,0.00102,8.51
1.4860015880316497,0.6947616666555405,4.650536566972733e-06,950.981706380844,265000000.0,0.000558,6.02
1.7456158697605135,0.7971636146306992,6.468996377661825e-06,1377.8456598520277,197000000.00000003,0.00162,13.55
1.686877316236496,0.8941684663295747,8.141569301486016e-06,965.487316250801,723000000.0,0.0025,1.8699999999999997
1.5272921562194826,0.7736276216804981,6.500288959592581e-06,1058.6731433868406,395000000.0,0.00116,6.09
1.5637441813945772,0.6478889554738999,3.1084689795970924e-06,886.0416263341903,202000000.0,0.000321,4.67
1.797767221927643,0.8462015390396119,8.634013503789902e-06,798.5558658838271,315000000.0,0.00292,12.49
1.4848412442952397,0.7591469965875149,7.4922329485416425e-06,844.2357480525969,311000000.0,0.00131,10.21
1.5159409482032062,0.7557280562818051,6.329770203679801e-06,1164.430037140846,221000000.0,0.00109,11.59
